47,ORIGINAL,O
47,ARTICLE,O
47,Personal,O
47,Protective,O
47,Equipment,O
47,in,O
47,the,O
47,coronavirus,O
47,pandemic,O
47,:,O
47,training,O
47,with,O
47,Rapid,O
47,Cycle,O
47,Deliberate,O
47,Practice,O
47,Equipa,O
47,‐,O
47,mento,O
47,de,O
47,Proteo,O
47,Individual,O
47,na,O
47,pandemia,O
47,por,O
47,coronavrus,O
47,:,O
47,treinamen,O
47,‐,O
47,to,O
47,com,O
47,Prtica,ORGANIZATION
47,Deliberada,ORGANIZATION
47,em,ORGANIZATION
47,Ciclos,ORGANIZATION
47,Rpidos,ORGANIZATION
47,Equipo,ORGANIZATION
47,de,ORGANIZATION
47,Proteccin,ORGANIZATION
47,Personal,O
47,en,O
47,pandemia,O
47,de,O
47,coronavirus,O
47,:,O
47,entrenamiento,O
47,con,O
47,Prctica,O
47,Deliberada,O
47,en,O
47,Ciclos,PERSON
47,Rpidos,PERSON
47,Hudson,PERSON
47,Carmo,PERSON
47,de,PERSON
47,OliveiraI,PERSON
47,Lucimar,PERSON
47,Casimiro,O
47,de,O
47,SouzaI,O
47,.,O
47,II,O
47,Taina,PERSON
47,Coutinho,PERSON
47,LeiteI,PERSON
47,.,O
47,III,O
47,Juliana,PERSON
47,Faria,PERSON
47,CamposI,O
47,Universidade,ORGANIZATION
47,Federal,ORGANIZATION
47,do,O
47,Rio,CITY
47,de,CITY
47,Janeiro,CITY
47,.,O
47,Rio,CITY
47,de,CITY
47,Janeiro,CITY
47,.,O
47,Rio,CITY
47,de,CITY
47,Janeiro,CITY
47,.,O
47,Brazil,COUNTRY
47,Hospital,LOCATION
47,Samaritano,LOCATION
47,.,O
47,Rio,CITY
47,de,CITY
47,Janeiro,CITY
47,.,O
47,Rio,PERSON
47,de,PERSON
47,Janeiro,PERSON
47,.,O
47,Brazil,COUNTRY
47,Hospital,O
47,Pr,O
47,‐,O
47,Cardaco,O
47,.,O
47,Rio,CITY
47,de,CITY
47,Janeiro,CITY
47,.,O
47,Rio,LOCATION
47,de,LOCATION
47,Janeiro,PERSON
47,.,O
47,Brazil,COUNTRY
47,Oliveira,PERSON
47,HC,PERSON
47,.,O
47,Souza,ORGANIZATION
47,LC,ORGANIZATION
47,.,O
47,Leite,ORGANIZATION
47,TC,ORGANIZATION
47,.,O
47,Campos,PERSON
47,JF,O
47,.,O
47,Per,O
47,‐,O
47,sonal,O
47,Protective,O
47,Equipment,O
47,in,O
47,the,O
47,coronavirus,O
47,pandemic,O
47,:,O
47,training,O
47,with,O
47,Rapid,O
47,Cycle,O
47,Deliberate,O
47,Practice,O
47,.,O
47,Hudson,PERSON
47,Carmo,PERSON
47,de,PERSON
47,Oliveira,PERSON
47,Objective,O
47,:,O
47,to,O
47,discuss,O
47,the,O
47,application,O
47,of,O
47,Rapid,O
47,Cycle,O
47,Deliberate,O
47,Practice,O
47,for,O
47,attire,O
47,and,O
47,unattire,O
47,training,O
47,in,O
47,the,O
47,context,O
47,of,O
47,COVID,O
47,‐,O
47,19,NUMBER
47,and,O
47,structure,O
47,a,O
47,practical,O
47,guide,TITLE
47,to,O
47,the,O
47,application,O
47,at,O
47,this,O
47,juncture,O
47,.,O
47,Methods,O
47,:,O
47,this,O
47,methodological,O
47,study,O
47,described,O
47,theo,O
47,‐,O
47,retical,O
47,and,O
47,practical,O
47,aspects,O
47,of,O
47,the,O
47,application,O
47,of,O
47,a,O
47,simulation,O
47,strategy,O
47,as,O
47,a,O
47,technological,O
47,training,O
47,tool,O
47,.,O
47,An,O
47,application,O
47,guide,TITLE
47,Results,O
47,:,O
47,maximizing,O
47,time,O
47,in,O
47,Deliberate,O
47,Practice,O
47,.,O
47,feedback,O
47,with,O
47,evidence,O
47,and,O
47,psychological,O
47,security,O
47,are,O
47,the,O
47,principles,O
47,of,O
47,this,O
47,strategy,O
47,.,O
47,The,O
47,dynamic,O
47,involves,O
47,repetition,O
47,and,O
47,feedback,O
47,.,O
47,The,O
47,ap,O
47,‐,O
47,plication,O
47,guide,TITLE
47,presents,O
47,the,O
47,sequence,O
47,of,O
47,actions,O
47,for,O
47,attire,O
47,and,O
47,unattire,O
47,.,O
47,Final,O
47,considerations,O
47,:,O
47,coping,O
47,with,O
47,this,O
47,pandemic,O
47,re,O
47,‐,O
47,quires,O
47,appropriate,O
47,use,O
47,of,O
47,personal,O
47,protective,O
47,educational,O
47,tool,O
47,for,O
47,attire,O
47,/,O
47,unattire,O
47,.,O
47,since,O
47,it,O
47,encourages,O
47,mastery,O
47,performance,O
47,.,O
47,Descriptors,O
47,:,O
47,Simulation,O
47,Training,O
47,;,O
47,Personal,O
47,Protective,O
47,Equipment,O
47,;,O
47,Covid,O
47,‐,O
47,19,NUMBER
47,;,O
47,Pandemics,O
47,;,O
47,Containment,O
47,of,O
47,Biohazards,O
47,.,O
47,Objetivo,O
47,:,O
47,discu,O
47,‐,O
47,tir,O
47,a,O
47,aplicao,O
47,da,O
47,Prtica,O
47,Deliberada,O
47,em,O
47,Ciclos,O
47,Rpidos,O
47,para,O
47,o,O
47,treinamento,O
47,de,O
47,paramentao,O
47,e,O
47,desparamentao,O
47,no,O
47,contexto,O
47,da,O
47,COVID,O
47,‐,O
47,19,NUMBER
47,e,O
47,estruturar,O
47,um,O
47,guia,O
47,prtico,O
47,para,O
47,a,O
47,aplicao,O
47,nesta,O
47,conjuntura,O
47,.,O
47,Mto,O
47,‐,O
47,dos,O
47,:,O
47,estudo,O
47,metodolgico,O
47,que,O
47,descreve,O
47,aspectos,O
47,tericos,O
47,e,O
47,prticos,O
47,da,O
47,aplicao,O
47,de,O
47,uma,O
47,estratgia,O
47,de,O
47,simulao,O
47,na,O
47,qualidade,O
47,de,O
47,ferramenta,O
47,tecnolgica,O
47,de,O
47,treinamento,O
47,.,O
47,Um,O
47,guia,O
47,de,O
47,aplicao,O
47,foi,O
47,construdo,O
47,a,O
47,partir,O
47,da,O
47,busca,O
47,de,O
47,evidncias,O
47,provenientes,O
47,dos,O
47,principais,O
47,rgos,O
47,de,O
47,autoridade,O
47,em,O
47,sade,O
47,do,O
47,Brasil,LOCATION
47,.,O
47,Resultados,O
47,:,O
47,maximizao,O
47,do,O
47,tempo,O
47,em,O
47,Prtica,PERSON
47,Deliberada,PERSON
47,.,O
47,feedback,O
47,com,O
47,evidncia,O
47,e,O
47,segurana,O
47,psicolgica,O
47,so,O
47,os,O
47,princpios,O
47,desta,O
47,estratgia,O
47,.,O
47,A,O
47,dinmica,O
47,envolve,O
47,repeties,O
47,e,O
47,feed,O
47,‐,O
47,backs,O
47,.,O
47,O,O
47,guia,O
47,de,O
47,aplicao,O
47,apresenta,O
47,a,O
47,sequncia,O
47,de,O
47,aes,O
47,para,O
47,para,O
47,‐,O
47,mentao,O
47,e,O
47,desparamentao,O
47,.,O
47,Consideraes,O
47,finais,O
47,:,O
47,o,O
47,enfrentamento,O
47,desta,O
47,pandemia,O
47,requer,O
47,uso,O
47,apropriado,O
47,de,O
47,Equipamento,O
47,de,O
47,Proteo,O
47,Individu,O
47,‐,O
47,al,O
47,.,O
47,Os,O
47,autores,O
47,sugerem,O
47,a,O
47,Prtica,O
47,Deliberada,O
47,em,O
47,Ciclos,O
47,Rpidos,O
47,como,O
47,ferramenta,O
47,educacional,O
47,tecnolgica,O
47,para,O
47,paramentao,O
47,/,O
47,desparamentao,O
47,.,O
47,visto,O
47,que,O
47,incentiva,O
47,uma,O
47,performance,O
47,com,O
47,maestria,O
47,.,O
47,Descritores,O
47,:,O
47,Treinamento,O
47,por,O
47,Simulao,O
47,;,O
47,Equipamento,ORGANIZATION
47,de,ORGANIZATION
47,Proteo,ORGANIZATION
47,Individual,ORGANIZATION
47,;,O
47,Coron,O
47,‐,O
47,avrus,O
47,;,O
47,Pandemia,O
47,;,O
47,Conteno,O
47,de,O
47,Riscos,O
47,Biolgicos,O
47,.,O
47,EDITOR,TITLE
47,IN,O
47,CHIEF,O
47,:,O
47,Dulce,PERSON
47,Barbosa,PERSON
47,ASSOCIATE,O
47,EDITOR,TITLE
47,:,O
47,Antonio,PERSON
47,Jos,PERSON
47,de,PERSON
47,Almeida,PERSON
47,Filho,PERSON
47,Ob,O
47,‐,O
47,jetivo,O
47,:,O
47,discutir,O
47,la,O
47,aplicacin,O
47,de,O
47,la,O
47,Prctica,O
47,Deliberada,O
47,en,O
47,Ciclos,ORGANIZATION
47,Rpidos,O
47,para,O
47,la,O
47,formacin,O
47,de,O
47,vestimentas,O
47,y,O
47,depargaciones,O
47,en,O
47,el,O
47,con,O
47,‐,O
47,texto,O
47,de,O
47,COVID,O
47,‐,O
47,19,NUMBER
47,y,O
47,estructurar,O
47,una,O
47,gua,O
47,prctica,O
47,para,O
47,la,O
47,aplicacin,O
47,en,O
47,esta,O
47,coyuntura,O
47,.,O
47,Mtodos,O
47,:,O
47,estudio,O
47,metodolgico,O
47,que,O
47,describe,O
47,as,O
47,‐,O
47,pectos,O
47,tericos,O
47,y,O
47,prcticos,O
47,de,O
47,la,O
47,aplicacin,O
47,de,O
47,una,O
47,estrategia,O
47,de,O
47,simulacin,O
47,como,O
47,herramienta,O
47,de,O
47,capacitacin,O
47,tecnolgica,O
47,.,O
47,Se,O
47,cre,O
47,una,O
47,gua,O
47,de,O
47,aplicacin,O
47,a,O
47,partir,O
47,de,O
47,la,O
47,bsqueda,O
47,de,O
47,evidencia,O
47,de,O
47,las,O
47,prin,O
47,‐,O
47,cipales,O
47,autoridades,O
47,de,O
47,salud,O
47,en,O
47,Brasil,LOCATION
47,.,O
47,Resultados,O
47,:,O
47,maximizar,O
47,el,O
47,tiempo,O
47,en,O
47,la,O
47,prctica,O
47,deliberada,O
47,.,O
47,la,O
47,retroalimentacin,O
47,basada,O
47,en,O
47,evidencia,O
47,y,O
47,la,O
47,seguridad,O
47,psicolgica,O
47,son,O
47,los,O
47,principios,O
47,de,O
47,esta,O
47,estrategia,O
47,.,O
47,La,STATE_OR_PROVINCE
47,dinmica,O
47,implica,O
47,repeticiones,O
47,y,O
47,retroalimenta,O
47,‐,O
47,ciones,O
47,.,O
47,La,STATE_OR_PROVINCE
47,gua,O
47,de,O
47,aplicacin,O
47,presenta,O
47,la,O
47,secuencia,O
47,de,O
47,acciones,O
47,para,O
47,vestirse,O
47,y,O
47,vestirse,O
47,.,O
47,Consideraciones,O
47,finales,O
47,:,O
47,enfrentar,O
47,esta,O
47,pandemia,O
47,requiere,O
47,el,O
47,uso,O
47,apropiado,O
47,de,O
47,Equipo,O
47,de,O
47,Proteccin,O
47,Person,O
47,‐,O
47,al,O
47,.,O
47,Los,O
47,autores,O
47,sugieren,O
47,la,O
47,prctica,O
47,deliberada,O
47,en,O
47,ciclos,O
47,rpidos,O
47,como,O
47,una,O
47,herramienta,O
47,educativa,O
47,tecnolgica,O
47,para,O
47,vestirse,O
47,/,O
47,desve,O
47,‐,O
47,stirse,O
47,.,O
47,ya,O
47,que,O
47,fomenta,O
47,un,O
47,desempeo,O
47,magistral,O
47,.,O
47,Descriptores,O
47,:,O
47,En,O
47,‐,O
47,trenamiento,O
47,Simulado,O
47,;,O
47,Equipo,O
47,de,O
47,Proteccin,O
47,Personal,O
47,;,O
47,Coronavirus,O
47,;,O
47,Pandemia,O
47,;,O
47,Contencin,PERSON
47,de,PERSON
47,Riesgos,PERSON
47,Biolgicos,PERSON
47,.,O
47,Personal,O
47,Protective,O
47,Equipment,O
47,in,O
47,the,O
47,coronavirus,O
47,pandemic,O
47,:,O
47,training,O
47,with,O
47,Rapid,O
47,Cycle,O
47,Deliberate,O
47,Practice,O
47,Oliveira,PERSON
47,HC,PERSON
47,.,O
47,Souza,ORGANIZATION
47,LC,ORGANIZATION
47,.,O
47,Leite,ORGANIZATION
47,TC,ORGANIZATION
47,.,O
47,Campos,PERSON
47,JF,O
47,.,O
47,The,O
47,Coronavirus,O
47,Disease,CAUSE_OF_DEATH
47,epidemic,O
47,(,O
47,COVID,O
47,‐,O
47,19,NUMBER
47,),O
47,.,O
47,caused,O
47,by,O
47,the,O
47,new,O
47,coronavirus,O
47,(,O
47,Sars,O
47,‐,O
47,CoV,O
47,‐,O
47,2,NUMBER
47,),O
47,.,O
47,originated,O
47,in,O
47,2019,DATE
47,in,O
47,the,O
47,city,O
47,of,O
47,Wuhan,CITY
47,.,O
47,China,COUNTRY
47,.,O
47,In,O
47,early,DATE
47,2020,DATE
47,it,O
47,became,O
47,a,O
47,pandemic,O
47,as,O
47,it,O
47,hit,O
47,24,NUMBER
47,to,O
47,nearly,O
47,two,NUMBER
47,million,NUMBER
47,people,O
47,infected,O
47,and,O
47,nearly,O
47,130,NUMBER
47,thousand,NUMBER
47,deaths,O
47,caused,O
47,by,O
47,the,O
47,virus,O
47,.,O
47,The,O
47,countries,O
47,most,O
47,affected,O
47,by,O
47,coronavirus,O
47,disease,CAUSE_OF_DEATH
47,are,O
47,the,O
47,United,COUNTRY
47,States,COUNTRY
47,.,O
47,with,O
47,more,O
47,than,O
47,600,NUMBER
47,thousand,NUMBER
47,con,O
47,‐,O
47,firmed,O
47,cases,O
47,;,O
47,Italy,COUNTRY
47,.,O
47,Spain,COUNTRY
47,.,O
47,Germany,COUNTRY
47,and,O
47,France,COUNTRY
47,.,O
47,with,O
47,more,O
47,than,O
47,100,NUMBER
47,thousand,NUMBER
47,confirmed,O
47,cases,O
47,each,O
47,;,O
47,United,COUNTRY
47,Kingdom,COUNTRY
47,.,O
47,with,O
47,more,O
47,than,O
47,98,NUMBER
47,thousand,NUMBER
47,cases,O
47,;,O
47,and,O
47,China,COUNTRY
47,.,O
47,with,O
47,more,O
47,than,O
47,80,NUMBER
47,thousand,NUMBER
47,con,O
47,‐,O
47,firmed,O
47,cases,O
47,.,O
47,Among,O
47,those,O
47,mentioned,O
47,.,O
47,all,O
47,have,O
47,a,O
47,rate,O
47,of,O
47,contami,O
47,‐,O
47,nation,O
47,of,O
47,health,O
47,professionals,O
47,(,O
47,1,NUMBER
47,),O
47,.,O
47,Italy,COUNTRY
47,.,O
47,for,O
47,instance,O
47,.,O
47,had,O
47,14.032,NUMBER
47,cases,O
47,of,O
47,contamination,O
47,of,O
47,these,O
47,professionals,O
47,.,O
47,with,O
47,a,O
47,lethality,O
47,rate,O
47,of,O
47,11.8,PERCENT
47,%,PERCENT
47,of,O
47,those,O
47,aged,O
47,between,O
47,70,NUMBER
47,and,O
47,79,DURATION
47,years,DURATION
47,old,O
47,.,O
47,and,O
47,1.3,PERCENT
47,%,PERCENT
47,among,O
47,those,O
47,aged,O
47,60,NUMBER
47,‐,O
47,69,DURATION
47,years,DURATION
47,old,DURATION
47,(,O
47,2,NUMBER
47,),O
47,.,O
47,Since,O
47,it,O
47,is,O
47,a,O
47,respiratory,O
47,transmission,O
47,virus,O
47,.,O
47,personal,O
47,protective,O
47,equipment,O
47,(,O
47,PPE,O
47,),O
47,use,O
47,is,O
47,essential,O
47,to,O
47,contemplate,O
47,the,O
47,standard,O
47,precautions,O
47,.,O
47,contact,O
47,and,O
47,droplet,O
47,measures,O
47,recommended,O
47,to,O
47,face,O
47,this,O
47,pandem,O
47,‐,O
47,ic,O
47,(,O
47,3,NUMBER
47,),O
47,.,O
47,Therefore,O
47,.,O
47,an,O
47,investment,O
47,in,O
47,knowledge,O
47,.,O
47,training,O
47,and,O
47,quali,O
47,‐,O
47,fication,O
47,of,O
47,health,O
47,professionals,O
47,on,O
47,proper,O
47,use,O
47,of,O
47,this,O
47,equipment,O
47,in,O
47,care,O
47,management,O
47,of,O
47,infected,O
47,patients,O
47,becomes,O
47,indispensable,O
47,.,O
47,Proper,O
47,attire,O
47,and,O
47,unattire,O
47,are,O
47,an,O
47,effective,O
47,way,O
47,to,O
47,avoid,O
47,contami,O
47,‐,O
47,nation,O
47,among,O
47,health,O
47,professionals,O
47,(,O
47,4,NUMBER
47,),O
47,.,O
47,A,O
47,strategy,O
47,to,O
47,achieve,O
47,the,O
47,proper,O
47,use,O
47,of,O
47,this,O
47,equipment,O
47,.,O
47,as,O
47,well,O
47,as,O
47,the,O
47,protection,O
47,of,O
47,health,O
47,professionals,O
47,.,O
47,is,O
47,the,O
47,implementation,O
47,and,O
47,compliance,O
47,with,O
47,strict,O
47,PPE,O
47,protocols,O
47,.,O
47,In,O
47,2014,DATE
47,.,O
47,during,O
47,the,O
47,Ebola,MISC
47,outbreak,O
47,.,O
47,contamination,O
47,of,O
47,two,NUMBER
47,health,O
47,professionals,O
47,was,O
47,associated,O
47,with,O
47,probable,O
47,non,O
47,‐,O
47,com,O
47,‐,O
47,pliance,O
47,with,O
47,these,O
47,protocols,O
47,.,O
47,A,O
47,study,O
47,found,O
47,that,O
47,approximately,O
47,half,O
47,of,O
47,the,O
47,sample,O
47,of,O
47,health,O
47,professionals,O
47,touched,O
47,.,O
47,without,O
47,gloves,O
47,.,O
47,a,O
47,potentially,O
47,contaminated,O
47,PPE,O
47,surface,O
47,and,O
47,about,O
47,26,PERCENT
47,%,PERCENT
47,in,O
47,‐,O
47,appropriately,O
47,touched,O
47,the,O
47,front,O
47,of,O
47,the,O
47,mask,O
47,(,O
47,5,NUMBER
47,),O
47,.,O
47,which,O
47,shows,O
47,the,O
47,inappropriate,O
47,disposal,O
47,of,O
47,PPE,O
47,.,O
47,Research,O
47,shows,O
47,that,O
47,all,O
47,profes,O
47,‐,O
47,sionals,O
47,without,O
47,updating,O
47,and,O
47,who,O
47,do,O
47,not,O
47,practice,O
47,repeatedly,O
47,end,O
47,in,O
47,stagnant,O
47,skills,O
47,or,O
47,deviations,O
47,in,O
47,techniques,O
47,.,O
47,over,O
47,time,O
47,(,O
47,6,NUMBER
47,),O
47,.,O
47,In,O
47,addition,O
47,.,O
47,prolonged,O
47,periods,O
47,of,O
47,non,O
47,‐,O
47,use,O
47,of,O
47,skills,O
47,.,O
47,known,O
47,as,O
47,reten,O
47,‐,O
47,tion,O
47,intervals,O
47,.,O
47,lead,O
47,to,O
47,a,O
47,decline,O
47,in,O
47,performance,O
47,(,O
47,6,NUMBER
47,),O
47,.,O
47,That,O
47,said,O
47,.,O
47,it,O
47,is,O
47,significant,O
47,that,O
47,health,O
47,services,O
47,provide,O
47,training,O
47,for,O
47,all,O
47,professionals,O
47,who,O
47,will,O
47,have,O
47,or,O
47,may,O
47,have,O
47,contact,O
47,with,O
47,people,O
47,in,O
47,‐,O
47,fected,O
47,with,O
47,the,O
47,new,O
47,However,O
47,.,O
47,conventional,O
47,training,O
47,using,O
47,demon,O
47,‐,O
47,strations,O
47,does,O
47,not,O
47,guarantee,O
47,that,O
47,the,O
47,professional,O
47,will,O
47,be,O
47,prop,O
47,‐,O
47,erly,O
47,and,O
47,unparalleled,O
47,.,O
47,A,O
47,study,O
47,on,O
47,training,O
47,and,O
47,education,O
47,.,O
47,in,O
47,the,O
47,context,O
47,of,O
47,highly,O
47,infectious,O
47,diseases,CAUSE_OF_DEATH
47,.,O
47,in,O
47,emergency,O
47,services,O
47,.,O
47,showed,O
47,that,O
47,professionals,O
47,felt,O
47,the,O
47,need,O
47,for,O
47,quality,O
47,training,O
47,and,O
47,lack,O
47,of,O
47,sufficient,O
47,confidence,O
47,to,O
47,respond,O
47,to,O
47,these,O
47,diseases,CAUSE_OF_DEATH
47,(,O
47,7,NUMBER
47,),O
47,.,O
47,Therefore,O
47,.,O
47,it,O
47,is,O
47,necessary,O
47,to,O
47,conduct,O
47,training,O
47,that,O
47,allows,O
47,prac,O
47,‐,O
47,tical,O
47,implementation,O
47,of,O
47,appropriate,O
47,technique,O
47,among,O
47,all,O
47,partici,O
47,‐,O
47,pants,O
47,.,O
47,in,O
47,favor,O
47,of,O
47,minimizing,O
47,technical,O
47,errors,O
47,.,O
47,a,O
47,fact,O
47,that,O
47,im,O
47,‐,O
47,plies,O
47,a,O
47,reduction,O
47,in,O
47,the,O
47,risk,O
47,of,O
47,contamination,O
47,of,O
47,health,O
47,profes,O
47,‐,O
47,sionals,O
47,.,O
47,Rapid,O
47,Cycle,O
47,Deliberate,O
47,Practice,O
47,(,O
47,RCDP,O
47,),O
47,is,O
47,a,O
47,simulation,O
47,strategy,O
47,aimed,O
47,at,O
47,improving,O
47,participants,O
47,performance,O
47,to,O
47,achieve,O
47,mastery,O
47,in,O
47,a,O
47,skill,O
47,.,O
47,It,O
47,is,O
47,organized,O
47,to,O
47,promote,O
47,task,O
47,repetition,O
47,and,O
47,provide,O
47,immediate,O
47,evidence,O
47,‐,O
47,based,O
47,feedback,O
47,through,O
47,an,O
47,instruc,O
47,‐,O
47,tor,O
47,.,O
47,Created,O
47,in,O
47,a,O
47,setting,O
47,of,O
47,pediatric,O
47,cardiorespiratory,O
47,arrest,O
47,.,O
47,RCDP,ORGANIZATION
47,showed,O
47,improvement,O
47,in,O
47,the,O
47,cardiopulmonary,O
47,resuscitation,O
47,skills,O
47,of,O
47,health,O
47,professionals,O
47,(,O
47,8,NUMBER
47,),O
47,.,O
47,By,O
47,assuming,O
47,that,O
47,the,O
47,RCDP,O
47,should,O
47,be,O
47,applied,O
47,as,O
47,a,O
47,technological,O
47,tool,O
47,in,O
47,other,O
47,populations,O
47,and,O
47,in,O
47,different,O
47,contexts,O
47,of,O
47,skills,O
47,.,O
47,the,O
47,present,DATE
47,study,O
47,suggests,O
47,RCDP,O
47,use,O
47,in,O
47,capacity,O
47,building,O
47,and,O
47,training,O
47,of,O
47,attire,O
47,and,O
47,unattire,O
47,of,O
47,PPE,O
47,.,O
47,Thus,O
47,.,O
47,health,O
47,professionals,O
47,will,O
47,perform,O
47,with,O
47,mastery,O
47,when,O
47,facing,O
47,COVID,O
47,‐,O
47,19,NUMBER
47,.,O
47,RCDP,O
47,is,O
47,an,O
47,educational,O
47,technology,O
47,with,O
47,an,O
47,immediate,O
47,impact,O
47,on,O
47,the,O
47,improvement,O
47,and,O
47,technical,O
47,improvement,O
47,of,O
47,health,O
47,professionals,O
47,.,O
47,meeting,O
47,the,O
47,current,DATE
47,demand,O
47,for,O
47,information,O
47,in,O
47,the,O
47,health,O
47,setting,O
47,.,O
47,To,O
47,discuss,O
47,the,O
47,application,O
47,of,O
47,Rapid,O
47,Cycle,O
47,Deliberate,O
47,Practice,O
47,for,O
47,training,O
47,in,O
47,attire,O
47,and,O
47,unattire,O
47,and,O
47,to,O
47,structure,O
47,a,O
47,practical,O
47,guide,TITLE
47,to,O
47,the,O
47,application,O
47,of,O
47,RCDP,O
47,in,O
47,attire,O
47,and,O
47,unattire,O
47,of,O
47,PPE,O
47,in,O
47,procedures,O
47,that,O
47,generate,O
47,aerosolization,O
47,in,O
47,the,O
47,context,O
47,of,O
47,COVID,O
47,‐,O
47,19,NUMBER
47,.,O
47,This,O
47,methodological,O
47,study,O
47,was,O
47,struc,O
47,‐,O
47,tured,O
47,in,O
47,two,NUMBER
47,parts,O
47,:,O
47,1,NUMBER
47,),O
47,Explanation,O
47,of,O
47,the,O
47,theoretical,O
47,and,O
47,opera,O
47,‐,O
47,tional,O
47,aspects,O
47,for,O
47,the,O
47,applicability,O
47,of,O
47,the,O
47,RCDP,O
47,in,O
47,attire,O
47,and,O
47,removing,O
47,the,O
47,necessary,O
47,PPE,O
47,for,O
47,procedures,O
47,that,O
47,may,O
47,generate,O
47,aerosols,O
47,.,O
47,in,O
47,the,O
47,context,O
47,of,O
47,coping,O
47,with,O
47,the,O
47,COVID,O
47,‐,O
47,19,NUMBER
47,pandemic,O
47,;,O
47,2,NUMBER
47,),O
47,Construction,O
47,of,O
47,a,O
47,RCDP,O
47,application,O
47,guide,TITLE
47,at,O
47,this,O
47,juncture,O
47,.,O
47,To,O
47,construct,O
47,the,O
47,guide,TITLE
47,.,O
47,relevant,O
47,information,O
47,was,O
47,gathered,O
47,for,O
47,attire,O
47,and,O
47,unattire,O
47,the,O
47,PPE,O
47,necessary,O
47,to,O
47,face,O
47,COVID,O
47,‐,O
47,19,NUMBER
47,.,O
47,The,O
47,data,O
47,were,O
47,extracted,O
47,from,O
47,the,O
47,main,O
47,official,O
47,materials,O
47,released,O
47,by,O
47,the,O
47,agen,O
47,‐,O
47,cies,O
47,linked,O
47,to,O
47,the,O
47,Brazilian,NATIONALITY
47,health,O
47,area,O
47,.,O
47,such,O
47,as,O
47,Ministry,O
47,of,O
47,Health,O
47,.,O
47,Brazilian,ORGANIZATION
47,National,ORGANIZATION
47,Health,ORGANIZATION
47,Surveillance,ORGANIZATION
47,Agency,ORGANIZATION
47,(,O
47,Agncia,O
47,Na,O
47,‐,O
47,cional,O
47,de,O
47,Vigilncia,O
47,Sanitria,O
47,.,O
47,abbreviated,O
47,Anvisa,O
47,),O
47,.,O
47,Federal,O
47,Nurs,O
47,‐,O
47,ing,O
47,Council,O
47,(,O
47,Conselho,ORGANIZATION
47,Federal,ORGANIZATION
47,de,ORGANIZATION
47,Enfermagem,ORGANIZATION
47,.,O
47,abbreviated,O
47,COFEN,O
47,),O
47,.,O
47,and,O
47,Regional,ORGANIZATION
47,Nursing,ORGANIZATION
47,Council,ORGANIZATION
47,(,O
47,Conselho,ORGANIZATION
47,Regional,ORGANIZATION
47,de,ORGANIZATION
47,Enfermagem,ORGANIZATION
47,.,O
47,abbreviated,O
47,COREN,O
47,),O
47,.,O
47,From,O
47,the,O
47,data,O
47,collected,O
47,.,O
47,the,O
47,best,O
47,evidence,O
47,and,O
47,recommendations,O
47,in,O
47,force,O
47,were,O
47,selected,O
47,.,O
47,Respecting,O
47,the,O
47,RCDP,O
47,principles,O
47,.,O
47,the,O
47,guide,TITLE
47,was,O
47,built,O
47,in,O
47,five,NUMBER
47,cycles,O
47,.,O
47,with,O
47,specific,O
47,ob,O
47,‐,O
47,jectives,O
47,.,O
47,The,O
47,first,ORDINAL
47,two,NUMBER
47,cycles,O
47,refer,O
47,to,O
47,proper,O
47,attire,O
47,.,O
47,and,O
47,the,O
47,next,O
47,three,NUMBER
47,refer,O
47,to,O
47,unattire,O
47,.,O
47,Each,O
47,cycle,O
47,contains,O
47,three,NUMBER
47,to,O
47,eleven,NUMBER
47,tasks,O
47,considered,O
47,to,O
47,be,O
47,critical,O
47,points,O
47,.,O
47,which,O
47,are,O
47,points,O
47,whose,O
47,errors,O
47,would,O
47,lead,O
47,to,O
47,potential,O
47,contamination,O
47,.,O
47,The,O
47,cycles,O
47,and,O
47,stages,O
47,were,O
47,named,O
47,as,O
47,follows,O
47,:,O
47,Cycle,O
47,1,NUMBER
47,refers,O
47,to,O
47,the,O
47,first,ORDINAL
47,stage,O
47,of,O
47,unattire,O
47,.,O
47,Cycle,O
47,2,NUMBER
47,to,O
47,the,O
47,second,ORDINAL
47,stage,O
47,of,O
47,attire,O
47,.,O
47,Cycle,O
47,3,NUMBER
47,to,O
47,Unattire,O
47,stage,O
47,I,O
47,.,O
47,Cycle,O
47,4,NUMBER
47,to,O
47,Unattire,O
47,stage,O
47,II,NUMBER
47,and,O
47,Cycle,O
47,5,NUMBER
47,to,O
47,Unattire,O
47,stage,O
47,III,NUMBER
47,.,O
47,THEORICAL,O
47,ASPECTS,O
47,OF,O
47,RAPID,O
47,CYCLE,O
47,DELIBERATE,O
47,PRACTICE,O
47,Deliberate,O
47,Practice,O
47,is,O
47,a,O
47,concept,O
47,based,O
47,on,O
47,studies,O
47,on,O
47,skill,O
47,acquisition,O
47,.,O
47,It,O
47,was,O
47,coined,O
47,by,O
47,Ericsson,ORGANIZATION
47,et,O
47,al.,O
47,in,O
47,their,O
47,re,O
47,‐,O
47,search,O
47,on,O
47,expertise,O
47,.,O
47,It,O
47,is,O
47,defined,O
47,as,O
47,a,O
47,series,O
47,of,O
47,specific,O
47,activ,O
47,‐,O
47,ities,O
47,that,O
47,improve,O
47,the,O
47,performance,O
47,of,O
47,individuals,O
47,by,O
47,being,O
47,sub,O
47,‐,O
47,jected,O
47,to,O
47,the,O
47,following,O
47,factors,O
47,:,O
47,a,O
47,),O
47,task,O
47,with,O
47,a,O
47,defined,O
47,objec,O
47,‐,O
47,tive,O
47,;,O
47,b,O
47,),O
47,motivation,O
47,to,O
47,improve,O
47,;,O
47,c,O
47,),O
47,feedbacks,O
47,;,O
47,and,O
47,d,O
47,),O
47,vast,O
47,oppor,O
47,‐,O
47,tunity,O
47,for,O
47,repetition,O
47,and,O
47,gradual,O
47,refinement,O
47,of,O
47,performance,O
47,(,O
47,9,NUMBER
47,),O
47,.,O
47,Rapid,O
47,Cycle,O
47,Deliberate,O
47,Practice,O
47,is,O
47,a,O
47,simulation,O
47,strategy,O
47,created,O
47,by,O
47,Hunt,PERSON
47,et,O
47,al,O
47,.,O
47,in,O
47,2014,DATE
47,.,O
47,Personal,O
47,Protective,O
47,Equipment,O
47,in,O
47,the,O
47,coronavirus,O
47,pandemic,O
47,:,O
47,training,O
47,with,O
47,Rapid,O
47,Cycle,O
47,Deliberate,O
47,Prac,O
47,‐,O
47,tice,O
47,Oliveira,PERSON
47,HC,PERSON
47,.,O
47,Souza,ORGANIZATION
47,LC,ORGANIZATION
47,.,O
47,Leite,ORGANIZATION
47,TC,ORGANIZATION
47,.,O
47,Campos,PERSON
47,JF,O
47,.,O
47,which,O
47,appropri,O
47,‐,O
47,ated,O
47,the,O
47,concept,O
47,of,O
47,Deliberate,O
47,Practice,O
47,and,O
47,added,O
47,an,O
47,intense,O
47,and,O
47,rapid,O
47,transition,O
47,between,O
47,feedbacks,O
47,and,O
47,task,O
47,practice,O
47,in,O
47,an,O
47,ex,O
47,‐,O
47,plored,O
47,clinical,O
47,case,O
47,until,O
47,the,O
47,skill,O
47,was,O
47,mastered,O
47,.,O
47,This,O
47,alterna,O
47,‐,O
47,tion,O
47,was,O
47,dubbed,O
47,the,O
47,fast,O
47,cycle,O
47,(,O
47,8,NUMBER
47,),O
47,.,O
47,For,O
47,the,O
47,proper,O
47,application,O
47,of,O
47,the,O
47,RCDP,MISC
47,.,O
47,one,NUMBER
47,must,O
47,be,O
47,aware,O
47,of,O
47,its,O
47,three,NUMBER
47,basic,O
47,principles,O
47,.,O
47,The,O
47,first,ORDINAL
47,is,O
47,called,O
47,maximizing,O
47,time,O
47,in,O
47,deliberate,O
47,practice,O
47,.,O
47,in,O
47,which,O
47,it,O
47,is,O
47,recommended,O
47,to,O
47,give,O
47,several,O
47,opportunities,O
47,to,O
47,perform,O
47,the,O
47,task,O
47,perfectly,O
47,.,O
47,The,O
47,idea,O
47,is,O
47,to,O
47,seek,O
47,to,O
47,achieve,O
47,automatization,O
47,in,O
47,performance,O
47,through,O
47,repetition,O
47,.,O
47,i.e.,O
47,to,O
47,create,O
47,muscle,O
47,memory,O
47,to,O
47,do,O
47,the,O
47,right,O
47,thing,O
47,.,O
47,For,O
47,this,O
47,to,O
47,be,O
47,possible,O
47,.,O
47,it,O
47,is,O
47,necessary,O
47,to,O
47,receive,O
47,corrections,O
47,from,O
47,an,O
47,instructor,TITLE
47,.,O
47,in,O
47,case,O
47,there,O
47,is,O
47,an,O
47,error,O
47,in,O
47,the,O
47,performance,O
47,.,O
47,These,O
47,corrections,O
47,are,O
47,with,O
47,evidence,O
47,(,O
47,8,NUMBER
47,),O
47,.,O
47,RCDP,O
47,feedbacks,O
47,are,O
47,classified,O
47,as,O
47,directed,O
47,and,O
47,immediate,O
47,.,O
47,They,O
47,are,O
47,pro,O
47,‐,O
47,vided,O
47,after,O
47,an,O
47,error,O
47,is,O
47,detected,O
47,.,O
47,Thus,O
47,.,O
47,it,O
47,is,O
47,understood,O
47,that,O
47,the,O
47,instructor,TITLE
47,will,O
47,make,O
47,interruptions,O
47,to,O
47,explain,O
47,the,O
47,most,O
47,appropri,O
47,‐,O
47,ate,O
47,way,O
47,to,O
47,perform,O
47,that,O
47,task,O
47,.,O
47,according,O
47,to,O
47,the,O
47,existing,O
47,scientif,O
47,‐,O
47,ic,O
47,evidence,O
47,.,O
47,or,O
47,even,O
47,from,O
47,the,O
47,consensus,O
47,of,O
47,experts,O
47,.,O
47,This,O
47,means,O
47,that,O
47,coaches,O
47,need,O
47,to,O
47,master,O
47,the,O
47,training,O
47,topic,O
47,.,O
47,in,O
47,addition,O
47,to,O
47,possessing,O
47,ownership,O
47,and,O
47,confidence,O
47,in,O
47,the,O
47,application,O
47,of,O
47,the,O
47,RCDP,O
47,.,O
47,After,O
47,feedback,O
47,.,O
47,participants,O
47,are,O
47,asked,O
47,to,O
47,go,O
47,back,O
47,10,DURATION
47,sec,DURATION
47,‐,O
47,onds,O
47,and,O
47,perform,O
47,the,O
47,task,O
47,again,O
47,(,O
47,8,NUMBER
47,),O
47,.,O
47,In,O
47,case,O
47,of,O
47,an,O
47,error,O
47,.,O
47,a,O
47,new,O
47,block,O
47,is,O
47,performed,O
47,.,O
47,creating,O
47,a,O
47,quick,O
47,cycle,O
47,between,O
47,task,O
47,.,O
47,inter,O
47,‐,O
47,ruption,O
47,and,O
47,feedback,O
47,.,O
47,The,O
47,dynamics,O
47,of,O
47,interruptions,O
47,can,O
47,Doing,O
47,again,O
47,Going,O
47,back,O
47,Cycle,O
47,Deliberate,O
47,Practice,O
47,In,O
47,order,O
47,for,O
47,these,O
47,in,O
47,‐,O
47,terruptions,O
47,to,O
47,be,O
47,accepted,O
47,favorably,O
47,and,O
47,to,O
47,prevent,O
47,participants,O
47,from,O
47,behaving,O
47,defensively,O
47,.,O
47,it,O
47,is,O
47,necessary,O
47,to,O
47,ensure,O
47,a,O
47,partner,O
47,‐,O
47,ship,O
47,agreement,O
47,between,O
47,coach,TITLE
47,and,O
47,participant,O
47,.,O
47,Training,O
47,should,O
47,not,O
47,be,O
47,started,O
47,without,O
47,an,O
47,understanding,O
47,that,O
47,interruptions,O
47,are,O
47,essential,O
47,to,O
47,achieving,O
47,mastery,O
47,performance,O
47,.,O
47,It,O
47,is,O
47,noteworthy,O
47,that,O
47,Hunt,O
47,et,O
47,al.,O
47,call,O
47,this,O
47,style,O
47,as,O
47,coaching,O
47,(,O
47,8,NUMBER
47,),O
47,.,O
47,With,O
47,this,O
47,.,O
47,the,O
47,third,ORDINAL
47,principle,O
47,is,O
47,explicit,O
47,psychological,O
47,security,O
47,.,O
47,RAPID,O
47,CYCLE,O
47,DELIB,O
47,‐,O
47,ERATE,MISC
47,PRACTICE,O
47,OPERATING,O
47,ASPECTS,O
47,IN,O
47,THE,O
47,ATTIRE,O
47,AND,O
47,UNATTIRE,O
47,Hav,O
47,‐,O
47,ing,O
47,understood,O
47,the,O
47,three,NUMBER
47,principles,O
47,of,O
47,the,O
47,RCDP,O
47,.,O
47,the,O
47,training,O
47,dy,O
47,‐,O
47,namics,O
47,is,O
47,discussed,O
47,.,O
47,A,O
47,minimum,O
47,of,O
47,two,NUMBER
47,and,O
47,a,O
47,maximum,O
47,of,O
47,five,NUMBER
47,par,O
47,‐,O
47,ticipants,O
47,are,O
47,suggested,O
47,.,O
47,The,O
47,first,ORDINAL
47,action,O
47,of,O
47,RCDP,O
47,training,O
47,is,O
47,to,O
47,ensure,O
47,psychological,O
47,security,O
47,.,O
47,At,O
47,this,O
47,point,O
47,.,O
47,the,O
47,trainer,TITLE
47,must,O
47,explain,O
47,the,O
47,dynamics,O
47,of,O
47,the,O
47,simulation,O
47,.,O
47,He,O
47,/,O
47,she,O
47,should,O
47,stress,O
47,that,O
47,his,O
47,/,O
47,her,O
47,role,O
47,is,O
47,to,O
47,help,O
47,participants,O
47,improve,O
47,their,O
47,performance,O
47,.,O
47,in,O
47,order,O
47,to,O
47,create,O
47,muscle,O
47,memory,O
47,to,O
47,perform,O
47,the,O
47,attire,O
47,and,O
47,unattire,O
47,without,O
47,errors,O
47,and,O
47,that,O
47,this,O
47,will,O
47,bring,O
47,benefits,O
47,to,O
47,avoid,O
47,contamination,O
47,by,O
47,Sars,O
47,‐,O
47,CoV,O
47,‐,O
47,2,NUMBER
47,.,O
47,He,O
47,/,O
47,she,O
47,must,O
47,also,O
47,inform,O
47,about,O
47,the,O
47,possibility,O
47,of,O
47,several,O
47,interruptions,O
47,necessary,O
47,to,O
47,hear,O
47,feed,O
47,‐,O
47,back,O
47,.,O
47,but,O
47,which,O
47,will,O
47,be,O
47,resumed,O
47,immediately,O
47,after,O
47,the,O
47,feedback,O
47,.,O
47,taking,O
47,into,O
47,account,O
47,the,O
47,explanations,O
47,given,O
47,.,O
47,All,O
47,of,O
47,these,O
47,instruc,O
47,‐,O
47,tions,O
47,must,O
47,be,O
47,verbally,O
47,welcoming,O
47,and,O
47,charismatic,IDEOLOGY
47,.,O
47,in,O
47,accordance,O
47,with,O
47,the,O
47,RCDPs,MISC
47,own,O
47,coaching,O
47,style,O
47,.,O
47,When,O
47,guaranteeing,O
47,the,O
47,third,ORDINAL
47,principle,O
47,of,O
47,the,O
47,RCDP,O
47,.,O
47,the,O
47,trainer,TITLE
47,demonstrates,O
47,all,O
47,the,O
47,equip,O
47,‐,O
47,ment,O
47,.,O
47,inputs,O
47,and,O
47,items,O
47,existing,O
47,in,O
47,the,O
47,simulation,O
47,and,O
47,chooses,O
47,a,O
47,participant,O
47,to,O
47,start,O
47,the,O
47,setting,O
47,(,O
47,or,O
47,decide,O
47,together,O
47,),O
47,.,O
47,The,O
47,train,CRIMINAL_CHARGE
47,‐,O
47,er,O
47,then,O
47,narrates,O
47,the,O
47,clinical,O
47,case,O
47,and,O
47,declares,O
47,the,O
47,start,O
47,of,O
47,training,O
47,.,O
47,The,O
47,chosen,O
47,one,NUMBER
47,begins,O
47,to,O
47,carry,O
47,out,O
47,the,O
47,activities,O
47,.,O
47,The,O
47,other,O
47,participants,O
47,are,O
47,positioned,O
47,on,O
47,the,O
47,sides,O
47,so,O
47,that,O
47,they,O
47,can,O
47,hear,O
47,feedback,O
47,.,O
47,In,O
47,case,O
47,of,O
47,a,O
47,critical,O
47,error,O
47,.,O
47,participants,O
47,are,O
47,in,O
47,‐,O
47,terrupted,O
47,.,O
47,At,O
47,this,O
47,point,O
47,.,O
47,immediate,O
47,and,O
47,targeted,O
47,feedback,O
47,should,O
47,take,O
47,place,O
47,.,O
47,Targeted,O
47,feedback,O
47,means,O
47,that,O
47,the,O
47,trainer,TITLE
47,must,O
47,make,O
47,the,O
47,information,O
47,explicit,O
47,.,O
47,always,O
47,based,O
47,on,O
47,the,O
47,best,O
47,evidence,O
47,available,O
47,.,O
47,This,O
47,proved,O
47,to,O
47,be,O
47,more,O
47,efficient,O
47,than,O
47,encouraging,O
47,par,O
47,‐,O
47,ticipants,O
47,to,O
47,try,O
47,to,O
47,answer,O
47,or,O
47,look,O
47,for,O
47,the,O
47,answer,O
47,(,O
47,8,NUMBER
47,),O
47,.,O
47,This,O
47,is,O
47,an,O
47,interesting,O
47,aspect,O
47,of,O
47,RCDP,O
47,.,O
47,since,O
47,in,O
47,the,O
47,scope,O
47,of,O
47,simulation,O
47,.,O
47,some,O
47,techniques,O
47,.,O
47,such,O
47,as,O
47,debriefing,O
47,.,O
47,encourage,O
47,selfperception,O
47,and,O
47,self,O
47,‐,O
47,reflection,O
47,.,O
47,in,O
47,which,O
47,the,O
47,facilitator,O
47,exercises,O
47,the,O
47,function,O
47,of,O
47,guiding,O
47,thinking,O
47,so,O
47,that,O
47,participants,O
47,and,O
47,their,O
47,group,O
47,find,O
47,their,O
47,conclusions,O
47,.,O
47,RCDP,O
47,goes,O
47,against,O
47,the,O
47,grain,O
47,.,O
47,as,O
47,it,O
47,does,O
47,not,O
47,aim,O
47,at,O
47,reflective,O
47,debates,O
47,.,O
47,but,O
47,focuses,O
47,on,O
47,task,O
47,repetition,O
47,.,O
47,aiming,O
47,at,O
47,the,O
47,creation,O
47,of,O
47,muscular,O
47,memory,O
47,to,O
47,act,O
47,with,O
47,mastery,O
47,.,O
47,There,O
47,‐,O
47,fore,O
47,.,O
47,it,O
47,is,O
47,essential,O
47,to,O
47,provide,O
47,explicit,O
47,evidence,O
47,for,O
47,partici,O
47,‐,O
47,pants,O
47,to,O
47,receive,O
47,it,O
47,.,O
47,understand,O
47,its,O
47,importance,O
47,and,O
47,return,O
47,to,O
47,practice,O
47,as,O
47,soon,O
47,as,O
47,possible,O
47,.,O
47,To,O
47,exemplify,O
47,the,O
47,targeted,O
47,feed,O
47,‐,O
47,back,O
47,.,O
47,one,NUMBER
47,can,O
47,imagine,O
47,a,O
47,situation,O
47,in,O
47,which,O
47,participants,O
47,forget,O
47,to,O
47,mold,O
47,the,O
47,nose,O
47,support,O
47,on,O
47,the,O
47,respiratory,O
47,protection,O
47,mask,O
47,.,O
47,In,O
47,this,O
47,case,O
47,.,O
47,the,O
47,trainer,TITLE
47,must,O
47,say,O
47,It,O
47,is,O
47,necessary,O
47,to,O
47,mold,O
47,the,O
47,nose,O
47,on,O
47,the,O
47,mask,O
47,so,O
47,that,O
47,the,O
47,correct,O
47,sealing,O
47,occurs,O
47,.,O
47,according,O
47,to,O
47,Anvisas,PERSON
47,Technical,O
47,Note,O
47,4,NUMBER
47,of,O
47,2020,DATE
47,.,O
47,If,O
47,participants,O
47,keep,O
47,the,O
47,error,O
47,.,O
47,the,O
47,trainer,TITLE
47,interrupts,O
47,them,O
47,by,O
47,saying,O
47,Lets,O
47,stop,O
47,.,O
47,go,O
47,back,O
47,10,DURATION
47,seconds,DURATION
47,and,O
47,try,O
47,again,O
47,(,O
47,8,NUMBER
47,),O
47,.,O
47,Participants,O
47,who,O
47,started,O
47,training,O
47,continue,O
47,to,O
47,train,CRIMINAL_CHARGE
47,and,O
47,receive,O
47,feedback,O
47,until,O
47,the,O
47,end,O
47,of,O
47,the,O
47,first,ORDINAL
47,cycle,O
47,.,O
47,Upon,O
47,completing,O
47,it,O
47,perfectly,O
47,.,O
47,the,O
47,initiator,O
47,takes,O
47,his,O
47,/,O
47,her,O
47,position,O
47,with,O
47,another,O
47,participant,O
47,.,O
47,taking,O
47,the,O
47,place,O
47,of,O
47,observer,O
47,.,O
47,This,O
47,hap,O
47,‐,O
47,pens,O
47,until,O
47,everyone,O
47,has,O
47,completed,O
47,the,O
47,first,ORDINAL
47,cycle,O
47,.,O
47,This,O
47,dynamic,O
47,is,O
47,repeated,O
47,until,O
47,the,O
47,end,O
47,of,O
47,the,O
47,training,O
47,.,O
47,It,O
47,is,O
47,worth,O
47,mentioning,O
47,that,O
47,before,O
47,starting,O
47,any,O
47,cycle,O
47,.,O
47,the,O
47,participants,O
47,of,O
47,the,O
47,turn,O
47,must,O
47,perform,O
47,all,O
47,the,O
47,tasks,O
47,of,O
47,the,O
47,first,ORDINAL
47,cycle,O
47,and,O
47,proceed,O
47,with,O
47,the,O
47,second,ORDINAL
47,and,O
47,so,O
47,on,O
47,.,O
47,Participants,O
47,must,O
47,always,O
47,start,O
47,in,O
47,the,O
47,first,ORDINAL
47,cy,O
47,‐,O
47,cle,O
47,.,O
47,Personal,O
47,Protective,O
47,Equipment,O
47,in,O
47,the,O
47,coronavirus,O
47,pandemic,O
47,:,O
47,training,O
47,with,O
47,Rapid,O
47,Cycle,O
47,Deliberate,O
47,Practice,O
47,Oliveira,PERSON
47,HC,PERSON
47,.,O
47,Souza,PERSON
47,LC,O
47,.,O
47,Leite,ORGANIZATION
47,TC,ORGANIZATION
47,.,O
47,Campos,PERSON
47,JF,O
47,.,O
47,RAPID,O
47,CYCLE,O
47,DELIBERATE,O
47,PRACTICE,O
47,APPLI,O
47,‐,O
47,CATION,O
47,GUIDE,TITLE
47,Chart,O
47,1,NUMBER
47,‐,O
47,Guide,TITLE
47,to,O
47,Rapid,O
47,Cycle,O
47,Deliberate,O
47,Practice,O
47,in,O
47,attire,O
47,and,O
47,unattire,O
47,for,O
47,professionals,O
47,who,O
47,work,O
47,less,O
47,than,O
47,1,NUMBER
47,me,O
47,‐,O
47,ter,TITLE
47,from,O
47,the,O
47,suspected,O
47,or,O
47,confirmed,O
47,patient,O
47,with,O
47,the,O
47,new,O
47,coron,O
47,‐,O
47,avirus,O
47,infection,CAUSE_OF_DEATH
47,and,O
47,who,O
47,perform,O
47,procedures,O
47,with,O
47,risk,O
47,of,O
47,aerosol,O
47,generation,O
47,Disposing,O
47,in,O
47,infectious,O
47,garbage,O
47,;,O
47,Hand,O
47,hygiene,O
47,with,O
47,70,PERCENT
47,%,PERCENT
47,alcohol,O
47,for,O
47,20,DURATION
47,to,DURATION
47,30,DURATION
47,seconds,DURATION
47,;,O
47,Cycle,O
47,5,NUMBER
47,‐,O
47,Unattire,O
47,Stage,O
47,III,O
47,Going,O
47,outside,O
47,the,O
47,room,O
47,or,O
47,antechamber,O
47,(,O
47,without,O
47,surgical,O
47,gown,O
47,and,O
47,Cycle,O
47,1,NUMBER
47,‐,O
47,Attire,O
47,stage,O
47,I,O
47,Hand,O
47,hygiene,O
47,with,O
47,70,PERCENT
47,%,PERCENT
47,alcohol,O
47,for,O
47,20,NUMBER
47,to,O
47,30,NUMBER
47,seconds,DURATION
47,;,O
47,Hand,O
47,hygiene,O
47,;,O
47,Removing,O
47,the,O
47,cap,O
47,by,O
47,the,O
47,inner,O
47,region,O
47,;,O
47,Wearing,O
47,surgical,O
47,gown,O
47,;,O
47,Disposing,O
47,in,O
47,infectious,O
47,garbage,O
47,;,O
47,Tying,O
47,the,O
47,surgical,O
47,gown,O
47,properly,O
47,(,O
47,so,O
47,it,O
47,does,O
47,nt,O
47,fall,O
47,off,O
47,),O
47,;,O
47,Hand,O
47,hygiene,O
47,with,O
47,70,PERCENT
47,%,PERCENT
47,alcohol,O
47,for,O
47,20,DURATION
47,to,DURATION
47,30,DURATION
47,seconds,DURATION
47,;,O
47,Cycle,O
47,2,NUMBER
47,‐,O
47,Attire,O
47,stage,O
47,II,NUMBER
47,Removing,O
47,safety,O
47,glasses,O
47,or,O
47,face,O
47,shield,O
47,(,O
47,covering,O
47,the,O
47,front,O
47,and,O
47,side,O
47,of,O
47,the,O
47,face,O
47,.,O
47,holding,O
47,from,O
47,the,O
47,sides,O
47,and,O
47,supporting,O
47,it,O
47,on,O
47,a,O
47,surface,O
47,*,O
47,2,NUMBER
47,),O
47,;,O
47,Assessing,O
47,conditions,O
47,*,O
47,of,O
47,the,O
47,respiratory,O
47,protection,O
47,mask,O
47,(,O
47,particulate,O
47,up,O
47,to,O
47,0.3,NUMBER
47,(,O
47,N95,O
47,.,O
47,N99,O
47,.,O
47,N100,O
47,.,O
47,PFF2,O
47,or,O
47,PFF3,O
47,),O
47,;,O
47,Hand,O
47,hygiene,O
47,;,O
47,(,O
47,In,O
47,the,O
47,case,O
47,of,O
47,a,O
47,new,O
47,mask,O
47,),O
47,Holding,O
47,the,O
47,outside,O
47,in,O
47,the,O
47,shape,O
47,of,O
47,a,O
47,cup,O
47,and,O
47,approaching,O
47,the,O
47,nose,O
47,and,O
47,mouth,O
47,;,O
47,Removing,O
47,the,O
47,mask,O
47,by,O
47,the,O
47,side,O
47,elastics,O
47,without,O
47,touching,O
47,the,O
47,inner,O
47,surface,O
47,(,O
47,NEVER,O
47,holding,O
47,the,O
47,front,O
47,of,O
47,the,O
47,mask,O
47,),O
47,.,O
47,Pulling,O
47,in,O
47,the,O
47,upperante,O
47,‐,O
47,rior,O
47,direction,O
47,;,O
47,(,O
47,In,O
47,case,O
47,of,O
47,already,O
47,used,O
47,mask,O
47,),O
47,Putting,O
47,on,O
47,gloves,O
47,before,O
47,holding,O
47,by,O
47,the,O
47,Packing,O
47,the,O
47,mask,O
47,in,O
47,a,O
47,paper,O
47,envelope,O
47,*,O
47,3,NUMBER
47,with,O
47,the,O
47,elastics,O
47,out,O
47,.,O
47,to,O
47,facilitate,O
47,the,O
47,removal,O
47,of,O
47,the,O
47,mask,O
47,;,O
47,With,O
47,the,O
47,other,O
47,hand,O
47,.,O
47,directing,O
47,the,O
47,elastics,O
47,of,O
47,the,O
47,mask,O
47,to,O
47,the,O
47,back,O
47,of,O
47,the,O
47,head,O
47,.,O
47,one,NUMBER
47,at,O
47,a,O
47,time,O
47,;,O
47,Hand,O
47,hygiene,O
47,;,O
47,Shaping,O
47,the,O
47,nose,O
47,support,O
47,;,O
47,Per,O
47,‐,O
47,forming,O
47,sealing,O
47,test,O
47,of,O
47,the,O
47,respiratory,O
47,protection,O
47,mask,O
47,;,O
47,(,O
47,In,O
47,case,O
47,of,O
47,already,O
47,used,O
47,mask,O
47,),O
47,Removing,O
47,the,O
47,glove,O
47,.,O
47,discarding,O
47,it,O
47,and,O
47,hand,O
47,hygiene,O
47,;,O
47,Putting,O
47,safety,O
47,glasses,O
47,or,O
47,face,O
47,shield,O
47,.,O
47,which,O
47,covers,O
47,the,O
47,front,O
47,and,O
47,side,O
47,of,O
47,the,O
47,face,O
47,;,O
47,Putting,O
47,on,O
47,cap,O
47,;,O
47,Going,O
47,to,O
47,the,O
47,room,O
47,or,O
47,area,O
47,where,O
47,the,O
47,patient,O
47,is,O
47,;,O
47,Hand,O
47,hygiene,O
47,with,O
47,70,PERCENT
47,%,PERCENT
47,alcohol,O
47,for,O
47,20,NUMBER
47,‐,O
47,30,DURATION
47,seconds,DURATION
47,;,O
47,Cycle,O
47,3,NUMBER
47,‐,O
47,Unattire,O
47,Stage,O
47,I,O
47,Not,O
47,leaving,O
47,the,O
47,pa,O
47,‐,O
47,tients,O
47,room,O
47,;,O
47,Removing,O
47,gloves,O
47,by,O
47,pulling,O
47,the,O
47,first,ORDINAL
47,one,NUMBER
47,from,O
47,the,O
47,outside,O
47,of,O
47,the,O
47,wrist,O
47,with,O
47,the,O
47,fingers,O
47,of,O
47,the,O
47,opposite,O
47,hand,O
47,;,O
47,Hold,O
47,‐,O
47,ing,O
47,the,O
47,removed,O
47,glove,O
47,with,O
47,the,O
47,other,O
47,gloved,O
47,hand,O
47,;,O
47,Touching,O
47,the,O
47,inside,O
47,of,O
47,the,O
47,gloved,O
47,hands,O
47,wrist,O
47,with,O
47,the,O
47,opposite,O
47,index,O
47,finger,O
47,(,O
47,without,O
47,gloves,O
47,),O
47,and,O
47,removing,O
47,the,O
47,other,O
47,glove,O
47,;,O
47,Disposing,O
47,the,O
47,glove,O
47,in,O
47,infectious,O
47,waste,O
47,;,O
47,Hand,O
47,hygiene,O
47,with,O
47,70,PERCENT
47,%,PERCENT
47,alcohol,O
47,for,O
47,20,NUMBER
47,‐,O
47,30,DURATION
47,seconds,DURATION
47,;,O
47,Cycle,O
47,4,NUMBER
47,‐,O
47,Unattire,O
47,Stage,O
47,II,O
47,Untying,O
47,the,O
47,bottom,O
47,of,O
47,the,O
47,surgical,O
47,gown,O
47,;,O
47,Untying,O
47,the,O
47,top,O
47,of,O
47,the,O
47,surgical,O
47,gown,O
47,.,O
47,keeping,O
47,your,O
47,hand,O
47,in,O
47,the,O
47,Holding,O
47,the,O
47,surgical,O
47,gown,O
47,from,O
47,the,O
47,inside,O
47,;,O
47,Pulling,O
47,it,O
47,in,O
47,the,O
47,anterior,O
47,‐,O
47,inferior,O
47,direction,O
47,(,O
47,extending,O
47,the,O
47,forearms,O
47,),O
47,;,O
47,With,O
47,the,O
47,right,O
47,hand,O
47,.,O
47,holding,O
47,the,O
47,surgical,O
47,gown,O
47,close,O
47,to,O
47,the,O
47,wrist,O
47,of,O
47,the,O
47,left,O
47,hand,O
47,;,O
47,Pulling,O
47,the,O
47,left,O
47,hand,O
47,;,O
47,With,O
47,the,O
47,left,O
47,hand,O
47,.,O
47,holding,O
47,the,O
47,surgical,O
47,gown,O
47,close,O
47,to,O
47,the,O
47,wrist,O
47,of,O
47,the,O
47,right,O
47,hand,O
47,;,O
47,Pulling,O
47,the,O
47,right,O
47,hand,O
47,;,O
47,At,O
47,the,O
47,end,O
47,of,O
47,separation,O
47,.,O
47,wearing,O
47,gloves,O
47,to,O
47,clean,O
47,the,O
47,safety,O
47,glasses,O
47,or,O
47,the,O
47,face,O
47,shield,O
47,and,O
47,the,O
47,area,O
47,where,O
47,they,O
47,were,O
47,supported,O
47,.,O
47,Note,O
47,:,O
47,*,O
47,1Inspect,O
47,mask,O
47,in,O
47,‐,O
47,tegrity,O
47,(,O
47,damp,O
47,.,O
47,dirty,O
47,.,O
47,torn,O
47,.,O
47,dented,O
47,or,O
47,creased,O
47,masks,O
47,can,O
47,not,O
47,be,O
47,used,O
47,),O
47,and,O
47,make,O
47,sure,O
47,that,O
47,strips,O
47,.,O
47,nasal,O
47,bridge,O
47,and,O
47,nasal,O
47,foam,O
47,ma,O
47,‐,O
47,terial,O
47,are,O
47,not,O
47,degraded,O
47,(,O
47,4,NUMBER
47,),O
47,;,O
47,*,O
47,2,NUMBER
47,Safety,O
47,glasses,O
47,should,O
47,be,O
47,used,O
47,ex,O
47,‐,O
47,clusively,O
47,by,O
47,each,O
47,professional,O
47,.,O
47,should,O
47,be,O
47,cleaned,O
47,with,O
47,water,O
47,and,O
47,soap,O
47,and,O
47,then,O
47,disinfected,O
47,with,O
47,70,PERCENT
47,%,PERCENT
47,liquid,O
47,alcohol,O
47,.,O
47,sodium,O
47,hypochlorite,O
47,or,O
47,another,O
47,disinfectant,O
47,recommended,O
47,by,O
47,the,O
47,manufac,O
47,‐,O
47,turer,O
47,(,O
47,4,NUMBER
47,),O
47,;,O
47,*,O
47,3Plastic,O
47,or,O
47,other,O
47,materials,O
47,can,O
47,be,O
47,used,O
47,.,O
47,as,O
47,long,O
47,as,O
47,they,O
47,are,O
47,not,O
47,hermetically,O
47,sealed,O
47,.,O
47,Never,O
47,place,O
47,the,O
47,used,O
47,mask,O
47,in,O
47,a,O
47,closed,O
47,plastic,O
47,bag,O
47,.,O
47,as,O
47,it,O
47,may,O
47,become,O
47,damp,O
47,and,O
47,potentially,O
47,contam,O
47,‐,O
47,inated,O
47,(,O
47,4,NUMBER
47,),O
47,.,O
47,FINAL,O
47,CONSIDERATIONS,O
47,in,O
47,the,O
47,attire,O
47,and,O
47,unattire,O
47,of,O
47,the,O
47,personal,O
47,protective,O
47,equipment,O
47,needed,O
47,to,O
47,cope,O
47,with,O
47,coronavirus,O
47,disease,CAUSE_OF_DEATH
47,(,O
47,COVID,O
47,‐,O
47,19,NUMBER
47,),O
47,.,O
47,This,O
47,theme,O
47,is,O
47,different,O
47,from,O
47,the,O
47,original,O
47,context,O
47,of,O
47,creating,O
47,the,O
47,RCDP,O
47,strategy,O
47,.,O
47,It,O
47,was,O
47,carried,O
47,out,O
47,in,O
47,a,O
47,pediatric,O
47,cardiopulmonary,O
47,resuscitation,O
47,encourage,O
47,research,O
47,to,O
47,be,O
47,carried,O
47,out,O
47,to,O
47,test,O
47,the,O
47,applicability,O
47,of,O
47,RCDP,O
47,in,O
47,other,O
47,situations,O
47,and,O
47,institutions,O
47,.,O
47,Due,O
47,to,O
47,the,O
47,Sars,MISC
47,‐,O
47,CoV,O
47,‐,O
47,2,NUMBER
47,pandemic,O
47,and,O
47,the,O
47,growing,O
47,need,O
47,for,O
47,quality,O
47,training,O
47,in,O
47,attire,O
47,and,O
47,unattire,O
47,.,O
47,we,O
47,suggest,O
47,the,O
47,RCDP,O
47,strategy,O
47,as,O
47,a,O
47,technological,O
47,tool,O
47,in,O
47,the,O
47,educational,O
47,field,O
47,.,O
47,It,O
47,must,O
47,be,O
47,applied,O
47,to,O
47,train,O
47,health,O
47,professionals,O
47,in,O
47,order,O
47,to,O
47,achieve,O
47,mastery,O
47,in,O
47,the,O
47,skill,O
47,of,O
47,attire,O
47,.,O
47,avoiding,O
47,contamination,O
47,by,O
47,the,O
47,virus,O
47,.,O
47,Due,O
47,to,O
47,the,O
47,emergency,O
47,situation,O
47,of,O
47,COVID,O
47,‐,O
47,19,NUMBER
47,.,O
47,in,O
47,addi,O
47,‐,O
47,tion,O
47,to,O
47,the,O
47,discussion,O
47,as,O
47,to,O
47,the,O
47,applicability,O
47,of,O
47,the,O
47,RCDP,O
47,in,O
47,vesting,O
47,and,O
47,creating,O
47,the,O
47,RCDP,O
47,application,O
47,guide,TITLE
47,.,O
47,Adjustments,O
47,can,O
47,be,O
47,made,O
47,in,O
47,this,O
47,guide,TITLE
47,both,O
47,to,O
47,meet,O
47,the,O
47,reality,O
47,of,O
47,the,O
47,institu,O
47,‐,O
47,tions,O
47,and,O
47,to,O
47,to,O
47,the,O
47,validation,O
47,of,O
47,the,O
47,guide,TITLE
47,by,O
47,specialists,O
47,.,O
47,It,O
47,is,O
47,suggested,O
47,that,O
47,clinical,O
47,studies,O
47,be,O
47,conducted,O
47,to,O
47,generate,O
47,concrete,O
47,results,O
47,on,O
47,the,O
47,applicability,O
47,of,O
47,RCDP,O
47,in,O
47,this,O
47,perspective,O
47,.,O
47,Aca,O
47,‐,O
47,demic,O
47,Excellence,O
47,Program,O
47,of,O
47,Coordination,O
47,of,O
47,Superior,TITLE
47,Level,O
47,Staff,O
47,Improvement,O
47,‐,O
47,Ministry,ORGANIZATION
47,of,ORGANIZATION
47,Education,ORGANIZATION
47,of,O
47,Brazil,COUNTRY
47,.,O
47,Holding,O
47,the,O
47,in,O
47,‐,O
47,side,O
47,of,O
47,the,O
47,surgical,O
47,gown,O
47,and,O
47,fold,O
47,it,O
47,;,O
47,To,O
47,be,O
47,continued,O
47,Personal,O
47,Protective,O
47,Equipment,O
47,in,O
47,the,O
47,coronavirus,O
47,pandemic,O
47,:,O
47,training,O
47,with,O
47,Rapid,O
47,Cycle,O
47,Deliberate,O
47,Practice,O
47,Oliveira,PERSON
47,HC,PERSON
47,.,O
47,Souza,ORGANIZATION
47,LC,ORGANIZATION
47,.,O
47,Leite,PERSON
47,TC,PERSON
47,.,O
47,Campos,PERSON
47,JF,PERSON
47,.,O
47,World,ORGANIZATION
47,Health,ORGANIZATION
47,Organization,ORGANIZATION
47,.,O
47,Coronavirus,O
47,disease,CAUSE_OF_DEATH
47,2019,DATE
47,(,O
47,COVID,O
47,‐,O
47,19,NUMBER
47,),O
47,Situation,O
47,report,O
47,‐,O
47,87,NUMBER
47,[,O
47,Internet,MISC
47,],O
47,.,O
47,2020,DATE
47,[,O
47,cited,O
47,2020,DATE
47,May,DATE
47,02,NUMBER
47,],O
47,.,O
47,Available,O
47,from,O
47,:,O
47,Task,O
47,force,O
47,COVID,O
47,‐,O
47,19,NUMBER
47,del,O
47,Dipartimento,O
47,Malat,O
47,‐,O
47,tie,O
47,Infettive,ORGANIZATION
47,e,O
47,Servizio,ORGANIZATION
47,di,ORGANIZATION
47,Informatica,ORGANIZATION
47,.,O
47,Istituto,PERSON
47,Superiore,PERSON
47,di,O
47,Sanit,PERSON
47,.,O
47,Epidemia,O
47,COVID,O
47,‐,O
47,19,NUMBER
47,.,O
47,Holland,CITY
47,M,O
47,.,O
47,Zaloga,PERSON
47,DJ,TITLE
47,.,O
47,Friderici,O
47,CS,O
47,.,O
47,COVID,O
47,‐,O
47,19,NUMBER
47,:,O
47,Personal,O
47,Protective,O
47,Equipment,O
47,(,O
47,PPE,O
47,),O
47,for,O
47,the,O
47,emergency,O
47,physician,TITLE
47,.,O
47,Vis,O
47,J,O
47,Emerg,O
47,Med,O
47,.,O
47,Ministrio,PERSON
47,da,PERSON
47,Sade,PERSON
47,(,O
47,BR,O
47,),O
47,.,O
47,Anvisa,O
47,.,O
47,Nota,O
47,Tcnica,PERSON
47,n,O
47,04/2020,NUMBER
47,.,O
47,Orientaes,O
47,para,O
47,servios,O
47,de,O
47,sade,O
47,:,O
47,medidas,O
47,de,O
47,pre,O
47,‐,O
47,veno,O
47,e,O
47,controle,O
47,que,O
47,devem,O
47,ser,O
47,adotadas,O
47,durante,O
47,a,O
47,assistncia,O
47,aos,O
47,casos,O
47,suspeitos,O
47,ou,O
47,confirmados,O
47,de,O
47,infeco,O
47,pelo,O
47,novo,O
47,coronavrus,O
47,Kantor,O
47,J.,O
47,Behavioral,O
47,considerations,O
47,and,O
47,impact,O
47,on,O
47,personal,O
47,pro,O
47,‐,O
47,tective,O
47,equipment,O
47,(,O
47,PPE,O
47,),O
47,use,O
47,:,O
47,Early,O
47,lessons,O
47,from,O
47,the,O
47,coronavirus,O
47,(,O
47,COVID,O
47,‐,O
47,19,NUMBER
47,),O
47,LE,ORGANIZATION
47,AB,ORGANIZATION
47,.,O
47,Buehler,ORGANIZATION
47,SA,ORGANIZATION
47,.,O
47,Maniscalco,ORGANIZATION
47,PM,ORGANIZATION
47,.,O
47,Lane,O
47,P,O
47,.,O
47,Rupp,PERSON
47,LE,PERSON
47,.,O
47,Ernest,PERSON
47,E,PERSON
47,.,O
47,et,O
47,al,O
47,.,O
47,Determining,O
47,training,O
47,and,O
47,education,O
47,needs,O
47,per,O
47,‐,O
47,taining,O
47,to,O
47,highly,O
47,infectious,CAUSE_OF_DEATH
47,disease,CAUSE_OF_DEATH
47,preparedness,O
47,and,O
47,response,O
47,:,O
47,a,O
47,gap,O
47,analysis,O
47,survey,O
47,of,O
47,US,COUNTRY
47,emergency,O
47,medical,O
47,services,O
47,practition,O
47,‐,O
47,ers,O
47,.,O
47,Am,O
47,J,O
47,Infect,O
47,Control,O
47,.,O
47,Hunt,O
47,EA,O
47,.,O
47,Duval,PERSON
47,‐,O
47,Arnould,O
47,JM,O
47,.,O
47,Nelson,PERSON
47,‐,PERSON
47,McMillan,ORGANIZATION
47,KL,ORGANIZATION
47,.,O
47,Bradshaw,PERSON
47,JH,O
47,.,O
47,Diener,PERSON
47,‐,O
47,West,O
47,M,O
47,.,O
47,Perretta,ORGANIZATION
47,JS,ORGANIZATION
47,.,O
47,et,O
47,al,O
47,.,O
47,Pe,O
47,‐,O
47,diatric,O
47,resident,O
47,resuscitation,O
47,skills,O
