67,Rev.,TITLE
67,Latino,O
67,‐,O
67,Am,O
67,.,O
67,Enfermagem,O
67,COVID,O
67,‐,O
67,19,NUMBER
67,and,O
67,the,O
67,production,O
67,of,O
67,knowl,O
67,‐,O
67,edge,O
67,regarding,O
67,Victor,PERSON
67,Hugo,PERSON
67,Alves,PERSON
67,Mascarenhas1,O
67,.2,O
67,Objective,O
67,:,O
67,to,O
67,map,O
67,the,O
67,production,O
67,of,O
67,knowledge,O
67,regarding,O
67,Adriana,PERSON
67,Caroci,PERSON
67,‐,O
67,Becker,O
67,rec,O
67,‐,O
67,ommendations,O
67,for,O
67,providing,O
67,care,O
67,to,O
67,pregnant,O
67,women,O
67,Kelly,PERSON
67,Cristina,PERSON
67,Mxima,PERSON
67,Pereira,PERSON
67,Venncio3,O
67,using,O
67,a,O
67,broadened,O
67,strategy,O
67,to,O
67,search,O
67,data,O
67,‐,O
67,bases,O
67,and,O
67,repositories,O
67,.,O
67,as,O
67,well,O
67,as,O
67,the,O
67,reference,O
67,lists,O
67,in,O
67,the,O
67,sources,O
67,Nayara,PERSON
67,Girardi,PERSON
67,Baraldi3,O
67,used,O
67,.,O
67,Data,O
67,were,O
67,collected,O
67,and,O
67,an,O
67,‐,O
67,alyzed,O
67,by,O
67,two,NUMBER
67,independent,RELIGION
67,Adelaide,PERSON
67,Caroci,PERSON
67,Durkin4,PERSON
67,of,O
67,a,O
67,narrative,O
67,.,O
67,Results,O
67,:,O
67,the,O
67,final,O
67,sample,O
67,was,O
67,composed,O
67,of,O
67,Maria,PERSON
67,Luiza,PERSON
67,Gonzalez,PERSON
67,Riesco1,O
67,24,NUMBER
67,records,O
67,.,O
67,the,O
67,content,O
67,of,O
67,which,O
67,was,O
67,synthesized,O
67,in,O
67,these,O
67,conceptual,O
67,categories,O
67,:,O
67,clinical,O
67,manifestations,O
67,.,O
67,diagnosis,O
67,.,O
67,treat,O
67,‐,O
67,ment,O
67,.,O
67,working,O
67,pregnant,O
67,women,O
67,.,O
67,vaccine,O
67,development,O
67,.,O
67,complications,CAUSE_OF_DEATH
67,.,O
67,prenatal,O
67,care,O
67,.,O
67,vertical,O
67,transmission,O
67,.,O
67,and,O
67,placental,O
67,transmissi,O
67,‐,O
67,bility,O
67,.,O
67,It,O
67,is,O
67,recommended,O
67,to,O
67,confirm,O
67,pregnancy,O
67,and,O
67,disease,CAUSE_OF_DEATH
67,early,O
67,on,O
67,.,O
67,to,O
67,use,O
67,technological,O
67,resources,O
67,for,O
67,screening,O
67,and,O
67,providing,O
67,guidance,O
67,and,O
67,support,O
67,to,O
67,pregnant,O
67,women,O
67,.,O
67,Conclusion,O
67,:,O
67,recommenda,O
67,‐,O
67,tions,O
67,emphasize,O
67,isolation,O
67,.,O
67,proper,O
67,rest,O
67,.,O
67,sleep,O
67,.,O
67,nutrition,O
67,.,O
67,hydra,O
67,‐,O
67,tion,O
67,.,O
67,medications,O
67,.,O
67,and,O
67,in,O
67,the,O
67,more,O
67,severe,O
67,cases,O
67,.,O
67,oxygen,O
67,support,O
67,.,O
67,monitoring,O
67,Health,O
67,Context,O
67,.,O
67,of,O
67,vital,O
67,signs,O
67,.,O
67,emotional,O
67,support,O
67,.,O
67,and,O
67,multiprofessional,O
67,and,O
67,Universidade,O
67,de,O
67,So,O
67,Paulo,O
67,.,O
67,Escola,O
67,de,O
67,En,O
67,‐,O
67,fermagem,O
67,.,O
67,So,O
67,individualized,O
67,care,O
67,.,O
67,Medications,O
67,should,O
67,be,O
67,used,O
67,with,O
67,caution,O
67,Paulo,O
67,.,O
67,SP,O
67,.,O
67,Brazil,COUNTRY
67,.,O
67,due,O
67,to,O
67,a,O
67,lack,O
67,of,O
67,evidence,O
67,.,O
67,Future,DATE
67,re,O
67,‐,O
67,search,O
67,is,O
67,needed,O
67,to,O
67,analyze,O
67,Desenvolvimento,PERSON
67,Cientfico,PERSON
67,e,O
67,Tecnolgi,O
67,‐,O
67,co,O
67,(,O
67,CNPq,O
67,),O
67,.,O
67,Brazil,COUNTRY
67,.,O
67,Universidade,O
67,de,O
67,So,O
67,Paulo,O
67,.,O
67,Escola,O
67,de,O
67,Artes,O
67,.,O
67,Cincias,PERSON
67,e,O
67,the,O
67,impact,O
67,of,O
67,the,O
67,infection,CAUSE_OF_DEATH
67,at,O
67,the,O
67,beginning,O
67,of,O
67,preg,O
67,‐,O
67,nancy,O
67,and,O
67,Humanidades,PERSON
67,.,O
67,So,LOCATION
67,Paulo,LOCATION
67,.,O
67,SP,O
67,.,O
67,Brazil,COUNTRY
67,.,O
67,the,O
67,psychological,O
67,aspects,O
67,of,O
67,pregnant,O
67,women,O
67,infected,O
67,with,O
67,Kettering,ORGANIZATION
67,College,ORGANIZATION
67,.,O
67,Nurs,O
67,‐,O
67,ing,O
67,.,O
67,Kettering,CITY
67,.,O
67,OH,STATE_OR_PROVINCE
67,.,O
67,USA,COUNTRY
67,.,O
67,the,O
67,virus,O
67,.,O
67,Infections,CAUSE_OF_DEATH
67,;,O
67,Obstetrics,O
67,;,O
67,Prenatal,O
67,Care,O
67,;,O
67,Infectious,CAUSE_OF_DEATH
67,Disease,CAUSE_OF_DEATH
67,Transmission,MISC
67,.,O
67,Vertical,O
67,.,O
67,Ve,O
67,n,O
67,n,O
67,c,O
67,i,O
67,o,O
67,K,O
67,C,O
67,M,O
67,P,O
67,.,O
67,B,O
67,a,O
67,ra,O
67,l,O
67,d,O
67,i,NUMBER
67,month,DURATION
67,day,DURATION
67,Rev.,TITLE
67,Latino,O
67,‐,O
67,Am,O
67,.,O
67,Enfer,O
67,‐,O
67,magem,O
67,2020,DATE
67,;,O
67,28,NUMBER
67,:,O
67,e3348,O
67,.,O
67,infectious,O
67,caused,O
67,by,O
67,the,O
67,H1N1,O
67,virus,O
67,among,O
67,pregnant,O
67,women,O
67,.,O
67,which,O
67,resulted,O
67,in,O
67,high,O
67,rates,O
67,of,O
67,complications,CAUSE_OF_DEATH
67,On,O
67,December,DATE
67,31st,DATE
67,.,DATE
67,2019,DATE
67,China,COUNTRY
67,reported,O
67,to,O
67,the,O
67,and,O
67,mortality,O
67,(,O
67,11,NUMBER
67,),O
67,.,O
67,World,ORGANIZATION
67,Health,ORGANIZATION
67,Organization,ORGANIZATION
67,pneumonia,CAUSE_OF_DEATH
67,cases,O
67,of,O
67,unknown,O
67,Despite,O
67,the,O
67,sensible,O
67,concern,O
67,of,O
67,international,O
67,and,O
67,etiology,O
67,in,O
67,the,O
67,city,O
67,of,O
67,Wuhan,CITY
67,.,O
67,province,O
67,of,O
67,Hubei,STATE_OR_PROVINCE
67,.,O
67,national,O
67,health,O
67,agencies,O
67,(,O
67,4.11,NUMBER
67,),O
67,.,O
67,there,O
67,is,O
67,little,O
67,scientific,O
67,On,O
67,January,DATE
67,9th,DATE
67,.,DATE
67,2020,DATE
67,the,O
67,coronavirus,O
67,.,O
67,scien,O
67,‐,O
67,tifically,O
67,evidence,O
67,on,O
67,the,O
67,novel,O
67,coronavirus,O
67,and,O
67,even,O
67,less,O
67,evi,O
67,‐,O
67,dence,O
67,regarding,O
67,the,O
67,management,O
67,of,O
67,pregnant,O
67,Coronavirus,O
67,(,O
67,SARS,O
67,‐,O
67,CoV,O
67,‐,O
67,2,NUMBER
67,),O
67,.,O
67,was,O
67,identified,O
67,as,O
67,the,O
67,most,O
67,women,O
67,testing,O
67,positive,O
67,for,O
67,SARS,O
67,‐,O
67,CoV,O
67,‐,O
67,2,NUMBER
67,or,O
67,suspected,O
67,recent,O
67,microorganism,O
67,causing,O
67,the,O
67,human,O
67,infection,CAUSE_OF_DEATH
67,to,O
67,have,O
67,the,O
67,infection,CAUSE_OF_DEATH
67,.,O
67,Therefore,O
67,.,O
67,given,O
67,this,O
67,scenario,O
67,.,O
67,called,O
67,COVID,O
67,‐,O
67,19,NUMBER
67,.,O
67,Since,O
67,then,O
67,.,O
67,this,O
67,virus,O
67,has,O
67,crossed,O
67,Chinese,NATIONALITY
67,bor,O
67,‐,O
67,ders,O
67,and,O
67,caused,O
67,a,O
67,devastating,O
67,pandemic,O
67,.,O
67,of,O
67,knowledge,O
67,regarding,O
67,recommendations,O
67,on,O
67,care,O
67,challenging,O
67,health,O
67,services,O
67,and,O
67,the,O
67,soci,O
67,‐,O
67,ety,O
67,and,O
67,leading,O
67,provided,O
67,to,O
67,pregnant,O
67,women,O
67,dealing,O
67,with,O
67,the,O
67,novel,O
67,to,O
67,high,O
67,levels,O
67,of,O
67,mortality,O
67,that,O
67,varies,O
67,according,O
67,to,O
67,each,O
67,coun,O
67,‐,O
67,trys,O
67,epidemiological,O
67,and,O
67,social,O
67,characteristics,O
67,(,O
67,1,NUMBER
67,‐,O
67,4,NUMBER
67,),O
67,.,O
67,The,O
67,dis,O
67,‐,O
67,semination,O
67,of,O
67,this,O
67,disease,CAUSE_OF_DEATH
67,led,O
67,the,O
67,WHO,ORGANIZATION
67,to,O
67,declare,O
67,on,O
67,January,DATE
67,30th,ORDINAL
67,.,O
67,2020,DATE
67,a,O
67,Public,ORGANIZATION
67,Health,ORGANIZATION
67,Emergency,ORGANIZATION
67,of,ORGANIZATION
67,International,ORGANIZATION
67,Importance,ORGANIZATION
67,.,O
67,which,O
67,requires,O
67,actions,O
67,to,O
67,prevent,O
67,its,O
67,transmission,O
67,and,O
67,decrease,O
67,the,O
67,occurrence,O
67,the,O
67,main,O
67,concepts,O
67,that,O
67,ground,O
67,a,O
67,field,O
67,of,O
67,research,O
67,.,O
67,of,O
67,new,O
67,infections,CAUSE_OF_DEATH
67,.,O
67,Recommendations,O
67,include,O
67,the,O
67,early,O
67,Because,O
67,of,O
67,the,O
67,emergency,O
67,of,O
67,this,O
67,topic,O
67,and,O
67,the,O
67,low,O
67,detection,O
67,of,O
67,the,O
67,disease,CAUSE_OF_DEATH
67,.,O
67,social,O
67,isolation,O
67,for,O
67,the,O
67,entire,O
67,availability,O
67,of,O
67,scientific,O
67,evi,O
67,‐,O
67,dence,O
67,on,O
67,the,O
67,topic,O
67,.,O
67,the,O
67,choice,O
67,community,O
67,.,O
67,the,O
67,reporting,O
67,of,O
67,cases,O
67,.,O
67,and,O
67,to,O
67,investigate,O
67,for,O
67,this,O
67,methodology,O
67,is,O
67,justified,O
67,because,O
67,it,O
67,contemplates,O
67,and,O
67,properly,O
67,manage,O
67,cases,O
67,(,O
67,5,NUMBER
67,‐,O
67,6,NUMBER
67,),O
67,.,O
67,all,O
67,kinds,O
67,of,O
67,scien,O
67,‐,O
67,tific,O
67,literature,O
67,.,O
67,going,O
67,beyond,O
67,issues,O
67,It,O
67,is,O
67,known,O
67,that,O
67,the,O
67,main,O
67,routes,O
67,of,O
67,SARS,O
67,‐,O
67,COV,O
67,‐,O
67,2,NUMBER
67,concerning,O
67,the,O
67,effectiveness,O
67,of,O
67,an,O
67,interven,O
67,‐,O
67,tion,O
67,or,O
67,transmission,O
67,are,O
67,droplets,O
67,of,O
67,secretions,O
67,from,O
67,the,O
67,experi,O
67,‐,O
67,ence,O
67,with,O
67,treatments,O
67,or,O
67,care,O
67,.,O
67,Five,NUMBER
67,stages,O
67,were,O
67,respiratory,O
67,tract,O
67,of,O
67,symptomatic,O
67,or,O
67,asymptomatic,O
67,followed,O
67,in,O
67,this,O
67,study,O
67,.,O
67,as,O
67,listed,O
67,by,O
67,Arksey,PERSON
67,and,O
67,OMalley,O
67,.,O
67,individuals,O
67,who,O
67,carry,O
67,the,O
67,virus,O
67,.,O
67,and,O
67,con,O
67,‐,O
67,taminated,O
67,objects,O
67,.,O
67,There,O
67,is,O
67,evidence,O
67,that,O
67,this,O
67,pathogen,O
67,is,O
67,iden,O
67,‐,O
67,tification,O
67,of,O
67,relevant,O
67,studies,O
67,.,O
67,selection,O
67,of,O
67,studies,O
67,.,O
67,transmitted,O
67,through,O
67,feces,O
67,(,O
67,4,NUMBER
67,),O
67,.,O
67,There,O
67,has,O
67,been,O
67,much,O
67,mapping,O
67,of,O
67,information,O
67,.,O
67,and,O
67,grouping,O
67,.,O
67,summary,O
67,and,O
67,report,O
67,of,O
67,results,O
67,(,O
67,12,NUMBER
67,‐,O
67,13,NUMBER
67,),O
67,.,O
67,that,O
67,individuals,O
67,with,O
67,the,O
67,SARS,MISC
67,‐,MISC
67,COV,MISC
67,‐,O
67,2,NUMBER
67,virus,O
67,may,O
67,be,O
67,asymptomatic,O
67,.,O
67,When,O
67,symptomatic,O
67,.,O
67,people,O
67,tend,O
67,to,O
67,production,O
67,of,O
67,knowledge,O
67,regarding,O
67,recommendations,O
67,experience,O
67,:,O
67,fever,CAUSE_OF_DEATH
67,.,O
67,running,O
67,nose,O
67,.,O
67,nasal,O
67,congestion,O
67,.,O
67,for,O
67,providing,O
67,care,O
67,to,O
67,pregnant,O
67,women,O
67,dealing,O
67,with,O
67,dyspnea,O
67,.,O
67,malaise,O
67,.,O
67,loss,O
67,of,O
67,taste,O
67,.,O
67,and,O
67,even,O
67,more,O
67,the,O
67,novel,O
67,coronavirus,O
67,?,O
67,.,O
67,The,O
67,studies,O
67,included,O
67,in,O
67,this,O
67,are,O
67,most,O
67,common,O
67,.,O
67,and,O
67,even,O
67,lethal,O
67,.,O
67,among,O
67,elderly,O
67,strategy,O
67,PCC,ORGANIZATION
67,(,O
67,Population,O
67,.,O
67,Concept,O
67,.,O
67,and,O
67,Context,O
67,),O
67,.,O
67,as,O
67,individuals,O
67,.,O
67,immuno,O
67,‐,O
67,suppressed,O
67,individuals,O
67,.,O
67,women,O
67,during,O
67,pregnancy,O
67,and,O
67,post,O
67,‐,O
67,partum,O
67,.,O
67,and,O
67,those,O
67,with,O
67,women,O
67,.,O
67,the,O
67,concept,O
67,of,O
67,interest,O
67,was,O
67,COVID,O
67,‐,O
67,19,NUMBER
67,pan,O
67,‐,O
67,demic,O
67,There,O
67,is,O
67,a,O
67,gap,O
67,in,O
67,the,O
67,knowledge,O
67,concerning,O
67,the,O
67,implications,O
67,of,O
67,SARS,O
67,‐,O
67,COV,O
67,‐,O
67,2,NUMBER
67,during,O
67,pregnancy,O
67,.,O
67,Initially,O
67,.,O
67,the,O
67,number,O
67,of,O
67,preg,O
67,‐,O
67,nant,O
67,women,O
67,infected,O
67,was,O
67,and,O
67,SARS,O
67,‐,O
67,CoV,O
67,‐,O
67,2,NUMBER
67,virus,O
67,.,O
67,and,O
67,the,O
67,context,O
67,an,O
67,‐,O
67,alyzed,O
67,was,O
67,proportionally,O
67,smaller,O
67,than,O
67,the,O
67,population,O
67,in,O
67,general,TITLE
67,.,O
67,performed,O
67,in,O
67,the,O
67,databases,O
67,appropriate,O
67,for,O
67,the,O
67,topic,O
67,however,O
67,.,O
67,when,O
67,infected,O
67,.,O
67,these,O
67,women,O
67,became,O
67,more,O
67,under,O
67,study,O
67,:,O
67,Medical,O
67,Lit,O
67,‐,O
67,erature,O
67,Analysis,O
67,and,O
67,Retrieval,O
67,vulnerable,O
67,to,O
67,the,O
67,more,O
67,severe,O
67,man,O
67,‐,O
67,ifestations,O
67,of,O
67,the,O
67,Scopus,O
67,.,O
67,Cumulative,MISC
67,Index,MISC
67,to,O
67,Nursing,O
67,and,O
67,Allied,O
67,Health,O
67,In,O
67,this,O
67,sense,O
67,.,O
67,in,O
67,March,DATE
67,2020,DATE
67,.,O
67,the,O
67,Brazilian,NATIONALITY
67,Ministry,O
67,Lit,O
67,‐,O
67,erature,O
67,(,O
67,CINAHL,O
67,),O
67,.,O
67,Web,O
67,of,O
67,Science,O
67,(,O
67,WoS,O
67,),O
67,.,O
67,and,O
67,Latin,O
67,of,O
67,Health,O
67,in,O
67,‐,O
67,cluded,O
67,pregnant,O
67,women,O
67,as,O
67,a,O
67,risk,O
67,group,O
67,American,NATIONALITY
67,and,O
67,Caribbean,LOCATION
67,Cen,O
67,‐,O
67,ter,TITLE
67,on,O
67,Health,O
67,Sciences,O
67,for,O
67,COVID,O
67,‐,O
67,19,NUMBER
67,based,O
67,on,O
67,physiological,O
67,changes,O
67,that,O
67,Information,O
67,(,O
67,LILACS,O
67,),O
67,.,O
67,through,O
67,three,NUMBER
67,different,O
67,stages,O
67,:,O
67,take,O
67,place,O
67,during,O
67,pregnancy,O
67,.,O
67,which,O
67,tend,O
67,to,O
67,aggravate,O
67,1,NUMBER
67,),O
67,controlled,O
67,descriptors,O
67,appropriate,O
67,for,O
67,the,O
67,databases,O
67,infectious,O
67,conditions,O
67,due,O
67,to,O
67,the,O
67,low,O
67,tolerance,O
67,to,O
67,hypoxia,O
67,were,O
67,used,O
67,in,O
67,the,O
67,first,ORDINAL
67,search,O
67,(,O
67,Medical,O
67,Subject,O
67,observed,O
67,in,O
67,this,O
67,population,O
67,(,O
67,6.11,NUMBER
67,),O
67,.,O
67,The,O
67,decision,O
67,to,O
67,include,O
67,Headings,O
67,‐,O
67,MeSH,O
67,.,O
67,CINAHL,O
67,Headings,O
67,and,O
67,Health,O
67,pregnant,O
67,women,O
67,as,O
67,risk,O
67,group,O
67,took,O
67,into,O
67,account,O
67,prior,O
67,Sci,O
67,‐,O
67,ences,O
67,Descriptors,O
67,‐,O
67,DeCS,O
67,),O
67,;,O
67,2,NUMBER
67,),O
67,in,O
67,the,O
67,second,ORDINAL
67,stage,O
67,.,O
67,knowledge,O
67,re,O
67,‐,O
67,garding,O
67,other,O
67,viruses,O
67,and,O
67,even,O
67,respiratory,O
67,non,O
67,‐,O
67,controlled,O
67,de,O
67,‐,O
67,scriptors,O
67,were,O
67,used,O
67,in,O
67,all,O
67,databases,O
67,Mascarenhas,ORGANIZATION
67,VHA,ORGANIZATION
67,.,O
67,Caroci,O
67,‐,O
67,Becker,PERSON
67,A,O
67,.,O
67,Venncio,O
67,KCMP,O
67,.,O
67,Baraldi,PERSON
67,NG,PERSON
67,.,O
67,Durkin,PERSON
67,AC,O
67,.,O
67,Riesco,PERSON
67,MLG,O
67,.,O
67,and,O
67,repositories,O
67,to,O
67,broaden,O
67,the,O
67,search,O
67,and,O
67,use,O
67,terms,O
67,to,O
67,include,O
67,gray,O
67,literature,O
67,due,O
67,to,O
67,the,O
67,currency,O
67,of,O
67,the,O
67,that,O
67,were,O
67,specific,O
67,to,O
67,the,O
67,current,DATE
67,topic,O
67,;,O
67,3,NUMBER
67,),O
67,the,O
67,third,ORDINAL
67,topic,O
67,researched,O
67,.,O
67,stage,O
67,consisted,O
67,of,O
67,identifying,O
67,and,O
67,selecting,O
67,reference,O
67,lists,O
67,on,O
67,the,O
67,sources,O
67,used,O
67,.,O
67,Note,O
67,that,O
67,it,O
67,was,O
67,not,O
67,possible,O
67,The,O
67,search,O
67,strategy,O
67,used,O
67,in,O
67,the,O
67,different,O
67,databases,O
67,Search,O
67,Strategy,O
67,(,O
67,(,O
67,(,O
67,(,O
67,Pregnant,O
67,Women,O
67,OR,O
67,preg,O
67,‐,O
67,nan,O
67,*,O
67,),O
67,),O
67,),O
67,AND,O
67,(,O
67,(,O
67,COVID,O
67,‐,O
67,19,NUMBER
67,OR,O
67,severe,O
67,acute,O
67,respiratory,O
67,syndrome,O
67,coro,O
67,‐,O
67,navirus,O
67,2,NUMBER
67,OR,O
67,severe,O
67,acute,O
67,respiratory,O
67,syndrome,O
67,coronavirus,O
67,2,NUMBER
67,OR,STATE_OR_PROVINCE
67,2019,DATE
67,‐,O
67,nCoV,O
67,OR,O
67,SARS,O
67,‐,O
67,CoV,O
67,‐,O
67,2,NUMBER
67,OR,O
67,2019nCoV,NUMBER
67,OR,O
67,coronavirus,O
67,),O
67,),O
67,),O
67,AND,O
67,(,O
67,(,O
67,Preg,O
67,‐,O
67,nancy,O
67,OR,STATE_OR_PROVINCE
67,Gestation,O
67,.,O
67,Obstetric,O
67,OR,STATE_OR_PROVINCE
67,Maternal,O
67,‐,O
67,Fetal,O
67,Relations,O
67,),O
67,),O
67,),O
67,Sco,O
67,‐,O
67,pus,O
67,and,O
67,(,O
67,TITLE,O
67,‐,O
67,ABS,O
67,‐,O
67,KEY,O
67,(,O
67,(,O
67,Pregnant,O
67,Women,O
67,OR,O
67,pregnant,O
67,*,O
67,OR,O
67,Antenatal,O
67,Women,O
67,),O
67,),O
67,AND,O
67,TITLE,O
67,‐,O
67,ABS,O
67,‐,O
67,KEY,O
67,(,O
67,(,O
67,COVID,O
67,‐,O
67,19,NUMBER
67,OR,O
67,severe,O
67,acute,O
67,respiratory,O
67,syndrome,O
67,coronavirus,O
67,2,NUMBER
67,OR,O
67,severe,O
67,acute,O
67,respiratory,O
67,syndrome,O
67,coro,O
67,‐,O
67,navirus,O
67,2,NUMBER
67,OR,O
67,2019,DATE
67,‐,O
67,nCoV,O
67,OR,O
67,SARSCoV,O
67,‐,O
67,2,NUMBER
67,OR,O
67,2019nCoV,NUMBER
67,OR,O
67,coronavirus,O
67,),O
67,),O
67,AND,O
67,TITLE,O
67,‐,O
67,ABS,O
67,‐,O
67,KEY,O
67,(,O
67,(,O
67,pregnancy,O
67,OR,O
67,gestation,O
67,OR,STATE_OR_PROVINCE
67,Obstetric,O
67,OR,STATE_OR_PROVINCE
67,Mater,O
67,‐,O
67,nal,O
67,‐,O
67,Fetal,O
67,(,O
67,(,O
67,Expectant,O
67,Mothers,O
67,OR,O
67,Pregnant,O
67,Women,O
67,OR,O
67,Antenatal,O
67,Wom,O
67,‐,O
67,en,O
67,OR,STATE_OR_PROVINCE
67,Pregnan,O
67,*,O
67,),O
67,),O
67,AND,O
67,(,O
67,(,O
67,Coronavirus,O
67,OR,STATE_OR_PROVINCE
67,COVID,O
67,‐,O
67,19,NUMBER
67,OR,O
67,2019,DATE
67,‐,O
67,nCoV,O
67,OR,O
67,severe,O
67,acute,O
67,respiratory,O
67,syndrome,O
67,coronavirus,O
67,2,NUMBER
67,OR,O
67,severe,O
67,acute,O
67,respiratory,O
67,syndrome,O
67,coronavirus,O
67,2,NUMBER
67,),O
67,),O
67,),O
67,AND,O
67,(,O
67,(,O
67,pregnancy,O
67,or,O
67,pregnant,O
67,or,O
67,prenatal,O
67,or,O
67,antenatal,O
67,or,O
67,maternal,O
67,),O
67,),O
67,(,O
67,tw,O
67,:(,O
67,(,O
67,Pregnant,O
67,Women,O
67,OR,O
67,Pregnan,O
67,$,O
67,),O
67,),O
67,),O
67,AND,O
67,(,O
67,tw,O
67,:(,O
67,(,O
67,Coronavirus,O
67,Infections,CAUSE_OF_DEATH
67,or,O
67,Coronavirus,O
67,OR,STATE_OR_PROVINCE
67,Middle,O
67,East,O
67,Respiratory,O
67,Syndrome,O
67,Coronavirus,O
67,OR,STATE_OR_PROVINCE
67,COVID,O
67,‐,O
67,19,NUMBER
67,),O
67,),O
67,),O
67,AND,O
67,(,O
67,tw,O
67,:(,O
67,(,O
67,Pregnancy,ORGANIZATION
67,OR,ORGANIZATION
67,Labor,ORGANIZATION
67,.,O
67,Obstetric,O
67,),O
67,),O
67,),O
67,Inclusion,O
67,criteria,O
67,were,O
67,studies,O
67,with,O
67,a,O
67,wide,O
67,range,O
67,discussed,O
67,in,O
67,the,O
67,form,O
67,of,O
67,a,O
67,narrative,O
67,.,O
67,based,O
67,on,O
67,the,O
67,classification,O
67,of,O
67,conceptual,O
67,categories,O
67,.,O
67,The,O
67,PRISMA,O
67,checklist,O
67,was,O
67,adopted,O
67,to,O
67,ensure,O
67,the,O
67,addressing,O
67,the,O
67,novel,O
67,coron,O
67,‐,O
67,avirus,O
67,that,O
67,causes,O
67,COVID,O
67,‐,O
67,19,NUMBER
67,quality,O
67,of,O
67,this,O
67,study,O
67,as,O
67,it,O
67,ensures,O
67,the,O
67,parts,O
67,composing,O
67,in,O
67,the,O
67,context,O
67,of,O
67,pregnancy,O
67,and,O
67,outcomes,O
67,in,O
67,maternal,O
67,‐,O
67,child,O
67,health,O
67,.,O
67,Papers,O
67,that,O
67,did,O
67,not,O
67,meet,O
67,the,O
67,studys,O
67,ob,O
67,‐,O
67,jectives,O
67,or,O
67,did,O
67,not,O
67,provide,O
67,pertinent,O
67,information,O
67,were,O
67,used,O
67,to,O
67,properly,O
67,store,O
67,and,O
67,organize,O
67,the,O
67,references,O
67,obtained,O
67,in,O
67,the,O
67,search,O
67,.,O
67,It,O
67,allows,O
67,for,O
67,more,O
67,than,O
67,one,NUMBER
67,researcher,TITLE
67,to,O
67,automatically,O
67,access,O
67,the,O
67,references,O
67,.,O
67,which,O
67,is,O
67,an,O
67,important,O
67,resource,O
67,during,O
67,the,O
67,study,O
67,selection,O
67,Regarding,O
67,the,O
67,selection,O
67,and,O
67,inclusion,O
67,of,O
67,papers,O
67,.,O
67,(,O
67,PRISMA,O
67,‐,O
67,ScR,O
67,),O
67,was,O
67,used,O
67,.,O
67,which,O
67,is,O
67,ideal,O
67,to,O
67,describe,O
67,in,O
67,detail,O
67,the,O
67,decision,O
67,process,O
67,of,O
67,research,O
67,considering,O
67,of,O
67,536,NUMBER
67,studies,O
67,were,O
67,po,O
67,‐,O
67,tentially,O
67,eligible,O
67,(,O
67,MEDLINE,ORGANIZATION
67,/,O
67,search,O
67,results,O
67,and,O
67,verified,O
67,the,O
67,rel,O
67,‐,O
67,evance,O
67,of,O
67,the,O
67,studies,O
67,PubMed,O
67,=,O
67,188,NUMBER
67,;,O
67,Scopus,ORGANIZATION
67,=,O
67,262,NUMBER
67,;,O
67,WoS,O
67,=,O
67,55,NUMBER
67,;,O
67,CINAHL,ORGANIZATION
67,=,O
67,29,NUMBER
67,;,O
67,identified,O
67,.,O
67,Disagreements,O
67,regarding,O
67,the,O
67,inclusion,O
67,of,O
67,LILACS,O
67,=,O
67,2,NUMBER
67,),O
67,.,O
67,Of,O
67,these,O
67,.,O
67,168,NUMBER
67,studies,O
67,were,O
67,excluded,O
67,because,O
67,they,O
67,were,O
67,duplicates,O
67,.,O
67,as,O
67,detected,O
67,by,O
67,Endnote,O
67,Web,O
67,.,O
67,Thus,O
67,.,O
67,368,NUMBER
67,studies,O
67,were,O
67,selected,O
67,for,O
67,the,O
67,stage,O
67,studies,O
67,was,O
67,not,O
67,assessed,O
67,.,O
67,as,O
67,this,O
67,aspect,O
67,is,O
67,not,O
67,were,O
67,eligible,O
67,.,O
67,Thirteen,NUMBER
67,of,O
67,these,O
67,were,O
67,excluded,O
67,either,O
67,because,O
67,their,O
67,full,O
67,texts,O
67,were,O
67,not,O
67,available,O
67,or,O
67,were,O
67,data,O
67,were,O
67,collected,O
67,using,O
67,a,O
67,form,O
67,recommended,O
67,incongruent,O
67,with,O
67,this,O
67,studys,O
67,objectives,O
67,.,O
67,Thus,O
67,.,O
67,the,O
67,by,O
67,JBI,ORGANIZATION
67,.,O
67,which,O
67,is,O
67,intended,O
67,to,O
67,facilitate,O
67,the,O
67,synthesis,O
67,of,O
67,in,O
67,‐,O
67,formation,O
67,and,O
67,quality,O
67,of,O
67,recommendations,O
67,of,O
67,which,O
67,were,O
67,read,O
67,and,O
67,analyzed,O
67,by,O
67,two,NUMBER
67,researchers,O
67,Data,O
67,were,O
67,collected,O
67,using,O
67,an,O
67,instru,O
67,‐,O
67,ment,O
67,that,O
67,was,O
67,adapted,O
67,from,O
67,this,O
67,form,O
67,to,O
67,map,O
67,information,O
67,.,O
67,This,O
67,Most,O
67,of,O
67,the,O
67,papers,O
67,were,O
67,written,O
67,by,O
67,Chinese,NATIONALITY
67,instrument,O
67,addresses,O
67,:,O
67,publication,O
67,information,O
67,(,O
67,year,DURATION
67,.,O
67,England,COUNTRY
67,(,O
67,n,O
67,=,O
67,4,NUMBER
67,),O
67,.,O
67,United,COUNTRY
67,States,COUNTRY
67,of,O
67,America,COUNTRY
67,(,O
67,USA,COUNTRY
67,),O
67,(,O
67,n,O
67,=,O
67,4,NUMBER
67,),O
67,.,O
67,methodological,O
67,characteristics,O
67,(,O
67,characteris,O
67,‐,O
67,tics,O
67,of,O
67,the,O
67,and,O
67,Singapore,COUNTRY
67,(,O
67,n,O
67,=,O
67,2,NUMBER
67,),O
67,.,O
67,study,O
67,population,O
67,),O
67,;,O
67,main,O
67,results,O
67,(,O
67,outcome,O
67,measures,O
67,and,O
67,main,O
67,findings,O
67,or,O
67,contributions,O
67,),O
67,;,O
67,context,O
67,(,O
67,care,O
67,setting,O
67,and,O
67,relevant,O
67,cultural,O
67,and,O
67,social,O
67,factors,O
67,),O
67,(,O
67,12.13,NUMBER
67,),O
67,.,O
67,not,O
67,limited,O
67,to,O
67,those,O
67,specifically,O
67,from,O
67,the,O
67,fields,O
67,of,O
67,Rev.,TITLE
67,Latino,O
67,‐,O
67,Am,O
67,.,O
67,Enfermagem,O
67,2020,DATE
67,;,O
67,28,NUMBER
67,:,O
67,e3348,O
67,.,O
67,obstetrics,O
67,and,O
67,gynecology,O
67,.,O
67,but,O
67,al,O
67,‐,O
67,so,O
67,included,O
67,the,O
67,fields,O
67,three,NUMBER
67,were,O
67,case,O
67,studies,O
67,.,O
67,and,O
67,two,NUMBER
67,were,O
67,ex,O
67,‐,O
67,perience,O
67,immunology,O
67,.,O
67,pathology,O
67,.,O
67,radiology,O
67,.,O
67,and,O
67,pediatrics,O
67,.,O
67,The,O
67,studies,O
67,specific,O
67,characteristics,O
67,are,O
67,presented,O
67,in,O
67,detail,O
67,from,O
67,the,O
67,results,O
67,obtained,O
67,from,O
67,the,O
67,studies,O
67,analyzed,O
67,:,O
67,clinical,O
67,manifesta,O
67,‐,O
67,tions,O
67,.,O
67,diagnosis,O
67,.,O
67,treatment,O
67,.,O
67,working,O
67,Regarding,O
67,the,O
67,papers,O
67,method,O
67,‐,O
67,ological,O
67,designs,O
67,.,O
67,pregnant,O
67,women,O
67,.,O
67,vaccine,O
67,development,O
67,.,O
67,pregnancy,O
67,there,O
67,were,O
67,empirical,O
67,studies,O
67,(,O
67,n,O
67,=,O
67,12,NUMBER
67,),O
67,and,O
67,theoretical,O
67,complica,O
67,‐,O
67,tions,O
67,.,O
67,prenatal,O
67,care,O
67,.,O
67,vertical,O
67,transmission,O
67,.,O
67,and,O
67,studies,O
67,(,O
67,n,O
67,=,O
67,12,NUMBER
67,),O
67,.,O
67,Eight,NUMBER
67,were,O
67,retrospective,O
67,descriptive,O
67,make,O
67,recommendations,O
67,objec,O
67,‐,O
67,tive,O
67,and,O
67,facilitate,O
67,access,O
67,to,O
67,the,O
67,main,O
67,information,O
67,.,O
67,Records,O
67,identified,O
67,through,O
67,database,O
67,searching,O
67,Additional,O
67,records,O
67,identi,O
67,‐,O
67,fied,O
67,through,O
67,other,O
67,sources,O
67,Duplicates,O
67,removed,O
67,Records,O
67,screened,O
67,for,O
67,eligibility,O
67,Records,O
67,excluded,O
67,with,O
67,reasons,O
67,Studies,O
67,included,O
67,in,O
67,qualitative,O
67,synthesis,O
67,Mascarenhas,ORGANIZATION
67,VHA,ORGANIZATION
67,.,O
67,Caroci,O
67,‐,O
67,Becker,O
67,A,O
67,.,O
67,Venncio,PERSON
67,KCMP,ORGANIZATION
67,.,O
67,Baraldi,PERSON
67,NG,PERSON
67,.,O
67,Durkin,PERSON
67,AC,O
67,.,O
67,Riesco,PERSON
67,MLG,O
67,.,O
67,Papers,O
67,title,O
67,Country,O
67,of,O
67,Coronavirus,O
67,disease,CAUSE_OF_DEATH
67,2019,DATE
67,(,O
67,COVID,O
67,‐,O
67,19,NUMBER
67,),O
67,and,O
67,pregnancy,O
67,:,O
67,what,O
67,obstetri,O
67,‐,O
67,cians,O
67,need,O
67,to,O
67,know,O
67,Coronavirus,O
67,disease,CAUSE_OF_DEATH
67,2019,DATE
67,(,O
67,COVID,O
67,‐,O
67,19,NUMBER
67,),O
67,pandemic,O
67,and,O
67,Clinical,O
67,manifestations,O
67,and,O
67,outcome,O
67,of,O
67,SARS,O
67,‐,O
67,CoV,O
67,‐,O
67,2,NUMBER
67,infection,CAUSE_OF_DEATH
67,during,O
67,pregnancy,O
67,A,O
67,patient,O
67,with,O
67,SARS,O
67,‐,O
67,CoV,O
67,‐,O
67,2,NUMBER
67,infection,CAUSE_OF_DEATH
67,during,O
67,preg,O
67,‐,O
67,nancy,O
67,in,O
67,Qingdao,CITY
67,.,O
67,China,COUNTRY
67,Clinical,O
67,features,O
67,and,O
67,obstetric,O
67,and,O
67,neonatal,O
67,outcomes,O
67,of,O
67,pregnant,O
67,patients,O
67,with,O
67,COVID,O
67,‐,O
67,19,NUMBER
67,in,O
67,Wuhan,CITY
67,.,O
67,China,COUNTRY
67,:,O
67,a,O
67,retrospective,O
67,.,O
67,single,O
67,‐,O
67,center,O
67,.,O
67,descriptive,O
67,study,O
67,Lancet,O
67,Infectious,O
67,Diseases,CAUSE_OF_DEATH
67,Expert,O
67,consensus,O
67,for,O
67,managing,O
67,pregnant,O
67,women,O
67,and,O
67,neonates,O
67,born,O
67,to,O
67,mothers,O
67,with,O
67,suspected,O
67,or,O
67,confirmed,O
67,novel,O
67,coronavirus,O
67,(,O
67,COVID,O
67,‐,O
67,19,NUMBER
67,),O
67,infection,CAUSE_OF_DEATH
67,Maternal,O
67,health,O
67,care,O
67,management,O
67,during,O
67,the,O
67,outbreak,O
67,of,O
67,coronavirus,O
67,disease,CAUSE_OF_DEATH
67,2019,DATE
67,(,O
67,COVID,O
67,‐,O
67,19,NUMBER
67,),O
67,Clini,O
67,‐,O
67,cal,O
67,analysis,O
67,of,O
67,pregnant,O
67,women,O
67,with,O
67,2019,DATE
67,novel,O
67,coronavirus,O
67,pneu,O
67,‐,O
67,monia,O
67,Ultrasound,O
67,in,O
67,Obstetrics,O
67,&,O
67,Gynecology,O
67,Experience,O
67,of,O
67,clini,O
67,‐,O
67,cal,O
67,management,O
67,for,O
67,pregnant,O
67,women,O
67,and,O
67,newborns,O
67,with,O
67,novel,O
67,coron,O
67,‐,O
67,avirus,O
67,pneumonia,CAUSE_OF_DEATH
67,in,O
67,Tongji,ORGANIZATION
67,Hospital,ORGANIZATION
67,.,O
67,China,COUNTRY
67,Current,DATE
67,Medical,O
67,Sci,O
67,‐,O
67,ence,O
67,Safe,O
67,delivery,O
67,for,O
67,COVID,O
67,‐,O
67,19,NUMBER
67,infected,O
67,pregnancies,O
67,Pregnancy,O
67,and,O
67,perinatal,O
67,outcomes,O
67,of,O
67,women,O
67,with,O
67,coronavirus,O
67,disease,CAUSE_OF_DEATH
67,(,O
67,COVID,O
67,‐,O
67,19,NUMBER
67,),O
67,pneumonia,CAUSE_OF_DEATH
67,:,O
67,a,O
67,preliminary,O
67,Novel,O
67,corona,O
67,virus,O
67,disease,CAUSE_OF_DEATH
67,(,O
67,COVID,O
67,‐,O
67,19,NUMBER
67,),O
67,in,O
67,pregnancy,O
67,:,O
67,what,O
67,clinical,O
67,recommendations,O
67,to,O
67,follow,O
67,?,O
67,Acta,PERSON
67,Obstetrica,PERSON
67,et,O
67,Gynecologica,O
67,An,O
67,analysis,O
67,of,O
67,38,NUMBER
67,pregnant,O
67,women,O
67,with,O
67,2,NUMBER
67,COVID,O
67,‐,O
67,19,NUMBER
67,.,O
67,their,O
67,newborn,O
67,infants,O
67,.,O
67,and,O
67,maternal,O
67,‐,O
67,fetal,O
67,trans,O
67,‐,O
67,mission,O
67,of,O
67,SARSCoV,O
67,‐,O
67,2,NUMBER
67,:,O
67,maternal,O
67,coronavirus,O
67,infections,CAUSE_OF_DEATH
67,and,O
67,preg,O
67,‐,O
67,nancy,ORGANIZATION
67,Archives,ORGANIZATION
67,of,ORGANIZATION
67,Pathology,ORGANIZATION
67,&,ORGANIZATION
67,Laboratory,ORGANIZATION
67,COVID,O
67,‐,O
67,19,NUMBER
67,:,O
67,doctors,O
67,in,O
67,fi,O
67,‐,O
67,nal,O
67,trimester,O
67,of,O
67,pregnancy,O
67,should,O
67,avoid,O
67,direct,O
67,patient,O
67,contact,O
67,Impact,O
67,of,O
67,COVID,O
67,‐,O
67,19,NUMBER
67,infection,CAUSE_OF_DEATH
67,on,O
67,pregnancy,O
67,outcomes,O
67,and,O
67,the,O
67,risk,O
67,of,O
67,maternal,O
67,‐,O
67,to,O
67,‐,O
67,neonatal,O
67,intrapartum,O
67,transmission,O
67,of,O
67,COVID,O
67,‐,O
67,19,NUMBER
67,dur,O
67,‐,O
67,ing,O
67,natural,O
67,birth,O
67,Infection,ORGANIZATION
67,Control,ORGANIZATION
67,&,ORGANIZATION
67,Hospital,ORGANIZATION
67,Epidemiology,ORGANIZATION
67,Clin,ORGANIZATION
67,‐,O
67,ical,O
67,and,O
67,CT,STATE_OR_PROVINCE
67,imaging,O
67,features,O
67,of,O
67,the,O
67,COVID,O
67,‐,O
67,19,NUMBER
67,pneumonia,CAUSE_OF_DEATH
67,:,O
67,focus,O
67,on,O
67,pregnant,O
67,women,O
67,and,O
67,children,O
67,Risks,O
67,of,O
67,novel,O
67,coronavirus,O
67,disease,CAUSE_OF_DEATH
67,(,O
67,COVID,O
67,‐,O
67,19,NUMBER
67,),O
67,in,O
67,Archives,O
67,of,O
67,Academic,O
67,Emergency,O
67,Clinical,O
67,character,O
67,‐,O
67,istics,O
67,and,O
67,intrauterine,O
67,vertical,O
67,transmission,O
67,potential,O
67,of,O
67,COVID,O
67,‐,O
67,19,NUMBER
67,infection,CAUSE_OF_DEATH
67,in,O
67,nine,NUMBER
67,Novel,O
67,coronavirus,O
67,infection,CAUSE_OF_DEATH
67,and,O
67,preg,O
67,‐,O
67,nancy,O
67,Ultrasound,O
67,in,O
67,Obstetrics,O
67,&,O
67,Gynecology,O
67,Potential,O
67,maternal,O
67,and,O
67,infant,O
67,outcomes,O
67,from,O
67,(,O
67,Wuhan,CITY
67,),O
67,Coronavirus,O
67,2019,DATE
67,‐,O
67,nCoV,O
67,infecting,O
67,pregnant,O
67,women,O
67,:,O
67,lessons,O
67,from,O
67,SARS,O
67,.,O
67,MERS,O
67,.,O
67,and,O
67,other,O
67,human,O
67,coron,O
67,‐,O
67,avirus,O
67,Outcome,O
67,of,O
67,coronavirus,O
67,spectrum,O
67,infections,CAUSE_OF_DEATH
67,(,O
67,SARS,O
67,.,O
67,and,O
67,meta,O
67,‐,O
67,analysis,O
67,Gynecology,O
67,MFM,O
67,From,O
67,the,O
67,frontline,O
67,of,O
67,COVID,O
67,‐,O
67,19,NUMBER
67,:,O
67,how,O
67,prepared,O
67,are,O
67,we,O
67,as,O
67,obstetricians,O
67,:,O
67,a,O
67,commentary,O
67,Why,O
67,are,O
67,pregnant,O
67,women,O
67,susceptible,O
67,to,O
67,COVID,O
67,‐,O
67,19,NUMBER
67,?,O
67,An,O
67,immunological,O
67,viewpoint,O
67,Norway,COUNTRY
67,.,O
67,Sweden,COUNTRY
67,.,O
67,and,O
67,China,COUNTRY
67,Italy,COUNTRY
67,.,O
67,England,COUNTRY
67,.,O
67,Russia,COUNTRY
67,.,O
67,and,O
67,USA,COUNTRY
67,China,COUNTRY
67,and,O
67,USA,COUNTRY
67,SP,O
67,.,O
67,Brazil,COUNTRY
67,.,O
67,2020,DATE
67,Rev.,TITLE
67,Latino,O
67,‐,O
67,Am,O
67,.,O
67,Enfermagem,O
67,2020,DATE
67,;,O
67,28,NUMBER
67,:,O
67,e3348,O
67,.,O
67,CLIN,O
67,‐,O
67,ICAL,O
67,MANIFESTATIONS,O
67,:,O
67,the,O
67,pregnant,O
67,womens,O
67,clinical,O
67,aspects,O
67,are,O
67,similar,O
67,to,O
67,those,O
67,of,O
67,the,O
67,general,TITLE
67,population,O
67,DIAGNOSIS,O
67,(,O
67,guide,TITLE
67,preg,O
67,‐,O
67,nant,O
67,women,O
67,regarding,O
67,the,O
67,COVID,O
67,‐,O
67,19,NUMBER
67,signs,O
67,and,O
67,symptoms,O
67,and,O
67,make,O
67,an,O
67,initial,O
67,assessment,O
67,through,O
67,telephone,O
67,),O
67,Signs,O
67,and,O
67,symptoms,O
67,of,O
67,res,O
67,‐,O
67,piratory,O
67,infection,CAUSE_OF_DEATH
67,:,O
67,‐,O
67,Most,O
67,frequent,O
67,:,O
67,fever,CAUSE_OF_DEATH
67,.,O
67,dry,O
67,cough,O
67,.,O
67,loss,O
67,of,O
67,taste,O
67,and,O
67,‐,O
67,Less,O
67,frequent,O
67,:,O
67,diarrhea,O
67,episodes,O
67,.,O
67,fatigue,O
67,.,O
67,sore,O
67,throat,O
67,.,O
67,‐,O
67,Rare,O
67,:,O
67,nasal,O
67,congestion,O
67,.,O
67,runny,O
67,nose,O
67,.,O
67,and,O
67,hemoptysis,O
67,.,O
67,Laboratory,O
67,and,O
67,imaging,O
67,exams,O
67,:,O
67,‐,O
67,Polymerase,O
67,chain,O
67,reaction,O
67,with,O
67,reverse,O
67,transcriptase,O
67,(,O
67,RT,O
67,PCR,O
67,),O
67,;,O
67,‐,O
67,Molecular,O
67,panel,O
67,of,O
67,respiratory,O
67,viruses,O
67,;,O
67,‐,O
67,Blood,O
67,count,TITLE
67,;,O
67,‐,O
67,Blood,O
67,culture,O
67,;,O
67,‐,O
67,C,O
67,‐,O
67,reactive,O
67,protein,O
67,‐,O
67,Liver,O
67,function,O
67,tests,O
67,‐,O
67,Imaging,O
67,exams,O
67,.,O
67,Recent,O
67,mobility,O
67,history,O
67,:,O
67,‐,O
67,Frequently,O
67,ask,O
67,the,O
67,history,O
67,of,O
67,travels,O
67,and,O
67,mobility,O
67,of,O
67,pregnant,O
67,women,O
67,(,O
67,recommend,O
67,isolation,O
67,and,O
67,investigation,O
67,),O
67,;,O
67,‐,O
67,Isolation,O
67,may,O
67,lead,O
67,to,O
67,anxiety,O
67,and,O
67,depression,O
67,.,O
67,thus,O
67,psychological,O
67,support,O
67,is,O
67,recommended,O
67,.,O
67,TREATMENT,O
67,:,O
67,there,O
67,is,O
67,no,O
67,official,O
67,protocol,O
67,to,O
67,be,O
67,fol,O
67,‐,O
67,lowed,O
67,with,O
67,a,O
67,definitive,O
67,treatment,O
67,for,O
67,COVID,O
67,‐,O
67,19,NUMBER
67,.,O
67,however,O
67,.,O
67,care,O
67,converges,O
67,to,O
67,the,O
67,following,O
67,pillars,O
67,:,O
67,1,NUMBER
67,‐,O
67,Admit,O
67,the,O
67,patient,O
67,to,O
67,an,O
67,isolation,O
67,2,NUMBER
67,‐,O
67,Provide,O
67,supportive,O
67,care,O
67,3,NUMBER
67,‐,O
67,Assess,O
67,the,O
67,results,O
67,of,O
67,4,NUMBER
67,‐,O
67,Closely,O
67,monitor,O
67,vital,O
67,signs,O
67,and,O
67,hemodynamic,O
67,stability,O
67,5,NUMBER
67,‐,O
67,Monitor,O
67,obstetrical,O
67,Antiviral,O
67,therapy,O
67,:,O
67,use,O
67,of,O
67,retroviral,O
67,agents,O
67,.,O
67,little,O
67,scientific,O
67,evidence,O
67,.,O
67,‐,O
67,Remdesivir,O
67,:,O
67,acts,O
67,on,O
67,viral,O
67,nucleotides,O
67,in,O
67,‐,O
67,hibiting,O
67,their,O
67,replication,O
67,and,O
67,has,O
67,shown,O
67,to,O
67,be,O
67,effective,O
67,when,O
67,used,O
67,in,O
67,SARS,O
67,‐,O
67,COV,O
67,‐,O
67,2,NUMBER
67,in,O
67,vitro,O
67,;,O
67,‐,O
67,Lopinavir,O
67,‐,O
67,ritonavir,O
67,:,O
67,viral,O
67,pro,O
67,‐,O
67,tease,O
67,inhibitor,O
67,drug,O
67,that,O
67,has,O
67,been,O
67,chosen,O
67,as,O
67,a,O
67,drug,O
67,regimen,O
67,be,O
67,‐,O
67,cause,O
67,it,O
67,is,O
67,relatively,O
67,safe,O
67,during,O
67,pregnancy,O
67,;,O
67,‐,O
67,Interferon,O
67,‐,O
67,al,O
67,‐,O
67,pha,O
67,‐,O
67,2a,O
67,:,O
67,inhibits,O
67,viral,O
67,replication,O
67,and,O
67,stimulates,O
67,the,O
67,bodys,O
67,im,O
67,‐,O
67,mune,O
67,response,O
67,.,O
67,Its,O
67,use,O
67,in,O
67,early,O
67,pregnancy,O
67,can,O
67,affect,O
67,fetal,O
67,growth,O
67,and,O
67,‐,O
67,Chloroquine,O
67,phosphate,O
67,:,O
67,antimalarial,O
67,with,O
67,antiviral,O
67,activity,O
67,.,O
67,which,O
67,interrupts,O
67,the,O
67,reception,O
67,of,O
67,the,O
67,virus,O
67,by,O
67,cells,O
67,and,O
67,their,O
67,chain,O
67,of,O
67,transmission,O
67,.,O
67,In,O
67,pregnant,O
67,women,O
67,.,O
67,a,O
67,higher,O
67,dose,O
67,is,O
67,re,O
67,‐,O
67,quired,O
67,.,O
67,but,O
67,systolic,O
67,hypotension,O
67,was,O
67,identified,O
67,as,O
67,a,O
67,side,O
67,effect,O
67,.,O
67,Contraindicated,O
67,for,O
67,pregnant,O
67,women,O
67,:,O
67,even,O
67,though,O
67,promising,O
67,in,O
67,the,O
67,treatment,O
67,of,O
67,COVID,O
67,‐,O
67,19,NUMBER
67,‐,O
67,Ribavirin,O
67,:,O
67,antiviral,O
67,with,O
67,a,O
67,teratogenici,O
67,‐,O
67,ty,O
67,effect,O
67,that,O
67,induces,O
67,embryonic,O
67,lethality,O
67,or,O
67,craniofacial,O
67,and,O
67,embryonic,O
67,limb,O
67,deformities,O
67,;,O
67,‐,O
67,Baricitinib,O
67,:,O
67,animal,O
67,studies,O
67,have,O
67,shown,O
67,potential,O
67,embryotoxicity,O
67,.,O
67,Antibiotic,O
67,therapy,O
67,:,O
67,part,O
67,of,O
67,the,O
67,treatment,O
67,plan,O
67,of,O
67,most,O
67,individuals,O
67,infected,O
67,by,O
67,SARS,O
67,‐,O
67,CoV,O
67,‐,O
67,2,NUMBER
67,.,O
67,due,O
67,to,O
67,extensive,O
67,lung,O
67,damage,O
67,caused,O
67,by,O
67,the,O
67,virus,O
67,.,O
67,When,O
67,starting,O
67,the,O
67,an,O
67,‐,O
67,tibiotic,O
67,therapy,O
67,is,O
67,a,O
67,controversial,O
67,topic,O
67,as,O
67,opinions,O
67,diverge,O
67,.,O
67,Corticosteroids,O
67,:,O
67,have,O
67,been,O
67,contraindicated,O
67,because,O
67,by,O
67,delaying,O
67,infection,CAUSE_OF_DEATH
67,control,O
67,.,O
67,it,O
67,worsens,O
67,ones,O
67,respiratory,O
67,condition,O
67,and,O
67,is,O
67,associated,O
67,with,O
67,poor,O
67,neonatal,O
67,outcomes,O
67,.,O
67,‐,O
67,methylprednisolone,O
67,:,O
67,in,O
67,the,O
67,short,O
67,term,O
67,for,O
67,severe,O
67,dyspnea,O
67,and,O
67,hypoxemia,O
67,.,O
67,Avoid,O
67,in,O
67,preg,O
67,‐,O
67,nant,O
67,women,O
67,for,O
67,additional,O
67,assessments,O
67,.,O
67,Have,O
67,been,O
67,used,O
67,only,O
67,in,O
67,the,O
67,postoperative,O
67,of,O
67,C,O
67,‐,O
67,sections,O
67,;,O
67,‐,O
67,betamethasone,O
67,:,O
67,recommended,O
67,in,O
67,cas,O
67,‐,O
67,es,O
67,of,O
67,premature,O
67,births,O
67,or,O
67,when,O
67,there,O
67,is,O
67,a,O
67,need,O
67,to,O
67,resolve,O
67,a,O
67,preg,O
67,‐,O
67,nancy,O
67,in,O
67,advance,O
67,.,O
67,WORKING,O
67,PREGNANT,O
67,WOMEN,O
67,‐,O
67,More,O
67,flexible,O
67,working,O
67,opportunities,O
67,;,O
67,‐,O
67,Decrease,O
67,physical,O
67,contact,O
67,:,O
67,telephones,O
67,.,O
67,videocon,O
67,‐,O
67,ference,O
67,.,O
67,and,O
67,administrative,O
67,activities,O
67,to,O
67,avoid,O
67,direct,O
67,interper,O
67,‐,O
67,sonal,O
67,contact,O
67,;,O
67,‐,O
67,Pregnant,O
67,women,O
67,with,O
67,gestational,O
67,age,O
67,greater,O
67,than,O
67,28,DURATION
67,weeks,DURATION
67,or,O
67,with,O
67,risk,O
67,factors,O
67,/,O
67,underlying,O
67,comorbidities,O
67,should,O
67,consider,O
67,leaving,O
67,the,O
67,workplace,O
67,and,O
67,staying,O
67,at,O
67,home,O
67,.,O
67,VACCINE,O
67,DE,STATE_OR_PROVINCE
67,‐,O
67,VELOPMENT,O
67,:,O
67,there,O
67,are,O
67,no,O
67,vaccines,O
67,to,O
67,prevent,O
67,the,O
67,infection,CAUSE_OF_DEATH
67,by,O
67,SARS,O
67,‐,O
67,CoV,O
67,‐,O
67,2,NUMBER
67,‐,O
67,The,O
67,early,O
67,use,O
67,of,O
67,intravenous,O
67,immunoglobulin,O
67,.,O
67,includ,O
67,‐,O
67,ing,O
67,gamma,O
67,globulin,O
67,.,O
67,has,O
67,shown,O
67,to,O
67,be,O
67,very,O
67,promising,O
67,in,O
67,reducing,O
67,severe,O
67,forms,O
67,of,O
67,the,O
67,disease,CAUSE_OF_DEATH
67,in,O
67,COMPLICATIONS,CAUSE_OF_DEATH
67,DURING,O
67,PREGNANCY,O
67,:,O
67,part,O
67,of,O
67,COVID,O
67,‐,O
67,19,NUMBER
67,cases,O
67,during,O
67,pregnancy,O
67,developed,O
67,to,O
67,negative,O
67,outcomes,O
67,‐,O
67,Spontaneous,O
67,abortion,O
67,;,O
67,‐,O
67,Premature,O
67,rupture,O
67,of,O
67,mem,O
67,‐,O
67,branes,O
67,;,O
67,‐,O
67,Restricted,O
67,intrauterine,O
67,growth,O
67,;,O
67,‐,O
67,Fetal,O
67,distress,O
67,;,O
67,‐,O
67,Premature,O
67,labor,O
67,/,O
67,birth,O
67,PRENATAL,O
67,CARE,O
67,‐,O
67,Recommend,O
67,social,O
67,isolation,O
67,.,O
67,rest,O
67,and,O
67,sleep,O
67,.,O
67,nutrition,O
67,and,O
67,hydration,O
67,;,O
67,‐,O
67,Provide,O
67,individualized,O
67,care,O
67,and,O
67,emotional,O
67,support,O
67,;,O
67,‐,O
67,Provide,O
67,a,O
67,multidisciplinary,O
67,team,O
67,;,O
67,‐,O
67,Early,O
67,diagnosis,O
67,of,O
67,pregnancy,O
67,and,O
67,COVID,O
67,‐,O
67,19,NUMBER
67,;,O
67,‐,O
67,Recommend,O
67,the,O
67,use,O
67,of,O
67,telemedicine,O
67,videoconference,O
67,platforms,O
67,as,O
67,well,O
67,as,O
67,technological,O
67,resources,O
67,to,O
67,clarify,O
67,doubts,O
67,and,O
67,screen,O
67,for,O
67,signs,O
67,and,O
67,‐,O
67,Health,O
67,workers,O
67,providing,O
67,face,O
67,‐,O
67,to,O
67,‐,O
67,face,O
67,consultations,O
67,should,O
67,pay,O
67,attention,O
67,to,O
67,fetal,O
67,vitality,O
67,.,O
67,movement,O
67,.,O
67,and,O
67,heart,O
67,rate,O
67,.,O
67,especially,O
67,in,O
67,the,O
67,third,ORDINAL
67,trimester,O
67,of,O
67,pregnancy,O
67,with,O
67,increased,O
67,maternal,O
67,anxiety,O
67,;,O
67,‐,O
67,Heart,O
67,rate,O
67,monitoring,O
67,and,O
67,ultrasounds,O
67,are,O
67,essential,O
67,for,O
67,assessing,O
67,fetal,O
67,wellbeing,O
67,;,O
67,‐,O
67,Health,O
67,workers,O
67,can,O
67,assess,O
67,some,O
67,parameters,O
67,re,O
67,‐,O
67,motely,O
67,such,O
67,as,O
67,measurement,O
67,of,O
67,uterine,O
67,height,O
67,.,O
67,waist,O
67,circumfer,O
67,‐,O
67,ence,O
67,.,O
67,weight,O
67,.,O
67,fetal,O
67,movement,O
67,.,O
67,and,O
67,blood,O
67,pressure,O
67,.,O
67,VERTICAL,O
67,TRANSMISSION,O
67,‐,O
67,There,O
67,is,O
67,no,O
67,clinical,O
67,or,O
67,serological,O
67,evidence,O
67,so,O
67,far,O
67,to,O
67,suggest,O
67,that,O
67,there,O
67,is,O
67,vertical,O
67,transmission,O
67,of,O
67,the,O
67,SARS,O
67,‐,O
67,CoV,O
67,‐,O
67,2,NUMBER
67,virus,O
67,;,O
67,‐,O
67,Research,O
67,analyzing,O
67,amniotic,O
67,fluids,O
67,samples,O
67,.,O
67,umbil,O
67,‐,O
67,ical,O
67,cord,O
67,blood,O
67,.,O
67,swabs,O
67,from,O
67,the,O
67,neonatal,O
67,pharynx,O
67,and,O
67,smears,O
67,of,O
67,breast,O
67,milk,O
67,detected,O
67,absence,O
67,of,O
67,viral,O
67,isolates,O
67,in,O
67,all,O
67,the,O
67,sam,O
67,‐,O
67,ples,O
67,.,O
67,suggesting,O
67,the,O
67,absence,O
67,of,O
67,intrauterine,O
67,transmission,O
67,of,O
67,the,O
67,virus,O
67,during,O
67,the,O
67,third,ORDINAL
67,trimester,O
67,;,O
67,‐,O
67,Indication,O
67,of,O
67,vertical,O
67,trans,O
67,‐,O
67,mission,O
67,:,O
67,infant,O
67,born,O
67,via,O
67,vagina,O
67,from,O
67,a,O
67,woman,O
67,diagnosed,O
67,with,O
67,pneu,O
67,‐,O
67,monia,O
67,by,O
67,COVID,O
67,‐,O
67,19,NUMBER
67,tested,O
67,positive,O
67,(,O
67,RT,O
67,PCR,O
67,),O
67,35,DURATION
67,hours,DURATION
67,after,O
67,birth,O
67,;,O
67,‐,O
67,Attention,O
67,is,O
67,need,O
67,to,O
67,all,O
67,forms,O
67,of,O
67,potential,O
67,transmission,O
67,of,O
67,SARS,O
67,‐,O
67,CoV,O
67,‐,O
67,2,NUMBER
67,to,O
67,newborns,O
67,.,O
67,among,O
67,which,O
67,:,O
67,transmission,O
67,through,O
67,close,O
67,contact,O
67,and,O
67,droplets,O
67,in,O
67,the,O
67,postpartum,O
67,period,O
67,(,O
67,by,O
67,the,O
67,puerperal,O
67,woman,O
67,and,O
67,other,O
67,family,O
67,members,O
67,),O
67,and,O
67,hospital,O
67,‐,O
67,acquired,O
67,infections,CAUSE_OF_DEATH
67,.,O
67,TRANSPLACENTAL,O
67,TRANSMISSIBILITY,O
67,‐,O
67,Studies,O
67,with,O
67,placenta,O
67,material,O
67,collected,O
67,after,O
67,birth,O
67,to,O
67,investigate,O
67,potential,O
67,transplacental,O
67,transmissibility,O
67,did,O
67,not,O
67,find,O
67,teratogenicity,O
67,.,O
67,placental,O
67,patholo,O
67,‐,O
67,gies,O
67,or,O
67,inflammations,O
67,.,O
67,presence,O
67,of,O
67,the,O
67,SARS,O
67,‐,O
67,CoV,O
67,‐,O
67,2,NUMBER
67,virus,O
67,of,O
67,thy,O
67,‐,O
67,roid,O
67,dysfunctional,O
67,among,O
67,newborns,O
67,.,O
67,Paulo,O
67,.,O
67,Brazil,COUNTRY
67,.,O
67,2020,DATE
67,Mascaren,O
67,‐,O
67,has,O
67,VHA,ORGANIZATION
67,.,O
67,Caroci,O
67,‐,O
67,Becker,O
67,A,O
67,.,O
67,Venncio,O
67,KCMP,O
67,.,O
67,Baraldi,PERSON
67,NG,PERSON
67,.,O
67,Durkin,PERSON
67,AC,O
67,.,O
67,Riesco,PERSON
67,MLG,O
67,.,O
67,risk,O
67,of,O
67,exposure,O
67,to,O
67,radiation,O
67,.,O
67,Note,O
67,that,O
67,none,O
67,of,O
67,the,O
67,radiological,O
67,exams,O
67,replaces,O
67,the,O
67,molecular,O
67,confirmation,O
67,of,O
67,COVID,O
67,‐,O
67,19,NUMBER
67,(,O
67,18,NUMBER
67,),O
67,.,O
67,body,O
67,of,O
67,knowledge,O
67,concerning,O
67,recommendations,O
67,to,O
67,As,O
67,for,O
67,the,O
67,treatment,O
67,of,O
67,positive,O
67,pregnant,O
67,women,O
67,.,O
67,the,O
67,care,O
67,provided,O
67,to,O
67,pregnant,O
67,women,O
67,dealing,O
67,with,O
67,there,O
67,is,O
67,not,O
67,a,O
67,consensual,O
67,and,O
67,of,O
67,‐,O
67,ficial,O
67,protocol,O
67,so,O
67,far,O
67,.,O
67,the,O
67,novel,O
67,coronavirus,O
67,.,O
67,The,O
67,Brazilian,NATIONALITY
67,Ministry,ORGANIZATION
67,of,ORGANIZATION
67,Health,ORGANIZATION
67,Hence,ORGANIZATION
67,.,O
67,the,O
67,medications,O
67,and,O
67,conducts,O
67,are,O
67,sub,O
67,‐,O
67,ject,O
67,classified,O
67,pregnant,O
67,women,O
67,as,O
67,a,O
67,risk,O
67,group,O
67,and,O
67,provided,O
67,to,O
67,cultural,O
67,and,O
67,health,O
67,care,O
67,contexts,O
67,.,O
67,though,O
67,the,O
67,recommendations,O
67,as,O
67,they,O
67,tend,O
67,to,O
67,present,DATE
67,poor,O
67,outcomes,O
67,main,O
67,axes,O
67,of,O
67,care,O
67,are,O
67,based,O
67,on,O
67,isolating,O
67,pregnant,O
67,when,O
67,contaminated,O
67,(,O
67,8,NUMBER
67,‐,O
67,9.11,NUMBER
67,),O
67,.,O
67,women,O
67,.,O
67,classifying,O
67,them,O
67,according,O
67,to,O
67,risks,O
67,and,O
67,needs,O
67,The,O
67,pandemic,O
67,caused,O
67,by,O
67,the,O
67,nov,DATE
67,‐,O
67,el,O
67,coronavirus,O
67,determined,O
67,by,O
67,their,O
67,clinical,O
67,condition,O
67,;,O
67,recommend,O
67,‐,O
67,ing,O
67,remains,O
67,very,O
67,serious,O
67,.,O
67,highly,O
67,contagious,O
67,.,O
67,and,O
67,has,O
67,proper,O
67,sleep,O
67,and,O
67,rest,O
67,;,O
67,promoting,O
67,appropriate,O
67,nutrition,O
67,;,O
67,affected,O
67,the,O
67,world,O
67,population,O
67,beyond,O
67,risk,O
67,groups,O
67,.,O
67,Note,O
67,providing,O
67,supplementary,O
67,oxy,O
67,‐,O
67,gen,O
67,support,O
67,.,O
67,if,O
67,needed,O
67,;,O
67,the,O
67,importance,O
67,of,O
67,sensitizing,O
67,and,O
67,making,O
67,individuals,O
67,and,O
67,monitoring,O
67,the,O
67,intake,O
67,of,O
67,fluids,O
67,and,O
67,electrolytes,O
67,.,O
67,aware,O
67,of,O
67,its,O
67,severity,O
67,to,O
67,reinforce,O
67,preventive,O
67,measures,O
67,to,O
67,Vital,O
67,signs,O
67,and,O
67,oxygen,O
67,saturation,O
67,levels,O
67,should,O
67,be,O
67,decrease,O
67,and,O
67,control,O
67,this,O
67,infection,CAUSE_OF_DEATH
67,(,O
67,4.41,NUMBER
67,‐,O
67,42,NUMBER
67,),O
67,.,O
67,closely,O
67,monitored,O
67,.,O
67,as,O
67,well,O
67,as,O
67,the,O
67,fre,O
67,‐,O
67,quency,O
67,of,O
67,the,O
67,Most,O
67,of,O
67,the,O
67,studies,O
67,were,O
67,conducted,O
67,in,O
67,China,COUNTRY
67,because,O
67,fetus,O
67,heart,O
67,rate,O
67,to,O
67,observe,O
67,the,O
67,progression,O
67,of,O
67,the,O
67,it,O
67,is,O
67,where,O
67,the,O
67,novel,O
67,coronavirus,O
67,originated,O
67,.,O
67,Additionally,O
67,.,O
67,pregnancy,O
67,.,O
67,plan,O
67,‐,O
67,ning,O
67,individualized,O
67,delivery,O
67,.,O
67,and,O
67,having,O
67,even,O
67,though,O
67,most,O
67,studies,O
67,present,DATE
67,few,O
67,clinical,O
67,cases,O
67,.,O
67,a,O
67,multiprofessional,O
67,team,O
67,to,O
67,provide,O
67,care,O
67,(,O
67,17,NUMBER
67,‐,O
67,18.22.29.36.39,NUMBER
67,),O
67,.,O
67,attention,O
67,should,O
67,be,O
67,paid,O
67,to,O
67,these,O
67,stud,O
67,‐,O
67,ies,O
67,as,O
67,they,O
67,report,O
67,Amid,O
67,this,O
67,pandemic,O
67,.,O
67,it,O
67,is,O
67,also,O
67,important,O
67,to,O
67,keep,O
67,in,O
67,evidence,O
67,that,O
67,is,O
67,currently,DATE
67,available,O
67,and,O
67,it,O
67,is,O
67,extremely,O
67,mind,O
67,that,O
67,health,O
67,workers,O
67,should,O
67,ensure,O
67,women,O
67,the,O
67,right,O
67,relevant,O
67,to,O
67,identify,O
67,the,O
67,main,O
67,clinical,O
67,manifestations,O
67,to,O
67,humanized,O
67,care,O
67,to,O
67,be,O
67,provided,O
67,during,O
67,pregnancy,O
67,.,O
67,dealing,O
67,with,O
67,this,O
67,disease,CAUSE_OF_DEATH
67,during,O
67,pregnancy,O
67,.,O
67,delivery,O
67,.,O
67,and,O
67,puerperium,O
67,.,O
67,as,O
67,well,O
67,as,O
67,to,O
67,the,O
67,child,O
67,the,O
67,No,O
67,differences,O
67,were,O
67,found,O
67,between,O
67,the,O
67,clinical,O
67,aspects,O
67,right,O
67,to,O
67,have,O
67,a,O
67,safe,O
67,birth,O
67,.,O
67,and,O
67,healthy,O
67,development,O
67,and,O
67,manifested,O
67,by,O
67,pregnant,O
67,women,O
67,infected,O
67,with,O
67,COVID,O
67,‐,O
67,19,NUMBER
67,growth,O
67,.,O
67,In,O
67,Brazil,COUNTRY
67,.,O
67,these,O
67,rights,O
67,are,O
67,ensured,O
67,by,O
67,the,O
67,Rede,O
67,and,O
67,those,O
67,of,O
67,non,O
67,‐,O
67,pregnant,O
67,individ,O
67,‐,O
67,uals,O
67,(,O
67,17,NUMBER
67,‐,O
67,20.28.34,NUMBER
67,‐,O
67,36.38,NUMBER
67,),O
67,.,O
67,The,O
67,de,O
67,Ateno,ORGANIZATION
67,Sade,ORGANIZATION
67,Materna,ORGANIZATION
67,e,O
67,Infantil,ORGANIZATION
67,[,O
67,Maternal,O
67,and,O
67,main,O
67,symptoms,O
67,reported,O
67,were,O
67,:,O
67,fever,CAUSE_OF_DEATH
67,(,O
67,18,NUMBER
67,‐,O
67,21.28,NUMBER
67,‐,O
67,29.32.34.36.39,NUMBER
67,),O
67,.,O
67,Child,ORGANIZATION
67,Health,ORGANIZATION
67,Care,ORGANIZATION
67,Network,ORGANIZATION
67,],O
67,known,O
67,as,O
67,Rede,O
67,Cegonha,O
67,dry,O
67,cough,O
67,(,O
67,18.20.28,NUMBER
67,‐,O
67,29.31,NUMBER
67,‐,O
67,32.34.36.38,NUMBER
67,‐,O
67,39,NUMBER
67,),O
67,.,O
67,and,O
67,dyspnea,O
67,(,O
67,18,NUMBER
67,‐,O
67,19.21.29.32.36,NUMBER
67,),O
67,.,O
67,pregnancy,O
67,reports,O
67,other,O
67,signs,O
67,and,O
67,symptoms,O
67,.,O
67,which,O
67,The,O
67,studies,O
67,also,O
67,highlight,O
67,that,O
67,this,O
67,time,O
67,re,O
67,‐,O
67,quires,O
67,even,O
67,if,O
67,at,O
67,a,O
67,lower,O
67,frequency,O
67,.,O
67,may,O
67,occur,O
67,and,O
67,should,O
67,be,O
67,pregnant,O
67,women,O
67,have,O
67,more,O
67,flexible,O
67,work,O
67,opportunities,O
67,.,O
67,taken,O
67,into,O
67,account,O
67,to,O
67,reach,O
67,an,O
67,early,O
67,diagnosis,O
67,(,O
67,29,NUMBER
67,),O
67,.,O
67,being,O
67,able,O
67,to,O
67,leave,O
67,from,O
67,work,O
67,when,O
67,gestational,O
67,age,O
67,is,O
67,In,O
67,terms,O
67,of,O
67,diagnosis,O
67,.,O
67,there,O
67,is,O
67,a,O
67,concern,O
67,with,O
67,greater,O
67,than,O
67,28,DURATION
67,weeks,DURATION
67,or,O
67,when,O
67,there,O
67,are,O
67,risk,O
67,fac,O
67,‐,O
67,tors,O
67,or,O
67,early,O
67,detection,O
67,of,O
67,the,O
67,disease,CAUSE_OF_DEATH
67,.,O
67,Thus,O
67,.,O
67,pregnant,O
67,women,O
67,un,O
67,‐,O
67,derlying,O
67,comorbidities,O
67,(,O
67,31.39,NUMBER
67,‐,O
67,40,NUMBER
67,),O
67,.,O
67,These,O
67,precautions,O
67,are,O
67,should,O
67,be,O
67,recommended,O
67,to,O
67,learn,O
67,about,O
67,the,O
67,specific,O
67,needed,O
67,considering,O
67,that,O
67,being,O
67,infected,O
67,by,O
67,COVID,O
67,‐,O
67,19,NUMBER
67,signs,O
67,of,O
67,COVID,O
67,‐,O
67,19,NUMBER
67,in,O
67,order,O
67,to,O
67,decrease,O
67,their,O
67,exposure,O
67,during,O
67,pregnancy,O
67,tends,O
67,to,O
67,result,O
67,in,O
67,negative,O
67,out,O
67,‐,O
67,comes,O
67,.,O
67,to,O
67,health,O
67,services,O
67,.,O
67,An,O
67,initial,O
67,assessment,O
67,performed,O
67,such,O
67,as,O
67,spontaneous,O
67,abortion,O
67,.,O
67,premature,O
67,rupture,O
67,of,O
67,membranes,O
67,.,O
67,re,O
67,‐,O
67,stricted,O
67,intrauterine,O
67,growth,O
67,.,O
67,fetal,O
67,distress,O
67,.,O
67,to,O
67,‐,O
67,face,O
67,consulta,O
67,‐,O
67,tion,O
67,is,O
67,necessary,O
67,(,O
67,17,NUMBER
67,),O
67,.,O
67,Note,O
67,.,O
67,however,O
67,.,O
67,that,O
67,and,O
67,premature,O
67,labor,O
67,and,O
67,birth,O
67,(,O
67,18,NUMBER
67,‐,O
67,19.24.27,NUMBER
67,‐,O
67,29.32.34.36.38,NUMBER
67,‐,O
67,40,NUMBER
67,),O
67,.,O
67,a,O
67,retrospective,O
67,study,O
67,compared,O
67,the,O
67,clinical,O
67,aspects,O
67,Thus,O
67,.,O
67,in,O
67,this,O
67,context,O
67,.,O
67,prenatal,O
67,care,O
67,is,O
67,essential,O
67,of,O
67,pregnant,O
67,and,O
67,non,O
67,‐,O
67,pregnant,O
67,women,O
67,and,O
67,verified,O
67,that,O
67,throughout,O
67,the,O
67,pregnancy,O
67,.,O
67,especially,O
67,during,O
67,the,O
67,third,ORDINAL
67,symp,O
67,‐,O
67,toms,O
67,are,O
67,atypical,O
67,among,O
67,pregnant,O
67,women,O
67,.,O
67,which,O
67,trimester,O
67,when,O
67,the,O
67,final,O
67,stages,O
67,of,O
67,development,O
67,take,O
67,would,O
67,probably,O
67,hinder,O
67,the,O
67,dis,O
67,‐,O
67,eases,O
67,early,O
67,detection,O
67,in,O
67,place,O
67,and,O
67,maternal,O
67,anxiety,O
67,is,O
67,at,O
67,its,O
67,highest,O
67,.,O
67,a,O
67,period,O
67,this,O
67,group,O
67,.,O
67,that,O
67,requires,O
67,a,O
67,larger,O
67,number,O
67,of,O
67,prenatal,O
67,inspections,O
67,.,O
67,symptoms,O
67,.,O
67,studies,O
67,suggest,O
67,:,O
67,laboratory,O
67,ex,O
67,‐,O
67,ams,O
67,(,O
67,6.36.29,NUMBER
67,),O
67,Comparative,O
67,studies,O
67,indicate,O
67,that,O
67,CT,STATE_OR_PROVINCE
67,scans,O
67,are,O
67,more,O
67,sensitive,O
67,than,O
67,RT,O
67,‐,O
67,PCR,O
67,.,O
67,as,O
67,well,O
67,as,O
67,more,O
67,precise,O
67,and,O
67,time,O
67,‐,O
67,effi,O
67,‐,O
67,cient,O
67,.,O
67,presenting,O
67,a,O
67,lower,O
67,number,O
67,of,O
67,falsenegatives,O
67,.,O
67,The,O
67,clinical,O
67,findings,O
67,of,O
67,imaging,O
67,exams,O
67,of,O
67,Therefore,O
67,.,O
67,monitoring,O
67,heart,O
67,rate,O
67,and,O
67,ultrasound,O
67,are,O
67,essential,O
67,to,O
67,assess,O
67,fetal,O
67,wellbeing,O
67,.,O
67,and,O
67,especial,O
67,‐,O
67,ly,O
67,among,O
67,women,O
67,infected,O
67,with,O
67,the,O
67,novel,O
67,coronavirus,O
67,(,O
67,18.23.26,NUMBER
67,),O
67,.,O
67,Note,O
67,that,O
67,so,O
67,far,O
67,.,O
67,there,O
67,is,O
67,no,O
67,clinical,O
67,or,O
67,serological,O
67,evidence,O
67,suggesting,O
67,the,O
67,possibility,O
67,of,O
67,vertical,O
67,transmission,O
67,of,O
67,the,O
67,SARS,O
67,‐,O
67,CoV,O
67,‐,O
67,2,NUMBER
67,virus,O
67,(,O
67,6.17,NUMBER
67,‐,O
67,19.25.27,NUMBER
67,‐,O
67,28.30.32.34.38,NUMBER
67,‐,O
67,40,NUMBER
67,),O
67,in,O
67,amniotic,O
67,fluid,O
67,pregnant,O
67,women,O
67,are,O
67,similar,O
67,to,O
67,those,O
67,of,O
67,non,O
67,‐,O
67,pregnant,O
67,sam,O
67,‐,O
67,ples,O
67,(,O
67,17,NUMBER
67,‐,O
67,18.25.30.34,NUMBER
67,),O
67,.,O
67,umbilical,O
67,cord,O
67,blood,O
67,(,O
67,17,NUMBER
67,‐,O
67,18.25.30.32.34.38,NUMBER
67,‐,O
67,40,NUMBER
67,),O
67,.,O
67,patients,O
67,(,O
67,28,NUMBER
67,‐,O
67,29.33.35,NUMBER
67,),O
67,.,O
67,Despite,O
67,its,O
67,various,O
67,advantages,O
67,.,O
67,the,O
67,newborn,O
67,pharyngeal,O
67,swabs,O
67,(,O
67,17,NUMBER
67,‐,O
67,18.25.30.32.34.39,NUMBER
67,),O
67,.,O
67,or,O
67,milk,O
67,breast,O
67,routine,O
67,use,O
67,of,O
67,CT,STATE_OR_PROVINCE
67,scans,O
67,should,O
67,be,O
67,avoided,O
67,due,O
67,to,O
67,the,O
67,smears,O
67,(,O
67,18.25.30.32.34,NUMBER
67,‐,O
67,35.39,NUMBER
67,),O
67,.,O
67,An,O
67,absence,O
67,of,O
67,isolated,O
67,viral,O
67,was,O
67,Rev.,TITLE
67,Latino,O
67,‐,O
67,Am,O
67,.,O
67,Enfermagem,PERSON
67,2020,DATE
67,;,O
67,28,NUMBER
67,:,O
67,e3348,O
67,.,O
67,verified,O
67,in,O
67,all,O
67,the,O
67,samples,O
67,.,O
67,suggesting,O
67,there,O
67,is,O
67,no,O
67,intra,O
67,‐,O
67,scientific,O
67,evidence,O
67,concerning,O
67,obstetrical,O
67,care,O
67,provid,O
67,‐,O
67,ed,O
67,uterine,O
67,transmission,O
67,of,O
67,the,O
67,virus,O
67,during,O
67,the,O
67,third,ORDINAL
67,trimes,O
67,‐,O
67,in,O
67,the,O
67,context,O
67,of,O
67,the,O
67,COVID,O
67,‐,O
67,19,NUMBER
67,.,O
67,ter,TITLE
67,.,O
67,All,O
67,the,O
67,studies,O
67,.,O
67,however,O
67,.,O
67,are,O
67,retrospective,O
67,studies,O
67,addressing,O
67,small,O
67,samples,O
67,.,O
67,characteristics,O
67,that,O
67,decrease,O
67,the,O
67,power,O
67,of,O
67,generalization,O
67,.,O
67,Studies,O
67,using,O
67,placen,O
67,‐,O
67,tas,O
67,1,NUMBER
67,.,O
67,Secretaria,ORGANIZATION
67,de,ORGANIZATION
67,Estado,ORGANIZATION
67,da,ORGANIZATION
67,Sade,ORGANIZATION
67,(,O
67,BR,O
67,),O
67,.,O
67,Coordenadoria,PERSON
67,also,O
67,identified,O
67,no,O
67,teratogenicity,O
67,.,O
67,placental,O
67,pathologies,O
67,or,O
67,de,O
67,Cont,O
67,‐,O
67,role,O
67,de,O
67,Doenas,O
67,.,O
67,Plano,CITY
67,de,O
67,Contingncia,O
67,do,O
67,inflammations,O
67,.,O
67,the,O
67,pres,O
67,‐,O
67,ence,O
67,of,O
67,the,O
67,SARS,O
67,‐,O
67,CoV,O
67,‐,O
67,2,NUMBER
67,virus,O
67,.,O
67,Estado,O
67,de,O
67,So,O
67,Paulo,O
67,para,O
67,Infeco,O
67,Hu,O
67,‐,O
67,mana,O
67,pelo,O
67,novo,O
67,or,O
67,thyroid,O
67,dysfunction,O
67,in,O
67,new,O
67,‐,O
67,borns,O
67,(,O
67,18.25.29.34.36,NUMBER
67,‐,O
67,37,NUMBER
67,),O
67,.,O
67,that,O
67,the,O
67,recent,O
67,beginning,O
67,of,O
67,the,O
67,pan,O
67,‐,O
67,demic,O
67,and,O
67,intense,O
67,recommendations,O
67,.,O
67,As,O
67,most,O
67,studies,O
67,are,O
67,retrospec,O
67,‐,O
67,tive,O
67,studies,O
67,and,O
67,opinion,O
67,papers,O
67,.,O
67,there,O
67,is,O
67,the,O
67,risk,O
67,of,O
67,biased,O
67,in,O
67,‐,O
67,formation,O
67,.,O
67,Additionally,O
67,.,O
67,the,O
67,option,O
67,to,O
67,restrict,O
67,studies,O
67,written,O
67,in,O
67,one,NUMBER
67,of,O
67,three,NUMBER
67,languages,O
67,also,O
67,limited,O
67,the,O
67,number,O
67,of,O
67,studies,O
67,.,O
67,as,O
67,potentially,O
67,eligible,O
67,papers,O
67,originated,O
67,in,O
67,China,COUNTRY
67,were,O
67,written,O
67,in,O
67,the,O
67,native,O
67,language,O
67,.,O
67,2,NUMBER
67,.,O
67,Sociedade,ORGANIZATION
67,Brasileira,ORGANIZATION
67,de,ORGANIZATION
67,Pediatria,ORGANIZATION
67,(,O
67,BR,O
67,),O
67,.,O
67,Recomendaes,O
67,sobre,O
67,os,O
67,respiratrios,O
67,do,O
67,recm,O
67,‐,O
67,nascido,O
67,com,O
67,COVID,O
67,‐,O
67,19,NUMBER
67,suspeita,O
67,ou,O
67,confirmada,O
67,.,O
67,[,O
67,Internet,MISC
67,],O
67,.,O
67,2020,DATE
67,[,O
67,Acesso,O
67,Coronavrus,O
67,2019,DATE
67,nCOV,O
67,.,O
67,[,O
67,Internet,MISC
67,],O
67,.,O
67,2020,DATE
67,[,O
67,Acesso,O
67,15,NUMBER
67,3,NUMBER
67,.,O
67,Ministrio,PERSON
67,da,PERSON
67,Sade,PERSON
67,(,O
67,BR,O
67,),O
67,.,O
67,Sec,DURATION
67,‐,O
67,retaria,O
67,de,O
67,Ateno,O
67,particularities,O
67,.,O
67,especially,O
67,linked,O
67,to,O
67,physiolog,O
67,‐,O
67,ical,O
67,and,O
67,Primria,PERSON
67,Sade,PERSON
67,.,O
67,Nota,PERSON
67,Tecnica,PERSON
67,n,O
67,10/2020,NUMBER
67,‐,O
67,COCAM,O
67,/,O
67,immunologi,O
67,‐,O
67,cal,O
67,changes,O
67,.,O
67,Additionally,O
67,.,O
67,the,O
67,need,O
67,to,O
67,protect,O
67,a,O
67,fetus,O
67,represents,O
67,greater,O
67,responsibility,O
67,when,O
67,providing,O
67,Recem,O
67,‐,O
67,nascido,O
67,no,O
67,contexto,O
67,da,O
67,Infeco,O
67,pelo,O
67,novo,O
67,Coronavirus,O
67,(,O
67,SARS,O
67,‐,O
67,CoV,O
67,‐,O
67,2,NUMBER
67,),O
67,.,O
67,[,O
67,Internet,MISC
67,],O
67,.,O
67,2020,DATE
67,[,O
67,Acesso,O
67,regarding,O
67,the,O
67,care,O
67,provided,O
67,to,O
67,pregnant,O
67,women,O
67,during,O
67,the,O
67,COVID,O
67,‐,O
67,19,NUMBER
67,pandemic,O
67,.,O
67,There,O
67,is,O
67,much,O
67,uncertainty,O
67,regarding,O
67,the,O
67,virus,O
67,‐,O
67,specific,O
67,characteristics,O
67,.,O
67,however,O
67,.,O
67,the,O
67,following,O
67,is,O
67,recommended,O
67,to,O
67,promote,O
67,quality,O
67,care,O
67,4,NUMBER
67,.,O
67,Royal,ORGANIZATION
67,College,ORGANIZATION
67,of,ORGANIZATION
67,Obstetricians,ORGANIZATION
67,and,O
67,Gy,O
67,‐,O
67,naecologists,O
67,to,O
67,the,O
67,maternal,O
67,‐,O
67,fetal,O
67,pair,O
67,:,O
67,contain,O
67,as,O
67,much,O
67,as,O
67,pos,O
67,‐,O
67,sible,O
67,(,O
67,UK,COUNTRY
67,),O
67,.,O
67,The,O
67,Royal,ORGANIZATION
67,College,ORGANIZATION
67,of,ORGANIZATION
67,Midwifes,ORGANIZATION
67,.,O
67,Coronavirus,O
67,the,O
67,ad,O
67,‐,O
67,vancement,O
67,of,O
67,the,O
67,virus,O
67,with,O
67,isolation,O
67,and,O
67,contact,O
67,(,O
67,COVID,O
67,‐,O
67,19,NUMBER
67,),O
67,In,O
67,‐,O
67,fection,O
67,in,O
67,Pregnancy,O
67,.,O
67,Information,O
67,for,O
67,precautions,O
67,;,O
67,care,O
67,for,O
67,res,O
67,‐,O
67,piratory,O
67,infections,CAUSE_OF_DEATH
67,;,O
67,assess,O
67,healthcare,O
67,professionals,O
67,.,O
67,[,O
67,Internet,MISC
67,],O
67,.,O
67,2020,DATE
67,[,O
67,cited,O
67,Apr,DATE
67,risks,O
67,and,O
67,benefits,O
67,constantly,O
67,;,O
67,confirm,O
67,the,O
67,dis,O
67,‐,O
67,ease,O
67,and,O
67,pregnancy,O
67,the,O
67,earliest,O
67,as,O
67,possible,O
67,;,O
67,use,O
67,technological,O
67,resources,O
67,for,O
67,screening,O
67,;,O
67,provide,O
67,oxygen,O
67,support,O
67,if,O
67,needed,O
67,;,O
67,recom,O
67,‐,O
67,mend,O
67,proper,O
67,rest,O
67,.,O
67,sleep,O
67,.,O
67,nutrition,O
67,.,O
67,5,NUMBER
67,.,O
67,Word,ORGANIZATION
67,Health,ORGANIZATION
67,Organization,ORGANIZATION
67,.,O
67,Novel,O
67,Coronavirus,O
67,(,O
67,2019,DATE
67,‐,O
67,nCoV,O
67,),O
67,.,O
67,[,O
67,Internet,MISC
67,],O
67,.,O
67,2020,DATE
67,[,O
67,cited,O
67,Apr,DATE
67,7,DATE
67,.,O
67,2020,DATE
67,],O
67,.,O
67,Available,O
67,and,O
67,contraindicated,O
67,medications,O
67,that,O
67,may,O
67,present,DATE
67,teratogenic,O
67,or,O
67,toxic,O
67,effects,O
67,to,O
67,the,O
67,fetus,O
67,;,O
67,monitor,O
67,vital,O
67,signs,O
67,;,O
67,provide,O
67,individualized,O
67,obstetrical,O
67,care,O
67,with,O
67,a,O
67,6,NUMBER
67,.,O
67,World,O
67,Health,O
67,Organization,O
67,.,O
67,Essential,O
67,nutrition,O
67,actions,O
67,:,O
67,multiprofessional,O
67,ap,O
67,‐,O
67,proach,O
67,.,O
67,improving,O
67,maternal,O
67,.,O
67,newborn,O
67,.,O
67,infant,O
67,and,O
67,young,O
67,child,O
67,The,O
67,information,O
67,presented,O
67,is,O
67,not,O
67,absolute,O
67,and,O
67,may,O
67,health,O
67,and,O
67,nutri,O
67,‐,O
67,tion,O
67,.,O
67,[,O
67,Internet,MISC
67,],O
67,.,O
67,Geneva,CITY
67,:,O
67,WHO,O
67,;,O
67,2013,DATE
67,change,O
67,when,O
67,new,O
67,scientific,O
67,discoveries,O
67,are,O
67,reported,O
67,.,O
67,future,DATE
67,studies,O
67,to,O
67,investigate,O
67,the,O
67,im,O
67,‐,O
67,pact,O
67,of,O
67,the,O
67,infection,CAUSE_OF_DEATH
67,at,O
67,the,O
67,beginning,O
67,of,O
67,pregnancy,O
67,(,O
67,during,O
67,the,O
67,first,ORDINAL
67,and,NUMBER
67,7,NUMBER
67,.,O
67,Ministrio,PERSON
67,da,PERSON
67,Sade,PERSON
67,(,O
67,BR,O
67,),O
67,.,O
67,Secretaria,O
67,de,O
67,Cincia,O
67,.,O
67,second,ORDINAL
67,trimesters,O
67,),O
67,.,O
67,the,O
67,psychological,O
67,aspects,O
67,of,O
67,infected,O
67,Tecnologia,O
67,.,O
67,Inovao,PERSON
67,e,O
67,Insumos,ORGANIZATION
67,Estratgicos,ORGANIZATION
67,em,ORGANIZATION
67,Sade,ORGANIZATION
67,.,O
67,pregnant,O
67,women,O
67,.,O
67,and,O
67,analy,O
67,‐,O
67,ses,O
67,of,O
67,medications,O
67,specific,O
67,Diretrizes,O
67,para,O
67,Diagnstico,O
67,e,O
67,Trata,O
67,‐,O
67,mento,O
67,da,O
67,Covid,O
67,‐,O
67,19,NUMBER
67,.,O
67,for,O
67,pregnancy,O
67,.,O
67,The,O
67,gaps,O
67,that,O
67,remain,O
67,are,O
67,ex,O
67,‐,O
67,pected,O
67,to,O
67,[,O
67,Internet,MISC
67,],O
67,.,O
67,2020,DATE
67,[,O
67,Acesso,O
67,20,NUMBER
67,abr,O
67,2020,DATE
67,],O
67,.,O
67,Disponvel,O
67,em,O
67,:,O
67,motivate,O
67,the,O
67,development,O
67,of,O
67,further,O
67,research,O
67,with,O
67,Mascarenhas,PERSON
67,VHA,ORGANIZATION
67,.,O
67,Caroci,O
67,‐,O
67,Becker,O
67,A,O
67,.,O
67,Venncio,O
67,KCMP,O
67,.,O
67,Baraldi,PERSON
67,NG,PERSON
67,.,O
67,Durkin,PERSON
67,AC,O
67,.,O
67,Riesco,PERSON
67,MLG,O
67,.,O
67,8,NUMBER
67,.,O
67,Rodriguez,PERSON
67,‐,O
67,Morales,PERSON
67,AJ,PERSON
67,.,O
67,Cardona,PERSON
67,‐,O
67,Ospina,O
67,JA,O
67,.,O
67,Gutirrez,PERSON
67,‐,O
67,Gy,O
67,‐,O
67,necol,O
67,.,O
67,2020,DATE
67,Mar,DATE
67,23,DATE
67,.,O
67,pii,O
67,:,O
67,S0002,O
67,‐,O
67,9378,NUMBER
67,(,O
67,20,NUMBER
67,),O
67,30343,NUMBER
67,‐,O
67,4,NUMBER
67,.,O
67,19,NUMBER
67,.,O
67,Liu,PERSON
67,Y,O
67,.,O
67,Chen,PERSON
67,H,O
67,.,O
67,Tang,PERSON
67,K,PERSON
67,.,O
67,Guo,PERSON
67,Y.,PERSON
67,Clinical,PERSON
67,manifestations,O
67,and,O
67,Imaging,O
67,Features,O
67,of,O
67,COVID,O
67,‐,O
67,19,NUMBER
67,:,O
67,A,O
67,systematic,O
67,and,O
67,outcome,O
67,of,O
67,SARS,O
67,‐,O
67,CoV,O
67,‐,O
67,2,NUMBER
67,infection,CAUSE_OF_DEATH
67,during,O
67,pregnancy,O
67,.,O
67,J.,O
67,Infect,O
67,.,O
67,Dis,O
67,.,O
67,2020,DATE
67,Mar,DATE
67,4,DATE
67,.,O
67,pii,O
67,:,O
67,S0163,O
67,‐,O
67,4453,NUMBER
67,(,O
67,20,NUMBER
67,),O
67,30109,NUMBER
67,‐,O
67,2,NUMBER
67,.,O
67,20,NUMBER
67,.,O
67,Wen,O
67,R,O
67,.,O
67,Sun,O
67,Y,O
67,.,O
67,Xing,PERSON
67,Q,O
67,‐,O
67,S,O
67,.,O
67,A,O
67,patient,O
67,with,O
67,SARS,O
67,‐,O
67,9,NUMBER
67,.,O
67,Ministrio,PERSON
67,da,PERSON
67,Sade,PERSON
67,(,O
67,BR,O
67,),O
67,.,O
67,Secretaria,O
67,de,O
67,Ateno,O
67,CoV,O
67,‐,O
67,2,NUMBER
67,infection,CAUSE_OF_DEATH
67,during,O
67,pregnancy,O
67,in,O
67,Qingdao,CITY
67,.,O
67,China,COUNTRY
67,.,O
67,Primria,PERSON
67,Sade,PERSON
67,.,O
67,Protocolo,O
67,de,O
67,manejo,O
67,clnico,O
67,do,O
67,J,O
67,Microbiol,O
67,Immunol,O
67,Infect,O
67,.,O
67,2020,DATE
67,Mar,DATE
67,10,DATE
67,.,O
67,pii,O
67,:,O
67,S1684,O
67,‐,O
67,coronavrus,O
67,(,O
67,COVID,O
67,‐,O
67,19,NUMBER
67,),O
67,na,O
67,atenco,O
67,primria,O
67,sade,O
67,.,O
67,[,O
67,Internet,MISC
67,],O
67,.,O
67,2020,DATE
67,[,O
67,Acesso,O
67,20,NUMBER
67,abr,O
67,2020,DATE
67,],O
67,.,O
67,Disponvel,ORGANIZATION
67,21,NUMBER
67,.,O
67,Yu,O
67,N,O
67,.,O
67,Li,PERSON
67,W,PERSON
67,.,O
67,Kang,O
67,Q,O
67,.,O
67,Xiong,PERSON
67,Z,PERSON
67,.,O
67,Wang,PERSON
67,S,PERSON
67,.,O
67,Lin,PERSON
67,X,PERSON
67,.,O
67,et,O
67,al,O
67,.,O
67,Clinical,O
67,features,O
67,and,O
67,obstetric,O
67,and,O
67,neonatal,O
67,outcomes,O
67,of,O
67,pregnant,O
67,patients,O
67,with,O
67,COVID,O
67,‐,O
67,19,NUMBER
67,in,O
67,Wuhan,CITY
67,.,O
67,China,COUNTRY
67,:,O
67,10,NUMBER
67,.,O
67,Chen,PERSON
67,H,PERSON
67,.,O
67,Guo,PERSON
67,J,PERSON
67,.,O
67,Wang,O
67,C,O
67,.,O
67,Luo,PERSON
67,F,O
67,.,O
67,Yu,PERSON
67,X,PERSON
67,.,O
67,Zhang,PERSON
67,vertical,O
67,transmission,O
67,potential,O
67,of,O
67,COVID,O
67,‐,O
67,19,NUMBER
67,infection,CAUSE_OF_DEATH
67,11,NUMBER
67,.,O
67,Dong,PERSON
67,Y,PERSON
67,.,O
67,Mo,PERSON
67,X,PERSON
67,.,O
67,Hu,O
67,Y,O
67,.,O
67,Qi,O
67,X,O
67,.,O
67,Jiang,PERSON
67,F,O
67,.,O
67,Jiang,PERSON
67,Z,O
67,.,O
67,et,O
67,al,O
67,.,O
67,Epidemiologi,O
67,‐,O
67,cal,O
67,characteristics,O
67,of,O
67,2143,DATE
67,pediatric,O
67,patients,O
67,with,O
67,2019,DATE
67,coron,O
67,‐,O
67,avirus,O
67,disease,CAUSE_OF_DEATH
67,in,O
67,China,COUNTRY
67,.,O
67,Pediatrics,O
67,.,O
67,12,NUMBER
67,.,O
67,Peters,ORGANIZATION
67,MDJ,ORGANIZATION
67,.,O
67,Godfrey,PERSON
67,CM,PERSON
67,.,O
67,Khalil,PERSON
67,H,PERSON
67,.,O
67,McInerney,PERSON
67,P,O
67,.,O
67,Parker,PERSON
67,D,O
67,.,O
67,Soares,PERSON
67,CB,O
67,.,O
67,Guidance,O
67,for,O
67,conduct,O
67,‐,O
67,ing,O
67,systematic,O
67,scoping,O
67,13,NUMBER
67,.,O
67,Arksey,O
67,H,O
67,.,O
67,OMalley,PERSON
67,L.,PERSON
67,Scoping,PERSON
67,studies,O
67,:,O
67,towards,O
67,a,O
67,methodological,O
67,framework,O
67,.,O
67,Int,PERSON
67,J,PERSON
67,Soc,PERSON
67,Res,PERSON
67,Methodol,PERSON
67,.,O
67,15,NUMBER
67,.,O
67,Tricco,ORGANIZATION
67,AC,ORGANIZATION
67,.,O
67,Lillie,PERSON
67,E,PERSON
67,.,O
67,Zarin,PERSON
67,W,PERSON
67,.,O
67,OBrien,ORGANIZATION
67,KK,ORGANIZATION
67,.,O
67,Colquhoun,PERSON
67,(,O
67,PRISMA,O
67,‐,O
67,ScR,O
67,),O
67,:,O
67,Checklist,O
67,and,O
67,Explanation,O
67,.,O
67,Ann,O
67,Intern,TITLE
67,22,NUMBER
67,.,O
67,Chen,O
67,D,O
67,.,O
67,Yang,PERSON
67,H,PERSON
67,.,O
67,Cao,O
67,Y,O
67,.,O
67,Cheng,PERSON
67,W,PERSON
67,.,O
67,Duan,PERSON
67,T,PERSON
67,.,O
67,Fan,O
67,C,O
67,.,O
67,et,O
67,al,O
67,.,O
67,Expert,O
67,consensus,O
67,for,O
67,managing,O
67,pregnant,O
67,women,O
67,and,O
67,neonates,O
67,born,O
67,to,O
67,mothers,O
67,with,O
67,suspected,O
67,or,O
67,confirmed,O
67,novel,O
67,coronavirus,O
67,(,O
67,COVID,O
67,‐,O
67,19,NUMBER
67,),O
67,infection,CAUSE_OF_DEATH
67,.,O
67,Int,PERSON
67,J,PERSON
67,Gynaecol,PERSON
67,23,NUMBER
67,.,O
67,Chen,O
67,Y,O
67,.,O
67,Li,PERSON
67,Z,PERSON
67,.,O
67,Zhang,O
67,Y,O
67,‐,O
67,Y,O
67,.,O
67,Zhao,PERSON
67,W,O
67,‐,O
67,H,O
67,.,O
67,Yu,O
67,Z,O
67,‐,O
67,Y.,O
67,Maternal,O
67,manage,O
67,‐,O
67,ment,O
67,during,O
67,coronavirus,O
67,disease,CAUSE_OF_DEATH
67,2019,DATE
67,(,O
67,COVID,O
67,‐,O
67,19,NUMBER
67,),O
67,.,O
67,J,PERSON
67,Med,PERSON
67,Virol,PERSON
67,.,O
67,2020,DATE
67,24,NUMBER
67,.,O
67,Chen,O
67,S,O
67,.,O
67,Liao,PERSON
67,E,PERSON
67,.,O
67,Shao,PERSON
67,Y.,PERSON
67,Clinical,PERSON
67,analysis,O
67,of,O
67,pregnant,O
67,women,O
67,with,O
67,2019,DATE
67,novel,O
67,coronavirus,O
67,pneumonia,CAUSE_OF_DEATH
67,.,O
67,J,O
67,Med,O
67,25,NUMBER
67,.,O
67,Mullins,PERSON
67,E,O
67,.,O
67,Evans,PERSON
67,D,O
67,.,O
67,Viner,PERSON
67,RM,PERSON
67,.,O
67,OBrien,PERSON
67,P,PERSON
67,.,O
67,Morris,PERSON
67,E.,O
67,Ultrasound,O
67,Obstet,O
67,Gy,O
67,‐,O
67,necol,O
67,.,O
67,2020,DATE
67,May,DATE
67,;,O
67,55,NUMBER
67,(,O
67,5,NUMBER
67,),O
67,:,O
67,586,NUMBER
67,‐,O
67,592,NUMBER
67,.,O
67,26,NUMBER
67,.,O
67,Wang,PERSON
67,S,O
67,‐,O
67,S,O
67,.,O
67,Zhou,PERSON
67,X,PERSON
67,.,O
67,Lin,PERSON
67,X,O
67,‐,O
67,G,O
67,.,O
67,Liu,PERSON
67,Y,O
67,‐,O
67,Y,O
67,.,O
67,Wu,PERSON
67,J,O
67,‐,O
67,L,O
67,.,O
67,Sharifu,O
67,LM,O
67,.,O
67,et,O
67,al,O
67,.,O
67,Experience,O
67,of,O
67,Clinical,O
67,Man,O
67,‐,O
67,agement,O
67,for,O
67,Pregnant,O
67,Women,O
67,and,O
67,Newborns,MISC
67,with,O
67,Novel,O
67,Coronavirus,O
67,Pneumonia,CAUSE_OF_DEATH
67,in,O
67,Tongji,LOCATION
67,Hospital,LOCATION
67,.,O
67,China,COUNTRY
67,.,O
67,Curr,PERSON
67,Med,PERSON
67,Sci,PERSON
67,.,O
67,2020,DATE
67,27,NUMBER
67,.,O
67,Qi,O
67,H,O
67,.,O
67,Luo,PERSON
67,X,PERSON
67,.,O
67,Zheng,PERSON
67,Y,PERSON
67,.,O
67,Zhang,PERSON
67,H,PERSON
67,.,O
67,Li,PERSON
67,J,PERSON
67,.,O
67,Zou,PERSON
67,L,PERSON
67,.,O
67,et,O
67,al,O
67,.,O
67,Safe,O
67,Delivery,O
67,for,O
67,COVID,O
67,‐,O
67,19,NUMBER
67,Infected,O
67,Pregnancies,O
67,.,O
67,BJOG,ORGANIZATION
67,.,O
67,16,NUMBER
67,.,O
67,Moher,PERSON
67,D,PERSON
67,.,O
67,Liberati,PERSON
67,A,O
67,.,O
67,Tetzlaff,PERSON
67,J,PERSON
67,.,O
67,Altman,PERSON
67,DG,PERSON
67,.,O
67,PRISMA,ORGANIZATION
67,28,NUMBER
67,.,O
67,Liu,PERSON
67,D,O
67,.,O
67,Li,PERSON
67,L,PERSON
67,.,O
67,Wu,PERSON
67,X,PERSON
67,.,O
67,Zheng,PERSON
67,D,PERSON
67,.,O
67,Wang,PERSON
67,J,PERSON
67,.,O
67,Yang,PERSON
67,L,PERSON
67,.,O
67,et,O
67,al,O
67,.,O
67,Pregnancy,O
67,and,O
67,Perinatal,O
67,Outcomes,O
67,of,O
67,Women,O
67,With,O
67,Coronavirus,O
67,Disease,CAUSE_OF_DEATH
67,(,O
67,COVID,O
67,‐,O
67,19,NUMBER
67,),O
67,Pneumonia,CAUSE_OF_DEATH
67,:,O
67,A,O
67,Preliminary,O
67,Analysis,O
67,.,O
67,AJR,ORGANIZATION
67,Am,ORGANIZATION
67,J,PERSON
67,Roentgenol,PERSON
67,.,O
67,2020,DATE
67,17,NUMBER
67,.,O
67,Rasmussen,ORGANIZATION
67,SA,ORGANIZATION
67,.,O
67,Smulian,PERSON
67,JC,PERSON
67,.,O
67,Lednicky,PERSON
67,JA,PERSON
67,.,O
67,Wen,O
67,TS,O
67,.,O
67,Jamieson,PERSON
67,DJ,TITLE
67,.,O
67,Coronavirus,O
67,Disease,CAUSE_OF_DEATH
67,2019,DATE
67,(,O
67,COVID,O
67,‐,O
67,19,NUMBER
67,),O
67,and,O
67,Pregnancy,O
67,:,O
67,What,O
67,obstetricians,O
67,need,O
67,to,O
67,know,O
67,.,O
67,rec,O
67,‐,O
67,ommendations,O
67,to,O
67,follow,O
67,?,O
67,Acta,PERSON
67,Obstet,PERSON
67,Gynecol,PERSON
67,Scand,PERSON
67,.,O
67,18,NUMBER
67,.,O
67,Dashraath,PERSON
67,P,O
67,.,O
67,Jing,PERSON
67,Lin,PERSON
67,Jeslyn,PERSON
67,W,PERSON
67,.,O
67,Mei,PERSON
67,Xian,PERSON
67,Karen,PERSON
67,L,PERSON
67,.,O
67,30,NUMBER
67,.,O
67,Schwartz,PERSON
67,DA,PERSON
67,.,O
67,An,O
67,anal,O
67,‐,O
67,ysis,O
67,of,O
67,38,NUMBER
67,pregnant,O
67,women,O
67,Li,ORGANIZATION
67,Min,ORGANIZATION
67,L,ORGANIZATION
67,.,O
67,Sarah,PERSON
67,L,PERSON
67,.,O
67,Biswas,PERSON
67,A,O
67,.,O
67,et,O
67,al,O
67,.,O
67,Coronavirus,O
67,Disease,CAUSE_OF_DEATH
67,with,O
67,COVID,O
67,‐,O
67,19,NUMBER
67,.,O
67,their,O
67,newborn,O
67,infants,O
67,.,O
67,and,O
67,ma,O
67,‐,O
67,ternal,O
67,‐,O
67,2019,DATE
67,(,O
67,COVID,O
67,‐,O
67,19,NUMBER
67,),O
67,Pandemic,O
67,and,O
67,Pregnancy,O
67,.,O
67,Am,O
67,J,O
67,Obstet,O
67,fetal,O
67,transmission,O
67,of,O
67,SARS,O
67,‐,O
67,CoV,O
67,‐,O
67,2,NUMBER
67,:,O
67,maternal,O
67,coronavirus,O
67,Rev.,TITLE
67,Latino,O
67,‐,O
67,Am,O
67,.,O
67,Enfermagem,O
67,2020,DATE
67,;,O
67,28,NUMBER
67,:,O
67,e3348,O
67,.,O
67,infections,CAUSE_OF_DEATH
67,and,O
67,pregnancy,O
67,outcomes,O
67,.,O
67,Arch,O
67,Pathol,O
67,.,O
67,Lab,O
67,obstetricians,O
67,:,O
67,a,O
67,commentary,O
67,.,O
67,BJOG,O
67,‐,O
67,AN,O
67,Int,O
67,J,O
67,Ob,O
67,‐,O
67,stet,O
67,31,NUMBER
67,.,O
67,Rimmer,PERSON
67,A.,PERSON
67,Covid,PERSON
67,‐,O
67,19,NUMBER
67,:,O
67,doctors,O
67,in,O
67,final,O
67,trimester,O
67,of,O
67,40,NUMBER
67,.,O
67,Liu,PERSON
67,H,PERSON
67,.,O
67,Wang,PERSON
67,L,O
67,‐,O
67,L,O
67,.,O
67,Zhao,PERSON
67,S,O
67,‐,O
67,J,O
67,.,O
67,Kwak,PERSON
67,‐,O
67,Kim,PERSON
67,J,PERSON
67,.,O
67,Mor,O
67,G,O
67,.,O
67,pregnancy,O
67,should,O
67,avoid,O
67,direct,O
67,patient,O
67,contact,O
67,.,O
67,BMJ,O
67,.,O
67,Liao,PERSON
67,A,O
67,‐,O
67,H,O
67,.,O
67,Why,O
67,are,O
67,pregnant,O
67,women,O
67,susceptible,O
67,to,O
67,COVID,O
67,‐,O
67,19,NUMBER
67,?,O
67,An,O
67,immunological,O
67,viewpoint,O
67,.,O
67,J,O
67,Re,O
67,‐,O
67,prod,O
67,32,NUMBER
67,.,O
67,Suliman,PERSON
67,K,PERSON
67,.,O
67,Liangyu,PERSON
67,P,PERSON
67,.,O
67,Rabeea,PERSON
67,S,O
67,.,O
67,Ghulam,PERSON
67,N,PERSON
67,.,O
67,Nawsherwan,O
67,MX,COUNTRY
67,.,O
67,Jianbo,PERSON
67,Liu,PERSON
67,GH,O
67,.,O
67,Impact,O
67,of,O
67,COVID,O
67,‐,O
67,19,DATE
67,41,DATE
67,.,O
67,Direo,PERSON
67,Geral,PERSON
67,de,PERSON
67,Sade,PERSON
67,(,O
67,PT,O
67,),O
67,.,O
67,Norma,PERSON
67,n,O
67,007/2020,NUMBER
67,.,O
67,infection,CAUSE_OF_DEATH
67,on,O
67,pregnancy,O
67,outcomes,O
67,and,O
67,the,O
67,risk,O
67,of,O
67,de,O
67,29,NUMBER
67,de,O
67,maro,O
67,de,O
67,2020,DATE
67,.,O
67,Preveno,O
67,e,O
67,Controle,O
67,de,O
67,Infeco,O
67,por,O
67,SARS,O
67,‐,O
67,CoV,O
67,‐,O
67,2,NUMBER
67,(,O
67,COVID,O
67,‐,O
67,19,NUMBER
67,),O
67,:,O
67,Equipamentos,O
67,COVID,O
67,‐,O
67,19,NUMBER
67,during,O
67,natural,O
67,birth,O
67,.,O
67,In,O
67,‐,O
67,fect,O
67,Control,O
67,Hosp,O
67,33,NUMBER
67,.,O
67,Liu,PERSON
67,H,PERSON
67,.,O
67,Liu,PERSON
67,F,O
67,.,O
67,Li,PERSON
67,J,PERSON
67,.,O
67,Zhang,PERSON
67,T,PERSON
67,.,O
67,Wang,PERSON
67,D,PERSON
67,.,O
67,Lan,LOCATION
67,W.,LOCATION
67,Clinical,O
67,and,O
67,CT,ORGANIZATION
67,Imaging,ORGANIZATION
67,Features,ORGANIZATION
67,of,O
67,the,O
67,COVID,O
67,‐,O
67,19,NUMBER
67,Pneumonia,CAUSE_OF_DEATH
67,:,O
67,42,NUMBER
67,.,O
67,Vilelas,O
67,JMS,O
67,.,O
67,O,O
67,novo,O
67,coronavrus,O
67,e,O
67,o,O
67,risco,O
67,para,O
67,a,O
67,Focus,O
67,on,O
67,Pregnant,O
67,Women,O
67,and,O
67,Children,O
67,.,O
67,J,O
67,Infect,O
67,.,O
67,sade,O
67,das,O
67,crianas,O
67,.,O
67,Rev.,TITLE
67,Latino,O
67,‐,O
67,Am,O
67,.,O
67,Enfermagem,O
67,.,O
67,34,NUMBER
67,.,O
67,Panahi,PERSON
67,L,PERSON
67,.,O
67,Amiri,PERSON
67,M,PERSON
67,.,O
67,Pouy,ORGANIZATION
67,S.,ORGANIZATION
67,Risks,ORGANIZATION
67,of,ORGANIZATION
67,Novel,ORGANIZATION
67,Coron,ORGANIZATION
67,‐,O
67,avirus,O
67,43,NUMBER
67,.,O
67,Brasil,O
67,.,O
67,Ministrio,PERSON
67,da,PERSON
67,Sade,PERSON
67,.,O
67,Secretaria,O
67,de,O
67,Ateno,O
67,[,O
67,Inter,O
67,‐,O
67,net,O
67,],O
67,.,O
67,Arch,O
67,Acad,O
67,Emerg,O
67,Med,O
67,.,O
67,2020,DATE
67,[,O
67,cited,O
67,Apr,DATE
67,20,DATE
67,.,O
67,Estratgicas,LOCATION
67,.,O
67,Por,O
67,‐,O
67,taria,O
67,n,O
67,1.459,NUMBER
67,.,O
67,de,O
67,24,NUMBER
67,de,O
67,junho,O
67,de,O
67,2011,DATE
67,.,O
67,Institui,PERSON
67,.,O
67,no,O
67,mbito,O
67,do,O
67,Sis,O
67,‐,O
67,tema,O
67,nico,O
67,de,O
67,Sade,O
67,‐,O
67,SUS,O
67,‐,O
67,a,O
67,Rede,MISC
67,Cegonha,MISC
67,[,MISC
67,Internet,MISC
67,],O
67,.,O
67,Braslia,O
67,:,O
67,Ministrio,O
67,35,NUMBER
67,.,O
67,Chen,PERSON
67,H,PERSON
67,.,O
67,Guo,PERSON
67,J,PERSON
67,.,O
67,Wang,O
67,C,O
67,.,O
67,Luo,PERSON
67,F,O
67,.,O
67,Yu,PERSON
67,X,PERSON
67,.,O
67,Zhang,PERSON
67,da,PERSON
67,Sade,PERSON
67,;,O
67,2011,DATE
67,[,O
67,Acesso,ORGANIZATION
67,21,NUMBER
67,abr,O
67,2020,DATE
67,],O
67,.,O
67,Disponvel,O
67,em,O
67,:,O
67,vertical,O
67,transmission,O
67,potential,O
67,of,O
67,COVID,O
67,‐,O
67,19,NUMBER
67,infection,CAUSE_OF_DEATH
67,36,NUMBER
67,.,O
67,Yang,PERSON
67,H,PERSON
67,.,O
67,Wang,PERSON
67,C,PERSON
67,.,O
67,Poon,PERSON
67,LC,O
67,.,O
67,Nov,DATE
67,‐,O
67,el,O
67,coronavirus,O
67,infection,CAUSE_OF_DEATH
67,and,O
67,pregnancy,O
67,.,O
67,Ultrasound,O
67,Obstet,O
67,Gy,O
67,‐,O
67,necol,O
67,.,O
67,37,NUMBER
67,.,O
67,Schwartz,PERSON
67,DA,PERSON
67,.,O
67,Graham,PERSON
67,AL,O
67,.,O
67,Potential,O
67,Maternal,O
67,and,O
67,Infant,O
67,Outcomes,O
67,from,O
67,(,O
67,Wuhan,CITY
67,),O
67,Coronavirus,O
67,2019,DATE
67,‐,O
67,nCoV,O
67,Infecting,O
67,Pregnant,O
67,Women,O
67,:,O
67,Lessons,O
67,from,O
67,SARS,O
67,.,O
67,MERS,O
67,.,O
67,and,O
67,Other,O
67,Human,O
67,Coronavirus,O
67,In,O
67,‐,O
67,fections,O
67,.,O
67,Viruses,O
67,.,O
67,38,NUMBER
67,.,O
67,Di,ORGANIZATION
67,Mascio,ORGANIZATION
67,D,ORGANIZATION
67,.,O
67,Khalil,PERSON
67,A,O
67,.,O
67,Saccone,PERSON
67,G,O
67,.,O
67,Rizzo,PERSON
67,G,O
67,.,O
67,Buca,PERSON
67,D,PERSON
67,.,O
67,Liberati,PERSON
67,M,O
67,.,O
67,et,O
67,al,O
67,.,O
67,Outcome,O
67,of,O
67,Coronavirus,MISC
67,spectrum,O
67,in,O
67,‐,O
67,fections,O
67,(,O
67,SARS,O
67,.,O
67,MERS,O
67,.,O
67,COVID,O
67,1,NUMBER
67,‐,O
67,19,NUMBER
67,),O
67,during,O
67,pregnancy,O
67,:,O
67,39,NUMBER
67,.,O
67,Chua,PERSON
67,MSQ,O
67,.,O
67,Lee,PERSON
67,JCS,PERSON
67,.,O
67,Sulaiman,PERSON
67,S,O
67,.,O
67,Tan,LOCATION
67,HK,LOCATION
67,.,O
67,From,O
67,the,O
67,frontline,O
67,of,O
67,COVID,O
67,‐,O
67,19,NUMBER
67,‐,O
67,How,O
67,prepared,O
67,are,O
67,we,O
67,as,O
67,Maria,PERSON
67,Lcia,PERSON
67,Zanetti,PERSON
67,Victor,PERSON
67,Hugo,PERSON
67,Alves,PERSON
67,Mascarenhas,PERSON
67,Copyright,O
67,2020,DATE
67,Revista,O
67,Latino,O
67,‐,O
67,Americana,MISC
67,de,MISC
67,En,MISC
67,‐,O
67,fermagem,O
67,offered,O
67,.,O
67,Recommended,O
67,for,O
67,maximum,O
67,dissemination,O
67,and,O
67,use,O
67,of,O
