79,Pathological,O
79,Role,O
79,of,O
79,Angiotensin,O
79,II,NUMBER
79,in,O
79,Severe,O
79,COVID,O
79,‐,O
79,19,NUMBER
79,Wolfgang,PERSON
79,Miesbach1,O
79,Frankfurt,CITY
79,.,O
79,Frankfurt,CITY
79,.,O
79,Germany,COUNTRY
79,Address,O
79,for,O
79,correspon,O
79,‐,O
79,dence,O
79,Wolfgang,PERSON
79,Miesbach,PERSON
79,.,O
79,MD,STATE_OR_PROVINCE
79,.,O
79,Department,O
79,of,O
79,TH,MISC
79,Open,MISC
79,2020,DATE
79,;,O
79,4,NUMBER
79,:,O
79,e138e144,O
79,.,O
79,The,O
79,activated,O
79,reninangiotensin,O
79,system,O
79,induces,O
79,a,O
79,prothrombotic,O
79,state,O
79,resulting,O
79,from,O
79,the,O
79,imbalance,O
79,between,O
79,coagula,O
79,‐,O
79,tion,O
79,and,O
79,brinolysis,O
79,.,O
79,Angiotensin,O
79,II,NUMBER
79,is,O
79,the,O
79,central,O
79,effector,O
79,mole,O
79,‐,O
79,cule,O
79,of,O
79,the,O
79,activated,O
79,reninangiotensin,O
79,system,O
79,and,O
79,is,O
79,degraded,O
79,by,O
79,the,O
79,angiotensin,O
79,‐,O
79,converting,O
79,enzyme,O
79,2,NUMBER
79,to,O
79,angiotensin,O
79,(,O
79,17,NUMBER
79,),O
79,.,O
79,The,O
79,nov,DATE
79,‐,O
79,el,O
79,coronavirus,O
79,infection,CAUSE_OF_DEATH
79,(,O
79,classied,O
79,as,O
79,COVID,O
79,‐,O
79,19,NUMBER
79,),O
79,is,O
79,caused,O
79,by,O
79,the,O
79,new,O
79,coronavirus,O
79,SARS,O
79,‐,O
79,CoV,O
79,‐,O
79,2,NUMBER
79,and,O
79,is,O
79,characterized,O
79,by,O
79,an,O
79,exaggerated,O
79,inammatory,O
79,response,O
79,that,O
79,can,O
79,lead,O
79,to,O
79,severe,O
79,manifestations,O
79,such,O
79,as,O
79,acute,O
79,respiratory,O
79,distress,O
79,syndrome,O
79,.,O
79,sepsis,CAUSE_OF_DEATH
79,.,O
79,and,O
79,death,O
79,in,O
79,a,O
79,proportion,O
79,of,O
79,patients,O
79,.,O
79,mostly,O
79,elderly,O
79,patients,O
79,with,O
79,preexisting,O
79,comorbidities,O
79,.,O
79,SARS,O
79,‐,O
79,CoV,O
79,‐,O
79,2,NUMBER
79,uses,O
79,the,O
79,angiotensin,O
79,‐,O
79,converting,O
79,enzyme,O
79,2,NUMBER
79,receptor,O
79,to,O
79,enter,O
79,the,O
79,target,O
79,cells,O
79,.,O
79,resulting,O
79,in,O
79,activation,O
79,of,O
79,the,O
79,reninangiotensin,O
79,system,O
79,.,O
79,After,O
79,downregulating,O
79,the,O
79,an,O
79,‐,O
79,giotensinconverting,O
79,enzyme,O
79,2,NUMBER
79,.,O
79,the,O
79,vasoconstrictor,O
79,angiotensin,O
79,II,NUMBER
79,is,O
79,increasingly,O
79,produced,O
79,and,O
79,its,O
79,counterregulating,O
79,molecules,O
79,an,O
79,‐,O
79,giotensin,O
79,(,O
79,17,NUMBER
79,),O
79,reduced,O
79,.,O
79,Angiotensin,O
79,II,NUMBER
79,increases,O
79,thrombin,O
79,forma,O
79,‐,O
79,tion,O
79,and,O
79,impairs,O
79,brinolysis,O
79,.,O
79,Elevated,O
79,levels,O
79,were,O
79,strongly,O
79,asso,O
79,‐,O
79,ciated,O
79,with,O
79,viral,O
79,load,O
79,and,O
79,lung,O
79,injury,O
79,in,O
79,patients,O
79,with,O
79,severe,O
79,COVID,O
79,‐,O
79,19,NUMBER
79,.,O
79,Therefore,O
79,.,O
79,the,O
79,complex,O
79,clinical,O
79,picture,O
79,of,O
79,patients,O
79,with,O
79,severe,O
79,complications,CAUSE_OF_DEATH
79,of,O
79,COVID,O
79,‐,O
79,19,NUMBER
79,is,O
79,triggered,O
79,by,O
79,the,O
79,various,O
79,effects,O
79,of,O
79,highly,O
79,expressed,O
79,angiotensin,O
79,II,NUMBER
79,on,O
79,vasculopathy,O
79,.,O
79,coag,O
79,‐,O
79,ulopathy,O
79,.,O
79,and,O
79,inammation,O
79,.,O
79,Future,DATE
79,treatment,O
79,options,O
79,should,O
79,focus,O
79,on,O
79,blocking,O
79,the,O
79,thrombogenic,O
79,and,O
79,inammatory,O
79,properties,O
79,of,O
79,an,O
79,‐,O
79,giotensin,O
79,II,NUMBER
79,in,O
79,COVID,O
79,‐,O
79,19,NUMBER
79,patients,O
79,.,O
79,Coronavirus,O
79,disease,CAUSE_OF_DEATH
79,(,O
79,COVID,O
79,‐,O
79,19,NUMBER
79,),O
79,is,O
79,a,O
79,recent,O
79,pandemic,O
79,infection,CAUSE_OF_DEATH
79,caused,O
79,by,O
79,an,O
79,enveloped,O
79,.,O
79,nonsegmented,O
79,single,O
79,‐,O
79,stranded,O
79,ribonucleic,O
79,acid,O
79,(,O
79,RNA,O
79,),O
79,‐,O
79,coronavirus,O
79,2,NUMBER
79,(,O
79,SARS,O
79,‐,O
79,CoV,O
79,‐,O
79,2,NUMBER
79,),O
79,.,O
79,SARS,O
79,‐,O
79,CoV,O
79,‐,O
79,2,NUMBER
79,is,O
79,the,O
79,seventh,ORDINAL
79,member,O
79,of,O
79,the,O
79,coron,O
79,‐,O
79,avirus1,O
79,that,O
79,can,O
79,cause,O
79,various,O
79,symptoms,O
79,ranging,O
79,from,O
79,a,O
79,mild,O
79,cold,O
79,to,O
79,severe,O
79,respiratory,CAUSE_OF_DEATH
79,diseases,CAUSE_OF_DEATH
79,such,O
79,as,O
79,severe,O
79,acute,O
79,respiratory,O
79,syndrome,O
79,(,O
79,SARS,O
79,),O
79,and,O
79,Middle,MISC
79,Eastern,MISC
79,respiratory,O
79,syndrome,O
79,(,O
79,MERS,O
79,),O
79,with,O
79,mortality,O
79,rates,O
79,of,O
79,10,PERCENT
79,%,PERCENT
79,for,O
79,SARS,O
79,and,O
79,37,PERCENT
79,%,PERCENT
79,for,O
79,MERS,O
79,.2,NUMBER
79,In,O
79,recent,O
79,years,DURATION
79,.,O
79,two,NUMBER
79,other,O
79,coronary,O
79,viral,O
79,infections,CAUSE_OF_DEATH
79,have,O
79,spread,O
79,and,O
79,led,O
79,to,O
79,severe,O
79,respiratory,CAUSE_OF_DEATH
79,diseases,CAUSE_OF_DEATH
79,:,O
79,SARS,O
79,and,O
79,MERS,O
79,.,O
79,SARS,O
79,‐,O
79,CoV,O
79,rst,O
79,ap,O
79,‐,O
79,peared,O
79,18,DATE
79,years,DATE
79,ago,DATE
79,.3,NUMBER
79,During,O
79,the,O
79,SARS,MISC
79,epidemic,O
79,in,O
79,2002,DATE
79,.,O
79,more,O
79,than,O
79,8.000,NUMBER
79,infected,O
79,patients,O
79,of,O
79,all,O
79,ages,O
79,and,O
79,744,NUMBER
79,deaths,O
79,were,O
79,document,O
79,‐,O
79,ed,O
79,in,O
79,26,NUMBER
79,countries,O
79,on,O
79,5,NUMBER
79,continents,O
79,.,O
79,The,O
79,main,O
79,clinical,O
79,manifesta,O
79,‐,O
79,tions,O
79,were,O
79,upper,O
79,accepted,O
79,after,O
79,revision,O
79,respiratory,O
79,symptoms,O
79,.,O
79,rapid,O
79,progression,O
79,of,O
79,pneumonia,CAUSE_OF_DEATH
79,.,O
79,and,O
79,approximately,O
79,20,NUMBER
79,to,O
79,30,PERCENT
79,%,PERCENT
79,had,O
79,to,O
79,be,O
79,admitted,O
79,to,O
79,intensive,O
79,care,O
79,.4,NUMBER
79,In,O
79,patients,O
79,over,O
79,65,DURATION
79,years,DURATION
79,of,O
79,age,O
79,.,O
79,the,O
79,mortality,O
79,rate,O
79,was,O
79,over,O
79,50,PERCENT
79,%,PERCENT
79,.,O
79,Of,O
79,the,O
79,patients,O
79,treated,O
79,or,O
79,dying,O
79,in,O
79,the,O
79,intensive,O
79,care,O
79,unit,O
79,.,O
79,11.4,PERCENT
79,%,PERCENT
79,developed,O
79,disseminated,O
79,intravascular,O
79,COVID,O
79,‐,O
79,19,NUMBER
79,is,O
79,characterized,O
79,by,O
79,an,O
79,exaggerated,O
79,inamma,O
79,‐,O
79,tory,O
79,response,O
79,that,O
79,can,O
79,lead,O
79,to,O
79,severe,O
79,complications,CAUSE_OF_DEATH
79,.,O
79,acute,O
79,respi,O
79,‐,O
79,ratory,O
79,distress,O
79,syndrome,O
79,(,O
79,ARDS,O
79,),O
79,.,O
79,and,O
79,sepsis,CAUSE_OF_DEATH
79,shortly,O
79,after,O
79,the,O
79,on,O
79,‐,O
79,set,O
79,of,O
79,symptoms,O
79,.5,NUMBER
79,Thrombotic,O
79,events,O
79,and,O
79,coagulopathy,O
79,have,O
79,also,O
79,been,O
79,described,O
79,in,O
79,COVID,O
79,‐,O
79,19.6,NUMBER
79,The,O
79,transition,O
79,from,O
79,mild,O
79,to,O
79,severe,O
79,in,O
79,patients,O
79,with,O
79,COVID19,O
79,can,O
79,be,O
79,rapid,O
79,without,O
79,predicting,O
79,symp,O
79,‐,O
79,toms,O
79,.,O
79,and,O
79,older,O
79,male,O
79,and,O
79,obese,O
79,patients,O
79,with,O
79,comorbidities,O
79,have,O
79,a,O
79,higher,O
79,risk,O
79,of,O
79,developing,O
79,severe,O
79,symptoms,O
79,.7,NUMBER
79,2020,DATE
79,Georg,ORGANIZATION
79,Thieme,ORGANIZATION
79,Verlag,ORGANIZATION
79,KG,ORGANIZATION
79,Stuttgart,ORGANIZATION
79,New,ORGANIZATION
79,York,ORGANIZATION
79,Pathological,ORGANIZATION
79,Role,O
79,of,O
79,Angiotensin,O
79,II,NUMBER
79,in,O
79,Severe,O
79,COVID,O
79,‐,O
79,19,NUMBER
79,Acute,O
79,lung,O
79,failure,O
79,is,O
79,a,O
79,pathology,O
79,of,O
79,many,O
79,diseases,CAUSE_OF_DEATH
79,.,O
79,and,O
79,a,O
79,combination,O
79,of,O
79,antiviral,O
79,and,O
79,anti,O
79,‐,O
79,inammatory,O
79,treatments,O
79,is,O
79,recommended,O
79,for,O
79,COVID,O
79,‐,O
79,19.8,NUMBER
79,Unfortu,O
79,‐,O
79,nately,O
79,.,O
79,no,O
79,specic,O
79,drug,O
79,or,O
79,vaccine,O
79,has,O
79,yet,O
79,been,O
79,approved,O
79,for,O
79,the,O
79,treatment,O
79,of,O
79,human,O
79,coronavirus,O
79,.,O
79,Therefore,O
79,.,O
79,the,O
79,underlying,O
79,path,O
79,‐,O
79,omechanism,O
79,of,O
79,COVID,O
79,‐,O
79,19induced,O
79,changes,O
79,should,O
79,be,O
79,investigated,O
79,to,O
79,identify,O
79,specic,O
79,treatment,O
79,options,O
79,.,O
79,Clinical,O
79,COVID,O
79,‐,O
79,19,NUMBER
79,Manifesta,O
79,‐,O
79,tions,O
79,Chinese,NATIONALITY
79,Centre,O
79,for,O
79,Disease,ORGANIZATION
79,Control,ORGANIZATION
79,and,ORGANIZATION
79,Prevention,ORGANIZATION
79,.,O
79,81,PERCENT
79,%,PERCENT
79,had,O
79,mild,O
79,symptoms,O
79,.,O
79,14,PERCENT
79,%,PERCENT
79,severe,O
79,.,O
79,and,O
79,5,PERCENT
79,%,PERCENT
79,critical,O
79,manifestations,O
79,.9,NUMBER
79,The,O
79,case,O
79,fatality,O
79,rate,O
79,was,O
79,2.3,NUMBER
79,and,O
79,14.8,PERCENT
79,%,PERCENT
79,in,O
79,patients,O
79,aged,O
79,80,NUMBER
79,.,O
79,Older,O
79,patients,O
79,and,O
79,patients,O
79,with,O
79,comorbidities,O
79,and,O
79,higher,O
79,body,O
79,mass,O
79,in,O
79,‐,O
79,dex,ORGANIZATION
79,are,O
79,more,O
79,likely,O
79,to,O
79,have,O
79,serious,O
79,complications,CAUSE_OF_DEATH
79,of,O
79,COVID,O
79,‐,O
79,19,NUMBER
79,.,O
79,Severe,O
79,and,O
79,critical,O
79,cases,O
79,suffer,O
79,from,O
79,sepsis,CAUSE_OF_DEATH
79,and,O
79,ARDS,ORGANIZATION
79,.,O
79,and,O
79,coagu,O
79,‐,O
79,lopathy,O
79,occurs,O
79,in,O
79,50,PERCENT
79,%,PERCENT
79,of,O
79,cases,O
79,.10,NUMBER
79,Sepsis,CAUSE_OF_DEATH
79,.,O
79,cytokine,O
79,storm,CAUSE_OF_DEATH
79,.,O
79,and,O
79,vi,O
79,‐,O
79,ral,O
79,bypassing,O
79,of,O
79,the,O
79,cellular,O
79,immune,O
79,response,O
79,have,O
79,been,O
79,described,O
79,in,O
79,connection,O
79,with,O
79,human,O
79,coronavirus,O
79,infections11,O
79,.12,O
79,associated,O
79,with,O
79,neutrophilia,O
79,and,O
79,pulmonary,O
79,inltration,O
79,of,O
79,neutrophils,O
79,and,O
79,macrophages,O
79,in,O
79,respiratory,O
79,syndromes,O
79,.13.14,NUMBER
79,Pulmonary,O
79,symptoms,O
79,and,O
79,pneumonia,CAUSE_OF_DEATH
79,are,O
79,predominant,O
79,in,O
79,COVID,O
79,‐,O
79,19.15,NUMBER
79,Pneumonia,CAUSE_OF_DEATH
79,can,O
79,be,O
79,compli,O
79,‐,O
79,cated,O
79,by,O
79,hypoxic,O
79,pulmonary,O
79,vasoconstriction,O
79,.,O
79,which,O
79,is,O
79,a,O
79,homeo,O
79,‐,O
79,static,O
79,reex,O
79,contraction,O
79,of,O
79,the,O
79,pulmonary,O
79,vascular,O
79,smooth,O
79,muscle,O
79,in,O
79,response,O
79,to,O
79,low,O
79,regional,O
79,oxygen,O
79,partial,O
79,pressure,O
79,that,O
79,redi,O
79,‐,O
79,rects,O
79,blood,O
79,to,O
79,more,O
79,oxygenated,O
79,lung,O
79,segments,O
79,.16,NUMBER
79,In,O
79,a,O
79,study,O
79,using,O
79,remdesivir,O
79,.,O
79,a,O
79,nucleoside,O
79,analogue,O
79,drug,O
79,that,O
79,inhibits,O
79,viral,O
79,RNA,O
79,polymerases,O
79,there,O
79,is,O
79,a,O
79,mortality,O
79,rate,O
79,of,O
79,18,PERCENT
79,%,PERCENT
79,in,O
79,ventilated,O
79,COVID,O
79,‐,O
79,19,NUMBER
79,patients,O
79,.17,NUMBER
79,Sepsis,CAUSE_OF_DEATH
79,is,O
79,the,O
79,most,O
79,common,O
79,cause,O
79,of,O
79,acute,O
79,lung,O
79,injury,O
79,and,O
79,ARDS,ORGANIZATION
79,.18,NUMBER
79,ARDS,O
79,is,O
79,characterized,O
79,by,O
79,diffuse,O
79,alveolar,O
79,damage,O
79,and,O
79,is,O
79,often,O
79,complicated,O
79,by,O
79,pulmonary,O
79,hypertension,CAUSE_OF_DEATH
79,.19,NUMBER
79,In,O
79,patients,O
79,with,O
79,ARDS,ORGANIZATION
79,.,O
79,a,O
79,subgroup,O
79,of,O
79,ARDS,O
79,survivors,O
79,develop,O
79,a,O
79,bro,O
79,‐,O
79,pro,O
79,‐,O
79,liferative,O
79,response,O
79,characterized,O
79,by,O
79,broblast,O
79,accumulation,O
79,and,O
79,deposition,O
79,of,O
79,collagen,O
79,and,O
79,other,O
79,extracellular,O
79,matrix,O
79,compo,O
79,‐,O
79,nents,O
79,in,O
79,the,O
79,lung,O
79,.,O
79,The,O
79,development,O
79,of,O
79,severe,O
79,broproliferative,O
79,lung,O
79,disease,CAUSE_OF_DEATH
79,is,O
79,associated,O
79,with,O
79,a,O
79,poor,O
79,prognosis,O
79,with,O
79,high,O
79,mor,O
79,‐,O
79,tality,O
79,and,O
79,/,O
79,or,O
79,prolonged,O
79,ventilator,TITLE
79,dependence,O
79,.20,NUMBER
79,All,O
79,patients,O
79,with,O
79,severe,O
79,complications,CAUSE_OF_DEATH
79,experienced,O
79,extrapulmonary,O
79,symptoms,O
79,and,O
79,organ,O
79,injuries,O
79,.,O
79,In,O
79,a,O
79,multivariable,O
79,analysis,O
79,comparing,O
79,clinical,O
79,and,O
79,laboratory,O
79,parameters,O
79,of,O
79,137,NUMBER
79,surviving,O
79,patients,O
79,from,O
79,54,NUMBER
79,non,O
79,‐,O
79,survivors,O
79,.,O
79,death,O
79,occurred,O
79,median,O
79,on,O
79,the,DATE
79,18th,DATE
79,day,DATE
79,of,O
79,hospital,O
79,treatment,O
79,after,O
79,mechanical,O
79,ventilation,O
79,for,O
79,14.5,DURATION
79,days,DURATION
79,.10,NUMBER
79,In,O
79,three,NUMBER
79,patients,O
79,an,O
79,attempt,O
79,was,O
79,made,O
79,to,O
79,perform,O
79,extracorporeal,O
79,membrane,O
79,oxygenation,O
79,.,O
79,All,O
79,54,NUMBER
79,deceased,O
79,patients,O
79,developed,O
79,sepsis,CAUSE_OF_DEATH
79,(,O
79,100,NUMBER
79,vs.,O
79,42,PERCENT
79,%,PERCENT
79,of,O
79,survivors,O
79,),O
79,.,O
79,53,NUMBER
79,patients,O
79,suffered,O
79,from,O
79,respiratory,CAUSE_OF_DEATH
79,failure,CAUSE_OF_DEATH
79,(,O
79,98,NUMBER
79,vs.,O
79,36,PERCENT
79,%,PERCENT
79,),O
79,.,O
79,50,NUMBER
79,patients,O
79,suffered,O
79,from,O
79,ARDS,O
79,(,O
79,93,NUMBER
79,vs.,O
79,7,PERCENT
79,%,PERCENT
79,),O
79,.,O
79,28,NUMBER
79,pa,O
79,‐,O
79,tients,O
79,suffered,O
79,from,O
79,heart,CAUSE_OF_DEATH
79,failure,CAUSE_OF_DEATH
79,(,O
79,52,NUMBER
79,vs.,O
79,12,PERCENT
79,%,PERCENT
79,),O
79,.,O
79,and,O
79,38,NUMBER
79,patients,O
79,suffered,O
79,from,O
79,septic,O
79,shock,O
79,(,O
79,70,NUMBER
79,vs.,O
79,0,PERCENT
79,%,PERCENT
79,),O
79,.,O
79,The,O
79,rate,O
79,of,O
79,patients,O
79,with,O
79,organ,O
79,injury,O
79,was,O
79,signicantly,O
79,higher,O
79,in,O
79,patients,O
79,with,O
79,severe,O
79,out,O
79,‐,O
79,come,O
79,.,O
79,Of,O
79,54,NUMBER
79,patients,O
79,.,O
79,32,NUMBER
79,patients,O
79,had,O
79,a,O
79,heart,O
79,injury,O
79,.,O
79,25,NUMBER
79,had,O
79,heart,CAUSE_OF_DEATH
79,failure,CAUSE_OF_DEATH
79,.,O
79,and,O
79,27,NUMBER
79,had,O
79,a,O
79,kidney,O
79,injury,O
79,.,O
79,In,O
79,China,COUNTRY
79,.,O
79,several,O
79,studies,O
79,investigated,O
79,the,O
79,clinical,O
79,course,O
79,of,O
79,COVID,O
79,‐,O
79,19,NUMBER
79,.,O
79,differenti,O
79,‐,O
79,ating,O
79,between,O
79,severe,O
79,and,O
79,nonsevere,O
79,outcome,O
79,and,O
79,collecting,O
79,data,O
79,on,O
79,organ,O
79,injury,O
79,.,O
79,In,O
79,6,NUMBER
79,studies,O
79,.,O
79,the,O
79,clinical,O
79,course,O
79,of,O
79,1.841,NUMBER
79,patients,O
79,was,O
79,investigated,O
79,.,O
79,21,PERCENT
79,%,PERCENT
79,of,O
79,whom,O
79,developed,O
79,a,O
79,severe,O
79,manifestation,O
79,of,O
79,the,O
79,disease,CAUSE_OF_DEATH
79,.7.10.12.2123,NUMBER
79,Median,MISC
79,age,O
79,ranged,O
79,from,O
79,49,DURATION
79,to,DURATION
79,71.5,DURATION
79,years,DURATION
79,and,O
79,was,O
79,up,DURATION
79,to,DURATION
79,28.5,DURATION
79,years,DURATION
79,older,O
79,than,O
79,in,O
79,patients,O
79,with,O
79,nonsevere,O
79,course,O
79,.,O
79,Male,O
79,patients,O
79,were,O
79,more,O
79,affected,O
79,by,O
79,severe,O
79,manifestations,O
79,from,O
79,57.8,NUMBER
79,to,O
79,78,PERCENT
79,%,PERCENT
79,.,O
79,All,O
79,patients,O
79,with,O
79,severe,O
79,manifestations,O
79,had,O
79,or,O
79,‐,O
79,gan,O
79,injuries,O
79,.,O
79,up,O
79,to,O
79,55,PERCENT
79,%,PERCENT
79,heart,O
79,injuries,O
79,Angiotensin,O
79,‐,O
79,converting,O
79,en,O
79,‐,O
79,zyme,O
79,2,NUMBER
79,(,O
79,ACE2,O
79,),O
79,is,O
79,critical,O
79,for,O
79,heart,O
79,function,O
79,.,O
79,Angiotensin,O
79,II,NUMBER
79,(,O
79,Ang,PERSON
79,II,NUMBER
79,),O
79,infusions,O
79,in,O
79,mice,O
79,resulted,O
79,in,O
79,increased,O
79,blood,O
79,pressure,O
79,.,O
79,my,O
79,‐,O
79,ocardial,O
79,hypertrophy,O
79,.,O
79,and,O
79,brosis,O
79,.,O
79,whereas,O
79,these,O
79,effects,O
79,could,O
79,be,O
79,counteracted,O
79,with,O
79,recombinant,O
79,human,O
79,ACE2,O
79,.24,NUMBER
79,Loss,O
79,of,O
79,ACE2,O
79,can,O
79,fur,O
79,‐,O
79,ther,O
79,exacerbate,O
79,cardiac,O
79,damage,O
79,.25,NUMBER
79,Male,O
79,sex,O
79,in,O
79,severe,O
79,Zhou,O
79,et,O
79,al10,O
79,Guan,O
79,et,O
79,al,PERSON
79,Yang,PERSON
79,et,O
79,al21,O
79,Wang,O
79,et,O
79,al,O
79,Huang,PERSON
79,et,O
79,al12,O
79,QI,O
79,et,O
79,al,O
79,TH,MISC
79,Open,MISC
79,Pathological,O
79,Role,O
79,of,O
79,Angiotensin,O
79,II,NUMBER
79,in,O
79,Severe,O
79,COVID,O
79,‐,O
79,19,NUMBER
79,Myocardial,O
79,infarction,O
79,appears,O
79,to,O
79,be,O
79,an,O
79,important,O
79,complication,O
79,of,O
79,the,O
79,dis,O
79,‐,O
79,ease,O
79,.,O
79,which,O
79,.,O
79,according,O
79,to,O
79,Chen,PERSON
79,et,O
79,al,O
79,.,O
79,was,O
79,also,O
79,found,O
79,in,O
79,the,O
79,au,O
79,‐,O
79,topsy,O
79,of,O
79,a,O
79,53,NUMBER
79,‐,O
79,year,DURATION
79,‐,O
79,old,O
79,female,O
79,patient,O
79,.5,NUMBER
79,In,O
79,a,O
79,meta,O
79,‐,O
79,analysis,O
79,.,O
79,car,O
79,‐,O
79,diac,O
79,troponin,O
79,I,O
79,levels,O
79,are,O
79,signicantly,O
79,increased,O
79,in,O
79,patients,O
79,with,O
79,severe,O
79,COVID,O
79,‐,O
79,19,NUMBER
79,infection,CAUSE_OF_DEATH
79,compared,O
79,with,O
79,patients,O
79,with,O
79,milder,O
79,forms,O
79,of,O
79,the,O
79,disease,CAUSE_OF_DEATH
79,.26,NUMBER
79,Cardiac,O
79,injury,O
79,has,O
79,been,O
79,shown,O
79,in,O
79,a,O
79,cross,O
79,‐,O
79,sectional,O
79,study,O
79,with,O
79,150,NUMBER
79,patients,O
79,included,O
79,.,O
79,126,NUMBER
79,mild,O
79,and,O
79,24,NUMBER
79,se,O
79,‐,O
79,vere,O
79,cases5,O
79,and,O
79,has,O
79,been,O
79,conrmed,O
79,as,O
79,common,O
79,condition,O
79,among,O
79,hospi,O
79,‐,O
79,talized,O
79,patients,O
79,associated,O
79,with,O
79,higher,O
79,risk,O
79,of,O
79,in,O
79,‐,O
79,hospital,O
79,mor,O
79,‐,O
79,tality,O
79,.27,NUMBER
79,Of,O
79,a,O
79,total,O
79,of,O
79,416,NUMBER
79,patients,O
79,.,O
79,19.7,PERCENT
79,%,PERCENT
79,had,O
79,cardiac,O
79,injury,O
79,and,O
79,highly,O
79,signicant,O
79,elevated,O
79,levels,O
79,of,O
79,high,O
79,‐,O
79,sensitive,O
79,troponin,O
79,I,O
79,levels,O
79,.,O
79,The,O
79,mortality,O
79,of,O
79,these,O
79,patients,O
79,was,O
79,signicantly,O
79,higher,O
79,with,O
79,51.2,PERCENT
79,%,PERCENT
79,than,O
79,those,O
79,without,O
79,cardiac,O
79,injury,O
79,(,O
79,4.5,PERCENT
79,%,PERCENT
79,),O
79,.,O
79,Laboratory,O
79,and,O
79,imaging,O
79,ndings,O
79,suggest,O
79,an,O
79,increased,O
79,risk,O
79,of,O
79,thrombotic,O
79,events,O
79,in,O
79,patients,O
79,with,O
79,COVID,O
79,‐,O
79,19,NUMBER
79,infection,CAUSE_OF_DEATH
79,.,O
79,but,O
79,the,O
79,incidence,O
79,of,O
79,throm,O
79,‐,O
79,bosis,O
79,in,O
79,patients,O
79,with,O
79,COVID,O
79,‐,O
79,19,NUMBER
79,has,O
79,not,O
79,been,O
79,determined,O
79,.,O
79,Coagu,O
79,‐,O
79,lopathy,O
79,has,O
79,been,O
79,described,O
79,in,O
79,up,O
79,to,O
79,50,PERCENT
79,%,PERCENT
79,of,O
79,severe,O
79,manifestations,O
79,of,O
79,COVID,O
79,‐,O
79,19,NUMBER
79,.,O
79,It,O
79,has,O
79,been,O
79,shown,O
79,that,O
79,increased,O
79,D,O
79,‐,O
79,dimers,O
79,measured,O
79,at,O
79,hospital,O
79,admission,O
79,can,O
79,predict,O
79,the,O
79,severe,O
79,course,O
79,of,O
79,COVID,O
79,‐,O
79,19.10,NUMBER
79,D,O
79,‐,O
79,dimer,O
79,derives,O
79,from,O
79,the,O
79,cleavage,O
79,of,O
79,cross,O
79,‐,O
79,linked,O
79,brin,O
79,and,O
79,reects,O
79,both,O
79,thrombin,O
79,production,O
79,and,O
79,activation,O
79,of,O
79,brinolysis,O
79,.,O
79,Besides,O
79,the,O
79,known,O
79,variability,O
79,in,O
79,healthy,O
79,subjects,O
79,and,O
79,its,O
79,tendency,O
79,to,O
79,increase,O
79,with,O
79,age,O
79,.,O
79,there,O
79,is,O
79,an,O
79,association,O
79,of,O
79,in,O
79,‐,O
79,creased,O
79,D,O
79,‐,O
79,dimer,O
79,levels,O
79,and,O
79,brin,O
79,degradation,O
79,products,O
79,under,O
79,all,O
79,conditions,O
79,with,O
79,an,O
79,activated,O
79,coagulation,O
79,system,O
79,.,O
79,such,O
79,as,O
79,thrombo,O
79,‐,O
79,sis,O
79,.,O
79,infection,CAUSE_OF_DEATH
79,.,O
79,or,O
79,malignancy,O
79,.28,NUMBER
79,A,O
79,large,O
79,study,O
79,included,O
79,1.099,NUMBER
79,COVID,O
79,positive,O
79,patients,O
79,from,O
79,552,NUMBER
79,hospitals,O
79,in,O
79,China,COUNTRY
79,.,O
79,D,O
79,‐,O
79,dimer,O
79,lev,O
79,‐,O
79,els,O
79,above,O
79,the,O
79,threshold,O
79,of,O
79,0.5,NUMBER
79,g,O
79,/,O
79,L,O
79,were,O
79,detected,O
79,in,O
79,46.4,PERCENT
79,%,PERCENT
79,of,O
79,pa,O
79,‐,O
79,tients,O
79,;,O
79,60,PERCENT
79,%,PERCENT
79,among,O
79,them,O
79,developed,O
79,severe,O
79,manifestations,O
79,.,O
79,In,O
79,these,O
79,patients,O
79,.,O
79,Ddimer,O
79,levels,O
79,were,O
79,fourfold,O
79,increased,O
79,at,O
79,2.12,NUMBER
79,ug,O
79,/,O
79,mL,O
79,(,O
79,0.775.27,NUMBER
79,),O
79,compared,O
79,with,O
79,nonsevere,O
79,patients,O
79,(,O
79,0.61,NUMBER
79,ug,O
79,/,O
79,mL,O
79,.,O
79,0.351.29,NUMBER
79,),O
79,.,O
79,Interestingly,O
79,.,O
79,none,O
79,of,O
79,the,O
79,nonsevere,O
79,patients,O
79,had,O
79,D,O
79,‐,O
79,dimer,O
79,levels,O
79,increasing,O
79,more,O
79,than,O
79,three,NUMBER
79,times,O
79,at,O
79,admission,O
79,.7,NUMBER
79,In,O
79,a,O
79,study,O
79,of,O
79,184,NUMBER
79,critically,O
79,ill,O
79,patients,O
79,with,O
79,COVID,O
79,‐,O
79,19,NUMBER
79,from,O
79,3,NUMBER
79,Dutch,NATIONALITY
79,hospitals,O
79,.,O
79,there,O
79,was,O
79,a,O
79,31,PERCENT
79,%,PERCENT
79,incidence,O
79,of,O
79,thrombosis,CAUSE_OF_DEATH
79,instead,O
79,of,O
79,the,O
79,use,O
79,of,O
79,standard,O
79,doses,O
79,of,O
79,thromboprophylaxis,O
79,with,O
79,low,O
79,molecular,O
79,weight,O
79,heparin,O
79,.,O
79,The,O
79,majority,O
79,of,O
79,patients,O
79,suffered,O
79,from,O
79,lung,O
79,em,O
79,‐,O
79,bolism,O
79,.,O
79,but,O
79,stroke,CAUSE_OF_DEATH
79,also,O
79,occurred,O
79,in,O
79,three,NUMBER
79,In,O
79,addition,O
79,.,O
79,mi,O
79,‐,O
79,crothrombosis,O
79,was,O
79,described,O
79,in,O
79,a,O
79,case,O
79,series,O
79,of,O
79,four,NUMBER
79,autopsies,O
79,of,O
79,COVID,O
79,‐,O
79,19,NUMBER
79,infected,O
79,patients,O
79,from,O
79,New,CITY
79,Orleans,CITY
79,with,O
79,sudden,O
79,respira,O
79,‐,O
79,tory,O
79,decompensation,O
79,.,O
79,The,O
79,autopsy,O
79,ndings,O
79,showed,O
79,small,O
79,vessels,O
79,with,O
79,thromboembolism,O
79,and,O
79,small,O
79,thrombi,O
79,together,O
79,with,O
79,scattered,O
79,areas,O
79,of,O
79,diffuse,O
79,alveolar,O
79,damage,O
79,.,O
79,These,O
79,ndings,O
79,usually,O
79,worsened,O
79,the,O
79,course,O
79,of,O
79,the,O
79,disease,CAUSE_OF_DEATH
79,and,O
79,could,O
79,hardly,O
79,be,O
79,diagnosed,O
79,early,O
79,.,O
79,The,O
79,D,O
79,‐,O
79,dimers,O
79,found,O
79,at,O
79,the,O
79,time,DATE
79,of,O
79,death,O
79,were,O
79,elevated,O
79,in,O
79,only,O
79,two,NUMBER
79,pa,O
79,‐,O
79,tients,O
79,.,O
79,which,O
79,shows,O
79,that,O
79,microthrombosis,O
79,does,O
79,not,O
79,usually,O
79,lead,O
79,to,O
79,generalized,O
79,coagulation,O
79,activation,O
79,.30,NUMBER
79,The,O
79,ReninAngiotensin,O
79,System,O
79,The,O
79,reninangiotensin,O
79,system,O
79,(,O
79,RAS,O
79,),O
79,was,O
79,rst,O
79,described,O
79,more,O
79,than,O
79,40,NUMBER
79,years,DATE
79,ago,DATE
79,and,O
79,has,O
79,led,O
79,to,O
79,a,O
79,broader,O
79,understanding,O
79,of,O
79,cardiovascu,O
79,‐,O
79,lar,O
79,pathophysiology,O
79,.31,NUMBER
79,The,O
79,RAS,O
79,is,O
79,known,O
79,TH,MISC
79,Open,MISC
79,for,O
79,its,O
79,role,O
79,in,O
79,the,O
79,regulation,O
79,of,O
79,blood,O
79,pressure,O
79,.,O
79,electrolyte,O
79,balance,O
79,.,O
79,and,O
79,vascu,O
79,‐,O
79,lar,O
79,remodeling,O
79,.32,NUMBER
79,Continuous,O
79,basic,O
79,and,O
79,clinical,O
79,research,O
79,has,O
79,en,O
79,‐,O
79,abled,O
79,signicant,O
79,advances,O
79,in,O
79,therapy,O
79,and,O
79,developed,O
79,the,O
79,treatment,O
79,of,O
79,hypertension,CAUSE_OF_DEATH
79,and,O
79,left,O
79,ventricular,O
79,dysfunction,O
79,as,O
79,well,O
79,as,O
79,se,O
79,‐,O
79,vere,O
79,heart,CAUSE_OF_DEATH
79,failure,CAUSE_OF_DEATH
79,.,O
79,Renin,O
79,is,O
79,released,O
79,by,O
79,the,O
79,kidney,O
79,in,O
79,response,O
79,to,O
79,renal,O
79,hypoperfusion,O
79,.,O
79,reduced,O
79,sodium,O
79,intake,O
79,.,O
79,and,O
79,sympathetic,O
79,activation,O
79,.,O
79,A,O
79,cascade,O
79,of,O
79,proteolytic,O
79,reactions,O
79,leads,O
79,to,O
79,the,O
79,for,O
79,‐,O
79,mation,O
79,of,O
79,Ang,PERSON
79,peptides,O
79,with,O
79,different,O
79,functions,O
79,.,O
79,The,O
79,ACE,O
79,is,O
79,a,O
79,zinc,O
79,‐,O
79,dependent,O
79,peptidase,O
79,responsible,O
79,for,O
79,the,O
79,conversion,O
79,of,O
79,Ang,PERSON
79,I,O
79,into,O
79,vasoconstrictive,O
79,Ang,O
79,II,O
79,.,O
79,ACE2,O
79,counteracts,O
79,the,O
79,activity,O
79,of,O
79,ACE,O
79,by,O
79,reducing,O
79,the,O
79,amount,O
79,of,O
79,Ang,PERSON
79,II,PERSON
79,.,O
79,increasing,O
79,Ang,O
79,.17,O
79,and,O
79,cleaving,O
79,Ang,PERSON
79,I,O
79,to,O
79,Ang19,O
79,and,O
79,thereby,O
79,attenuating,O
79,the,O
79,effects,O
79,of,O
79,Ang,O
79,II,O
79,.,O
79,The,O
79,RAS,O
79,produces,O
79,opposite,O
79,effects,O
79,and,O
79,Ang17,O
79,directly,O
79,an,O
79,‐,O
79,tagonizes,O
79,the,O
79,effects,O
79,of,O
79,Ang,O
79,II,O
79,and,O
79,mediates,O
79,vasodilatory,O
79,and,O
79,an,O
79,‐,O
79,tiproliferative,O
79,effects,O
79,because,O
79,it,O
79,induces,O
79,the,O
79,release,O
79,of,O
79,nitric,O
79,oxide,O
79,and,O
79,prostaglandin,O
79,I2,O
79,after,O
79,stimulation,O
79,of,O
79,the,O
79,endothelial,O
79,AT2,O
79,receptor,O
79,.33.34,NUMBER
79,ACE2,O
79,is,O
79,expressed,O
79,predominantly,O
79,by,O
79,vascular,O
79,endothelial,O
79,cells,O
79,of,O
79,the,O
79,lung,O
79,.,O
79,but,O
79,also,O
79,of,O
79,extrapulmonary,O
79,tissue,O
79,.,O
79,heart,O
79,.,O
79,nervous,O
79,system,O
79,.,O
79,intestine,O
79,.,O
79,kidneys,O
79,.,O
79,blood,O
79,vessels,O
79,.,O
79,and,O
79,muscles,O
79,on,O
79,cell,O
79,surfaces,O
79,.35.36,NUMBER
79,In,O
79,addition,O
79,.,O
79,ACE2,O
79,has,O
79,functions,O
79,that,O
79,are,O
79,independent,RELIGION
79,of,O
79,RAS,O
79,.,O
79,In,O
79,vitro,O
79,and,O
79,in,O
79,vivo,O
79,studies,O
79,have,O
79,shown,O
79,that,O
79,ACE2,O
79,acts,O
79,as,O
79,a,O
79,functional,O
79,SARS,O
79,‐,O
79,CoV,O
79,‐,O
79,2,NUMBER
79,receptor,O
79,as,O
79,well,O
79,as,O
79,the,O
79,transmembrane,O
79,serine,O
79,protease,O
79,TMPRSS2,O
79,.,O
79,which,O
79,is,O
79,required,O
79,for,O
79,host,TITLE
79,cell,O
79,entry,O
79,and,O
79,subsequent,O
79,viral,O
79,replication,O
79,.37,NUMBER
79,Remark,O
79,‐,O
79,ably,O
79,.,O
79,the,O
79,SARS,MISC
79,‐,O
79,CoV,O
79,‐,O
79,2,NUMBER
79,protein,O
79,recognizes,O
79,human,O
79,ACE2,O
79,with,O
79,an,O
79,even,O
79,higher,O
79,binding,O
79,afnity,O
79,than,O
79,the,O
79,spike,O
79,of,O
79,SARS,O
79,‐,O
79,CoV,O
79,.38,NUMBER
79,Preclinical,O
79,studies,O
79,have,O
79,shown,O
79,that,O
79,after,O
79,binding,O
79,of,O
79,SARS,O
79,‐,O
79,CoV,O
79,to,O
79,its,O
79,recep,O
79,‐,O
79,tor,O
79,.,O
79,ACE2,O
79,activates,O
79,RAS,O
79,leading,O
79,to,O
79,downregulation,O
79,of,O
79,the,O
79,expres,O
79,‐,O
79,sion,O
79,of,O
79,ACE2,MISC
79,.,O
79,which,O
79,in,O
79,turn,O
79,results,O
79,in,O
79,excessive,O
79,production,O
79,of,O
79,Ang,O
79,II,O
79,.3942,NUMBER
79,Therefore,O
79,.,O
79,ACE2,O
79,plays,O
79,a,O
79,dual,O
79,role,O
79,in,O
79,COVID,O
79,‐,O
79,19,NUMBER
79,:,O
79,Ini,O
79,‐,O
79,tially,O
79,.,O
79,it,O
79,acts,O
79,as,O
79,a,O
79,receptor,O
79,for,O
79,SARS,O
79,‐,O
79,CoV,O
79,‐,O
79,2,NUMBER
79,entry,O
79,.,O
79,then,O
79,.,O
79,in,O
79,the,O
79,context,O
79,of,O
79,SARS,O
79,‐,O
79,CoV,O
79,‐,O
79,2,NUMBER
79,infection,CAUSE_OF_DEATH
79,.,O
79,ACE2,O
79,is,O
79,downregulated,O
79,.,O
79,which,O
79,in,O
79,‐,O
79,creases,O
79,Ang,O
79,II,O
79,.,O
79,The,O
79,Role,O
79,of,O
79,Angiotensin,O
79,II,O
79,Ang,O
79,II,O
79,is,O
79,the,O
79,central,O
79,effector,O
79,molecule,O
79,of,O
79,activated,O
79,RAS,O
79,.,O
79,Elevated,O
79,levels,O
79,of,O
79,Ang,PERSON
79,II,PERSON
79,have,O
79,been,O
79,reported,O
79,mostly,O
79,in,O
79,patients,O
79,with,O
79,hypertension,CAUSE_OF_DEATH
79,and,O
79,heart,O
79,failure,O
79,.,O
79,indicating,O
79,the,O
79,benet,O
79,of,O
79,RAS,O
79,inhibitors,O
79,.43,NUMBER
79,There,O
79,are,O
79,two,NUMBER
79,Ang,O
79,II,O
79,receptors,O
79,.,O
79,type,O
79,1,NUMBER
79,and,O
79,type,O
79,2,NUMBER
79,.,O
79,which,O
79,indicate,O
79,the,O
79,effect,O
79,of,O
79,RAS,O
79,inhibitors,O
79,.43,NUMBER
79,Most,O
79,cardiovascular,O
79,effects,O
79,of,O
79,Ang,O
79,II,O
79,are,O
79,at,O
79,‐,O
79,tributed,O
79,to,O
79,the,O
79,type,O
79,1,NUMBER
79,receptor,O
79,.,O
79,Notably,O
79,.,O
79,Ang,PERSON
79,II,PERSON
79,is,O
79,one,NUMBER
79,of,O
79,the,O
79,most,O
79,potent,O
79,vasopressors,O
79,known,O
79,when,O
79,linked,O
79,to,O
79,its,O
79,type,O
79,1,NUMBER
79,Ang,O
79,re,O
79,‐,O
79,ceptor,O
79,.,O
79,The,O
79,vasopressor,O
79,effects,O
79,of,O
79,Ang,O
79,II,O
79,were,O
79,investigated,O
79,in,O
79,a,O
79,multinational,O
79,.,O
79,double,O
79,‐,O
79,blind,O
79,.,O
79,randomized,O
79,controlled,O
79,trial,O
79,(,O
79,ATHOS,O
79,‐,O
79,3,NUMBER
79,),O
79,in,O
79,163,NUMBER
79,patients,O
79,with,O
79,vasodilatory,O
79,shock,O
79,.44,NUMBER
79,Ang,O
79,II,O
79,ef,O
79,‐,O
79,fectively,O
79,raised,O
79,blood,O
79,pressure,O
79,in,O
79,patients,O
79,with,O
79,vasodilatory,O
79,shock,O
79,who,O
79,did,O
79,not,O
79,respond,O
79,to,O
79,high,O
79,doses,O
79,of,O
79,conventional,O
79,vasopres,O
79,‐,O
79,sors,O
79,.,O
79,However,O
79,.,O
79,a,O
79,high,O
79,rate,O
79,of,O
79,thrombosis,CAUSE_OF_DEATH
79,was,O
79,observed,O
79,in,O
79,12.9,PERCENT
79,%,PERCENT
79,of,O
79,patients,O
79,and,O
79,the,O
79,use,O
79,of,O
79,thromboprophylaxis,O
79,was,O
79,recommended,O
79,.45,NUMBER
79,Interestingly,O
79,.,O
79,skin,O
79,problems,O
79,possibly,O
79,caused,O
79,by,O
79,thrombosis,CAUSE_OF_DEATH
79,of,O
79,small,O
79,vessels,O
79,were,O
79,also,O
79,observed,O
79,.,O
79,Pathological,O
79,Role,O
79,of,O
79,An,O
79,‐,O
79,giotensin,O
79,II,NUMBER
79,in,O
79,Severe,O
79,COVID,O
79,‐,O
79,19,NUMBER
79,There,O
79,is,O
79,evidence,O
79,for,O
79,the,O
79,impor,O
79,‐,O
79,tant,O
79,role,O
79,of,O
79,Ang,PERSON
79,II,PERSON
79,in,O
79,vascular,O
79,cell,O
79,growth,O
79,and,O
79,tissue,O
79,remodeling,O
79,after,O
79,hypertension,CAUSE_OF_DEATH
79,.,O
79,vascular,O
79,injury,O
79,.,O
79,heart,CAUSE_OF_DEATH
79,failure,CAUSE_OF_DEATH
79,.,O
79,and,O
79,athero,O
79,‐,O
79,sclerosis,O
79,.46.47,NUMBER
79,Recently,DATE
79,.,O
79,Ang,PERSON
79,II,PERSON
79,has,O
79,been,O
79,shown,O
79,to,O
79,stimulate,O
79,the,O
79,production,O
79,of,O
79,pulmonary,O
79,broblast,O
79,procollagen,O
79,via,O
79,the,O
79,AT1,O
79,receptor,O
79,in,O
79,lung,O
79,injury,O
79,.48,NUMBER
79,In,O
79,addition,O
79,.,O
79,Ang,O
79,II,O
79,promotes,O
79,the,O
79,growth,O
79,of,O
79,vas,O
79,‐,O
79,cular,O
79,smooth,O
79,muscle,O
79,cells,O
79,(,O
79,VSMCs,O
79,),O
79,.,O
79,which,O
79,induces,O
79,cellular,O
79,hyper,O
79,‐,O
79,trophy,O
79,in,O
79,the,O
79,pathology,O
79,of,O
79,hypertension,CAUSE_OF_DEATH
79,and,O
79,Ang,PERSON
79,II,PERSON
79,contributes,O
79,to,O
79,endothelial,O
79,dysfunction,O
79,.,O
79,the,O
79,development,O
79,of,O
79,arteriosclerosis,O
79,.,O
79,and,O
79,microvascular,O
79,thrombosis,CAUSE_OF_DEATH
79,.,O
79,Ang,O
79,II,O
79,stimulates,O
79,tissue,O
79,factor,O
79,(,O
79,TF,O
79,),O
79,expression,O
79,both,O
79,in,O
79,vitro,O
79,and,O
79,in,O
79,vivo,O
79,.49,NUMBER
79,TF,O
79,is,O
79,the,O
79,physiological,O
79,initiator,O
79,of,O
79,blood,O
79,coagulation,O
79,and,O
79,as,O
79,a,O
79,consequence,O
79,of,O
79,its,O
79,acti,O
79,‐,O
79,vation,O
79,.,O
79,TF,O
79,becomes,O
79,dominant,O
79,over,O
79,TF,O
79,pathway,O
79,inhibitor,O
79,.,O
79,resulting,O
79,in,O
79,prothrombotic,O
79,endothelium,O
79,.,O
79,In,O
79,addition,O
79,.,O
79,Ang,PERSON
79,II,O
79,stimulates,O
79,platelet,O
79,‐,O
79,derived,O
79,growth,O
79,factor,O
79,production,O
79,and,O
79,increases,O
79,platelet,O
79,aggregation,O
79,.,O
79,Arterial,O
79,thrombotic,O
79,events,O
79,such,O
79,as,O
79,stroke,CAUSE_OF_DEATH
79,or,O
79,myocar,O
79,‐,O
79,dial,O
79,infarction,O
79,are,O
79,associated,O
79,with,O
79,increased,O
79,platelet,O
79,aggrega,O
79,‐,O
79,tion,O
79,.50,NUMBER
79,key,O
79,players,O
79,in,O
79,the,O
79,pathogenesis,O
79,of,O
79,vascular,O
79,diseases,CAUSE_OF_DEATH
79,.,O
79,in,O
79,‐,O
79,ammation,O
79,.,O
79,coagulation,O
79,.,O
79,and,O
79,angiogenesis,O
79,are,O
79,increased,O
79,in,O
79,many,O
79,age,O
79,‐,O
79,related,O
79,vascular,O
79,diseases,CAUSE_OF_DEATH
79,such,O
79,as,O
79,coronary,O
79,artery,O
79,disease,CAUSE_OF_DEATH
79,.,O
79,but,O
79,also,O
79,stimulated,O
79,by,O
79,Ang,PERSON
79,II,O
79,.51,NUMBER
79,It,O
79,has,O
79,also,O
79,been,O
79,shown,O
79,that,O
79,Ang,PERSON
79,II,NUMBER
79,infusion,O
79,leads,O
79,to,O
79,abnormal,O
79,inammatory,O
79,and,O
79,thrombotic,O
79,reactions,O
79,in,O
79,the,O
79,microcirculation,O
79,.,O
79,In,O
79,hypertensive,O
79,rats,O
79,.,O
79,Ang,PERSON
79,II,O
79,accelerates,O
79,arterial,O
79,thrombosis,CAUSE_OF_DEATH
79,of,O
79,the,O
79,carotid,O
79,artery,O
79,via,O
79,the,O
79,AT1,O
79,receptor,O
79,.52,NUMBER
79,The,O
79,prothrombogenic,O
79,effects,O
79,are,O
79,not,O
79,restricted,O
79,to,O
79,large,O
79,arteries,O
79,.,O
79,There,O
79,is,O
79,also,O
79,accelerated,O
79,microvascular,O
79,thrombosis,CAUSE_OF_DEATH
79,in,O
79,arterioles,O
79,and,O
79,to,O
79,a,O
79,lesser,O
79,extent,O
79,in,O
79,venules,O
79,after,O
79,Ang,O
79,II,O
79,Clinical,O
79,data,O
79,also,O
79,support,O
79,the,O
79,role,O
79,of,O
79,Ang,PERSON
79,II,PERSON
79,in,O
79,brinolysis,O
79,.,O
79,Plasminogen,O
79,activator,O
79,inhibitor,O
79,1,NUMBER
79,(,O
79,PAI,O
79,‐,O
79,1,NUMBER
79,),O
79,is,O
79,the,O
79,major,O
79,inhibitor,O
79,of,O
79,the,O
79,brinolytic,O
79,sys,O
79,‐,O
79,tem,O
79,and,O
79,elevated,O
79,levels,O
79,have,O
79,been,O
79,found,O
79,to,O
79,be,O
79,associated,O
79,with,O
79,coronary,O
79,artery,O
79,disease,CAUSE_OF_DEATH
79,.,O
79,deep,O
79,vein,O
79,thrombosis,CAUSE_OF_DEATH
79,.,O
79,and,O
79,malignancy,O
79,.54,NUMBER
79,Mature,O
79,fat,O
79,cells,O
79,are,O
79,an,O
79,important,O
79,source,O
79,of,O
79,PAI,O
79,‐,O
79,1,NUMBER
79,.,O
79,and,O
79,its,O
79,ex,O
79,‐,O
79,pression,O
79,correlates,O
79,with,O
79,visceral,O
79,fat,O
79,mass,O
79,.,O
79,In,O
79,vitro,O
79,and,O
79,vivo,O
79,studies,O
79,have,O
79,shown,O
79,that,O
79,Ang,PERSON
79,II,PERSON
79,stimulates,O
79,the,O
79,expression,O
79,and,O
79,re,O
79,‐,O
79,lease,O
79,of,O
79,PAI,O
79,‐,O
79,1,NUMBER
79,.,O
79,Ang,O
79,II,O
79,also,O
79,stimulates,O
79,the,O
79,expression,O
79,of,O
79,PAI,O
79,‐,O
79,1,NUMBER
79,messenger,TITLE
79,RNA,O
79,(,O
79,mRNA,O
79,),O
79,in,O
79,endothelial,O
79,cells,O
79,and,O
79,increases,O
79,plasma,O
79,PAI,O
79,‐,O
79,1,NUMBER
79,levels,O
79,in,O
79,a,O
79,dose,O
79,‐,O
79,dependent,O
79,manner,O
79,.,O
79,The,O
79,infusion,O
79,of,O
79,Ang,PERSON
79,II,PERSON
79,in,O
79,healthy,O
79,volunteers,O
79,led,O
79,to,O
79,a,O
79,signicant,O
79,increase,O
79,in,O
79,PAI,O
79,‐,O
79,1,NUMBER
79,In,O
79,the,O
79,HEART,O
79,study,O
79,.,O
79,PAI,O
79,‐,O
79,1,NUMBER
79,concentrations,O
79,were,O
79,signicantly,O
79,lower,O
79,when,O
79,ad,O
79,‐,O
79,ministering,O
79,both,O
79,ramipril,O
79,and,O
79,captopril,O
79,.56,O
79,both,O
79,of,O
79,which,O
79,can,O
79,sup,O
79,‐,O
79,press,O
79,the,O
79,formation,O
79,of,O
79,Ang,O
79,II,O
79,in,O
79,adipose,O
79,tissue,O
79,.54,NUMBER
79,In,O
79,addition,O
79,.,O
79,inhalation,O
79,of,O
79,plasminogen,O
79,.,O
79,whose,O
79,conversion,O
79,to,O
79,plasmin,O
79,is,O
79,inhib,O
79,‐,O
79,ited,O
79,by,O
79,PAI,O
79,‐,O
79,1,NUMBER
79,.,O
79,improves,O
79,lung,O
79,lesions,O
79,and,O
79,hypoxemia,O
79,in,O
79,patients,O
79,with,O
79,COVID,O
79,‐,O
79,19.57,NUMBER
79,There,O
79,is,O
79,an,O
79,association,O
79,between,O
79,activated,O
79,RAS,O
79,.,O
79,increased,O
79,Ang,PERSON
79,II,PERSON
79,.,O
79,and,O
79,inammatory,O
79,cytokine,O
79,expression,O
79,and,O
79,activa,O
79,‐,O
79,tion,O
79,.,O
79,Ang,PERSON
79,II,PERSON
79,has,O
79,proinammatory,O
79,properties,O
79,.,O
79,including,O
79,the,O
79,in,O
79,‐,O
79,crease,O
79,of,O
79,interleukin,O
79,(,O
79,IL,STATE_OR_PROVINCE
79,),O
79,‐,O
79,6,NUMBER
79,.,O
79,which,O
79,was,O
79,demonstrated,O
79,after,O
79,infu,O
79,‐,O
79,sion,O
79,of,O
79,Ang,PERSON
79,II,PERSON
79,in,O
79,healthy,O
79,controls,O
79,.58,NUMBER
79,Furthermore,O
79,.,O
79,Ang,PERSON
79,II,PERSON
79,has,O
79,been,O
79,shown,O
79,to,O
79,induce,O
79,IL,STATE_OR_PROVINCE
79,‐,O
79,6,NUMBER
79,transcription,O
79,in,O
79,VSMC,ORGANIZATION
79,.59,NUMBER
79,In,O
79,VSMC,LOCATION
79,.,O
79,the,O
79,expression,O
79,of,O
79,IL,STATE_OR_PROVINCE
79,‐,O
79,6,NUMBER
79,could,O
79,be,O
79,induced,O
79,by,O
79,Ang,O
79,II,O
79,.60,O
79,which,O
79,may,O
79,ex,O
79,‐,O
79,plain,O
79,the,O
79,underlying,O
79,mechanism,O
79,in,O
79,the,O
79,progression,O
79,of,O
79,Ang,O
79,II,O
79,‐,O
79,in,O
79,‐,O
79,duced,O
79,atherosclerosis,CAUSE_OF_DEATH
79,.,O
79,IL,STATE_OR_PROVINCE
79,‐,O
79,6,NUMBER
79,is,O
79,a,O
79,multifunctional,O
79,cytokine,O
79,that,O
79,mediates,O
79,the,O
79,proliferation,O
79,of,O
79,B,O
79,‐,O
79,lymphocytes,O
79,during,O
79,antibody,O
79,syn,O
79,‐,O
79,thesis,O
79,.,O
79,Ang,O
79,II,O
79,stimulates,O
79,the,O
79,release,O
79,of,O
79,IL,STATE_OR_PROVINCE
79,‐,O
79,6,NUMBER
79,.,O
79,contributing,O
79,to,O
79,cytokine,O
79,storm,CAUSE_OF_DEATH
79,and,O
79,poorer,O
79,outcomes,O
79,in,O
79,patients,O
79,with,O
79,COVID,O
79,‐,O
79,19.59,NUMBER
79,The,O
79,function,O
79,of,O
79,ACE2,MISC
79,has,O
79,also,O
79,been,O
79,demonstrated,O
79,in,O
79,an,O
79,ACE2,O
79,knock,O
79,‐,O
79,out,O
79,mouse,O
79,model,TITLE
79,:,O
79,The,O
79,loss,O
79,of,O
79,ACE2,O
79,expression,O
79,preceded,O
79,acute,O
79,lung,O
79,damage,O
79,in,O
79,various,O
79,models,O
79,.,O
79,ACE2,O
79,knockout,O
79,mice,O
79,showed,O
79,more,O
79,severe,O
79,lung,O
79,damage,O
79,caused,O
79,by,O
79,increased,O
79,hydrostatic,O
79,pressure,O
79,.,O
79,reduced,O
79,perfusion,O
79,.,O
79,and,O
79,severe,O
79,pulmonary,CAUSE_OF_DEATH
79,edema,CAUSE_OF_DEATH
79,.41,NUMBER
79,Administration,O
79,of,O
79,recom,O
79,‐,O
79,binant,O
79,ACE2,O
79,protects,O
79,the,O
79,lungs,O
79,from,O
79,severe,O
79,lung,O
79,damage,O
79,.,O
79,Conse,O
79,‐,O
79,quently,O
79,.,O
79,Ang,PERSON
79,II,PERSON
79,is,O
79,directly,O
79,associated,O
79,with,O
79,lung,O
79,tissue,O
79,damage,O
79,and,O
79,ACE2,O
79,is,O
79,inversely,O
79,associated,O
79,with,O
79,lung,O
79,tissue,O
79,damage,O
79,.,O
79,Organ,O
79,damage,O
79,to,O
79,the,O
79,lung,O
79,.,O
79,heart,O
79,.,O
79,and,O
79,kidney,O
79,is,O
79,a,O
79,major,O
79,cause,O
79,of,O
79,severe,O
79,clinical,O
79,manifestations,O
79,in,O
79,COVID,O
79,patients,O
79,.,O
79,Already,O
79,in,O
79,2005,DATE
79,.,O
79,ACE2,O
79,was,O
79,shown,O
79,to,O
79,protect,O
79,the,O
79,mouse,O
79,lungs,O
79,from,O
79,ARDS,O
79,in,O
79,ACE2,O
79,knockout,O
79,mice,O
79,.,O
79,In,O
79,particular,O
79,.,O
79,the,O
79,injection,O
79,of,O
79,SARS,O
79,‐,O
79,CoV,O
79,spikes,O
79,into,O
79,mice,O
79,exacerbates,O
79,acute,O
79,lung,O
79,failure,O
79,in,O
79,vivo,O
79,.,O
79,which,O
79,can,O
79,be,O
79,attenuated,O
79,by,O
79,blocking,O
79,the,O
79,reninangiotensin,O
79,signaling,O
79,pathway,O
79,.,O
79,suggesting,O
79,that,O
79,activation,O
79,of,O
79,pulmonary,O
79,RAS,O
79,inuences,O
79,the,O
79,pathogenesis,O
79,of,O
79,ARDS,ORGANIZATION
79,and,O
79,SARS,O
79,.39.41,NUMBER
79,In,O
79,autopsies,O
79,of,O
79,patients,O
79,who,O
79,died,O
79,from,O
79,SARS,O
79,.,O
79,35,PERCENT
79,%,PERCENT
79,of,O
79,heart,O
79,samples,O
79,showed,O
79,the,O
79,presence,O
79,of,O
79,SARSCoV,O
79,associated,O
79,with,O
79,reduced,O
79,ACE2,O
79,expression,O
79,.61,NUMBER
79,Remarkably,O
79,.,O
79,the,O
79,unbalanced,O
79,RAS,O
79,was,O
79,found,O
79,in,O
79,COVID,O
79,‐,O
79,19,NUMBER
79,patients,O
79,.,O
79,In,O
79,an,O
79,investigation,O
79,of,O
79,epidemio,O
79,‐,O
79,logical,O
79,.,O
79,clinical,O
79,.,O
79,laboratory,O
79,chemical,O
79,.,O
79,and,O
79,radiological,O
79,charac,O
79,‐,O
79,teristics,O
79,and,O
79,potential,O
79,biomarkers,O
79,to,O
79,predict,O
79,disease,CAUSE_OF_DEATH
79,severity,O
79,in,O
79,2019nCoV,O
79,‐,O
79,infected,O
79,patients,O
79,in,O
79,Shenzhen,CITY
79,.,O
79,Ang,O
79,II,O
79,levels,O
79,in,O
79,the,O
79,plasma,O
79,sample,O
79,of,O
79,2019,DATE
79,‐,O
79,nCoV,O
79,‐,O
79,infected,O
79,patients,O
79,were,O
79,shown,O
79,to,O
79,be,O
79,signicantly,O
79,elevated,O
79,and,O
79,linearly,O
79,associated,O
79,with,O
79,viral,O
79,load,O
79,and,O
79,lung,O
79,damage,O
79,in,O
79,critically,O
79,ill,O
79,patients,O
79,.62,NUMBER
79,clinical,O
79,symptoms,O
79,of,O
79,COVID,O
79,‐,O
79,19,NUMBER
79,patients,O
79,.,O
79,The,O
79,complex,O
79,clinical,O
79,picture,O
79,of,O
79,patients,O
79,with,O
79,severe,O
79,complications,CAUSE_OF_DEATH
79,of,O
79,COVID19,O
79,is,O
79,triggered,O
79,by,O
79,the,O
79,different,O
79,ef,O
79,‐,O
79,fects,O
79,of,O
79,highly,O
79,expressed,O
79,Ang,O
79,II,NUMBER
79,on,O
79,vasculopathy,O
79,.,O
79,coagulopathy,O
79,.,O
79,and,O
79,inammation,O
79,.,O
79,Treatment,O
79,Options,O
79,of,O
79,Angiotension,O
79,2Related,O
79,Clin,O
79,‐,O
79,ical,O
79,Symptoms,O
79,It,O
79,could,O
79,be,O
79,shown,O
79,that,O
79,patients,O
79,with,O
79,COVID,O
79,‐,O
79,19,NUMBER
79,have,O
79,an,O
79,unbalanced,O
79,RAS,O
79,with,O
79,highly,O
79,expressed,O
79,Ang,PERSON
79,levels,O
79,.,O
79,In,O
79,addition,O
79,.,O
79,the,O
79,presence,O
79,of,O
79,comorbidities,O
79,such,O
79,as,O
79,arterial,O
79,hypertension,CAUSE_OF_DEATH
79,is,O
79,signicantly,O
79,associated,O
79,with,O
79,a,O
79,worse,O
79,outcome,O
79,.,O
79,Of,O
79,a,O
79,total,O
79,of,O
79,1.430,NUMBER
79,patients,O
79,in,O
79,3,NUMBER
79,studies,O
79,.,O
79,hypertension,CAUSE_OF_DEATH
79,was,O
79,common,O
79,in,O
79,up,O
79,to,O
79,48,PERCENT
79,%,PERCENT
79,of,O
79,patients,O
79,and,O
79,there,O
79,were,O
79,signicantly,O
79,more,O
79,severe,O
79,manifestations,O
79,in,O
79,36,NUMBER
79,to,O
79,48,PERCENT
79,%,PERCENT
79,of,O
79,patients,O
79,compared,O
79,with,O
79,severe,O
79,manifestations,O
79,in,O
79,14,NUMBER
79,to,O
79,24,PERCENT
79,%,PERCENT
79,of,O
79,patients,O
79,The,O
79,presence,O
79,of,O
79,hypertension,CAUSE_OF_DEATH
79,is,O
79,associated,O
79,with,O
79,signicantly,O
79,higher,O
79,mortality,O
79,.,O
79,The,O
79,odds,O
79,ratio,O
79,for,O
79,mortality,O
79,in,O
79,hypertension,CAUSE_OF_DEATH
79,is,O
79,between,O
79,1.70,NUMBER
79,(,O
79,0.923.13,NUMBER
79,),O
79,12,NUMBER
79,and,O
79,3.05,NUMBER
79,(,O
79,1.6,NUMBER
79,‐,O
79,5.9,NUMBER
79,),O
79,.10,NUMBER
79,However,O
79,.,O
79,the,O
79,data,O
79,were,O
79,not,O
79,adjusted,O
79,to,O
79,other,O
79,risk,O
79,TH,MISC
79,Open,MISC
79,Pathological,O
79,Role,O
79,of,O
79,Angiotensin,O
79,II,NUMBER
79,in,O
79,Severe,O
79,COVID,O
79,‐,O
79,19,NUMBER
79,Ang,O
79,II,O
79,‐,O
79,in,O
79,‐,O
79,duced,O
79,Increase,O
79,of,O
79,Organ,O
79,injury,O
79,Increase,O
79,of,O
79,IL,STATE_OR_PROVINCE
79,‐,O
79,6,NUMBER
79,(,O
79,5961,NUMBER
79,),O
79,Increased,O
79,hydrostatic,O
79,Vascular,O
79,smooth,O
79,muscle,O
79,cells60,O
79,.61,O
79,Ang,O
79,II,O
79,‐,O
79,induced,O
79,and,O
79,thrombosis,CAUSE_OF_DEATH
79,Vascular,O
79,smooth,O
79,muscle,O
79,cells60,O
79,.61,O
79,Vascular,O
79,smooth,O
79,mus,O
79,‐,O
79,cle,O
79,cells60,O
79,.61,O
79,Increase,O
79,of,O
79,TF49,O
79,and,O
79,PAI,O
79,‐,O
79,154.55,NUMBER
79,Increased,O
79,platelet,O
79,aggregation50,O
79,.67,O
79,and,O
79,increase,O
79,of,O
79,PDGF50,O
79,Ang,O
79,II,O
79,‐,O
79,induced,O
79,Abbrevia,O
79,‐,O
79,tions,O
79,:,O
79,ANG,O
79,II,NUMBER
79,.,O
79,angiotensin,O
79,II,NUMBER
79,;,O
79,ARDS,O
79,.,O
79,acute,O
79,respiratory,O
79,distress,O
79,syndrome,O
79,;,O
79,IL,STATE_OR_PROVINCE
79,‐,O
79,6,NUMBER
79,.,O
79,interleukin,O
79,‐,O
79,6,NUMBER
79,;,O
79,PAI,O
79,‐,O
79,1,NUMBER
79,.,O
79,plasminogen,O
79,activator,O
79,in,O
79,‐,O
79,hibitor,O
79,1,NUMBER
79,;,O
79,PDGF,ORGANIZATION
79,.,O
79,platelet,O
79,‐,O
79,derived,O
79,growth,O
79,factor,O
79,;,O
79,TF,O
79,.,O
79,tissue,O
79,fac,O
79,‐,O
79,tor,O
79,.,O
79,Guan,O
79,et,O
79,al7,O
79,Zhou,O
79,et,O
79,al,O
79,Zhang,O
79,et,O
79,al,O
79,Patients,O
79,with,O
79,Worse,O
79,out,O
79,‐,O
79,come,O
79,of,O
79,patients,O
79,with,O
79,hypertension,CAUSE_OF_DEATH
79,versus,O
79,of,O
79,patients,O
79,with,O
79,no,O
79,hy,O
79,‐,O
79,pertension,O
79,factors,O
79,and,O
79,it,O
79,became,O
79,not,O
79,clear,O
79,from,O
79,the,O
79,studies,O
79,whether,O
79,the,O
79,hypertension,CAUSE_OF_DEATH
79,was,O
79,previously,DATE
79,known,O
79,or,O
79,was,O
79,only,O
79,diag,O
79,‐,O
79,nosed,O
79,during,O
79,the,O
79,hospital,O
79,stay,O
79,and,O
79,whether,O
79,treatment,O
79,.,O
79,for,O
79,exam,O
79,‐,O
79,ple,O
79,.,O
79,with,O
79,RAS,O
79,‐,O
79,inhibiting,O
79,drugs,CRIMINAL_CHARGE
79,.,O
79,was,O
79,administered,O
79,.,O
79,Therefore,O
79,.,O
79,RAS,O
79,‐,O
79,inhibiting,O
79,drugs,CRIMINAL_CHARGE
79,.,O
79,such,O
79,as,O
79,ACE,O
79,inhibitors,O
79,(,O
79,ACEIs,O
79,),O
79,or,O
79,an,O
79,‐,O
79,giotensin,O
79,receptor,O
79,blockers,O
79,(,O
79,ARBs,MISC
79,),O
79,.,O
79,may,O
79,be,O
79,used,O
79,in,O
79,COVID,O
79,‐,O
79,19,NUMBER
79,‐,O
79,in,O
79,‐,O
79,fected,O
79,patients,O
79,to,O
79,treat,O
79,hypertension,CAUSE_OF_DEATH
79,and,O
79,other,O
79,Ang,O
79,II,O
79,‐,O
79,related,O
79,complications,CAUSE_OF_DEATH
79,.,O
79,A,O
79,preclinical,O
79,study,O
79,showed,O
79,that,O
79,ARB,O
79,drugs,CRIMINAL_CHARGE
79,.,O
79,espe,O
79,‐,O
79,cially,O
79,losartan,O
79,.,O
79,are,O
79,effective,O
79,in,O
79,relieving,O
79,acute,O
79,lung,O
79,injury,O
79,caused,O
79,by,O
79,SARS,O
79,‐,O
79,CoV,O
79,in,O
79,mice,O
79,.62,NUMBER
79,However,O
79,.,O
79,ACEI,ORGANIZATION
79,and,O
79,ARB,O
79,have,O
79,shown,O
79,an,O
79,increase,O
79,in,O
79,ACE2,O
79,expression,O
79,(,O
79,in,O
79,heart,O
79,tissue,O
79,),O
79,in,O
79,animal,O
79,models,O
79,.63,NUMBER
79,There,O
79,is,O
79,concern,O
79,that,O
79,a,O
79,possible,O
79,higher,O
79,expression,O
79,of,O
79,pulmonary,O
79,membrane,O
79,‐,O
79,bound,O
79,ACE2,O
79,(,O
79,which,O
79,has,O
79,not,O
79,been,O
79,conrmed,O
79,to,O
79,date,O
79,),O
79,may,O
79,lead,O
79,to,O
79,easier,O
79,entry,O
79,of,O
79,the,O
79,virus,O
79,into,O
79,respiratory,O
79,cells,O
79,when,O
79,RAS,O
79,‐,O
79,in,O
79,‐,O
79,hibiting,O
79,drugs,CRIMINAL_CHARGE
79,are,O
79,taken,O
79,.,O
79,On,O
79,the,O
79,other,O
79,hand,O
79,.,O
79,both,O
79,ACEI,O
79,(,O
79,lisino,O
79,‐,O
79,pril,O
79,),O
79,and,O
79,ARB,O
79,(,O
79,losartan,O
79,),O
79,can,O
79,upregulate,O
79,cardiac,O
79,ACE2,O
79,mRNA,O
79,by,O
79,a,O
79,factor,O
79,of,O
79,3,NUMBER
79,to,O
79,4,NUMBER
79,.,O
79,In,O
79,an,O
79,animal,O
79,model,TITLE
79,.,O
79,the,O
79,ACEI,O
79,enalapril,O
79,attenu,O
79,‐,O
79,ated,O
79,the,O
79,downregulation,O
79,of,O
79,cardiac,O
79,ACE2,O
79,after,O
79,myocardial,O
79,There,O
79,is,O
79,a,O
79,clear,O
79,benet,O
79,of,O
79,ACEI,ORGANIZATION
79,and,O
79,ARB,O
79,in,O
79,reducing,O
79,thrombotic,O
79,effects,O
79,in,O
79,hypertensive,O
79,patients,O
79,.66.67,NUMBER
79,Protection,O
79,against,O
79,severe,O
79,lung,O
79,damage,O
79,could,O
79,also,O
79,be,O
79,achieved,O
79,by,O
79,administering,O
79,recombinant,O
79,ACE2,O
79,.,O
79,ACE2,O
79,knockout,O
79,mice,O
79,showed,O
79,more,O
79,severe,O
79,lung,O
79,damage,O
79,caused,O
79,by,O
79,increased,O
79,hydrostatic,O
79,pressure,O
79,.,O
79,reduced,O
79,perfusion,O
79,.,O
79,and,O
79,severe,O
79,pulmonary,O
79,edema,O
79,.41,NUMBER
79,Administration,O
79,of,O
79,recombinant,O
79,ACE2,O
79,protects,O
79,the,O
79,lungs,O
79,from,O
79,severe,O
79,lung,O
79,damage,O
79,.,O
79,Consequently,O
79,.,O
79,Ang,PERSON
79,II,PERSON
79,is,O
79,TH,MISC
79,Open,MISC
79,directly,O
79,associated,O
79,with,O
79,lung,O
79,tissue,O
79,damage,O
79,and,O
79,ACE2,O
79,is,O
79,inversely,O
79,associ,O
79,‐,O
79,ated,O
79,with,O
79,lung,O
79,tissue,O
79,damage,O
79,.,O
79,Recently,DATE
79,.,O
79,it,O
79,could,O
79,be,O
79,shown,O
79,that,O
79,human,O
79,recombinant,O
79,soluble,O
79,ACE2,O
79,can,O
79,block,O
79,early,O
79,stages,O
79,of,O
79,SARS,O
79,‐,O
79,CoV,O
79,‐,O
79,2,NUMBER
79,infections68,O
79,and,O
79,could,O
79,in,O
79,the,DATE
79,future,DATE
79,also,O
79,be,O
79,used,O
79,to,O
79,treat,O
79,COVID,O
79,‐,O
79,19,NUMBER
79,patients,O
79,.,O
79,which,O
79,is,O
79,currently,DATE
79,being,O
79,tested,O
79,in,O
79,a,O
79,phase,O
79,2,NUMBER
79,clinical,O
79,Currently,DATE
79,.,O
79,numerous,O
79,drugs,CRIMINAL_CHARGE
79,are,O
79,studied,O
79,in,O
79,clinical,O
79,tri,O
79,‐,O
79,als,O
79,.,O
79,A,O
79,small,O
79,cohort,O
79,of,O
79,critically,O
79,ill,O
79,patients,O
79,was,O
79,treated,O
79,with,O
79,remdesivir,O
79,.,O
79,a,O
79,nucleoside,O
79,analogue,O
79,that,O
79,inhibits,O
79,viral,O
79,RNA,O
79,poly,O
79,‐,O
79,merases,O
79,.,O
79,and,O
79,a,O
79,clinical,O
79,improvement,O
79,was,O
79,observed,O
79,in,O
79,36,NUMBER
79,of,O
79,53,NUMBER
79,pa,O
79,‐,O
79,tients,O
79,(,O
79,68,PERCENT
79,%,PERCENT
79,),O
79,.17,NUMBER
79,Randomized,O
79,controlled,O
79,trials,O
79,are,O
79,ongoing,O
79,and,O
79,will,O
79,soon,O
79,provide,O
79,more,O
79,evidence,O
79,of,O
79,the,O
79,safety,O
79,and,O
79,efcacy,O
79,of,O
79,remdesivir,O
79,for,O
79,Covid,O
79,‐,O
79,19,NUMBER
79,.,O
79,Finally,O
79,.,O
79,considering,O
79,COVID,O
79,‐,O
79,19,NUMBER
79,as,O
79,a,O
79,procoagulant,O
79,disease,CAUSE_OF_DEATH
79,.,O
79,prophylactic,O
79,anticoagulation,O
79,with,O
79,low,O
79,molecular,O
79,weight,O
79,heparin,O
79,should,O
79,be,O
79,initiated,O
79,as,O
79,soon,O
79,as,O
79,possible,O
79,to,O
79,prevent,O
79,throm,O
79,‐,O
79,botic,O
79,events,O
79,and,O
79,to,O
79,counteract,O
79,the,O
79,proinammatory,O
79,inuence,O
79,of,O
79,cy,O
79,‐,O
79,tokines,O
79,.69,NUMBER
79,The,O
79,transition,O
79,from,O
79,mild,O
79,to,O
79,severe,O
79,symptoms,O
79,can,O
79,occur,O
79,rapidly,O
79,in,O
79,patients,O
79,with,O
79,COVID,O
79,‐,O
79,19,NUMBER
79,without,O
79,predicting,O
79,signals,O
79,.,O
79,and,O
79,older,O
79,male,O
79,and,O
79,obese,O
79,patients,O
79,with,O
79,comorbidities,O
79,have,O
79,a,O
79,higher,O
79,risk,O
79,of,O
79,developing,O
79,severe,O
79,symptoms,O
79,.,O
79,The,O
79,RAS,O
79,plays,O
79,an,O
79,important,O
79,role,O
79,in,O
79,COVID,O
79,‐,O
79,19,NUMBER
79,.,O
79,ACE2,O
79,acts,O
79,as,O
79,functional,O
79,SARS,O
79,‐,O
79,CoV,O
79,‐,O
79,2,NUMBER
79,receptor,O
79,.,O
79,which,O
79,leads,O
79,to,O
79,a,O
79,downregulation,O
79,of,O
79,ACE2,O
79,and,O
79,a,O
79,higher,O
79,expression,O
79,of,O
79,Ang,PERSON
79,II,PERSON
79,.,O
79,ACE2,O
79,is,O
79,Pathological,O
79,Role,O
79,of,O
79,Angiotensin,O
79,II,NUMBER
79,in,O
79,Severe,O
79,COVID,O
79,‐,O
79,19,NUMBER
79,predominantly,O
79,expressed,O
79,by,O
79,vascular,O
79,endothelial,O
79,cells,O
79,of,O
79,the,O
79,lung,O
79,.,O
79,but,O
79,also,O
79,in,O
79,extrapulmonary,O
79,tissue,O
79,.,O
79,heart,O
79,.,O
79,nervous,O
79,sys,O
79,‐,O
79,tem,O
79,.,O
79,intestine,O
79,.,O
79,kidneys,O
79,.,O
79,blood,O
79,vessels,O
79,.,O
79,and,O
79,muscles,O
79,on,O
79,cell,O
79,sur,O
79,‐,O
79,faces,O
79,.,O
79,which,O
79,may,O
79,explain,O
79,the,O
79,multiorgan,O
79,dysfunction,O
79,observed,O
79,in,O
79,patients,O
79,with,O
79,COVID,O
79,‐,O
79,19,NUMBER
79,.,O
79,The,O
79,complex,O
79,clinical,O
79,picture,O
79,of,O
79,patients,O
79,with,O
79,severe,O
79,complications,CAUSE_OF_DEATH
79,of,O
79,COVID,O
79,‐,O
79,19,NUMBER
79,includes,O
79,pneumonia,CAUSE_OF_DEATH
79,.,O
79,ARDS,O
79,.,O
79,sepsis,CAUSE_OF_DEATH
79,.,O
79,coagulopathy,O
79,.,O
79,high,O
79,rate,O
79,of,O
79,thrombosis,CAUSE_OF_DEATH
79,.,O
79,and,O
79,organ,O
79,damage,O
79,and,O
79,is,O
79,triggered,O
79,by,O
79,various,O
79,effects,O
79,of,O
79,highly,O
79,expressed,O
79,Ang,O
79,II,O
79,on,O
79,vasculopathy,O
79,.,O
79,coagulopathy,O
79,.,O
79,and,O
79,inammation,O
79,.,O
79,The,O
79,combination,O
79,of,O
79,numerous,O
79,pathophysiological,O
79,changes,O
79,caused,O
79,by,O
79,Ang,O
79,II,O
79,in,O
79,COVID,O
79,‐,O
79,19,NUMBER
79,could,O
79,explain,O
79,the,O
79,rapid,O
79,development,O
79,of,O
79,severe,O
79,patients,O
79,and,O
79,why,O
79,older,O
79,and,O
79,obese,O
79,patients,O
79,are,O
79,particularly,O
79,affected,O
79,.,O
79,Future,DATE
79,treatment,O
79,options,O
79,should,O
79,focus,O
79,on,O
79,blocking,O
79,the,O
79,thrombogenic,O
79,and,O
79,inammatory,O
79,properties,O
79,of,O
79,Ang,O
79,II,O
79,in,O
79,COVID,O
79,‐,O
79,19,NUMBER
79,patients,O
79,.,O
79,14,NUMBER
79,Kim,O
79,ES,O
79,.,O
79,Choe,PERSON
79,PG,O
79,.,O
79,Park,ORGANIZATION
79,WB,ORGANIZATION
79,.,O
79,et,O
79,al,O
79,.,O
79,Clinical,O
79,progression,O
79,and,O
79,cytokine,O
79,Conict,O
79,of,O
79,Interest,O
79,None,O
79,declared,O
79,.,O
79,1,NUMBER
79,Chan,RELIGION
79,JF,O
79,.,O
79,Yuan,O
79,S,O
79,.,O
79,Kok,PERSON
79,KH,PERSON
79,.,O
79,et,O
79,al,O
79,.,O
79,A,O
79,familial,O
79,cluster,O
79,of,O
79,pneumonia,CAUSE_OF_DEATH
79,associated,O
79,with,O
79,the,O
79,2019,DATE
79,novel,O
79,coronavirus,O
79,indicating,O
79,person,O
79,‐,O
79,toperson,O
79,transmission,O
79,:,O
79,a,O
79,study,O
79,of,O
79,a,O
79,family,O
79,cluster,O
79,.,O
79,Lancet,O
79,2020,DATE
79,;,O
79,395,NUMBER
79,de,O
79,Wit,O
79,E,O
79,.,O
79,van,O
79,Doremalen,O
79,N,O
79,.,O
79,Falzarano,PERSON
79,D,O
79,.,O
79,Munster,O
79,VJ,O
79,.,O
79,SARS,O
79,and,O
79,MERS,O
79,:,O
79,recent,O
79,insights,O
79,into,O
79,emerging,O
79,coronaviruses,O
79,.,O
79,Nat,PERSON
79,Rev,PERSON
79,Drosten,PERSON
79,C,O
79,.,O
79,Gnther,O
79,S,O
79,.,O
79,Preiser,PERSON
79,W,O
79,.,O
79,et,O
79,al,O
79,.,O
79,Identication,O
79,of,O
79,a,O
79,novel,O
79,coronavirus,O
79,in,O
79,patients,O
79,with,O
79,se,O
79,‐,O
79,vere,O
79,acute,O
79,respiratory,O
79,syndrome,O
79,.,O
79,N,O
79,Engl,PERSON
79,J,PERSON
79,Med,PERSON
79,2003,DATE
79,;,O
79,348,NUMBER
79,(,O
79,20,NUMBER
79,),O
79,:,O
79,19671976,NUMBER
79,Zhong,O
79,NS,STATE_OR_PROVINCE
79,.,O
79,Zheng,ORGANIZATION
79,BJ,ORGANIZATION
79,.,O
79,Li,PERSON
79,YM,PERSON
79,.,O
79,et,O
79,al,O
79,.,O
79,Epidemi,O
79,‐,O
79,ology,O
79,and,O
79,cause,O
79,of,O
79,severe,O
79,Chen,O
79,N,O
79,.,O
79,Zhou,PERSON
79,M,O
79,.,O
79,Dong,PERSON
79,X,PERSON
79,.,O
79,et,O
79,al,O
79,.,O
79,Epidemi,O
79,‐,O
79,ological,O
79,and,O
79,clinical,O
79,characteristics,O
79,of,O
79,99,NUMBER
79,cases,O
79,of,O
79,2019,DATE
79,novel,O
79,coronavirus,O
79,pneumonia,CAUSE_OF_DEATH
79,in,O
79,Wuhan,CITY
79,.,O
79,China,COUNTRY
79,:,O
79,a,O
79,descriptive,O
79,study,O
79,.,O
79,Lancet,O
79,2020,DATE
79,;,O
79,395,NUMBER
79,(,O
79,10223,NUMBER
79,),O
79,:,O
79,507513,NUMBER
79,Tang,O
79,N,O
79,.,O
79,Li,PERSON
79,D,PERSON
79,.,O
79,Wang,PERSON
79,X,PERSON
79,.,O
79,Sun,PERSON
79,Z.,PERSON
79,Abnor,PERSON
79,‐,O
79,mal,O
79,coagulation,O
79,parameters,O
79,are,O
79,associated,O
79,with,O
79,poor,O
79,prognosis,O
79,in,O
79,patients,O
79,with,O
79,novel,O
79,coronavirus,O
79,pneumonia,CAUSE_OF_DEATH
79,.,O
79,J,PERSON
79,Thromb,PERSON
79,Haemost,PERSON
79,2020,DATE
79,;,O
79,18,NUMBER
79,(,O
79,04,NUMBER
79,),O
79,:,O
79,844847,NUMBER
79,Guan,O
79,WJ,O
79,.,O
79,Ni,O
79,ZY,O
79,.,O
79,Hu,O
79,Y,O
79,.,O
79,et,O
79,al,O
79,.,O
79,China,COUNTRY
79,Medical,O
79,Treatment,O
79,Expert,O
79,Group,O
79,for,O
79,Covid,O
79,‐,O
79,19,NUMBER
79,.,O
79,Clinical,O
79,characteristics,O
79,of,O
79,coronavirus,O
79,disease,CAUSE_OF_DEATH
79,2019,DATE
79,in,O
79,China,COUNTRY
79,.,O
79,N,O
79,Engl,O
79,J,O
79,Med,O
79,2020,DATE
79,Stebbing,O
79,J,O
79,.,O
79,Phelan,PERSON
79,A,O
79,.,O
79,Grifn,PERSON
79,I,O
79,.,O
79,et,O
79,al,O
79,.,O
79,COVID,O
79,‐,O
79,19,NUMBER
79,:,O
79,combining,O
79,antiviral,O
79,and,O
79,anti,O
79,‐,O
79,inammatory,O
79,treatments,O
79,.,O
79,Lancet,O
79,Infect,O
79,Dis,O
79,2020,DATE
79,;,O
79,20,NUMBER
79,Wu,O
79,Z,O
79,.,O
79,McGoogan,PERSON
79,JM,O
79,.,O
79,Characteristics,O
79,of,O
79,and,O
79,important,O
79,lessons,O
79,from,O
79,the,O
79,coronavirus,O
79,disease,CAUSE_OF_DEATH
79,2019,DATE
79,(,O
79,COVID,O
79,‐,O
79,19,NUMBER
79,),O
79,outbreak,O
79,in,O
79,China,COUNTRY
79,:,O
79,summary,O
79,of,O
79,a,O
79,report,O
79,of,O
79,72,NUMBER
79,314,NUMBER
79,cases,O
79,from,O
79,the,O
79,Chinese,ORGANIZATION
79,Center,ORGANIZATION
79,for,ORGANIZATION
79,Disease,ORGANIZATION
79,Control,ORGANIZATION
79,and,O
79,Pre,O
79,‐,O
79,vention,O
79,.,O
79,JAMA,O
79,2020,DATE
79,;,O
79,323,NUMBER
79,(,O
79,13,NUMBER
79,),O
79,:,O
79,12391242,NUMBER
79,Zhou,O
79,F,O
79,.,O
79,Yu,PERSON
79,T,PERSON
79,.,O
79,Du,PERSON
79,R,PERSON
79,.,O
79,et,O
79,al,O
79,.,O
79,Clinical,O
79,course,O
79,and,O
79,risk,O
79,factors,O
79,for,O
79,mortality,O
79,of,O
79,adult,O
79,inpa,O
79,‐,O
79,tients,O
79,with,O
79,COVID,O
79,‐,O
79,19,NUMBER
79,in,O
79,Wuhan,CITY
79,.,O
79,China,COUNTRY
79,:,O
79,a,O
79,retrospective,O
79,cohort,O
79,study,O
79,.,O
79,Lancet,O
79,2020,DATE
79,;,O
79,395,NUMBER
79,(,O
79,10229,NUMBER
79,),O
79,:,O
79,10541062,NUMBER
79,Zhang,PERSON
79,J,PERSON
79,.,O
79,Dong,PERSON
79,X,PERSON
79,.,O
79,Cao,O
79,Y,O
79,.,O
79,et,O
79,al,O
79,.,O
79,Clinical,O
79,characteristics,O
79,of,O
79,140,NUMBER
79,patients,O
79,infected,O
79,with,O
79,SARS,O
79,‐,O
79,CoV,O
79,‐,O
79,2,NUMBER
79,in,O
79,Wuhan,CITY
79,.,O
79,China,COUNTRY
79,.,O
79,Allergy,O
79,;,O
79,Huang,PERSON
79,C,PERSON
79,.,O
79,Wang,O
79,Y,O
79,.,O
79,Li,PERSON
79,X,PERSON
79,.,O
79,et,O
79,al,O
79,.,O
79,Clinical,O
79,features,O
79,of,O
79,patients,O
79,infected,O
79,with,O
79,2019,DATE
79,novel,O
79,coron,O
79,‐,O
79,avirus,O
79,in,O
79,Wuhan,CITY
79,.,O
79,China,COUNTRY
79,.,O
79,Lancet,O
79,2020,DATE
79,;,O
79,395,NUMBER
79,Channappanavar,O
79,R,O
79,.,O
79,Perlman,PERSON
79,S.,MISC
79,Pathogenic,MISC
79,human,O
79,coronavirus,O
79,infections,CAUSE_OF_DEATH
79,:,O
79,causes,O
79,and,O
79,conse,O
79,‐,O
79,quences,O
79,of,O
79,cytokine,O
79,storm,CAUSE_OF_DEATH
79,and,O
79,immunopathology,O
79,.,O
79,Semin,PERSON
79,Immunopathol,PERSON
79,2017,DATE
79,;,O
79,39,NUMBER
79,(,O
79,05,NUMBER
79,),O
79,:,O
79,529539,NUMBER
79,proles,O
79,of,O
79,Middle,LOCATION
79,East,LOCATION
79,respiratory,O
79,syndrome,O
79,coronavirus,O
79,infection,CAUSE_OF_DEATH
79,.,O
79,J,O
79,Korean,NATIONALITY
79,Med,MISC
79,Sci,MISC
79,2016,DATE
79,;,O
79,31,NUMBER
79,(,O
79,11,NUMBER
79,),O
79,:,O
79,17171725,NUMBER
79,Xu,PERSON
79,Z,O
79,.,O
79,Shi,PERSON
79,L,PERSON
79,.,O
79,Wang,O
79,Y,O
79,.,O
79,et,O
79,al,O
79,.,O
79,Pathological,O
79,ndings,O
79,of,O
79,COVID,O
79,‐,O
79,19,NUMBER
79,associ,O
79,‐,O
79,ated,O
79,with,O
79,acute,O
79,respiratory,O
79,distress,O
79,syndrome,O
79,.,O
79,Lancet,O
79,Respir,O
79,Med,O
79,2020,DATE
79,;,O
79,8,NUMBER
79,(,O
79,04,NUMBER
79,),O
79,:,O
79,420422,NUMBER
79,Dunham,PERSON
79,‐,O
79,Snary,O
79,KJ,O
79,.,O
79,Wu,PERSON
79,D,PERSON
79,.,O
79,Sykes,ORGANIZATION
79,EA,ORGANIZATION
79,.,O
79,et,O
79,al,O
79,.,O
79,Hypoxic,O
79,pulmonary,O
79,vasoconstriction,O
79,:,O
79,from,O
79,molecular,O
79,mechanisms,O
79,to,O
79,medicine,O
79,.,O
79,Chest,O
79,Grein,PERSON
79,J,PERSON
79,.,O
79,Ohmagari,O
79,N,O
79,.,O
79,Shin,PERSON
79,D,PERSON
79,.,O
79,et,O
79,al,O
79,.,O
79,Compassionate,O
79,use,O
79,of,O
79,remdesivir,O
79,for,O
79,patients,O
79,with,O
79,severe,O
79,Covid,O
79,‐,O
79,19,NUMBER
79,.,O
79,N,O
79,Engl,PERSON
79,J,PERSON
79,Med,PERSON
79,2020,DATE
79,.,O
79,Doi,PERSON
79,:,O
79,Mayr,PERSON
79,FB,O
79,.,O
79,Yende,O
79,S,O
79,.,O
79,Angus,PERSON
79,DC,STATE_OR_PROVINCE
79,.,O
79,Epidemiology,O
79,of,O
79,severe,O
79,sepsis,CAUSE_OF_DEATH
79,.,O
79,Ryan,PERSON
79,D,PERSON
79,.,O
79,Frohlich,PERSON
79,S,O
79,.,O
79,McLoughlin,PERSON
79,P.,O
79,Pulmonary,O
79,vascular,O
79,dysfunction,O
79,in,O
79,ARDS,O
79,.,O
79,Ann,O
79,Intensive,O
79,Care,O
79,2014,DATE
79,;,O
79,4:28,TIME
79,Burnham,PERSON
79,EL,PERSON
79,.,O
79,Janssen,PERSON
79,WJ,O
79,.,O
79,Riches,O
79,DWH,O
79,.,O
79,Moss,PERSON
79,M,O
79,.,O
79,Downey,PERSON
79,GP,O
79,.,O
79,The,O
79,broproliferative,O
79,response,O
79,in,O
79,acute,O
79,respiratory,O
79,distress,O
79,syndrome,O
79,:,O
79,mechanisms,O
79,and,O
79,clinical,O
79,signicance,O
79,.,O
79,Eur,O
79,Respir,O
79,J,O
79,2014,DATE
79,;,O
79,Yang,PERSON
79,X,PERSON
79,.,O
79,Yu,O
79,Y,O
79,.,O
79,Xu,PERSON
79,J,PERSON
79,.,O
79,et,O
79,al,O
79,.,O
79,Clinical,O
79,course,O
79,and,O
79,outcomes,O
79,of,O
79,critically,O
79,ill,O
79,patients,O
79,with,O
79,SARS,O
79,‐,O
79,CoV,O
79,‐,O
79,2,NUMBER
79,pneumonia,CAUSE_OF_DEATH
79,in,O
79,Wuhan,CITY
79,.,O
79,China,COUNTRY
79,:,O
79,a,O
79,single,O
79,‐,O
79,centered,O
79,.,O
79,retro,O
79,‐,O
79,spective,O
79,.,O
79,observational,O
79,study,O
79,.,O
79,Lancet,O
79,Respir,O
79,Wang,O
79,D,O
79,.,O
79,Hu,O
79,B,O
79,.,O
79,Hu,O
79,C,O
79,.,O
79,et,O
79,al,O
79,.,O
79,Clinical,O
79,characteristics,O
79,of,O
79,138,NUMBER
79,hospitalized,O
79,patients,O
79,with,O
79,2019,DATE
79,novel,O
79,coronavirus,O
79,‐,O
79,infected,O
79,pneumonia,CAUSE_OF_DEATH
79,in,O
79,Wuhan,CITY
79,.,O
79,China,COUNTRY
79,.,O
79,JAMA,PERSON
79,2020,DATE
79,;,O
79,201585:19,NUMBER
79,Qi,O
79,D,O
79,YX,O
79,.,O
79,Tang,O
79,X,O
79,eal,O
79,.,O
79,Epidemiological,O
79,and,O
79,clinical,O
79,features,O
79,of,O
79,2019nCoV,O
79,acute,O
79,respiratory,CAUSE_OF_DEATH
79,disease,CAUSE_OF_DEATH
79,cases,O
79,in,O
79,Chongqing,CITY
79,municipality,O
79,.,O
79,China,COUNTRY
79,:,O
79,a,O
79,retrospective,O
79,.,O
79,descriptive,O
79,.,O
79,multiple,O
79,‐,O
79,cen,O
79,‐,O
79,ter,TITLE
79,study,O
79,.,O
79,Medrxiv,O
79,2019,DATE
79,Zhong,PERSON
79,J,PERSON
79,.,O
79,Basu,PERSON
79,R,O
79,.,O
79,Guo,PERSON
79,D,PERSON
79,.,O
79,et,O
79,al,O
79,.,O
79,An,O
79,‐,O
79,giotensin,O
79,‐,O
79,converting,O
79,enzyme,O
79,2,NUMBER
79,suppresses,O
79,pathological,O
79,hypertro,O
79,‐,O
79,phy,O
79,.,O
79,myocardial,O
79,brosis,O
79,.,O
79,and,O
79,cardiac,O
79,dysfunction,O
79,.,O
79,Circulation,O
79,2010,DATE
79,;,O
79,122,NUMBER
79,(,O
79,07,NUMBER
79,),O
79,:,O
79,717728,NUMBER
79,.,O
79,18,NUMBER
79,.,O
79,728,NUMBER
79,Kassiri,O
79,Z,O
79,.,O
79,Zhong,PERSON
79,J,PERSON
79,.,O
79,Guo,PERSON
79,D,O
79,.,O
79,et,O
79,al,O
79,.,O
79,Loss,O
79,of,O
79,angiotensin,O
79,‐,O
79,converting,O
79,enzyme,O
79,2,NUMBER
79,accelerates,O
79,maladaptive,O
79,left,O
79,ventricular,O
79,remodeling,O
79,in,O
79,response,O
79,to,O
79,myocardial,CAUSE_OF_DEATH
79,infarction,CAUSE_OF_DEATH
79,.,O
79,Circ,O
79,Heart,O
79,Fail,O
79,2009,DATE
79,;,O
79,2,NUMBER
79,(,O
79,05,NUMBER
79,),O
79,:,O
79,Lippi,PERSON
79,G.,PERSON
79,Lavie,PERSON
79,CJ,PERSON
79,.,O
79,Sanchis,PERSON
79,‐,O
79,Gomar,O
79,F.,O
79,Cardiac,O
79,troponin,O
79,I,O
79,in,O
79,patients,O
79,with,O
79,coronavirus,O
79,disease,CAUSE_OF_DEATH
79,2019,DATE
79,(,O
79,COVID,O
79,‐,O
79,19,NUMBER
79,),O
79,:,O
79,evidence,O
79,from,O
79,a,O
79,meta,O
79,‐,O
79,analysis,O
79,.,O
79,Prog,PERSON
79,Cardiovasc,PERSON
79,Dis,PERSON
79,2020,DATE
79,Shi,O
79,S,O
79,.,O
79,Qin,PERSON
79,M,O
79,.,O
79,Shen,O
79,B,O
79,.,O
79,et,O
79,al,O
79,.,O
79,Association,O
79,of,O
79,cardiac,O
79,injury,O
79,with,O
79,mortality,O
79,in,O
79,hospitalized,O
79,patients,O
79,with,O
79,COVID,O
79,‐,O
79,19,NUMBER
79,in,O
79,Wuhan,CITY
79,.,O
79,China,COUNTRY
79,.,O
79,JAMA,ORGANIZATION
79,;,O
79,2020,DATE
79,Engelmann,PERSON
79,B,O
79,.,O
79,Massberg,PERSON
79,S.,PERSON
79,Thrombosis,PERSON
79,as,O
79,an,O
79,in,O
79,‐,O
79,travascular,O
79,effector,O
79,Klok,PERSON
79,FA,O
79,.,O
79,et,O
79,al,O
79,.,O
79,Incidence,O
79,of,O
79,thrombotic,O
79,com,O
79,‐,O
79,plications,O
79,in,O
79,critically,O
79,ill,O
79,ICU,O
79,patients,O
79,with,O
79,COVID,O
79,‐,O
79,19,NUMBER
79,.,O
79,Thromb,PERSON
79,Res,O
79,2020,DATE
79,Fox,O
79,SE,O
79,.,O
79,et,O
79,al,O
79,.,O
79,Pulmonary,O
79,and,O
79,cardiac,O
79,pathology,O
79,in,O
79,COVID,O
79,‐,O
79,19,NUMBER
79,:,O
79,the,O
79,rst,O
79,autopsy,O
79,series,O
79,from,O
79,New,CITY
79,Orleans,CITY
79,.,O
79,Chemrxiv,O
79,Pre,O
79,‐,O
79,Print,O
79,2020,DATE
79,Skeggs,PERSON
79,LT,PERSON
79,Jr,PERSON
79,.,O
79,Kahn,PERSON
79,JR,O
79,.,O
79,Lentz,PERSON
79,K,PERSON
79,.,O
79,Shumway,ORGANIZATION
79,NP,ORGANIZATION
79,.,O
79,The,O
79,prepa,O
79,‐,O
79,ration,O
79,.,O
79,purication,O
79,.,O
79,and,O
79,amino,O
79,acid,O
79,sequence,O
79,of,O
79,a,O
79,polypeptide,O
79,renin,O
79,substrate,O
79,.,O
79,J,O
79,Exp,O
79,Med,O
79,1957,DATE
79,;,O
79,106,NUMBER
79,(,O
79,03,NUMBER
79,),O
79,:,O
79,439453,NUMBER
79,Nehme,O
79,A,O
79,.,O
79,Zouein,PERSON
79,FA,O
79,.,O
79,Zayeri,PERSON
79,ZD,PERSON
79,.,O
79,Zibara,PERSON
79,K,PERSON
79,.,O
79,An,O
79,update,O
79,on,O
79,the,O
79,tissue,O
79,renin,O
79,an,O
79,‐,O
79,giotensin,O
79,system,O
79,and,O
79,its,O
79,role,O
79,in,O
79,physiology,O
79,and,O
79,pathology,O
79,.,O
79,J,O
79,Car,O
79,‐,O
79,diovasc,O
79,Dev,O
79,Dis,O
79,2019,DATE
79,;,O
79,6,NUMBER
79,(,O
79,02,NUMBER
79,),O
79,:,O
79,14,NUMBER
79,Paz,O
79,Ocaranza,O
79,M,O
79,.,O
79,Riquelme,PERSON
79,JA,PERSON
79,.,O
79,Garca,PERSON
79,L,O
79,.,O
79,et,O
79,al,O
79,.,O
79,Counter,O
79,‐,O
79,regulatory,O
79,renin,O
79,‐,O
79,angiotensin,O
79,system,O
79,in,O
79,cardio,O
79,‐,O
79,vascular,O
79,disease,CAUSE_OF_DEATH
79,.,O
79,Nat,PERSON
79,Rev,PERSON
79,Crackower,PERSON
79,MA,PERSON
79,.,O
79,Sarao,PERSON
79,R,PERSON
79,.,O
79,Oudit,O
79,GY,O
79,.,O
79,et,O
79,al,O
79,.,O
79,Angiotensin,O
79,‐,O
79,converting,O
79,enzyme,O
79,2,NUMBER
79,is,O
79,an,O
79,essential,O
79,regulator,O
79,of,O
79,heart,O
79,function,O
79,.,O
79,Nature,O
79,2002,DATE
79,;,O
79,Hamming,O
79,I,O
79,.,O
79,Timens,PERSON
79,W,PERSON
79,.,O
79,Bulthuis,ORGANIZATION
79,MLC,ORGANIZATION
79,.,O
79,Lely,ORGANIZATION
79,AT,O
79,.,O
79,Navis,PERSON
79,G,PERSON
79,.,O
79,van,O
79,Goor,ORGANIZATION
79,H.,ORGANIZATION
79,Tissue,ORGANIZATION
79,distribution,O
79,of,O
79,ACE2,O
79,pro,O
79,‐,O
79,tein,O
79,.,O
79,the,O
79,functional,O
79,receptor,O
79,for,O
79,SARS,O
79,coronavirus,O
79,.,O
79,A,O
79,rst,O
79,step,O
79,in,O
79,understanding,O
79,SARS,O
79,pathogenesis,O
79,.,O
79,J,O
79,Pathol,O
79,2004,DATE
79,;,O
79,203,NUMBER
79,(,O
79,02,NUMBER
79,),O
79,:,O
79,631637,NUMBER
79,TH,O
79,Open,O
79,Pathological,O
79,Role,O
79,of,O
79,Angiotensin,O
79,II,NUMBER
79,in,O
79,Severe,O
79,COVID,O
79,‐,O
79,19,DATE
79,36,DATE
79,Forrester,ORGANIZATION
79,SJ,ORGANIZATION
79,.,O
79,Booz,PERSON
79,GW,PERSON
79,.,O
79,Sigmund,PERSON
79,CD,O
79,.,O
79,et,O
79,al,O
79,.,O
79,Angiotensin,O
79,II,NUMBER
79,signal,O
79,54,NUMBER
79,Skurk,PERSON
79,T,PERSON
79,.,O
79,Lee,PERSON
79,YM,PERSON
79,.,O
79,Hauner,O
79,H.,O
79,Angiotensin,O
79,II,O
79,and,O
79,its,O
79,metabolites,O
79,transduction,O
79,:,O
79,an,O
79,update,O
79,on,O
79,mechanisms,O
79,of,O
79,physiology,O
79,and,O
79,Zhang,PERSON
79,H,PERSON
79,.,O
79,Penninger,PERSON
79,JM,O
79,.,O
79,Li,PERSON
79,Y,PERSON
79,.,O
79,Zhong,PERSON
79,N,PERSON
79,.,O
79,Slutsky,PERSON
79,AS,STATE_OR_PROVINCE
79,.,O
79,Angiotensinconverting,PERSON
79,enzyme,O
79,2,NUMBER
79,(,O
79,ACE2,O
79,),O
79,as,O
79,a,O
79,SARS,O
79,‐,O
79,CoV,O
79,‐,O
79,2,NUMBER
79,receptor,O
79,:,O
79,molecular,O
79,mechanisms,O
79,and,O
79,potential,O
79,therapeutic,O
79,target,O
79,.,O
79,Intensive,ORGANIZATION
79,Care,ORGANIZATION
79,Med,ORGANIZATION
79,Ou,ORGANIZATION
79,X,O
79,.,O
79,Liu,PERSON
79,Y,PERSON
79,.,O
79,Lei,O
79,X,O
79,.,O
79,et,O
79,al,O
79,.,O
79,Characterization,O
79,of,O
79,spike,O
79,glycoprotein,O
79,of,O
79,SARS,O
79,‐,O
79,CoV,O
79,‐,O
79,2,NUMBER
79,on,O
79,virus,O
79,entry,O
79,and,O
79,its,O
79,immune,O
79,cross,O
79,‐,O
79,reactivity,O
79,with,O
79,SARS,O
79,‐,O
79,CoV,O
79,.,O
79,Nat,ORGANIZATION
79,Commun,ORGANIZATION
79,2020,DATE
79,;,O
79,11,NUMBER
79,(,O
79,01,NUMBER
79,),O
79,:,O
79,1620,DATE
79,Kuba,PERSON
79,K,PERSON
79,.,O
79,Imai,PERSON
79,Y,O
79,.,O
79,Rao,PERSON
79,S,O
79,.,O
79,Jiang,PERSON
79,C,O
79,.,O
79,Penninger,PERSON
79,JM,O
79,.,O
79,Lessons,O
79,from,O
79,SARS,O
79,:,O
79,control,O
79,of,O
79,acute,O
79,lung,O
79,failure,O
79,by,O
79,the,O
79,SARS,O
79,receptor,O
79,ACE2,O
79,.,O
79,J,PERSON
79,Mol,PERSON
79,Med,PERSON
79,Huang,PERSON
79,F,PERSON
79,.,O
79,Guo,PERSON
79,J,PERSON
79,.,O
79,Zou,PERSON
79,Z,PERSON
79,.,O
79,et,O
79,al,O
79,.,O
79,Angiotensin,O
79,II,NUMBER
79,plasma,O
79,levels,O
79,are,O
79,linked,O
79,to,O
79,disease,CAUSE_OF_DEATH
79,severity,O
79,and,O
79,predict,O
79,fatal,O
79,outcomes,O
79,in,O
79,H7N9,O
79,‐,O
79,infected,O
79,patients,O
79,.,O
79,Nat,PERSON
79,Commun,PERSON
79,2014,DATE
79,;,O
79,5:3595,NUMBER
79,Imai,O
79,Y,O
79,.,O
79,Kuba,PERSON
79,K,PERSON
79,.,O
79,Rao,PERSON
79,S,O
79,.,O
79,et,O
79,al,O
79,.,O
79,Angiotensin,O
79,‐,O
79,converting,O
79,enzyme,O
79,2,NUMBER
79,protects,O
79,from,O
79,severe,O
79,acute,O
79,lung,O
79,failure,O
79,.,O
79,Nature,O
79,2005,DATE
79,;,O
79,436,NUMBER
79,(,O
79,7047,NUMBER
79,),O
79,:,O
79,112116,NUMBER
79,Zou,O
79,Z,O
79,.,O
79,Yan,O
79,Y,O
79,.,O
79,Shu,O
79,Y,O
79,.,O
79,et,O
79,al,O
79,.,O
79,Angiotensin,O
79,‐,O
79,converting,O
79,enzyme,O
79,2,NUMBER
79,protects,O
79,from,O
79,lethal,O
79,avian,O
79,inuenza,O
79,A,O
79,H5N1,O
79,in,O
79,‐,O
79,fections,O
79,.,O
79,Nat,PERSON
79,Packer,PERSON
79,M,O
79,.,O
79,McMurray,PERSON
79,JJV,O
79,.,O
79,Importance,O
79,of,O
79,endogenous,O
79,compensatory,O
79,vasoactive,O
79,peptides,O
79,in,O
79,broadening,O
79,the,O
79,effects,O
79,of,O
79,in,O
79,‐,O
79,hibitors,O
79,of,O
79,the,O
79,renin,O
79,‐,O
79,angiotensin,O
79,system,O
79,for,O
79,the,O
79,treatment,O
79,of,O
79,heart,CAUSE_OF_DEATH
79,failure,CAUSE_OF_DEATH
79,.,O
79,Khanna,PERSON
79,A,O
79,.,O
79,English,NATIONALITY
79,SW,MISC
79,.,O
79,Wang,O
79,XS,O
79,.,O
79,et,O
79,al,O
79,;,O
79,ATHOS,O
79,‐,O
79,3,NUMBER
79,In,O
79,‐,O
79,vestigators,O
79,.,O
79,Angiotensin,O
79,II,NUMBER
79,for,O
79,the,O
79,treatment,O
79,of,O
79,vasodilatory,O
79,shock,O
79,.,O
79,N,O
79,Engl,PERSON
79,J,PERSON
79,Farina,PERSON
79,N,O
79,.,O
79,Bixby,PERSON
79,A,O
79,.,O
79,Alaniz,PERSON
79,C.,O
79,Angiotensin,O
79,II,O
79,brings,O
79,more,O
79,questions,O
79,than,O
79,answers,O
79,.,O
79,P&T,O
79,2018,DATE
79,;,O
79,43,NUMBER
79,(,O
79,11,NUMBER
79,),O
79,:,O
79,685687,NUMBER
79,Powell,PERSON
79,JS,O
79,.,O
79,Clozel,PERSON
79,JP,PERSON
79,.,O
79,Mller,PERSON
79,RK,PERSON
79,.,O
79,et,O
79,al,O
79,.,O
79,Inhibitors,O
79,of,O
79,angiotensinconvert,O
79,‐,O
79,ing,O
79,enzyme,O
79,prevent,O
79,myointimal,O
79,proliferation,O
79,after,O
79,vascular,O
79,in,O
79,‐,O
79,jury,O
79,.,O
79,Science,O
79,1989,DATE
79,;,O
79,245,NUMBER
79,(,O
79,4914,NUMBER
79,),O
79,:,O
79,186188,NUMBER
79,Prescott,O
79,MF,O
79,.,O
79,Webb,ORGANIZATION
79,RL,ORGANIZATION
79,.,O
79,Reidy,PERSON
79,MA,STATE_OR_PROVINCE
79,.,O
79,Angiotensin,O
79,‐,O
79,converting,O
79,enzyme,O
79,inhibitor,O
79,versus,O
79,angiotensin,O
79,II,NUMBER
79,.,O
79,AT1,O
79,receptor,O
79,antagonist,O
79,.,O
79,Effects,O
79,on,O
79,smooth,O
79,muscle,O
79,cell,O
79,migra,O
79,‐,O
79,tion,O
79,and,O
79,proliferation,O
79,after,O
79,balloon,O
79,catheter,O
79,injury,O
79,.,O
79,Am,O
79,J,PERSON
79,Pathol,PERSON
79,1991,DATE
79,;,O
79,139,NUMBER
79,(,O
79,06,NUMBER
79,),O
79,:,O
79,12911296,NUMBER
79,Marshall,O
79,RP,O
79,.,O
79,Gohlke,PERSON
79,P,O
79,.,O
79,Chambers,O
79,RC,O
79,.,O
79,et,O
79,al,O
79,.,O
79,Angiotensin,O
79,II,NUMBER
79,and,O
79,the,O
79,broproliferative,O
79,response,O
79,to,O
79,acute,O
79,lung,O
79,injury,O
79,.,O
79,Am,O
79,J,O
79,Physiol,O
79,Lung,O
79,Cell,O
79,Mol,O
79,Physiol,O
79,2004,DATE
79,;,O
79,286,NUMBER
79,(,O
79,01,NUMBER
79,),O
79,:,O
79,L156L164,O
79,Celi,PERSON
79,A,O
79,.,O
79,Cianchetti,PERSON
79,S,O
79,.,O
79,DellOmo,O
79,G,O
79,.,O
79,Pedrinelli,PERSON
79,R.,PERSON
79,Angiotensin,PERSON
79,II,PERSON
79,.,O
79,tissue,O
79,factor,O
79,and,O
79,the,O
79,thrombotic,O
79,paradox,O
79,of,O
79,hypertension,CAUSE_OF_DEATH
79,.,O
79,Expert,O
79,Rev,TITLE
79,Cardiovasc,MISC
79,Ther,O
79,2010,DATE
79,;,O
79,8,NUMBER
79,(,O
79,12,NUMBER
79,),O
79,:,O
79,17231729,NUMBER
79,Puurunen,O
79,MK,O
79,.,O
79,Hwang,PERSON
79,SJ,PERSON
79,.,O
79,Larson,ORGANIZATION
79,MG,ORGANIZATION
79,.,O
79,et,O
79,al,O
79,.,O
79,ADP,ORGANIZATION
79,platelet,O
79,hyperreactivity,O
79,predicts,O
79,cardio,O
79,‐,O
79,vascular,O
79,disease,CAUSE_OF_DEATH
79,in,O
79,the,O
79,FHS,O
79,(,O
79,Framingham,O
79,Heart,O
79,Study,O
79,),O
79,.,O
79,J,O
79,Am,O
79,Heart,O
79,Assoc,O
79,2018,DATE
79,;,O
79,7,NUMBER
79,(,O
79,05,NUMBER
79,),O
79,:,O
79,e008522,O
79,Markiewicz,PERSON
79,M,O
79,.,O
79,Richard,PERSON
79,E,PERSON
79,.,O
79,Marks,O
79,N,O
79,.,O
79,Lud,O
79,‐,O
79,wicka,O
79,‐,O
79,Bradley,O
79,A.,O
79,Impact,O
79,of,O
79,angiogenesis,O
79,in,O
79,age,O
79,‐,O
79,related,O
79,vascular,O
79,diseases,CAUSE_OF_DEATH
79,.,O
79,J,O
79,Aging,O
79,Res,O
79,2013,DATE
79,;,O
79,Kamiska,LOCATION
79,M,O
79,.,O
79,Mogielnicki,PERSON
79,A,O
79,.,O
79,Stankiewicz,PERSON
79,A,O
79,.,O
79,et,O
79,al,O
79,.,O
79,Angiotensin,O
79,II,NUMBER
79,via,O
79,AT1,O
79,receptor,O
79,accelerates,O
79,arterial,O
79,thrombosis,CAUSE_OF_DEATH
79,in,O
79,renovascular,O
79,hypertensive,O
79,rats,O
79,.,O
79,J,PERSON
79,Physiol,PERSON
79,Pharmacol,PERSON
79,2005,DATE
79,;,O
79,56,NUMBER
79,(,O
79,04,NUMBER
79,),O
79,:,O
79,571585,NUMBER
79,Senchenkova,O
79,EY,O
79,.,O
79,Russell,PERSON
79,J,PERSON
79,.,O
79,Yildirim,PERSON
79,A,O
79,.,O
79,Granger,PERSON
79,DN,O
79,.,O
79,Gavins,ORGANIZATION
79,FNE,ORGANIZATION
79,.,O
79,Novel,O
79,role,O
79,of,O
79,T,O
79,Cells,O
79,and,O
79,IL,STATE_OR_PROVINCE
79,‐,O
79,6,NUMBER
79,(,O
79,interleukin,O
79,‐,O
79,6,NUMBER
79,),O
79,in,O
79,angiotensin,O
79,IIinduced,O
79,microvascular,O
79,dysfunction,O
79,.,O
79,Hypertension,CAUSE_OF_DEATH
79,2019,DATE
79,;,O
79,73,NUMBER
79,(,O
79,04,NUMBER
79,),O
79,:,O
79,stimulate,O
79,PAI,O
79,‐,O
79,1,NUMBER
79,protein,O
79,release,O
79,from,O
79,human,O
79,adipocytes,O
79,in,O
79,primary,O
79,culture,O
79,.,O
79,Hypertension,CAUSE_OF_DEATH
79,2001,DATE
79,;,O
79,37,NUMBER
79,(,O
79,05,NUMBER
79,),O
79,:,O
79,13361340,NUMBER
79,Ridker,PERSON
79,PM,O
79,.,O
79,Gaboury,ORGANIZATION
79,CL,ORGANIZATION
79,.,O
79,Conlin,PERSON
79,PR,STATE_OR_PROVINCE
79,.,O
79,Seely,PERSON
79,EW,O
79,.,O
79,Williams,PERSON
79,GH,O
79,.,O
79,Vaughan,PERSON
79,DE,STATE_OR_PROVINCE
79,.,O
79,Stimulation,O
79,of,O
79,plasminogen,O
79,activator,O
79,inhibitor,O
79,in,O
79,vivo,O
79,by,O
79,in,O
79,‐,O
79,fusion,O
79,of,O
79,angiotensin,O
79,II,NUMBER
79,.,O
79,Evidence,O
79,of,O
79,a,O
79,potential,O
79,interaction,O
79,be,O
79,‐,O
79,tween,O
79,the,O
79,renin,O
79,‐,O
79,angiotensin,O
79,system,O
79,and,O
79,brinolytic,O
79,function,O
79,.,O
79,Cir,O
79,‐,O
79,culation,O
79,1993,DATE
79,;,O
79,87,NUMBER
79,(,O
79,06,NUMBER
79,),O
79,:,O
79,19691973,NUMBER
79,Vaughan,O
79,DE,STATE_OR_PROVINCE
79,.,O
79,Rouleau,PERSON
79,JL,O
79,.,O
79,Ridker,PERSON
79,PM,O
79,.,O
79,Arnold,PERSON
79,JM,PERSON
79,.,O
79,Menapace,ORGANIZATION
79,FJ,ORGANIZATION
79,.,O
79,Pfeffer,PERSON
79,MA,STATE_OR_PROVINCE
79,;,O
79,HEART,O
79,Study,O
79,Investigators,O
79,.,O
79,Effects,O
79,of,O
79,ramipril,O
79,on,O
79,plasma,O
79,brinolytic,O
79,balance,O
79,in,O
79,patients,O
79,with,O
79,acute,O
79,anterior,O
79,myocardial,CAUSE_OF_DEATH
79,infarction,CAUSE_OF_DEATH
79,.,O
79,Circulation,O
79,1997,DATE
79,;,O
79,96,NUMBER
79,(,O
79,02,NUMBER
79,),O
79,:,O
79,442447,NUMBER
79,Wu,O
79,Y,O
79,.,O
79,Wang,PERSON
79,T,PERSON
79,.,O
79,Guo,PERSON
79,C,O
79,.,O
79,et,O
79,al,O
79,.,O
79,Plasminogen,O
79,im,O
79,‐,O
79,proves,O
79,lung,O
79,lesions,O
79,and,O
79,hypoxemia,O
79,in,O
79,patients,O
79,with,O
79,COVID,O
79,‐,O
79,19,NUMBER
79,.,O
79,QJM,O
79,2020,DATE
79,:,O
79,hcaa121,NUMBER
79,Ekholm,O
79,M,O
79,.,O
79,Kahan,PERSON
79,T,O
79,.,O
79,Jrneskog,PERSON
79,G,PERSON
79,.,O
79,Brijersen,MISC
79,A,MISC
79,.,O
79,Walln,PERSON
79,NH,STATE_OR_PROVINCE
79,.,O
79,Angiotensin,O
79,II,NUMBER
79,infusion,O
79,in,O
79,man,O
79,is,O
79,proinammatory,O
79,but,O
79,has,O
79,no,O
79,short,O
79,‐,O
79,term,O
79,effects,O
79,on,O
79,thrombin,O
79,generation,O
79,in,O
79,vivo,O
79,.,O
79,Thromb,PERSON
79,Res,PERSON
79,Han,PERSON
79,Y,O
79,.,O
79,Runge,PERSON
79,MS,STATE_OR_PROVINCE
79,.,O
79,Brasier,PERSON
79,AR,STATE_OR_PROVINCE
79,.,O
79,Angiotensin,O
79,II,NUMBER
79,induces,O
79,interleukin,O
79,‐,O
79,6,NUMBER
79,transcription,O
79,in,O
79,vascular,O
79,smooth,O
79,muscle,O
79,cells,O
79,through,O
79,pleiotropic,O
79,activation,O
79,of,O
79,nuclear,O
79,factor,O
79,‐,O
79,kappa,O
79,B,O
79,transcription,O
79,factors,O
79,.,O
79,Circ,O
79,Res,O
79,Funakoshi,O
79,Y,O
79,.,O
79,Ichiki,PERSON
79,T,PERSON
79,.,O
79,Ito,PERSON
79,K,PERSON
79,.,O
79,Takeshita,PERSON
79,A.,O
79,Induction,O
79,of,O
79,in,O
79,‐,O
79,terleukin,O
79,‐,O
79,6,NUMBER
79,expression,O
79,by,O
79,angiotensin,O
79,II,NUMBER
79,in,O
79,rat,O
79,vascular,O
79,smooth,O
79,muscle,O
79,cells,O
79,.,O
79,Oudit,O
79,GY,O
79,.,O
79,Kassiri,PERSON
79,Z,PERSON
79,.,O
79,Jiang,PERSON
79,C,O
79,.,O
79,et,O
79,al,O
79,.,O
79,SARS,O
79,‐,O
79,coron,O
79,‐,O
79,avirus,O
79,modulation,O
79,of,O
79,myocardial,O
79,ACE2,O
79,expression,O
79,and,O
79,inammation,O
79,in,O
79,patients,O
79,with,O
79,SARS,O
79,.,O
79,Eur,O
79,J,O
79,Clin,O
79,Invest,O
79,2009,DATE
79,;,O
79,39,NUMBER
79,(,O
79,07,NUMBER
79,),O
79,:,O
79,618625,NUMBER
79,Liu,O
79,Y,O
79,.,O
79,Yang,O
79,Y,O
79,.,O
79,Zhang,PERSON
79,C,PERSON
79,.,O
79,et,O
79,al,O
79,.,O
79,Clinical,O
79,and,O
79,biochemical,O
79,indexes,O
79,from,O
79,2019,DATE
79,‐,O
79,nCoV,O
79,infected,O
79,patients,O
79,linked,O
79,to,O
79,viral,O
79,loads,O
79,and,O
79,lung,O
79,in,O
79,‐,O
79,jury,O
79,.,O
79,Sci,ORGANIZATION
79,China,ORGANIZATION
79,Life,ORGANIZATION
79,Sci,ORGANIZATION
79,2020,ORGANIZATION
79,;,O
79,63,NUMBER
79,(,O
79,03,NUMBER
79,),O
79,:,O
79,364374,NUMBER
79,Ferrario,O
79,CM,O
79,.,O
79,ACE2,O
79,:,O
79,more,O
79,of,O
79,Ang,O
79,‐,O
79,(,O
79,1,NUMBER
79,‐,O
79,7,NUMBER
79,),O
79,or,O
79,less,O
79,Ang,O
79,II,O
79,?,O
79,Curr,PERSON
79,Opin,PERSON
79,Nephrol,PERSON
79,Hypertens,PERSON
79,2011,DATE
79,;,O
79,20,NUMBER
79,(,O
79,01,NUMBER
79,),O
79,:,O
79,16,NUMBER
79,Gallagher,PERSON
79,PE,STATE_OR_PROVINCE
79,.,O
79,Ferrario,ORGANIZATION
79,CM,ORGANIZATION
79,.,O
79,Tallant,ORGANIZATION
79,EA,ORGANIZATION
79,.,O
79,Regulation,O
79,of,O
79,ACE2,O
79,in,O
79,cardiac,O
79,myocytes,O
79,and,O
79,broblasts,O
79,.,O
79,Am,O
79,J,PERSON
79,Physiol,PERSON
79,Heart,PERSON
79,Circ,PERSON
79,Physiol,PERSON
79,Ocaranza,PERSON
79,MP,O
79,.,O
79,Godoy,PERSON
79,I,O
79,.,O
79,Jalil,PERSON
79,JE,PERSON
79,.,O
79,et,O
79,al,O
79,.,O
79,Enalapril,O
79,at,O
79,‐,O
79,tenuates,O
79,downregulation,O
79,of,O
79,angiotensin,O
79,‐,O
79,converting,O
79,enzyme,O
79,2,NUMBER
79,in,O
79,the,O
79,late,O
79,phase,O
79,of,O
79,ventricular,O
79,dysfunction,O
79,in,O
79,myocardial,O
79,infarcted,O
79,rat,O
79,.,O
79,Hypertension,CAUSE_OF_DEATH
79,2006,DATE
79,;,O
79,48,NUMBER
79,(,O
79,04,NUMBER
79,),O
79,:,O
79,572578,NUMBER
79,Skowasch,O
79,D,O
79,.,O
79,Viktor,PERSON
79,A,O
79,.,O
79,Schneider,PERSON
79,‐,O
79,Schmitt,O
79,M,O
79,.,O
79,Lderitz,PERSON
79,B,PERSON
79,.,O
79,Nickenig,PERSON
79,G,PERSON
79,.,O
79,Bauriedel,PERSON
79,G.,PERSON
79,Differ,PERSON
79,‐,PERSON
79,ential,O
79,antiplatelet,O
79,effects,O
79,of,O
79,angiotensin,O
79,converting,O
79,enzyme,O
79,in,O
79,‐,O
79,hibitors,O
79,:,O
79,comparison,O
79,of,O
79,ex,O
79,vivo,O
79,platelet,O
79,aggregation,O
79,in,O
79,cardio,O
79,‐,O
79,vascular,O
79,patients,O
79,with,O
79,ramipril,O
79,.,O
79,captopril,O
79,and,O
79,enalapril,O
79,.,O
79,Clin,PERSON
79,Res,O
79,Cardiol,O
79,2006,DATE
79,;,O
79,95,NUMBER
79,(,O
79,04,NUMBER
79,),O
79,:,O
79,212216,NUMBER
79,Montn,O
79,M,O
79,.,O
79,Jimnez,PERSON
79,A,O
79,.,O
79,Nez,LOCATION
79,A,O
79,.,O
79,et,O
79,al,O
79,.,O
79,Comparative,O
79,effects,O
79,of,O
79,angiotensin,O
79,II,NUMBER
79,AT,O
79,‐,O
79,1,NUMBER
79,‐,O
79,type,O
79,receptor,O
79,antago,O
79,‐,O
79,nists,O
79,in,O
79,vitro,O
79,on,O
79,human,O
79,platelet,O
79,activation,O
79,.,O
79,J,O
79,Cardiovasc,O
79,Pharma,O
79,‐,O
79,col,O
79,2000,DATE
79,;,O
79,35,NUMBER
79,(,O
79,06,NUMBER
79,),O
79,:,O
79,Monteil,ORGANIZATION
79,V,O
79,.,O
79,Kwon,PERSON
79,H,O
79,.,O
79,Prado,PERSON
79,P,O
79,.,O
79,et,O
79,al,O
79,.,O
79,Inhibition,O
79,of,O
79,SARS,O
79,‐,O
79,CoV,O
79,‐,O
79,2,NUMBER
79,infections,CAUSE_OF_DEATH
79,in,O
79,engineered,O
79,human,O
79,tissues,O
79,using,O
79,clinical,O
79,‐,O
79,grade,O
79,soluble,O
79,human,O
79,ACE2,O
79,.,O
79,Cell,O
79,2020,DATE
79,;,O
79,181,NUMBER
79,(,O
79,04,NUMBER
79,),O
79,:,O
79,905913,NUMBER
79,.,O
79,e7,O
79,Burger,O
79,D,O
79,.,O
79,Montezano,ORGANIZATION
79,AC,ORGANIZATION
79,.,O
79,Nishigaki,PERSON
79,N,O
79,.,O
79,He,O
79,Y,O
79,.,O
79,Carter,PERSON
79,A,O
79,.,O
79,Touyz,O
79,RM,O
79,.,O
79,via,O
79,Ang,PERSON
79,II,PERSON
79,receptor,O
79,type,O
79,I,NUMBER
79,/,O
79,NADPH,O
79,oxidase,O
79,/,O
79,Rho,O
79,kinase,O
79,pathways,O
79,targeted,O
79,to,O
79,lipid,O
79,rafts,O
79,.,O
79,Arterioscler,O
79,Thromb,O
79,Vasc,O
79,Biol,O
79,2011,DATE
79,;,O
79,31,NUMBER
79,(,O
79,08,NUMBER
79,),O
79,:,O
79,TH,MISC
79,Open,MISC
