63,Radon,O
63,et,O
63,al,O
63,.,O
63,BMC,ORGANIZATION
63,Public,ORGANIZATION
63,Health,ORGANIZATION
63,STUDY,O
63,PROTOCOL,O
63,Open,O
63,Access,O
63,Proto,O
63,‐,O
63,col,O
63,of,O
63,a,O
63,population,O
63,‐,O
63,based,O
63,prospective,O
63,COVID,O
63,‐,O
63,19,NUMBER
63,cohort,O
63,study,O
63,Mu,O
63,‐,O
63,nich,O
63,.,O
63,Germany,COUNTRY
63,Katja,LOCATION
63,Radon1,O
63,.2,O
63,*,O
63,.,O
63,Elmar,PERSON
63,Saathoff3,O
63,.4,O
63,.,O
63,Michael,PERSON
63,Pritsch3,O
63,.,O
63,Jessica,PERSON
63,Michelle,PERSON
63,Guggenbhl,PERSON
63,Noller3,PERSON
63,.,O
63,Inge,PERSON
63,Kroidl3,O
63,.4,O
63,.,O
63,Laura,PERSON
63,Olbrich3,PERSON
63,.,O
63,Verena,PERSON
63,Thiel3,PERSON
63,.,O
63,Max,PERSON
63,Diefenbach3,PERSON
63,.,O
63,Friedrich,PERSON
63,Riess3,PERSON
63,.,O
63,Felix,PERSON
63,Forster1,PERSON
63,.,O
63,Fabian,PERSON
63,Theis5,O
63,.6,O
63,.,O
63,Andreas,PERSON
63,Wieser3,O
63,.7,O
63,.,O
63,Michael,PERSON
63,Hoelscher2,O
63,.3.4,O
63,and,O
63,the,O
63,KoCo19,O
63,collaboration,O
63,group,O
63,Background,O
63,:,O
63,Due,O
63,to,O
63,the,O
63,SARS,MISC
63,‐,O
63,CoV,O
63,‐,O
63,2,NUMBER
63,pandemic,O
63,.,O
63,public,O
63,health,O
63,interventions,O
63,have,O
63,been,O
63,introduced,O
63,globally,O
63,in,O
63,order,O
63,to,O
63,prevent,O
63,the,O
63,spread,O
63,of,O
63,the,O
63,virus,O
63,and,O
63,avoid,O
63,the,O
63,overload,O
63,of,O
63,health,O
63,care,O
63,systems,O
63,.,O
63,especially,O
63,for,O
63,the,O
63,most,O
63,severely,O
63,affected,O
63,patients,O
63,.,O
63,Scientific,O
63,studies,O
63,to,O
63,date,O
63,have,O
63,focused,O
63,primarily,O
63,on,O
63,describing,O
63,the,O
63,clinical,O
63,course,O
63,of,O
63,patients,O
63,.,O
63,identifying,O
63,treatment,O
63,options,O
63,and,O
63,developing,O
63,vaccines,O
63,.,O
63,In,O
63,Ger,O
63,‐,O
63,many,O
63,.,O
63,as,O
63,in,O
63,many,O
63,other,O
63,regions,O
63,.,O
63,current,DATE
63,tests,O
63,for,O
63,SARS,O
63,‐,O
63,CoV2,O
63,are,O
63,not,O
63,conducted,O
63,on,O
63,a,O
63,representative,TITLE
63,basis,O
63,and,O
63,in,O
63,a,O
63,longitudinal,O
63,de,O
63,‐,O
63,sign,O
63,.,O
63,Furthermore,O
63,.,O
63,knowledge,O
63,about,O
63,the,O
63,immune,O
63,status,O
63,of,O
63,the,O
63,popu,O
63,‐,O
63,lation,O
63,is,O
63,lacking,O
63,.,O
63,Nonetheless,O
63,.,O
63,these,O
63,data,O
63,are,O
63,needed,O
63,to,O
63,under,O
63,‐,O
63,stand,O
63,the,O
63,dynamics,O
63,of,O
63,the,O
63,pandemic,O
63,and,O
63,hence,O
63,to,O
63,appropriately,O
63,de,O
63,‐,O
63,sign,O
63,and,O
63,evaluate,O
63,interventions,O
63,.,O
63,For,O
63,this,O
63,purpose,O
63,.,O
63,we,O
63,recently,DATE
63,started,O
63,a,O
63,prospective,O
63,population,O
63,‐,O
63,based,O
63,cohort,O
63,in,O
63,Munich,CITY
63,.,O
63,Germany,COUNTRY
63,.,O
63,with,O
63,the,O
63,aim,O
63,to,O
63,develop,O
63,a,O
63,better,O
63,understanding,O
63,of,O
63,the,O
63,state,O
63,and,O
63,dynamics,O
63,of,O
63,the,O
63,pandemic,O
63,.,O
63,Methods,O
63,:,O
63,In,O
63,100,NUMBER
63,out,O
63,of,O
63,755,NUMBER
63,randomly,O
63,selected,O
63,constituencies,O
63,.,O
63,3000,NUMBER
63,Munich,CITY
63,households,O
63,are,O
63,identified,O
63,via,O
63,random,O
63,route,O
63,and,O
63,offered,O
63,enrollment,O
63,into,O
63,the,O
63,study,O
63,.,O
63,All,O
63,household,O
63,members,O
63,are,O
63,asked,O
63,to,O
63,complete,O
63,a,O
63,baseline,O
63,questionnaire,O
63,and,O
63,subjects,O
63,14,DURATION
63,years,DURATION
63,of,O
63,age,O
63,are,O
63,asked,O
63,to,O
63,provide,O
63,a,O
63,venous,O
63,blood,O
63,sample,O
63,of,O
63,3,NUMBER
63,ml,O
63,for,O
63,the,O
63,determination,O
63,of,O
63,SARS,O
63,‐,O
63,CoV,O
63,‐,O
63,2,NUMBER
63,IgG,O
63,/,O
63,IgA,O
63,sta,O
63,‐,O
63,tus,O
63,.,O
63,The,O
63,residual,O
63,plasma,O
63,and,O
63,the,O
63,blood,O
63,pellet,O
63,are,O
63,preserved,O
63,for,O
63,later,O
63,genetic,O
63,and,O
63,molecular,O
63,biological,O
63,investigations,O
63,.,O
63,For,O
63,twelve,NUMBER
63,months,DURATION
63,.,O
63,each,O
63,household,O
63,member,O
63,is,O
63,asked,O
63,to,O
63,keep,O
63,a,O
63,diary,O
63,of,O
63,daily,SET
63,symptoms,O
63,.,O
63,whereabouts,O
63,and,O
63,contacts,O
63,via,O
63,WebApp,O
63,.,O
63,If,O
63,symptoms,O
63,sug,O
63,‐,O
63,gestive,O
63,for,O
63,COVID,O
63,‐,O
63,19,NUMBER
63,are,O
63,reported,O
63,.,O
63,family,O
63,members,O
63,.,O
63,including,O
63,children,O
63,<,O
63,14,DURATION
63,years,DURATION
63,.,O
63,Munich,CITY
63,.,O
63,for,O
63,molecular,O
63,testing,O
63,for,O
63,SARS,O
63,‐,O
63,CoV,O
63,‐,O
63,2,NUMBER
63,.,O
63,In,O
63,case,O
63,of,O
63,severe,O
63,symptoms,O
63,.,O
63,participants,O
63,will,O
63,be,O
63,trans,O
63,‐,O
63,ferred,O
63,to,O
63,a,O
63,Munich,CITY
63,hospital,O
63,.,O
63,For,O
63,one,DURATION
63,year,DURATION
63,.,O
63,the,O
63,study,O
63,teams,O
63,re,O
63,‐,O
63,visits,O
63,the,O
63,households,O
63,for,O
63,blood,O
63,sampling,O
63,every,SET
63,six,SET
63,weeks,SET
63,.,O
63,Katja,PERSON
63,Radon,O
63,and,O
63,Elmar,PERSON
63,Saathoff,PERSON
63,contributed,O
63,equally,O
63,to,O
63,this,O
63,work,O
63,.,O
63,Ziemssenstr,O
63,.,O
63,1,NUMBER
63,.,O
63,80336,NUMBER
63,Munich,CITY
63,.,O
63,Germany,COUNTRY
63,which,O
63,permits,O
63,use,O
63,.,O
63,sharing,O
63,.,O
63,adaptation,O
63,.,O
63,distribution,O
63,and,O
63,reproduction,O
63,in,O
63,any,O
63,medium,O
63,or,O
63,for,O
63,‐,O
63,mat,O
63,.,O
63,as,O
63,long,O
63,as,O
63,you,O
63,give,O
63,licence,O
63,and,O
63,your,O
63,intended,O
63,use,O
63,is,O
63,not,O
63,permitted,O
63,by,O
63,statutory,O
63,regulation,O
63,or,O
63,exceeds,O
63,the,O
63,permitted,O
63,use,O
63,.,O
63,you,O
63,will,O
63,need,O
63,to,O
63,obtain,O
63,Radon,MISC
63,et,O
63,al,O
63,.,O
63,BMC,ORGANIZATION
63,Public,ORGANIZATION
63,Health,ORGANIZATION
63,Discus,ORGANIZATION
63,‐,O
63,sion,O
63,:,O
63,With,O
63,the,O
63,planned,O
63,study,O
63,we,O
63,will,O
63,establish,O
63,a,O
63,reliable,O
63,epi,O
63,‐,O
63,demiological,O
63,tool,O
63,to,O
63,improve,O
63,the,O
63,understanding,O
63,of,O
63,the,O
63,spread,O
63,of,O
63,SARS,O
63,‐,O
63,CoV,O
63,‐,O
63,2,NUMBER
63,and,O
63,to,O
63,better,O
63,assess,O
63,the,O
63,effectiveness,O
63,of,O
63,public,O
63,health,O
63,measures,O
63,as,O
63,well,O
63,as,O
63,their,O
63,socio,O
63,‐,O
63,economic,O
63,effects,O
63,.,O
63,This,O
63,will,O
63,support,O
63,policy,O
63,makers,O
63,in,O
63,managing,O
63,the,O
63,epidemic,O
63,based,O
63,on,O
63,sci,O
63,‐,O
63,entific,O
63,evidence,O
63,.,O
63,Keywords,O
63,:,O
63,COVID,O
63,‐,O
63,19,NUMBER
63,.,O
63,Pandemics,O
63,.,O
63,Coronavirus,O
63,in,O
63,‐,O
63,fections,O
63,/,O
63,epidemiology,O
63,.,O
63,Panel,ORGANIZATION
63,study,O
63,.,O
63,Enzyme,O
63,‐,O
63,linked,O
63,Immunosorbent,O
63,assay,O
63,.,O
63,Models,O
63,.,O
63,economic,O
63,.,O
63,Stress,O
63,.,O
63,psychological,O
63,.,O
63,Socio,O
63,‐,O
63,economic,O
63,factors,O
63,.,O
63,Spatial,O
63,analysis,O
63,.,O
63,Geographic,O
63,information,O
63,systems,O
63,Since,O
63,the,O
63,first,ORDINAL
63,description,O
63,of,O
63,the,O
63,novel,O
63,coronavirus,O
63,disease,CAUSE_OF_DEATH
63,(,O
63,COVID,O
63,‐,O
63,19,NUMBER
63,),O
63,in,O
63,December,DATE
63,2019,DATE
63,in,O
63,Wuhan,CITY
63,.,O
63,China,COUNTRY
63,.,O
63,the,O
63,disease,CAUSE_OF_DEATH
63,has,O
63,spread,O
63,world,O
63,‐,O
63,wide,O
63,and,O
63,classified,O
63,as,O
63,a,O
63,global,O
63,emergency,O
63,by,O
63,the,O
63,WHO,O
63,in,O
63,early,O
63,2020,DATE
63,[,O
63,1,NUMBER
63,],O
63,.,O
63,In,O
63,Germany,COUNTRY
63,.,O
63,the,O
63,first,ORDINAL
63,confirmed,O
63,case,O
63,of,O
63,COVID,O
63,‐,O
63,19,NUMBER
63,was,O
63,registered,O
63,on,O
63,January,DATE
63,6th,DATE
63,2020,DATE
63,at,O
63,the,O
63,Division,O
63,of,O
63,Infectious,O
63,Dis,O
63,‐,O
63,eases,O
63,and,O
63,3,NUMBER
63,],O
63,.,O
63,The,O
63,transmission,O
63,chains,O
63,were,O
63,interrupted,O
63,by,O
63,contact,O
63,tracing,O
63,and,O
63,isolation,O
63,of,O
63,the,O
63,affected,O
63,persons,O
63,.,O
63,However,O
63,.,O
63,due,O
63,to,O
63,the,O
63,return,O
63,of,O
63,German,NATIONALITY
63,tourists,O
63,from,O
63,holidays,O
63,in,O
63,the,O
63,high,O
63,‐,O
63,risk,O
63,ar,O
63,‐,O
63,eas,O
63,of,O
63,northern,O
63,Italy,COUNTRY
63,.,O
63,in,O
63,connection,O
63,with,O
63,a,O
63,carnival,O
63,celebration,O
63,in,O
63,the,O
63,district,O
63,of,O
63,Heinsberg,LOCATION
63,(,O
63,60,NUMBER
63,km,O
63,west,O
63,of,O
63,Cologne,CITY
63,),O
63,.,O
63,the,O
63,virus,O
63,spread,O
63,to,O
63,13,NUMBER
63,of,O
63,16,NUMBER
63,federal,O
63,states,O
63,within,O
63,one,DURATION
63,month,DURATION
63,[,O
63,4,NUMBER
63,],O
63,.,O
63,The,O
63,expo,O
63,‐,O
63,nential,O
63,increase,O
63,in,O
63,newly,O
63,confirmed,O
63,cases,O
63,in,O
63,Germany,COUNTRY
63,reached,O
63,a,O
63,total,O
63,of,O
63,155.193,NUMBER
63,positively,O
63,tested,O
63,cases,O
63,on,O
63,April,DATE
63,27th,DATE
63,2020,DATE
63,(,O
63,187,NUMBER
63,per,O
63,100,NUMBER
63,.,O
63,000,NUMBER
63,inhabitants,O
63,),O
63,[,O
63,4,NUMBER
63,],O
63,.,O
63,Simulations,O
63,and,O
63,experiences,O
63,of,O
63,other,O
63,countries,O
63,suggest,O
63,that,O
63,healthcare,O
63,systems,O
63,would,O
63,be,O
63,overbur,O
63,‐,O
63,dened,O
63,and,O
63,eventually,O
63,collapse,O
63,due,O
63,to,O
63,a,O
63,pronounced,O
63,increase,O
63,of,O
63,pa,O
63,‐,O
63,tients,O
63,needing,O
63,intensive,O
63,care,O
63,support,O
63,if,O
63,no,O
63,interventions,O
63,were,O
63,implemented,O
63,[,O
63,513,NUMBER
63,],O
63,.,O
63,In,O
63,the,O
63,absence,O
63,of,O
63,vaccinations,O
63,and,O
63,specific,O
63,treatment,O
63,options,O
63,.,O
63,public,O
63,health,O
63,interventions,O
63,were,O
63,initiated,O
63,in,O
63,Germany,COUNTRY
63,.,O
63,similarly,O
63,to,O
63,numerous,O
63,other,O
63,countries,O
63,comparably,O
63,affect,O
63,‐,O
63,ed,O
63,.,O
63,The,O
63,measures,O
63,include,O
63,isolation,O
63,of,O
63,confirmed,O
63,patients,O
63,.,O
63,quaran,O
63,‐,O
63,tine,O
63,of,O
63,their,O
63,contacts,O
63,.,O
63,use,O
63,of,O
63,personal,O
63,protective,O
63,equipment,O
63,.,O
63,so,O
63,‐,O
63,cial,O
63,borders,O
63,[,O
63,6,NUMBER
63,.,O
63,14,NUMBER
63,],O
63,.,O
63,Prediction,O
63,models,O
63,and,O
63,experiences,O
63,from,O
63,countries,O
63,like,O
63,South,COUNTRY
63,Korea,COUNTRY
63,suggest,O
63,that,O
63,combination,O
63,of,O
63,these,O
63,mea,O
63,‐,O
63,sures,O
63,could,O
63,be,O
63,effective,O
63,in,O
63,combatting,O
63,the,O
63,disease,CAUSE_OF_DEATH
63,[,O
63,13,NUMBER
63,.,O
63,1518,DATE
63,],O
63,.,O
63,However,O
63,.,O
63,past,DATE
63,evidence,O
63,from,O
63,other,O
63,epidemics,O
63,was,O
63,not,O
63,that,O
63,convinc,O
63,‐,O
63,ing,O
63,with,O
63,respect,O
63,to,O
63,controlling,O
63,virus,O
63,spread,O
63,by,O
63,social,O
63,distancing,O
63,[,O
63,19,NUMBER
63,],O
63,.,O
63,It,O
63,remains,O
63,unclear,O
63,how,O
63,comparable,O
63,previous,O
63,viral,O
63,diseases,CAUSE_OF_DEATH
63,outbreaks,O
63,are,O
63,to,O
63,SARS,O
63,‐,O
63,CoV,O
63,‐,O
63,2,NUMBER
63,[,O
63,20,NUMBER
63,],O
63,.,O
63,While,O
63,potentially,O
63,saving,O
63,lives,O
63,and,O
63,protecting,O
63,healthcare,O
63,systems,O
63,from,O
63,breakdown,O
63,.,O
63,one,NUMBER
63,has,O
63,to,O
63,bear,O
63,in,O
63,mind,O
63,that,O
63,measures,O
63,of,O
63,social,O
63,distancing,O
63,can,O
63,have,O
63,a,O
63,devastating,O
63,impact,O
63,on,O
63,national,O
63,and,O
63,global,O
63,economies,O
63,.,O
63,healthcare,O
63,systems,O
63,.,O
63,in,O
63,‐,O
63,comes,O
63,of,O
63,individuals,O
63,and,O
63,families,O
63,(,O
63,especially,O
63,those,O
63,in,O
63,precarious,O
63,employment,O
63,conditions,O
63,),O
63,.,O
63,education,O
63,(,O
63,which,O
63,particularly,O
63,affects,O
63,disadvantaged,O
63,groups,O
63,),O
63,and,O
63,on,O
63,health,O
63,and,O
63,the,O
63,psychosocial,O
63,well,O
63,‐,O
63,be,O
63,‐,O
63,ing,O
63,of,O
63,populations,O
63,[,O
63,2022,DATE
63,],O
63,.,O
63,Devastating,O
63,effects,O
63,seen,O
63,in,O
63,high,O
63,‐,O
63,in,O
63,‐,O
63,come,O
63,societies,O
63,will,O
63,likely,O
63,be,O
63,much,O
63,worse,O
63,in,O
63,low,O
63,and,O
63,middle,O
63,income,O
63,countries,O
63,[,O
63,23,NUMBER
63,],O
63,.,O
63,Results,O
63,of,O
63,simulation,O
63,studies,O
63,existing,O
63,so,O
63,far,O
63,differ,O
63,considerably,O
63,.,O
63,This,O
63,is,O
63,partly,O
63,due,O
63,to,O
63,the,O
63,unknown,O
63,number,O
63,of,O
63,asymptomatic,O
63,or,O
63,minimally,O
63,symptomatic,O
63,SARS,O
63,‐,O
63,CoV,O
63,‐,O
63,2,NUMBER
63,carriers,O
63,.,O
63,and,O
63,thus,O
63,the,O
63,number,O
63,of,O
63,undetected,O
63,cases,O
63,[,O
63,4,NUMBER
63,.,O
63,7,NUMBER
63,.,O
63,13,NUMBER
63,.,O
63,17,NUMBER
63,.,O
63,24,NUMBER
63,.,O
63,25,NUMBER
63,],O
63,.,O
63,In,O
63,addition,O
63,.,O
63,the,O
63,number,O
63,of,O
63,confirmed,O
63,cases,O
63,depends,O
63,on,O
63,access,O
63,to,O
63,healthcare,O
63,.,O
63,laboratory,O
63,availability,O
63,.,O
63,and,O
63,on,O
63,the,O
63,criteria,O
63,applied,O
63,to,O
63,select,O
63,the,O
63,individuals,O
63,who,O
63,should,O
63,be,O
63,tested,O
63,.,O
63,Therefore,O
63,.,O
63,the,O
63,basic,O
63,and,O
63,the,O
63,effective,O
63,reproduction,O
63,number,O
63,can,O
63,only,O
63,be,O
63,very,O
63,roughly,O
63,estimated,O
63,and,O
63,the,O
63,hospitalization,O
63,and,O
63,mortality,O
63,rates,O
63,re,O
63,‐,O
63,main,O
63,to,O
63,be,O
63,confirmed,O
63,.,O
63,Community,O
63,cohorts,O
63,can,O
63,help,O
63,to,O
63,assess,O
63,the,O
63,overall,O
63,spread,O
63,of,O
63,infection,CAUSE_OF_DEATH
63,in,O
63,the,O
63,targeted,O
63,population,O
63,and,O
63,thus,O
63,provide,O
63,more,O
63,reliable,O
63,estimates,O
63,of,O
63,the,O
63,basic,O
63,and,O
63,the,O
63,effective,O
63,reproduction,O
63,number,O
63,.,O
63,This,O
63,will,O
63,help,O
63,to,O
63,evaluate,O
63,the,O
63,burden,O
63,on,O
63,the,O
63,healthcare,O
63,system,O
63,as,O
63,well,O
63,as,O
63,the,O
63,effectiveness,O
63,of,O
63,public,O
63,health,O
63,interventions,O
63,[,O
63,26,NUMBER
63,],O
63,.,O
63,Aim,O
63,of,O
63,KoCo19,O
63,(,O
63,prospective,O
63,Covid,O
63,‐,O
63,19,NUMBER
63,cohort,O
63,Munich,CITY
63,),O
63,With,O
63,the,O
63,community,O
63,‐,O
63,based,O
63,household,O
63,study,O
63,presented,O
63,in,O
63,this,O
63,paper,O
63,.,O
63,we,O
63,aim,O
63,to,O
63,study,O
63,the,O
63,sero,O
63,‐,O
63,prevalence,O
63,and,O
63,‐,O
63,incidence,O
63,of,O
63,SARS,O
63,‐,O
63,CoV,O
63,‐,O
63,2,NUMBER
63,antibodies,O
63,in,O
63,a,O
63,representative,TITLE
63,household,O
63,sample,O
63,of,O
63,the,O
63,Munich,CITY
63,population,O
63,.,O
63,With,O
63,this,O
63,approach,O
63,we,O
63,will,O
63,provide,O
63,a,O
63,constant,O
63,‐,O
63,ly,O
63,updated,O
63,epidemiological,O
63,instrument,O
63,that,O
63,represents,O
63,the,O
63,number,O
63,of,O
63,infections,CAUSE_OF_DEATH
63,that,O
63,have,O
63,occurred,O
63,in,O
63,the,O
63,city,O
63,.,O
63,The,O
63,study,O
63,may,O
63,also,O
63,serve,O
63,as,O
63,a,O
63,pilot,TITLE
63,for,O
63,studies,O
63,in,O
63,other,O
63,areas,O
63,of,O
63,Germany,COUNTRY
63,and,O
63,other,O
63,countries,O
63,.,O
63,The,O
63,following,O
63,study,O
63,questions,O
63,will,O
63,be,O
63,addressed,O
63,:,O
63,1,NUMBER
63,),O
63,Baseline,O
63,visit,O
63,What,O
63,is,O
63,the,O
63,SARS,MISC
63,‐,O
63,CoV,O
63,‐,O
63,2,NUMBER
63,antibody,O
63,prevalence,O
63,in,O
63,the,O
63,Munich,CITY
63,general,TITLE
63,population,O
63,?,O
63,How,O
63,many,O
63,of,O
63,the,O
63,initially,O
63,seropositive,O
63,individuals,O
63,in,O
63,the,O
63,base,O
63,‐,O
63,line,O
63,‐,O
63,study,O
63,were,O
63,previously,DATE
63,tested,O
63,by,O
63,pharyngeal,O
63,swab,O
63,and,O
63,nucleic,O
63,acid,O
63,amplification,O
63,(,O
63,PCR,O
63,),O
63,(,O
63,positively,O
63,or,O
63,negatively,O
63,),O
63,and,O
63,/,O
63,or,O
63,had,O
63,symptoms,O
63,suggestive,O
63,for,O
63,COVID,O
63,‐,O
63,19,NUMBER
63,(,O
63,yes,O
63,or,O
63,no,O
63,),O
63,?,O
63,Radon,O
63,et,O
63,al,O
63,.,O
63,BMC,O
63,Public,O
63,Health,O
63,What,O
63,is,O
63,the,O
63,distribution,O
63,of,O
63,symptom,O
63,severity,O
63,in,O
63,each,O
63,Design,O
63,of,O
63,KoCo19,O
63,of,O
63,the,O
63,groups,O
63,described,O
63,above,O
63,?,O
63,How,O
63,high,O
63,is,O
63,the,O
63,risk,O
63,of,O
63,infection,CAUSE_OF_DEATH
63,for,O
63,other,O
63,household,O
63,members,O
63,if,O
63,one,NUMBER
63,person,O
63,is,O
63,infected,O
63,and,O
63,can,O
63,household,O
63,risk,O
63,factors,O
63,be,O
63,identi,O
63,‐,O
63,fied,O
63,?,O
63,How,O
63,high,O
63,is,O
63,the,O
63,risk,O
63,of,O
63,infection,CAUSE_OF_DEATH
63,for,O
63,other,O
63,inhabitants,O
63,of,O
63,the,O
63,same,O
63,apartment,O
63,building,O
63,if,O
63,one,NUMBER
63,person,O
63,is,O
63,infected,O
63,?,O
63,What,O
63,are,O
63,the,O
63,risk,O
63,factors,O
63,for,O
63,SARS,O
63,‐,O
63,CoV,O
63,‐,O
63,2,NUMBER
63,The,O
63,study,O
63,design,O
63,of,O
63,Ko,O
63,‐,O
63,Co19,O
63,is,O
63,a,O
63,community,O
63,‐,O
63,based,O
63,prospective,O
63,cohort,O
63,study,O
63,in,O
63,randomly,O
63,selected,O
63,Munich,CITY
63,households,O
63,.,O
63,All,O
63,members,O
63,of,O
63,the,O
63,selected,O
63,house,O
63,‐,O
63,holds,O
63,who,O
63,are,O
63,eligible,O
63,and,O
63,agree,O
63,to,O
63,participate,O
63,(,O
63,see,O
63,Study,O
63,popu,O
63,‐,O
63,lation,O
63,),O
63,are,O
63,invited,O
63,to,O
63,the,O
63,following,O
63,parts,O
63,of,O
63,the,O
63,2,NUMBER
63,),O
63,Follow,O
63,‐,O
63,up,O
63,visits,O
63,Is,O
63,there,O
63,a,O
63,change,O
63,in,O
63,antibody,O
63,titers,O
63,of,O
63,those,O
63,who,O
63,initially,O
63,tested,O
63,positive,O
63,.,O
63,which,O
63,is,O
63,potentially,O
63,necessary,O
63,to,O
63,discriminate,O
63,from,O
63,cross,O
63,‐,O
63,reactivity,O
63,with,O
63,other,O
63,corona,O
63,viruses,O
63,?,O
63,How,O
63,does,O
63,the,O
63,spread,O
63,of,O
63,the,O
63,disease,CAUSE_OF_DEATH
63,develop,O
63,and,O
63,what,O
63,influence,O
63,do,O
63,public,O
63,health,O
63,measures,O
63,have,O
63,on,O
63,the,O
63,incidence,O
63,?,O
63,What,O
63,is,O
63,the,O
63,impact,O
63,of,O
63,individual,O
63,behaviour,O
63,on,O
63,the,O
63,incidence,O
63,of,O
63,infection,CAUSE_OF_DEATH
63,?,O
63,Which,O
63,risk,O
63,factors,O
63,are,O
63,associated,O
63,with,O
63,SARS,O
63,‐,O
63,CoV,O
63,‐,O
63,2,NUMBER
63,What,O
63,is,O
63,the,O
63,socio,O
63,‐,O
63,economic,O
63,impact,O
63,of,O
63,the,O
63,pandemic,O
63,and,O
63,the,O
63,measures,O
63,to,O
63,combat,O
63,it,O
63,.,O
63,especially,O
63,on,O
63,the,O
63,em,O
63,‐,O
63,ployment,O
63,situation,O
63,and,O
63,psychosocial,O
63,endpoints,O
63,?,O
63,Setting,O
63,of,O
63,KoCo19,O
63,Munich,CITY
63,.,O
63,the,O
63,capital,O
63,of,O
63,the,O
63,Free,LOCATION
63,State,LOCATION
63,of,LOCATION
63,Bavaria,LOCATION
63,.,O
63,is,O
63,located,O
63,in,O
63,the,O
63,southeast,O
63,of,O
63,Germany,COUNTRY
63,.,O
63,Approximately,O
63,1.5,NUMBER
63,million,NUMBER
63,people,O
63,live,O
63,here,O
63,.,O
63,9,PERCENT
63,%,PERCENT
63,of,O
63,these,O
63,are,O
63,75,DURATION
63,years,DURATION
63,and,O
63,older,O
63,[,O
63,27,NUMBER
63,],O
63,.,O
63,The,O
63,population,O
63,density,O
63,is,O
63,50,NUMBER
63,inhabitants,O
63,per,O
63,ha,O
63,[,O
63,27,NUMBER
63,],O
63,.,O
63,There,O
63,are,O
63,70,NUMBER
63,hospital,O
63,beds,O
63,(,O
63,including,O
63,5,NUMBER
63,intensive,O
63,care,O
63,unit,O
63,beds,O
63,),O
63,and,O
63,13,NUMBER
63,doctors,O
63,for,O
63,every,O
63,10.000,NUMBER
63,inhabitants,O
63,[,O
63,27,NUMBER
63,],O
63,.,O
63,After,O
63,the,O
63,first,ORDINAL
63,100,NUMBER
63,cases,O
63,of,O
63,SARS,O
63,‐,O
63,CoV,O
63,‐,O
63,2,NUMBER
63,were,O
63,reported,O
63,in,O
63,Munich,CITY
63,by,O
63,March,DATE
63,12th,DATE
63,2020,DATE
63,.,O
63,the,O
63,Bavarian,MISC
63,2020,DATE
63,.,O
63,initially,O
63,until,O
63,May,DATE
63,11,DATE
63,th,DATE
63,2020,DATE
63,.,O
63,Since,O
63,the,O
63,same,O
63,date,O
63,.,O
63,all,O
63,shops,O
63,that,O
63,do,O
63,not,O
63,sell,O
63,the,O
63,basic,O
63,needs,O
63,of,O
63,the,O
63,population,O
63,were,O
63,closed,O
63,.,O
63,Starting,O
63,on,O
63,March,DATE
63,21th,DATE
63,2020,DATE
63,.,O
63,when,O
63,1288,DATE
63,infected,O
63,individuals,O
63,were,O
63,reported,O
63,in,O
63,Munich,CITY
63,.,O
63,curfews,O
63,were,O
63,implemented,O
63,[,O
63,28,NUMBER
63,],O
63,.,O
63,According,O
63,to,O
63,these,O
63,curfews,O
63,.,O
63,people,O
63,are,O
63,essentially,O
63,only,O
63,allowed,O
63,to,O
63,leave,O
63,the,O
63,house,O
63,to,O
63,go,O
63,to,O
63,work,O
63,.,O
63,to,O
63,the,O
63,doctor,TITLE
63,.,O
63,to,O
63,buy,O
63,food,O
63,.,O
63,for,O
63,outdoor,O
63,sport,O
63,related,O
63,activities,O
63,(,O
63,jogging,O
63,.,O
63,walking,O
63,),O
63,or,O
63,to,O
63,help,O
63,others,O
63,who,O
63,are,O
63,depending,O
63,on,O
63,support,O
63,.,O
63,A,O
63,minimum,O
63,distance,O
63,of,O
63,1.5,NUMBER
63,m,O
63,between,O
63,in,O
63,‐,O
63,dividuals,O
63,must,O
63,be,O
63,maintained,O
63,.,O
63,1,NUMBER
63,.,O
63,Baseline,O
63,study,O
63,(,O
63,1st,ORDINAL
63,household,O
63,visit,O
63,),O
63,:,O
63,During,O
63,the,O
63,baseline,O
63,study,O
63,.,O
63,personal,O
63,identifying,O
63,informa,O
63,‐,O
63,tion,O
63,is,O
63,collected,O
63,and,O
63,stored,O
63,in,O
63,a,O
63,database,O
63,separately,O
63,from,O
63,the,O
63,remaining,O
63,questionnaire,O
63,information,O
63,.,O
63,A,O
63,blood,O
63,sample,O
63,is,O
63,taken,O
63,from,O
63,which,O
63,sero,O
63,‐,O
63,prevalences,O
63,of,O
63,SARS,O
63,‐,O
63,CoV,O
63,‐,O
63,2,NUMBER
63,IgG,O
63,and,O
63,IgA,O
63,antibodies,O
63,are,O
63,After,O
63,the,O
63,household,O
63,visit,O
63,.,O
63,participants,O
63,are,O
63,asked,O
63,to,O
63,answer,O
63,an,O
63,:,O
63,2,NUMBER
63,.,O
63,Daily,SET
63,diary,O
63,:,O
63,Using,O
63,a,O
63,web,O
63,‐,O
63,based,O
63,app,O
63,.,O
63,participants,O
63,are,O
63,asked,O
63,to,O
63,fill,O
63,out,O
63,a,O
63,daily,SET
63,diary,O
63,on,O
63,symptoms,O
63,suggestive,O
63,of,O
63,COVID,O
63,‐,O
63,19,NUMBER
63,infec,O
63,‐,O
63,tion,O
63,.,O
63,whereabouts,O
63,.,O
63,and,O
63,social,O
63,contacts,O
63,.,O
63,Additional,O
63,questions,O
63,might,O
63,be,O
63,included,O
63,throughout,O
63,the,O
63,follow,O
63,‐,O
63,up,O
63,period,O
63,.,O
63,If,O
63,symptoms,O
63,of,O
63,COVID,O
63,‐,O
63,19,NUMBER
63,occur,O
63,.,O
63,a,O
63,pharyngeal,O
63,swab,O
63,for,O
63,PCR,O
63,testing,O
63,of,O
63,SARS,O
63,‐,O
63,CoV,O
63,‐,O
63,2,NUMBER
63,is,O
63,offered,O
63,at,O
63,our,O
63,division,O
63,.,O
63,3,NUMBER
63,.,O
63,Follow,O
63,‐,O
63,up,O
63,household,O
63,visits,O
63,:,O
63,Households,O
63,are,O
63,revisited,O
63,every,SET
63,three,SET
63,to,SET
63,six,SET
63,weeks,SET
63,for,O
63,a,O
63,new,O
63,blood,O
63,sample,O
63,in,O
63,order,O
63,to,O
63,estimate,O
63,the,O
63,sero,O
63,‐,O
63,incidence,O
63,of,O
63,SARS,O
63,‐,O
63,CoV,O
63,‐,O
63,2,NUMBER
63,in,O
63,‐,O
63,fection,O
63,.,O
63,This,O
63,frequency,O
63,can,O
63,be,O
63,adapted,O
63,to,O
63,the,O
63,current,DATE
63,necessities,O
63,of,O
63,estimated,O
63,prediction,O
63,models,O
63,.,O
63,The,O
63,follow,O
63,‐,O
63,ups,O
63,are,O
63,currently,DATE
63,planned,O
63,for,O
63,up,DURATION
63,to,DURATION
63,12,DURATION
63,months,DURATION
63,.,O
63,The,O
63,study,O
63,will,O
63,be,O
63,terminated,O
63,if,O
63,more,O
63,efficient,O
63,methods,O
63,to,O
63,assess,O
63,the,O
63,course,O
63,of,O
63,the,O
63,epidemic,O
63,are,O
63,developed,O
63,or,O
63,if,O
63,this,O
63,no,O
63,longer,O
63,appears,O
63,relevant,O
63,.,O
63,KoCo19,O
63,study,O
63,population,O
63,For,O
63,KoCo19,O
63,.,O
63,a,O
63,representative,TITLE
63,sample,O
63,of,O
63,Munich,CITY
63,house,O
63,‐,O
63,holds,O
63,(,O
63,target,O
63,population,O
63,),O
63,is,O
63,selected,O
63,by,O
63,random,O
63,walk,O
63,door,O
63,‐,O
63,to,O
63,‐,O
63,door,O
63,methodology,O
63,[,O
63,29,NUMBER
63,],O
63,.,O
63,For,O
63,this,O
63,purpose,O
63,.,O
63,100,NUMBER
63,of,O
63,the,O
63,755,NUMBER
63,Munich,CITY
63,con,O
63,‐,O
63,stituencies,O
63,were,O
63,randomly,O
63,selected,O
63,using,O
63,R,O
63,(,O
63,The,O
63,R,O
63,project,O
63,),O
63,.,O
63,In,O
63,each,O
63,of,O
63,these,O
63,constituencies,O
63,.,O
63,the,O
63,geographic,O
63,center,O
63,is,O
63,selected,O
63,as,O
63,the,O
63,starting,O
63,point,O
63,of,O
63,the,O
63,random,O
63,route,O
63,using,O
63,QGIS,O
63,.,O
63,From,O
63,the,O
63,address,O
63,closest,O
63,to,O
63,this,O
63,starting,O
63,point,O
63,.,O
63,30,NUMBER
63,households,O
63,per,O
63,con,O
63,‐,O
63,stituency,O
63,will,O
63,be,O
63,included,O
63,in,O
63,the,O
63,study,O
63,according,O
63,to,O
63,a,O
63,fixed,O
63,al,O
63,‐,O
63,gorithm,O
63,.,O
63,In,O
63,the,O
63,case,O
63,of,O
63,apartment,O
63,buildings,O
63,.,O
63,one,NUMBER
63,household,O
63,per,O
63,floor,O
63,is,O
63,selected,O
63,to,O
63,investigate,O
63,possible,O
63,transmission,O
63,within,O
63,the,O
63,building,O
63,.,O
63,All,O
63,household,O
63,members,O
63,14,DURATION
63,years,DURATION
63,are,O
63,invited,O
63,to,O
63,partici,O
63,‐,O
63,pate,O
63,in,O
63,KoCo19,O
63,by,O
63,donating,O
63,a,O
63,maximum,O
63,of,O
63,3,NUMBER
63,ml,O
63,of,O
63,blood,O
63,and,O
63,to,O
63,be,O
63,available,O
63,for,O
63,further,O
63,blood,O
63,tests,O
63,every,O
63,Radon,MISC
63,et,O
63,al,O
63,.,O
63,BMC,O
63,Public,O
63,Health,O
63,three,DURATION
63,to,DURATION
63,six,DURATION
63,weeks,DURATION
63,.,O
63,Participants,O
63,are,O
63,informed,O
63,about,O
63,their,O
63,SARS,O
63,‐,O
63,CoV,O
63,‐,O
63,2,NUMBER
63,antibody,O
63,status,O
63,.,O
63,Additionally,O
63,.,O
63,all,O
63,household,O
63,members,O
63,are,O
63,asked,O
63,to,O
63,complete,O
63,a,O
63,daily,SET
63,questionnaire,O
63,on,O
63,their,O
63,state,O
63,of,O
63,health,O
63,.,O
63,whereabouts,O
63,and,O
63,social,O
63,contacts,O
63,using,O
63,an,O
63,internet,O
63,or,O
63,a,O
63,smartphone,O
63,app,O
63,(,O
63,WebApp,O
63,),O
63,.,O
63,Persons,O
63,who,O
63,do,O
63,not,O
63,have,O
63,a,O
63,mobile,TITLE
63,phone,O
63,or,O
63,can,O
63,not,O
63,operate,O
63,an,O
63,App,MISC
63,will,O
63,be,O
63,interviewed,O
63,by,O
63,phone,O
63,.,O
63,At,O
63,least,O
63,one,NUMBER
63,household,O
63,member,O
63,needs,O
63,to,O
63,agree,O
63,to,O
63,donate,O
63,blood,O
63,.,O
63,while,O
63,other,O
63,members,O
63,can,O
63,solely,O
63,participate,O
63,in,O
63,the,O
63,Inclusion,O
63,criteria,O
63,are,O
63,:,O
63,At,O
63,the,O
63,time,DATE
63,of,O
63,inclusion,O
63,in,O
63,the,O
63,study,O
63,(,O
63,1st,ORDINAL
63,household,O
63,visit,O
63,),O
63,.,O
63,at,O
63,least,O
63,one,NUMBER
63,of,O
63,the,O
63,household,O
63,members,O
63,must,O
63,be,O
63,18,DURATION
63,years,DURATION
63,and,O
63,competent,O
63,to,O
63,provide,O
63,written,O
63,informed,O
63,consent,O
63,.,O
63,Sufficient,O
63,command,O
63,of,O
63,German,NATIONALITY
63,to,O
63,understand,O
63,the,O
63,participant,O
63,in,O
63,‐,O
63,formation,O
63,materials,O
63,for,O
63,the,O
63,study,O
63,and,O
63,to,O
63,answer,O
63,the,O
63,question,O
63,‐,O
63,naires,O
63,(,O
63,Note,O
63,:,O
63,Due,O
63,to,O
63,the,O
63,urgency,O
63,of,O
63,the,O
63,study,O
63,.,O
63,there,O
63,is,O
63,no,O
63,possi,O
63,‐,O
63,bility,O
63,to,O
63,develop,O
63,respondent,O
63,information,O
63,and,O
63,multilingual,O
63,ques,O
63,‐,O
63,tionnaires,O
63,or,O
63,to,O
63,recruit,O
63,multilingual,O
63,study,O
63,The,O
63,households,O
63,where,O
63,residents,O
63,are,O
63,not,O
63,present,DATE
63,at,O
63,the,O
63,time,DATE
63,of,O
63,the,O
63,visit,O
63,of,O
63,one,NUMBER
63,of,O
63,the,O
63,study,O
63,teams,O
63,and,O
63,do,O
63,not,O
63,call,O
63,to,O
63,the,O
63,provided,O
63,number,O
63,in,O
63,order,O
63,to,O
63,arrange,O
63,a,O
63,baseline,O
63,visit,O
63,.,O
63,individuals,O
63,who,O
63,do,O
63,not,O
63,give,O
63,informed,O
63,consent,O
63,or,O
63,do,O
63,not,O
63,meet,O
63,the,O
63,inclusion,O
63,criteria,O
63,will,O
63,be,O
63,replaced,O
63,by,O
63,the,O
63,next,O
63,house,O
63,on,O
63,the,O
63,route,O
63,for,O
63,single,O
63,/,O
63,two,NUMBER
63,‐,O
63,family,O
63,houses,O
63,replaced,O
63,by,O
63,the,O
63,next,O
63,apartment,O
63,on,O
63,the,O
63,same,O
63,floor,O
63,in,O
63,information,O
63,.,O
63,In,O
63,case,O
63,of,O
63,absence,O
63,at,O
63,the,O
63,time,DATE
63,of,O
63,the,O
63,information,O
63,visit,O
63,.,O
63,the,O
63,teams,O
63,leave,O
63,information,O
63,material,O
63,including,O
63,a,O
63,telephone,O
63,number,O
63,in,O
63,order,O
63,to,O
63,schedule,O
63,the,O
63,baseline,O
63,visit,O
63,.,O
63,In,O
63,the,O
63,initial,O
63,informative,O
63,visit,O
63,.,O
63,teams,O
63,are,O
63,accompanied,O
63,by,O
63,a,O
63,police,TITLE
63,officer,TITLE
63,;,O
63,this,O
63,is,O
63,consid,O
63,‐,O
63,ered,O
63,helpful,O
63,to,O
63,enhance,O
63,trust,O
63,in,O
63,the,O
63,study,O
63,in,O
63,times,O
63,were,O
63,report,O
63,‐,O
63,edly,O
63,fraudsters,O
63,are,O
63,taking,O
63,advantage,O
63,of,O
63,the,O
63,exceptional,O
63,Overall,O
63,.,O
63,at,O
63,least,O
63,50,NUMBER
63,field,O
63,workers,O
63,working,O
63,in,O
63,25,NUMBER
63,teams,O
63,of,O
63,two,NUMBER
63,are,O
63,involved,O
63,in,O
63,the,O
63,study,O
63,.,O
63,Each,O
63,team,O
63,is,O
63,responsible,O
63,for,O
63,150,NUMBER
63,households,O
63,in,O
63,five,NUMBER
63,constituencies,O
63,.,O
63,One,NUMBER
63,field,O
63,worker,O
63,is,O
63,a,O
63,medical,O
63,student,TITLE
63,with,O
63,prior,O
63,.,O
63,extensive,O
63,training,O
63,in,O
63,infectious,CAUSE_OF_DEATH
63,disease,CAUSE_OF_DEATH
63,control,O
63,.,O
63,including,O
63,blood,O
63,sampling,O
63,and,O
63,pharyngeal,O
63,swabs,O
63,in,O
63,case,O
63,participants,O
63,have,O
63,symptoms,O
63,suggestive,O
63,for,O
63,COVID,O
63,‐,O
63,19,NUMBER
63,within,O
63,14,NUMBER
63,‐,O
63,days,DURATION
63,prior,O
63,to,O
63,this,O
63,visit,O
63,.,O
63,The,O
63,second,ORDINAL
63,field,O
63,worker,O
63,is,O
63,responsible,O
63,for,O
63,the,O
63,informed,O
63,consent,O
63,and,O
63,interviews,O
63,.,O
63,Teams,O
63,of,O
63,field,O
63,workers,O
63,are,O
63,carefully,O
63,trained,O
63,in,O
63,study,O
63,procedures,O
63,.,O
63,data,O
63,confidentiality,O
63,.,O
63,and,O
63,infection,CAUSE_OF_DEATH
63,protection,O
63,and,O
63,undergo,O
63,a,O
63,proficiency,O
63,test,O
63,before,O
63,initiating,O
63,field,O
63,work,O
63,.,O
63,During,O
63,the,O
63,first,ORDINAL
63,field,O
63,visits,O
63,.,O
63,they,O
63,are,O
63,accompanied,O
63,by,O
63,a,O
63,senior,O
63,medical,O
63,doctor,TITLE
63,of,O
63,the,O
63,Division,MISC
63,of,MISC
63,Infectious,MISC
63,Diseases,CAUSE_OF_DEATH
63,and,O
63,until,O
63,the,O
63,physician,TITLE
63,approves,O
63,correct,O
63,handling,O
63,of,O
63,all,O
63,steps,O
63,of,O
63,the,O
63,field,O
63,work,O
63,.,O
63,To,O
63,further,O
63,ensure,O
63,the,O
63,quality,O
63,of,O
63,field,O
63,work,O
63,randomly,O
63,se,O
63,‐,O
63,lected,O
63,households,O
63,are,O
63,called,O
63,and,O
63,asked,O
63,about,O
63,the,O
63,last,O
63,study,O
63,visit,O
63,and,O
63,potential,O
63,problems,O
63,.,O
63,In,O
63,addition,O
63,.,O
63,teams,O
63,will,O
63,be,O
63,repeatedly,O
63,monitored,O
63,by,O
63,a,O
63,senior,O
63,medical,O
63,doctor,TITLE
63,throughout,O
63,the,O
63,study,O
63,.,O
63,To,O
63,avoid,O
63,infection,CAUSE_OF_DEATH
63,risks,O
63,through,O
63,public,O
63,transport,O
63,.,O
63,all,O
63,teams,O
63,use,O
63,rental,O
63,cars,O
63,during,O
63,the,O
63,field,O
63,work,O
63,.,O
63,This,O
63,is,O
63,also,O
63,helpful,O
63,for,O
63,the,O
63,teams,O
63,to,O
63,be,O
63,able,O
63,to,O
63,carry,O
63,all,O
63,the,O
63,necessary,O
63,material,O
63,including,O
63,personal,O
63,protective,O
63,and,O
63,hygiene,O
63,equipment,O
63,.,O
63,the,O
63,case,O
63,of,O
63,apartment,O
63,buildings,O
63,.,O
63,Study,O
63,instruments,O
63,:,O
63,questionnaires,O
63,Non,O
63,‐,O
63,response,O
63,is,O
63,recorded,O
63,and,O
63,taken,O
63,into,O
63,account,O
63,in,O
63,the,O
63,analysis,O
63,of,O
63,the,O
63,response,O
63,index,O
63,.,O
63,Where,O
63,feasible,O
63,.,O
63,basic,O
63,information,O
63,(,O
63,age,O
63,.,O
63,sex,O
63,.,O
63,type,O
63,of,O
63,building,O
63,),O
63,and,O
63,reason,O
63,of,O
63,non,O
63,‐,O
63,participation,O
63,are,O
63,collected,O
63,for,O
63,non,O
63,‐,O
63,responders,O
63,in,O
63,order,O
63,to,O
63,assess,O
63,representativeness,O
63,of,O
63,the,O
63,study,O
63,population,O
63,.,O
63,In,O
63,addition,O
63,.,O
63,participants,O
63,socioeconomic,O
63,status,O
63,.,O
63,mi,O
63,‐,O
63,grant,O
63,status,O
63,.,O
63,sex,O
63,.,O
63,and,O
63,percentage,O
63,of,O
63,households,O
63,with,O
63,children,O
63,and,O
63,single,O
63,households,O
63,will,O
63,be,O
63,compared,O
63,to,O
63,the,O
63,official,O
63,statistics,O
63,of,O
63,the,O
63,selected,O
63,constituencies,O
63,and,O
63,of,O
63,all,O
63,Munich,CITY
63,constituencies,O
63,(,O
63,Statistical,ORGANIZATION
63,Office,ORGANIZATION
63,Munich,ORGANIZATION
63,),O
63,.,O
63,Field,O
63,work,O
63,In,O
63,order,O
63,to,O
63,pre,O
63,‐,O
63,inform,O
63,the,O
63,population,O
63,about,O
63,the,O
63,study,O
63,and,O
63,thus,O
63,.,O
63,increase,O
63,response,O
63,.,O
63,the,O
63,study,O
63,is,O
63,announced,O
63,in,O
63,In,O
63,addition,O
63,.,O
63,field,O
63,workers,O
63,visit,O
63,the,O
63,se,O
63,‐,O
63,lected,O
63,households,O
63,before,O
63,the,O
63,start,O
63,of,O
63,the,O
63,baseline,O
63,study,O
63,to,O
63,in,O
63,‐,O
63,troduce,O
63,the,O
63,study,O
63,.,O
63,hand,O
63,out,O
63,a,O
63,short,O
63,leaflet,O
63,and,O
63,also,O
63,the,O
63,complete,O
63,Wherever,O
63,possible,O
63,.,O
63,questions,O
63,were,O
63,taken,O
63,from,O
63,preexisting,O
63,validat,O
63,‐,O
63,ed,O
63,questionnaire,O
63,instruments,O
63,[,O
63,3033,NUMBER
63,],O
63,.,O
63,As,O
63,it,O
63,will,O
63,be,O
63,crucial,O
63,to,O
63,minimize,O
63,attrition,O
63,over,O
63,time,O
63,.,O
63,we,O
63,minimized,O
63,the,O
63,number,O
63,of,O
63,ques,O
63,‐,O
63,tions,O
63,without,O
63,losing,O
63,important,O
63,information,O
63,.,O
63,The,O
63,household,O
63,ques,O
63,‐,O
63,tionnaire,O
63,includes,O
63,questions,O
63,about,O
63,the,O
63,living,O
63,situation,O
63,(,O
63,type,O
63,of,O
63,housing,O
63,.,O
63,number,O
63,of,O
63,bedrooms,O
63,.,O
63,apartment,O
63,size,O
63,),O
63,.,O
63,number,O
63,of,O
63,inhabi,O
63,‐,O
63,tants,O
63,(,O
63,including,O
63,date,O
63,of,O
63,birth,O
63,and,O
63,sex,O
63,),O
63,.,O
63,highest,O
63,level,O
63,of,O
63,educa,O
63,‐,O
63,tion,O
63,.,O
63,work,O
63,situation,O
63,.,O
63,household,O
63,income,O
63,.,O
63,second,ORDINAL
63,hand,O
63,smoke,O
63,expo,O
63,‐,O
63,sure,O
63,.,O
63,work,O
63,of,O
63,household,O
63,members,O
63,in,O
63,potentially,O
63,high,O
63,risk,O
63,jobs,O
63,for,O
63,SARS,O
63,‐,O
63,CoV,O
63,‐,O
63,2,NUMBER
63,infections,CAUSE_OF_DEATH
63,.,O
63,past,DATE
63,pharyngeal,O
63,swab,O
63,testing,O
63,for,O
63,SARS,O
63,‐,O
63,CoV,O
63,‐,O
63,2,NUMBER
63,in,O
63,household,O
63,members,O
63,including,O
63,test,O
63,results,O
63,.,O
63,‐,O
63,Individual,O
63,baseline,O
63,questionnaire,O
63,Radon,O
63,et,O
63,al,O
63,.,O
63,BMC,ORGANIZATION
63,Public,ORGANIZATION
63,Health,ORGANIZATION
63,At,O
63,base,O
63,‐,O
63,line,O
63,.,O
63,all,O
63,participating,O
63,household,O
63,members,O
63,are,O
63,asked,O
63,about,O
63,date,O
63,of,O
63,birth,O
63,.,O
63,sex,O
63,.,O
63,level,O
63,of,O
63,education,O
63,.,O
63,employment,O
63,situation,O
63,.,O
63,smoking,CAUSE_OF_DEATH
63,history,O
63,.,O
63,general,TITLE
63,health,O
63,.,O
63,pregnancy,O
63,.,O
63,recent,O
63,influenza,CAUSE_OF_DEATH
63,vaccination,O
63,.,O
63,pre,O
63,‐,O
63,existing,O
63,medical,O
63,conditions,O
63,.,O
63,symptoms,O
63,suggestive,O
63,for,O
63,COVID,O
63,‐,O
63,19,NUMBER
63,in,O
63,the,DURATION
63,14,DURATION
63,days,DURATION
63,prior,O
63,to,O
63,the,O
63,study,O
63,.,O
63,past,DATE
63,PCR,O
63,testing,O
63,of,O
63,nasopha,O
63,‐,O
63,ryngeal,O
63,samples,O
63,for,O
63,SARS,O
63,‐,O
63,CoV,O
63,‐,O
63,2,NUMBER
63,including,O
63,test,O
63,result,O
63,.,O
63,use,O
63,of,O
63,res,O
63,‐,O
63,piratory,O
63,masks,O
63,.,O
63,and,O
63,work,O
63,in,O
63,a,O
63,potentially,O
63,high,O
63,risk,O
63,job,O
63,for,O
63,SARS,O
63,‐,O
63,CoV,O
63,‐,O
63,2,NUMBER
63,infection,CAUSE_OF_DEATH
63,.,O
63,Assuming,O
63,that,O
63,each,O
63,person,O
63,is,O
63,included,O
63,in,O
63,the,O
63,study,O
63,with,O
63,the,O
63,same,O
63,probability,O
63,.,O
63,repeated,O
63,drawing,O
63,of,O
63,4500,DATE
63,from,O
63,1.5,NUMBER
63,million,NUMBER
63,Munich,CITY
63,residents,O
63,will,O
63,yield,O
63,the,O
63,95,PERCENT
63,%,PERCENT
63,confidence,O
63,preva,O
63,‐,O
63,lence,O
63,of,O
63,the,O
63,total,O
63,of,O
63,reported,O
63,and,O
63,unreported,O
63,infections,CAUSE_OF_DEATH
63,in,O
63,the,O
63,baseline,O
63,survey,O
63,.,O
63,The,O
63,prevalence,O
63,of,O
63,confirmed,O
63,cases,O
63,was,O
63,0.3,PERCENT
63,%,PERCENT
63,on,O
63,April,DATE
63,9th,DATE
63,2020,DATE
63,[,O
63,34,NUMBER
63,],O
63,.,O
63,This,O
63,shows,O
63,that,O
63,the,O
63,sample,O
63,size,O
63,is,O
63,suffi,O
63,‐,O
63,cient,O
63,for,O
63,an,O
63,adequately,O
63,precise,O
63,estimate,O
63,of,O
63,the,O
63,actual,O
63,sero,O
63,‐,O
63,prevalence,O
63,in,O
63,the,O
63,baseline,O
63,survey,O
63,.,O
63,Data,O
63,management,O
63,The,O
63,daily,SET
63,di,O
63,‐,O
63,ary,O
63,includes,O
63,items,O
63,about,O
63,symptoms,O
63,suggestive,O
63,for,O
63,COVID,O
63,‐,O
63,19,NUMBER
63,.,O
63,social,O
63,contacts,O
63,.,O
63,whereabouts,O
63,and,O
63,use,O
63,of,O
63,public,O
63,transport,O
63,in,O
63,the,DATE
63,past,DATE
63,24,NUMBER
63,h.,O
63,Further,O
63,questions,O
63,on,O
63,e.g.,O
63,.,O
63,the,O
63,psychosocial,O
63,and,O
63,economic,O
63,situ,O
63,‐,O
63,ation,O
63,.,O
63,such,O
63,as,O
63,perceived,O
63,health,O
63,status,O
63,.,O
63,behavioral,O
63,aspects,O
63,.,O
63,or,O
63,employment,O
63,and,O
63,income,O
63,will,O
63,be,O
63,added,O
63,over,O
63,the,O
63,time,O
63,of,O
63,the,O
63,study,O
63,.,O
63,and,O
63,collected,O
63,e.g.,O
63,once,DATE
63,a,DURATION
63,week,DURATION
63,.,O
63,Laboratory,O
63,analyses,O
63,Samples,O
63,will,O
63,be,O
63,analyzed,O
63,and,O
63,stored,O
63,at,O
63,the,O
63,Division,O
63,of,O
63,First,ORDINAL
63,.,O
63,blood,O
63,is,O
63,sampled,O
63,in,O
63,2.7,NUMBER
63,ml,O
63,EDTA,O
63,containers,O
63,and,O
63,thoroughly,O
63,mixed,O
63,.,O
63,Samples,O
63,are,O
63,indi,O
63,‐,O
63,vidually,O
63,barcoded,O
63,and,O
63,packed,O
63,to,O
63,be,O
63,transported,O
63,to,O
63,the,O
63,laboratory,O
63,ion,O
63,ice,O
63,.,O
63,There,O
63,.,O
63,the,O
63,samples,O
63,are,O
63,centrifuged,O
63,to,O
63,separate,O
63,the,O
63,cell,O
63,pellet,O
63,from,O
63,the,O
63,remaining,O
63,plasma,O
63,.,O
63,Cell,O
63,pellets,O
63,are,O
63,frozen,O
63,at,O
63,80,NUMBER
63,C,O
63,for,O
63,further,O
63,analysis,O
63,.,O
63,while,O
63,the,O
63,plasma,O
63,is,O
63,used,O
63,for,O
63,ELISA,O
63,analy,O
63,‐,O
63,sis,O
63,using,O
63,a,O
63,semi,O
63,‐,O
63,automated,O
63,robotic,O
63,system,O
63,(,O
63,Euroanalyzer,O
63,I,O
63,.,O
63,Eu,O
63,‐,O
63,roimmune,O
63,.,O
63,Lbeck,LOCATION
63,.,O
63,Germany,COUNTRY
63,),O
63,.,O
63,Serology,O
63,is,O
63,performed,O
63,primarily,O
63,using,O
63,the,O
63,Anti,O
63,‐,O
63,SARSCov,O
63,‐,O
63,2,NUMBER
63,‐,O
63,ELISA,O
63,IgG,O
63,and,O
63,IgA,O
63,(,O
63,Euroimmune,O
63,.,O
63,Lbeck,PERSON
63,.,O
63,Ger,O
63,‐,O
63,many,O
63,),O
63,.,O
63,The,O
63,ELISA,O
63,system,O
63,has,O
63,a,O
63,combined,O
63,sensitivity,O
63,of,O
63,between,O
63,66.7,PERCENT
63,%,PERCENT
63,(,O
63,<,O
63,10,DURATION
63,days,DURATION
63,after,O
63,onset,O
63,of,O
63,symptoms,O
63,),O
63,and,O
63,100,PERCENT
63,%,PERCENT
63,(,O
63,>,O
63,10,DURATION
63,days,DURATION
63,af,O
63,‐,O
63,ter,TITLE
63,onset,O
63,of,O
63,symptoms,O
63,),O
63,according,O
63,to,O
63,the,O
63,manufacturer,TITLE
63,.,O
63,Specificity,O
63,is,O
63,rated,O
63,as,O
63,98.5,PERCENT
63,%,PERCENT
63,.,O
63,tested,O
63,in,O
63,larger,O
63,cohorts,O
63,of,O
63,blood,O
63,donors,O
63,.,O
63,The,O
63,remaining,O
63,plasma,O
63,is,O
63,stored,O
63,for,O
63,further,O
63,analysis,O
63,or,O
63,confirmatory,O
63,testing,O
63,e.g.,O
63,with,O
63,virus,O
63,neutralization,O
63,as,O
63,appropriate,O
63,.,O
63,Pharyn,O
63,‐,O
63,geal,O
63,swabs,O
63,are,O
63,taken,O
63,using,O
63,eSwab,O
63,systems,O
63,.,O
63,The,O
63,samples,O
63,are,O
63,stored,O
63,at,O
63,4,NUMBER
63,C,O
63,and,O
63,immediately,O
63,transported,O
63,to,O
63,the,O
63,laboratory,O
63,.,O
63,There,O
63,.,O
63,RNA,O
63,extraction,O
63,is,O
63,performed,O
63,.,O
63,Extracted,O
63,RNA,O
63,is,O
63,divided,O
63,to,O
63,allow,O
63,for,O
63,cryo,O
63,‐,O
63,conservation,O
63,at,O
63,80,NUMBER
63,C,O
63,as,O
63,well,O
63,as,O
63,for,O
63,diagnostic,O
63,RT,O
63,‐,O
63,PCR,O
63,for,O
63,SARSCoV,O
63,‐,O
63,2,NUMBER
63,.,O
63,The,O
63,reserve,O
63,sample,O
63,will,O
63,be,O
63,used,O
63,for,O
63,virus,O
63,sequence,O
63,analysis,O
63,to,O
63,perform,O
63,cluster,O
63,and,O
63,outbreak,O
63,analysis,O
63,and,O
63,to,O
63,study,O
63,within,O
63,family,O
63,transmission,O
63,.,O
63,Statistical,O
63,analysis,O
63,Sample,O
63,size,O
63,calculation,O
63,As,O
63,an,O
63,initial,O
63,number,O
63,of,O
63,participants,O
63,.,O
63,3000,NUMBER
63,households,O
63,with,O
63,approx.,O
63,1.5,NUMBER
63,participants,O
63,each,O
63,were,O
63,calculated,O
63,.,O
63,Hospital,O
63,Mu,O
63,‐,O
63,nich,O
63,.,O
63,The,O
63,pseudonymized,O
63,databases,O
63,will,O
63,be,O
63,combined,O
63,using,O
63,a,O
63,unique,O
63,participant,O
63,ID,STATE_OR_PROVINCE
63,.,O
63,Using,O
63,the,O
63,combined,O
63,raw,O
63,data,O
63,.,O
63,a,O
63,scripted,O
63,routine,O
63,analysis,O
63,is,O
63,used,O
63,to,O
63,produce,O
63,a,O
63,daily,SET
63,update,O
63,of,O
63,descriptive,O
63,and,O
63,bi,O
63,‐,O
63,variate,O
63,prevalence,O
63,and,O
63,incidence,O
63,data,O
63,to,O
63,generate,O
63,a,O
63,study,O
63,dash,O
63,‐,O
63,board,O
63,(,O
63,The,O
63,R,O
63,project,O
63,),O
63,.,O
63,Main,O
63,outcome,O
63,variables,O
63,are,O
63,the,O
63,prevalence,O
63,and,O
63,incidence,O
63,of,O
63,SARS,O
63,‐,O
63,CoV,O
63,‐,O
63,2,NUMBER
63,antibodies,O
63,as,O
63,well,O
63,as,O
63,SARS,O
63,‐,O
63,CoV,O
63,‐,O
63,2,NUMBER
63,symptoms,O
63,in,O
63,the,O
63,study,O
63,population,O
63,and,O
63,the,O
63,dynamics,O
63,thereof,O
63,.,O
63,Main,O
63,exposure,O
63,variables,O
63,are,O
63,socio,O
63,‐,O
63,economic,O
63,factors,O
63,.,O
63,social,O
63,contacts,O
63,.,O
63,city,O
63,district,O
63,as,O
63,well,O
63,as,O
63,the,O
63,living,O
63,situation,O
63,.,O
63,In,O
63,addition,O
63,.,O
63,changes,O
63,in,O
63,the,O
63,non,O
63,‐,O
63,pharmaceutical,O
63,public,O
63,health,O
63,interventions,O
63,will,O
63,be,O
63,used,O
63,as,O
63,predictor,O
63,of,O
63,SARS,O
63,‐,O
63,CoV,O
63,‐,O
63,2,NUMBER
63,incidence,O
63,.,O
63,Descriptive,O
63,analyses,O
63,Initial,O
63,descriptive,O
63,data,O
63,analyses,O
63,will,O
63,be,O
63,weighted,O
63,for,O
63,cluster,O
63,sampling,O
63,and,O
63,include,O
63,the,O
63,following,O
63,parameters,O
63,:,O
63,Description,O
63,of,O
63,basic,O
63,data,O
63,for,O
63,responder,O
63,and,O
63,non,O
63,‐,O
63,responder,O
63,households,O
63,Socio,O
63,‐,O
63,demographic,O
63,data,O
63,and,O
63,known,O
63,risk,O
63,factors,O
63,for,O
63,SARS,O
63,‐,O
63,CoV,O
63,‐,O
63,2,NUMBER
63,in,O
63,‐,O
63,fection,O
63,Baseline,O
63,prevalence,O
63,of,O
63,SARS,O
63,‐,O
63,CoV,O
63,‐,O
63,2,NUMBER
63,sero,O
63,‐,O
63,positivity,O
63,in,O
63,the,O
63,Munich,CITY
63,general,TITLE
63,population,O
63,stratified,O
63,for,O
63,a,O
63,),O
63,symptomatic,O
63,and,O
63,asymptomatic,O
63,cases,O
63,and,O
63,b,O
63,),O
63,cases,O
63,previously,DATE
63,tested,O
63,via,O
63,PCR,O
63,The,O
63,temporal,O
63,course,O
63,of,O
63,SARS,O
63,‐,O
63,CoV,O
63,‐,O
63,2,NUMBER
63,sero,O
63,‐,O
63,positivity,O
63,in,O
63,the,O
63,Munich,CITY
63,general,TITLE
63,population,O
63,(,O
63,point,O
63,prevalence,O
63,and,O
63,incidence,O
63,),O
63,stratified,O
63,for,O
63,symptomatic,O
63,and,O
63,asymptomatic,O
63,subjects,O
63,.,O
63,and,O
63,reported,O
63,cases,O
63,The,O
63,daily,SET
63,prevalence,O
63,and,O
63,incidence,O
63,of,O
63,possible,O
63,COVID,O
63,‐,O
63,19,NUMBER
63,symptoms,O
63,in,O
63,the,O
63,study,O
63,population,O
63,Bi,O
63,‐,O
63,variable,O
63,and,O
63,multi,O
63,‐,O
63,variable,O
63,analyses,O
63,Subsequent,O
63,bi,O
63,‐,O
63,and,O
63,multivariable,O
63,analyses,O
63,.,O
63,taking,O
63,cluster,O
63,sam,O
63,‐,O
63,pling,O
63,into,O
63,account,O
63,.,O
63,will,O
63,include,O
63,the,O
63,following,O
63,Identification,O
63,of,O
63,risk,O
63,factors,O
63,for,O
63,asymptomatic,O
63,.,O
63,mildly,O
63,sympto,O
63,‐,O
63,matic,O
63,and,O
63,severely,O
63,symptomatic,O
63,SARS,O
63,‐,O
63,CoV,O
63,‐,O
63,2,NUMBER
63,Radon,O
63,et,O
63,al,O
63,.,O
63,BMC,O
63,Public,O
63,Health,O
63,population,O
63,(,O
63,The,O
63,R,O
63,Project,O
63,),O
63,Assumed,O
63,true,O
63,prevalence,O
63,of,O
63,SARS,O
63,‐,O
63,CoV,O
63,‐,O
63,2,NUMBER
63,seropositive,O
63,residents,O
63,of,O
63,(,O
63,1.5,NUMBER
63,million,NUMBER
63,inhabitants,O
63,),O
63,95,PERCENT
63,%,PERCENT
63,Confidence,O
63,Interval,O
63,of,O
63,SARS,O
63,‐,O
63,CoV,O
63,‐,O
63,2,NUMBER
63,seropositive,O
63,participants,O
63,in,O
63,infections,CAUSE_OF_DEATH
63,(,O
63,age,O
63,.,O
63,sex,O
63,.,O
63,socioeconomic,O
63,status,O
63,.,O
63,occupation,O
63,.,O
63,social,O
63,contacts,O
63,.,O
63,district,O
63,),O
63,.,O
63,Prevalence,O
63,ratios,O
63,are,O
63,calculated,O
63,for,O
63,this,O
63,purpose,O
63,.,O
63,The,O
63,temporal,O
63,relationship,O
63,of,O
63,public,O
63,health,O
63,of,O
63,SARS,O
63,‐,O
63,CoV,O
63,‐,O
63,2,NUMBER
63,symp,O
63,‐,O
63,toms,O
63,and,O
63,changes,O
63,in,O
63,seroprevalence,O
63,are,O
63,analysed,O
63,.,O
63,e.g.,O
63,by,O
63,using,O
63,mixed,O
63,effect,O
63,models,O
63,with,O
63,a,O
63,time,O
63,varying,O
63,covariate,O
63,indicating,O
63,the,O
63,different,O
63,intervention,O
63,variables,O
63,at,O
63,different,O
63,time,O
63,points,O
63,.,O
63,The,O
63,effect,O
63,of,O
63,discontinuation,O
63,of,O
63,public,O
63,health,O
63,longitudinally,O
63,.,O
63,e.g.,O
63,by,O
63,mixed,O
63,effect,O
63,models,O
63,.,O
63,The,O
63,interaction,O
63,between,O
63,the,O
63,epidemic,O
63,and,O
63,the,O
63,sociodemographic,O
63,.,O
63,economic,O
63,.,O
63,psychological,O
63,variables,O
63,.,O
63,and,O
63,the,O
63,interventions,O
63,imple,O
63,‐,O
63,mented,O
63,to,O
63,contain,O
63,it,O
63,.,O
63,will,O
63,be,O
63,An,O
63,algorithm,O
63,for,O
63,the,O
63,most,O
63,reliable,O
63,prediction,O
63,of,O
63,SARS,O
63,‐,O
63,CoV,O
63,‐,O
63,2,NUMBER
63,PCR,O
63,positivity,O
63,will,O
63,be,O
63,developed,O
63,.,O
63,Geo,O
63,‐,O
63,spatial,O
63,modelling,O
63,of,O
63,exposures,O
63,and,O
63,outcome,O
63,will,O
63,be,O
63,per,O
63,‐,O
63,formed,O
63,.,O
63,In,O
63,addition,O
63,.,O
63,the,O
63,data,O
63,is,O
63,used,O
63,to,O
63,gain,O
63,knowledge,O
63,about,O
63,spread,O
63,dynamics,O
63,and,O
63,to,O
63,predict,O
63,the,O
63,further,O
63,development,O
63,of,O
63,the,O
63,epidemic,O
63,under,O
63,different,O
63,scenarios,O
63,.,O
63,Models,O
63,used,O
63,for,O
63,this,O
63,purpose,O
63,are,O
63,developed,O
63,throughout,O
63,the,O
63,course,O
63,of,O
63,the,O
63,study,O
63,.,O
63,The,O
63,ongoing,O
63,SARS,O
63,‐,O
63,CoV,O
63,‐,O
63,19,NUMBER
63,pandemic,O
63,has,O
63,changed,O
63,daily,SET
63,life,O
63,globally,O
63,to,O
63,an,O
63,extent,O
63,unseen,O
63,before,O
63,.,O
63,Due,O
63,to,O
63,the,O
63,lack,O
63,of,O
63,vaccinations,O
63,and,O
63,pharmacologi,O
63,‐,O
63,cal,O
63,treatment,O
63,options,O
63,.,O
63,it,O
63,was,O
63,predicted,O
63,that,O
63,not,O
63,taking,O
63,public,O
63,health,O
63,action,O
63,will,O
63,result,O
63,in,O
63,an,O
63,overload,O
63,of,O
63,healthcare,O
63,systems,O
63,in,O
63,most,O
63,countries,O
63,and,O
63,a,O
63,mortality,O
63,of,O
63,millions,O
63,in,O
63,the,O
63,global,O
63,popula,O
63,‐,O
63,tion,O
63,[,O
63,25,NUMBER
63,],O
63,.,O
63,The,O
63,public,O
63,health,O
63,interventions,O
63,that,O
63,have,O
63,been,O
63,recent,O
63,‐,O
63,ly,O
63,implemented,O
63,by,O
63,most,O
63,countries,O
63,have,O
63,a,O
63,huge,O
63,impact,O
63,on,O
63,the,O
63,econo,O
63,‐,O
63,my,O
63,and,O
63,most,O
63,likely,O
63,.,O
63,also,O
63,on,O
63,health,O
63,and,O
63,well,O
63,‐,O
63,being,O
63,of,O
63,the,O
63,global,O
63,population,O
63,.,O
63,Therefore,O
63,.,O
63,to,O
63,further,O
63,understand,O
63,the,O
63,dynamics,O
63,of,O
63,the,O
63,disease,CAUSE_OF_DEATH
63,.,O
63,population,O
63,‐,O
63,based,O
63,representative,TITLE
63,household,O
63,studies,O
63,might,O
63,be,O
63,helpful,O
63,and,O
63,needed,O
63,.,O
63,in,O
63,order,O
63,to,O
63,reliably,O
63,estimate,O
63,the,O
63,total,O
63,number,O
63,of,O
63,previously,DATE
63,infected,O
63,individuals,O
63,(,O
63,with,O
63,and,O
63,without,O
63,symp,O
63,‐,O
63,toms,O
63,),O
63,.,O
63,who,O
63,are,O
63,hopefully,O
63,resistant,O
63,to,O
63,infection,CAUSE_OF_DEATH
63,for,O
63,an,O
63,extended,O
63,period,O
63,of,O
63,time,O
63,.,O
63,The,O
63,study,O
63,presented,O
63,here,O
63,will,O
63,provide,O
63,a,O
63,first,ORDINAL
63,estimate,O
63,of,O
63,the,O
63,prevalence,O
63,and,O
63,incidence,O
63,of,O
63,sero,O
63,‐,O
63,positivity,O
63,in,O
63,the,O
63,Munich,CITY
63,population,O
63,.,O
63,Although,O
63,not,O
63,generalizable,O
63,on,O
63,a,O
63,global,O
63,scale,O
63,.,O
63,this,O
63,will,O
63,give,O
63,first,ORDINAL
63,insights,O
63,about,O
63,the,O
63,proportion,O
63,of,O
63,asymptomatic,O
63,and,O
63,mildly,O
63,symptomatic,O
63,carriers,O
63,of,O
63,SARS,O
63,‐,O
63,CoV,O
63,‐,O
63,2,NUMBER
63,in,O
63,comparison,O
63,to,O
63,the,O
63,number,O
63,of,O
63,those,O
63,tested,O
63,.,O
63,It,O
63,will,O
63,also,O
63,help,O
63,to,O
63,identify,O
63,risk,O
63,factors,O
63,for,O
63,infection,CAUSE_OF_DEATH
63,.,O
63,course,O
63,of,O
63,disease,CAUSE_OF_DEATH
63,and,O
63,effec,O
63,‐,O
63,tiveness,O
63,and,O
63,efficiency,O
63,of,O
63,the,O
63,public,O
63,health,O
63,measures,O
63,.,O
63,Our,O
63,study,O
63,has,O
63,limitations,O
63,.,O
63,In,O
63,the,DATE
63,last,DATE
63,years,DATE
63,.,O
63,willingness,O
63,to,O
63,participate,O
63,in,O
63,population,O
63,‐,O
63,based,O
63,studies,O
63,went,O
63,down,O
63,considerably,O
63,[,O
63,35,NUMBER
63,.,O
63,36,NUMBER
63,],O
63,.,O
63,Low,O
63,re,O
63,‐,O
63,sponse,O
63,might,O
63,affect,O
63,representativeness,O
63,of,O
63,the,O
63,study,O
63,population,O
63,.,O
63,which,O
63,in,O
63,turn,O
63,might,O
63,have,O
63,an,O
63,effect,O
63,on,O
63,the,O
63,generalizability,O
63,of,O
63,the,O
63,prevalence,O
63,of,O
63,positive,O
63,antibody,O
63,results,O
63,to,O
63,the,O
63,Munich,CITY
63,source,O
63,pop,O
63,‐,O
63,ulation,O
63,.,O
63,However,O
63,.,O
63,it,O
63,is,O
63,unlikely,O
63,that,O
63,participation,O
63,will,O
63,depend,O
63,on,O
63,sero,O
63,‐,O
63,positivity,O
63,of,O
63,antibody,O
63,results,O
63,as,O
63,antibody,O
63,status,O
63,is,O
63,un,O
63,‐,O
63,known,O
63,prior,O
63,to,O
63,inclusion,O
63,in,O
63,the,O
63,study,O
63,.,O
63,In,O
63,addition,O
63,.,O
63,the,O
63,research,O
63,topic,O
63,is,O
63,of,O
63,uppermost,O
63,interest,O
63,for,O
63,many,O
63,citizens,O
63,in,O
63,the,O
63,current,DATE
63,situation,O
63,.,O
63,therefore,O
63,response,O
63,is,O
63,expected,O
63,to,O
63,be,O
63,higher,O
63,in,O
63,KoCo19,O
63,than,O
63,in,O
63,other,O
63,studies,O
63,.,O
63,During,O
63,the,O
63,first,ORDINAL
63,recruitment,O
63,days,DURATION
63,.,O
63,an,O
63,overall,O
63,response,O
63,of,O
63,close,O
63,to,O
63,50,PERCENT
63,%,PERCENT
63,was,O
63,reached,O
63,.,O
63,this,O
63,provides,O
63,evi,O
63,‐,O
63,dence,O
63,for,O
63,the,O
63,aforementioned,O
63,hypothesis,O
63,.,O
63,Response,O
63,will,O
63,be,O
63,in,O
63,‐,O
63,creased,O
63,by,O
63,revisiting,O
63,households,O
63,which,O
63,did,O
63,not,O
63,open,O
63,the,O
63,door,O
63,at,O
63,the,O
63,first,ORDINAL
63,visit,O
63,.,O
63,For,O
63,the,O
63,associations,O
63,under,O
63,study,O
63,.,O
63,representa,O
63,‐,O
63,tiveness,O
63,is,O
63,of,O
63,less,O
63,concern,O
63,[,O
63,37,NUMBER
63,],O
63,.,O
63,However,O
63,.,O
63,we,O
63,might,O
63,not,O
63,be,O
63,able,O
63,to,O
63,reach,O
63,high,O
63,response,O
63,especially,O
63,in,O
63,specific,O
63,groups,O
63,of,O
63,the,O
63,tar,O
63,‐,O
63,get,O
63,population,O
63,.,O
63,e.g.,O
63,subjects,O
63,with,O
63,migration,O
63,background,O
63,as,O
63,they,O
63,are,O
63,generally,O
63,harder,O
63,to,O
63,reach,O
63,in,O
63,epidemiological,O
63,studies,O
63,[,O
63,38,NUMBER
63,],O
63,and,O
63,because,O
63,time,O
63,constraints,O
63,impede,O
63,the,O
63,development,O
63,of,O
63,study,O
63,docu,O
63,‐,O
63,ments,O
63,in,O
63,other,O
63,languages,O
63,than,O
63,German,NATIONALITY
63,at,O
63,the,O
63,initiation,O
63,of,O
63,the,O
63,study,O
63,.,O
63,Likewise,O
63,.,O
63,the,O
63,spread,O
63,of,O
63,SARS,O
63,‐,O
63,CoV,O
63,‐,O
63,2,NUMBER
63,varies,O
63,locally,O
63,and,O
63,de,O
63,‐,O
63,pends,O
63,on,O
63,several,O
63,factors,O
63,.,O
63,such,O
63,as,O
63,the,O
63,time,O
63,course,O
63,of,O
63,the,O
63,infec,O
63,‐,O
63,tion,O
63,in,O
63,the,O
63,respective,O
63,region,O
63,.,O
63,the,O
63,Radon,MISC
63,et,O
63,al,O
63,.,O
63,BMC,ORGANIZATION
63,Public,ORGANIZATION
63,Health,ORGANIZATION
63,population,O
63,density,O
63,and,O
63,age,O
63,distribution,O
63,of,O
63,the,O
63,population,O
63,.,O
63,the,O
63,available,O
63,capacities,O
63,and,O
63,the,O
63,applied,O
63,countermeasures,O
63,.,O
63,Therefore,O
63,.,O
63,prevalence,O
63,and,O
63,incidence,O
63,results,O
63,obtained,O
63,in,O
63,this,O
63,study,O
63,locally,O
63,might,O
63,not,O
63,be,O
63,easily,O
63,generalizable,O
63,to,O
63,other,O
63,cities,O
63,.,O
63,regions,O
63,or,O
63,countries,O
63,.,O
63,Losses,O
63,‐,O
63,to,O
63,‐,O
63,follow,O
63,up,O
63,will,O
63,likely,O
63,occur,O
63,especially,O
63,when,O
63,public,O
63,health,O
63,interventions,O
63,are,O
63,reduced,O
63,or,O
63,become,O
63,less,O
63,restric,O
63,‐,O
63,tive,O
63,and,O
63,the,O
63,public,O
63,attention,O
63,focuses,O
63,less,O
63,on,O
63,the,O
63,pandemic,O
63,.,O
63,How,O
63,‐,O
63,ever,O
63,.,O
63,as,O
63,long,O
63,as,O
63,these,O
63,missing,O
63,data,O
63,can,O
63,be,O
63,assumed,O
63,to,O
63,be,O
63,missing,O
63,at,O
63,random,O
63,multiple,O
63,imputation,O
63,can,O
63,account,O
63,for,O
63,attrition,O
63,[,O
63,39,NUMBER
63,],O
63,.,O
63,With,O
63,respect,O
63,to,O
63,reporting,O
63,bias,O
63,.,O
63,one,NUMBER
63,may,O
63,assume,O
63,that,O
63,participants,O
63,are,O
63,more,O
63,likely,O
63,to,O
63,over,O
63,‐,O
63,report,O
63,symptoms,O
63,which,O
63,will,O
63,result,O
63,in,O
63,an,O
63,overestimation,O
63,of,O
63,the,O
63,symptom,O
63,prevalence,O
63,.,O
63,In,O
63,order,O
63,to,O
63,minimize,O
63,other,O
63,forms,O
63,of,O
63,reporting,O
63,bias,O
63,we,O
63,use,O
63,as,O
63,many,O
63,items,O
63,from,O
63,validated,O
63,questionnaire,O
63,instruments,O
63,as,O
63,possible,O
63,.,O
63,In,O
63,addition,O
63,.,O
63,all,O
63,items,O
63,were,O
63,carefully,O
63,checked,O
63,by,O
63,several,O
63,members,O
63,of,O
63,the,O
63,KoCo,O
63,‐,O
63,19,NUMBER
63,team,O
63,for,O
63,their,O
63,face,O
63,validity,O
63,.,O
63,Questionnaires,O
63,.,O
63,especially,O
63,the,O
63,daily,SET
63,diary,O
63,.,O
63,were,O
63,kept,O
63,as,O
63,short,O
63,as,O
63,possible,O
63,.,O
63,Therefore,O
63,.,O
63,the,O
63,study,O
63,might,O
63,not,O
63,be,O
63,able,O
63,to,O
63,answer,O
63,specific,O
63,questions,O
63,in,O
63,favour,O
63,of,O
63,more,O
63,valid,O
63,answers,O
63,and,O
63,low,O
63,attrition,O
63,rate,O
63,over,O
63,time,O
63,.,O
63,For,O
63,such,O
63,aspects,O
63,.,O
63,case,O
63,‐,O
63,control,O
63,studies,O
63,.,O
63,potentially,O
63,nested,O
63,in,O
63,the,O
63,current,DATE
63,study,O
63,.,O
63,could,O
63,be,O
63,per,O
63,‐,O
63,formed,O
63,.,O
63,For,O
63,ethical,O
63,reasons,O
63,.,O
63,participants,O
63,will,O
63,receive,O
63,their,O
63,SARSCoV,O
63,‐,O
63,2,NUMBER
63,antibody,O
63,status,O
63,after,O
63,each,O
63,blood,O
63,sampling,O
63,.,O
63,This,O
63,might,O
63,influence,O
63,their,O
63,subsequent,O
63,behaviour,O
63,.,O
63,especially,O
63,when,O
63,antibody,O
63,status,O
63,is,O
63,positive,O
63,.,O
63,To,O
63,minimize,O
63,social,O
63,desirability,O
63,bias,O
63,.,O
63,ques,O
63,‐,O
63,tionnaires,O
63,are,O
63,web,O
63,‐,O
63,based,O
63,and,O
63,are,O
63,completed,O
63,by,O
63,the,O
63,participants,O
63,themselves,O
63,.,O
63,However,O
63,.,O
63,because,O
63,not,O
63,all,O
63,participants,O
63,might,O
63,have,O
63,web,O
63,‐,O
63,access,O
63,and,O
63,especially,O
63,older,O
63,participants,O
63,might,O
63,not,O
63,have,O
63,the,O
63,nec,O
63,‐,O
63,essary,O
63,internet,O
63,competencies,O
63,.,O
63,a,O
63,telephone,O
63,interview,O
63,),O
63,is,O
63,recorded,O
63,so,O
63,that,O
63,systematic,O
63,differences,O
63,in,O
63,response,O
63,can,O
63,be,O
63,accounted,O
63,for,O
63,.,O
63,We,O
63,are,O
63,not,O
63,able,O
63,to,O
63,include,O
63,children,O
63,under,O
63,the,O
63,age,O
63,of,O
63,14,DURATION
63,years,DURATION
63,from,O
63,the,O
63,beginning,O
63,mainly,O
63,due,O
63,to,O
63,ethical,O
63,concerns,O
63,regarding,O
63,the,O
63,venous,O
63,blood,O
63,sampling,O
63,by,O
63,a,O
63,medical,O
63,student,TITLE
63,.,O
63,Over,O
63,the,O
63,course,O
63,of,O
63,the,O
63,study,O
63,development,O
63,of,O
63,other,O
63,test,O
63,methods,O
63,might,O
63,allow,O
63,the,O
63,in,O
63,‐,O
63,clusion,O
63,of,O
63,this,O
63,important,O
63,part,O
63,of,O
63,the,O
63,Random,MISC
63,route,O
63,recruitment,O
63,is,O
63,a,O
63,feasible,O
63,way,O
63,of,O
63,recruitment,O
63,where,O
63,population,O
63,lists,O
63,do,O
63,not,O
63,exist,O
63,or,O
63,are,O
63,hard,O
63,to,O
63,obtain,O
63,.,O
63,It,O
63,has,O
63,been,O
63,applied,O
63,by,O
63,the,O
63,WHO,ORGANIZATION
63,in,O
63,various,O
63,vaccination,O
63,studies,O
63,since,O
63,the,DATE
63,1980s,DATE
63,.,O
63,was,O
63,modified,O
63,over,O
63,time,O
63,and,O
63,it,O
63,is,O
63,also,O
63,used,O
63,in,O
63,large,O
63,scale,O
63,community,O
63,surveys,O
63,such,O
63,as,O
63,the,O
63,Eu,O
63,‐,O
63,ropean,O
63,Working,O
63,Condition,O
63,Survey,O
63,[,O
63,29,NUMBER
63,.,O
63,40,NUMBER
63,],O
63,.,O
63,The,O
63,alternative,O
63,ap,O
63,‐,O
63,proach,O
63,.,O
63,sampling,O
63,via,O
63,the,O
63,Munich,CITY
63,population,O
63,registry,O
63,.,O
63,would,O
63,have,O
63,taken,O
63,more,O
63,time,O
63,due,O
63,to,O
63,the,O
63,formal,O
63,requirements,O
63,and,O
63,thus,O
63,would,O
63,have,O
63,slowed,O
63,down,O
63,the,O
63,start,O
63,of,O
63,the,O
63,study,O
63,.,O
63,As,O
63,we,O
63,apply,O
63,a,O
63,cluster,O
63,sampling,O
63,approach,O
63,(,O
63,100,NUMBER
63,out,O
63,of,O
63,755,NUMBER
63,constituencies,O
63,),O
63,and,O
63,include,O
63,more,O
63,than,O
63,one,NUMBER
63,person,O
63,per,O
63,household,O
63,and,O
63,more,O
63,than,O
63,one,NUMBER
63,subject,O
63,per,O
63,apartment,O
63,building,O
63,.,O
63,clustering,O
63,has,O
63,to,O
63,be,O
63,taken,O
63,into,O
63,account,O
63,in,O
63,the,O
63,statistical,O
63,analyses,O
63,.,O
63,Using,O
63,constituencies,O
63,made,O
63,inclusion,O
63,of,O
63,3000,NUMBER
63,households,O
63,and,O
63,the,O
63,follow,O
63,‐,O
63,up,O
63,visits,O
63,within,O
63,six,DURATION
63,weeks,DURATION
63,feasi,O
63,‐,O
63,ble,O
63,.,O
63,Inclusion,O
63,of,O
63,more,O
63,than,O
63,one,NUMBER
63,household,O
63,member,O
63,and,O
63,one,NUMBER
63,house,O
63,‐,O
63,hold,O
63,per,O
63,floor,O
63,will,O
63,help,O
63,us,O
63,to,O
63,better,O
63,understand,O
63,the,O
63,spread,O
63,of,O
63,SARS,O
63,‐,O
63,CoV,O
63,‐,O
63,2,NUMBER
63,within,O
63,households,O
63,and,O
63,apartment,O
63,buildings,O
63,.,O
63,In,O
63,addi,O
63,‐,O
63,tion,O
63,.,O
63,inclusion,O
63,of,O
63,more,O
63,than,O
63,one,NUMBER
63,household,O
63,per,O
63,apartment,O
63,building,O
63,takes,O
63,into,O
63,account,O
63,that,O
63,larger,O
63,number,O
63,of,O
63,inhabitants,O
63,live,O
63,in,O
63,apartment,O
63,buildings,O
63,.,O
63,than,O
63,in,O
63,one,NUMBER
63,‐,O
63,or,O
63,two,NUMBER
63,‐,O
63,family,O
63,houses,O
63,.,O
63,which,O
63,would,O
63,otherwise,O
63,have,O
63,been,O
63,overrepresented,O
63,.,O
63,The,O
63,sample,O
63,size,O
63,cal,O
63,‐,O
63,culation,O
63,reported,O
63,here,O
63,did,O
63,not,O
63,take,O
63,clustering,O
63,into,O
63,account,O
63,.,O
63,This,O
63,was,O
63,due,O
63,to,O
63,the,O
63,fact,O
63,that,O
63,the,O
63,prevalence,O
63,of,O
63,SARS,O
63,‐,O
63,CoV,O
63,‐,O
63,2,NUMBER
63,within,O
63,clusters,O
63,(,O
63,household,O
63,.,O
63,apartment,O
63,building,O
63,.,O
63,constituency,O
63,),O
63,is,O
63,so,O
63,far,O
63,unknown,O
63,.,O
63,Taking,O
63,a,O
63,more,O
63,conservative,IDEOLOGY
63,approach,O
63,of,O
63,considering,O
63,only,O
63,3000,NUMBER
63,participants,O
63,(,O
63,=,O
63,number,O
63,of,O
63,households,O
63,),O
63,instead,O
63,of,O
63,4500,NUMBER
63,par,O
63,‐,O
63,ticipants,O
63,.,O
63,the,O
63,95,PERCENT
63,%,PERCENT
63,Confidence,O
63,Interval,O
63,for,O
63,a,O
63,given,O
63,prevalence,O
63,of,O
63,0.5,PERCENT
63,%,PERCENT
63,(,O
63,50,PERCENT
63,%,PERCENT
63,),O
63,would,O
63,increase,O
63,from,O
63,0.30.7,PERCENT
63,%,PERCENT
63,(,O
63,4951,PERCENT
63,%,PERCENT
63,),O
63,to,O
63,0.30.8,PERCENT
63,%,PERCENT
63,(,O
63,4852,PERCENT
63,%,PERCENT
63,),O
63,.,O
63,Thus,O
63,.,O
63,changes,O
63,are,O
63,minimal,O
63,and,O
63,we,O
63,therefore,O
63,conclude,O
63,that,O
63,our,O
63,prevalence,O
63,estimates,O
63,will,O
63,be,O
63,precise,O
63,.,O
63,Currently,DATE
63,.,O
63,there,O
63,is,O
63,only,O
63,a,O
63,limited,O
63,number,O
63,of,O
63,reliable,O
63,serologic,O
63,tests,O
63,available,O
63,.,O
63,By,O
63,using,O
63,the,O
63,to,O
63,our,O
63,knowledge,O
63,best,O
63,currently,DATE
63,available,O
63,serology,O
63,test,O
63,system,O
63,with,O
63,IVD,O
63,certification,O
63,in,O
63,the,O
63,study,O
63,.,O
63,the,O
63,number,O
63,of,O
63,valid,O
63,results,O
63,will,O
63,be,O
63,maximized,O
63,as,O
63,compared,O
63,to,O
63,other,O
63,less,O
63,mature,O
63,testing,O
63,systems,O
63,.,O
63,Still,O
63,.,O
63,with,O
63,very,O
63,low,O
63,sero,O
63,‐,O
63,prevalence,O
63,.,O
63,the,O
63,false,O
63,positive,O
63,rates,O
63,in,O
63,the,O
63,population,O
63,might,O
63,be,O
63,in,O
63,the,O
63,range,O
63,of,O
63,the,O
63,test,O
63,‐,O
63,background,O
63,.,O
63,All,O
63,currently,DATE
63,performed,O
63,studies,O
63,face,O
63,this,O
63,limi,O
63,‐,O
63,tation,O
63,.,O
63,However,O
63,.,O
63,by,O
63,repeating,O
63,visits,O
63,.,O
63,the,O
63,seroconversions,O
63,will,O
63,be,O
63,confirmed,O
63,.,O
63,thus,O
63,offering,O
63,much,O
63,better,O
63,data,O
63,than,O
63,mere,O
63,sero,O
63,‐,O
63,preva,O
63,‐,O
63,lence,O
63,data,O
63,.,O
63,In,O
63,addition,O
63,.,O
63,it,O
63,has,O
63,not,O
63,yet,O
63,been,O
63,established,O
63,that,O
63,seropositivity,O
63,in,O
63,ELISA,ORGANIZATION
63,reliably,O
63,corresponds,O
63,to,O
63,immunity,O
63,.,O
63,Thus,O
63,further,O
63,testing,O
63,such,O
63,as,O
63,virus,O
63,neutralization,O
63,is,O
63,performed,O
63,for,O
63,questionable,O
63,cases,O
63,.,O
63,As,O
63,serology,O
63,only,O
63,allows,O
63,the,O
63,detection,O
63,of,O
63,in,O
63,‐,O
63,fection,O
63,in,O
63,retrospect,O
63,.,O
63,the,O
63,pharyngeal,O
63,swab,O
63,is,O
63,essential,O
63,to,O
63,pick,O
63,up,O
63,acute,O
63,infections,CAUSE_OF_DEATH
63,.,O
63,This,O
63,also,O
63,allows,O
63,to,O
63,detect,O
63,subjects,O
63,with,O
63,symptomatic,O
63,disease,CAUSE_OF_DEATH
63,who,O
63,possibly,O
63,never,O
63,develop,O
63,positive,O
63,serology,O
63,;,O
63,although,O
63,it,O
63,is,O
63,currently,DATE
63,believed,O
63,that,O
63,most,O
63,patients,O
63,will,O
63,develop,O
63,positive,O
63,serology,O
63,within,O
63,10,DURATION
63,days,DURATION
63,after,O
63,onset,O
63,of,O
63,symptoms,O
63,.,O
63,Be,O
63,‐,O
63,sides,O
63,.,O
63,the,O
63,swab,O
63,can,O
63,be,O
63,used,O
63,to,O
63,extract,O
63,viral,O
63,RNA,MISC
63,and,O
63,used,O
63,for,O
63,se,O
63,‐,O
63,quencing,O
63,.,O
63,offering,O
63,further,O
63,information,O
63,about,O
63,transmission,O
63,dynam,O
63,‐,O
63,ics,O
63,within,O
63,households,O
63,.,O
63,quarters,O
63,or,O
63,even,O
63,worldwide,O
63,.,O
63,In,O
63,a,O
63,pandemic,O
63,situation,O
63,.,O
63,it,O
63,would,O
63,neither,O
63,be,O
63,ethical,O
63,nor,O
63,feasible,O
63,to,O
63,use,O
63,medi,O
63,‐,O
63,cal,O
63,doctors,O
63,for,O
63,epidemiological,O
63,field,O
63,work,O
63,as,O
63,they,O
63,are,O
63,needed,O
63,for,O
63,clinical,O
63,service,O
63,.,O
63,Therefore,O
63,.,O
63,experienced,O
63,medical,O
63,students,O
63,togeth,O
63,‐,O
63,er,O
63,with,O
63,students,O
63,of,O
63,other,O
63,subjects,O
63,perform,O
63,the,O
63,field,O
63,work,O
63,of,O
63,this,O
63,study,O
63,.,O
63,The,O
63,medical,O
63,students,O
63,involved,O
63,are,O
63,not,O
63,removed,O
63,from,O
63,other,O
63,important,O
63,tasks,O
63,during,O
63,the,O
63,pandemic,O
63,.,O
63,Ethical,MISC
63,Radon,MISC
63,et,O
63,al,O
63,.,O
63,BMC,O
63,Public,ORGANIZATION
63,Health,ORGANIZATION
63,considerations,O
63,are,O
63,also,O
63,relevant,O
63,for,O
63,the,O
63,use,O
63,of,O
63,personal,O
63,protective,O
63,equipment,O
63,in,O
63,this,O
63,study,O
63,.,O
63,Currently,DATE
63,.,O
63,personal,O
63,protective,O
63,equipment,O
63,is,O
63,available,O
63,at,O
63,Munich,CITY
63,hospitals,O
63,.,O
63,Its,O
63,availability,O
63,is,O
63,being,O
63,re,O
63,‐,O
63,evaluated,O
63,regularly,O
63,over,O
63,the,O
63,duration,O
63,of,O
63,the,O
63,field,O
63,work,O
63,and,O
63,the,O
63,demand,O
63,for,O
63,personal,O
63,protective,O
63,equipment,O
63,in,O
63,clinical,O
63,services,O
63,will,O
63,always,O
63,have,O
63,KoCo19,O
63,is,O
63,a,O
63,unique,O
63,possi,O
63,‐,O
63,bility,O
63,to,O
63,obtain,O
63,more,O
63,reliable,O
63,estimates,O
63,of,O
63,the,O
63,spread,O
63,of,O
63,SARS,O
63,‐,O
63,CoV,O
63,‐,O
63,2,NUMBER
63,in,O
63,the,O
63,general,TITLE
63,population,O
63,and,O
63,to,O
63,better,O
63,understand,O
63,the,O
63,dy,O
63,‐,O
63,namics,O
63,of,O
63,COVID,O
63,‐,O
63,19,NUMBER
63,.,O
63,Although,O
63,a,O
63,single,O
63,epidemiologic,O
63,cohort,O
63,study,O
63,in,O
63,one,NUMBER
63,city,O
63,will,O
63,not,O
63,be,O
63,able,O
63,to,O
63,answer,O
63,all,O
63,questions,O
63,related,O
63,to,O
63,SARS,O
63,‐,O
63,CoV,O
63,‐,O
63,2,NUMBER
63,;,O
63,it,O
63,will,O
63,provide,O
63,an,O
63,important,O
63,epidemiological,O
63,basis,O
63,for,O
63,our,O
63,understanding,O
63,of,O
63,the,O
63,epidemic,O
63,.,O
63,and,O
63,might,O
63,serve,O
63,as,O
63,a,O
63,blue,O
63,‐,O
63,print,O
63,for,O
63,similar,O
63,studies,O
63,.,O
63,COVID,O
63,‐,O
63,19,NUMBER
63,:,O
63,Corona,O
63,Virus,O
63,Disease,CAUSE_OF_DEATH
63,19,NUMBER
63,;,O
63,EDTA,O
63,:,O
63,Ethylenediaminetetraacetic,O
63,Acid,O
63,;,O
63,ELISA,PERSON
63,:,O
63,Enzyme,O
63,‐,O
63,linked,O
63,Im,O
63,‐,O
63,munoassay,O
63,;,O
63,Ig,O
63,:,O
63,Immunoglobulin,O
63,;,O
63,KoCo19,O
63,:,O
63,COVID,O
63,‐,O
63,19,NUMBER
63,Acid,O
63,;,O
63,RT,O
63,‐,O
63,PCR,O
63,:,O
63,Re,O
63,‐,O
63,verse,O
63,Transcription,ORGANIZATION
63,Polymerase,ORGANIZATION
63,Chain,ORGANIZATION
63,Reaction,ORGANIZATION
63,;,O
63,SARS,O
63,‐,O
63,CoV2,O
63,:,O
63,Severe,O
63,Acute,O
63,Respiratory,O
63,Syndrome,O
63,Coronavirus,O
63,2,NUMBER
63,;,O
63,WHO,O
63,:,O
63,World,O
63,Health,O
63,We,O
63,thank,O
63,the,O
63,KoCo19,O
63,advisory,O
63,board,O
63,Prof.,TITLE
63,Dr.,O
63,Stefan,PERSON
63,Endres,PERSON
63,.,O
63,Prof.,TITLE
63,Dr.,O
63,Matthias,PERSON
63,Tschp,PERSON
63,.,O
63,Prof.,TITLE
63,Dr.,O
63,Andreas,PERSON
63,Zapf,PERSON
63,.,O
63,Prof.,TITLE
63,Dr.,O
63,Manfred,PERSON
63,Wildner,PERSON
63,.,O
63,and,O
63,Stefanie,PERSON
63,Jacobs,PERSON
63,.,O
63,We,O
63,thank,O
63,Accenture,PERSON
63,for,O
63,the,O
63,pro,O
63,‐,O
63,bono,O
63,development,O
63,of,O
63,the,O
63,the,O
63,German,NATIONALITY
63,Armed,O
63,Foces,O
63,(,O
63,Bundeswehr,ORGANIZATION
63,),O
63,for,O
63,their,O
63,support,O
63,.,O
63,We,O
63,are,O
63,grateful,O
63,to,O
63,our,O
63,students,O
63,at,O
63,the,O
63,KoCo19,O
63,coordina,O
63,‐,O
63,tion,O
63,office,O
63,:,O
63,Jan,PERSON
63,Marius,PERSON
63,Bruger,PERSON
63,.,O
63,Simon,PERSON
63,Michael,PERSON
63,Winter,PERSON
63,Jared,PERSON
63,Ander,PERSON
63,‐,PERSON
63,son,O
63,;,O
63,our,O
63,teams,O
63,of,O
63,field,O
63,workers,O
63,:,O
63,Paula,PERSON
63,Matcau,PERSON
63,.,O
63,Norah,PERSON
63,Kreider,PERSON
63,.,O
63,Em,O
63,‐,O
63,ma,PERSON
63,Dech,PERSON
63,.,O
63,Laura,PERSON
63,Charlotte,PERSON
63,Dech,PERSON
63,.,O
63,Tim,PERSON
63,‐,PERSON
63,Oliver,PERSON
63,Haselwarter,PERSON
63,.,O
63,Julian,PERSON
63,Ullrich,PERSON
63,.,O
63,Isabel,PERSON
63,Klugherz,PERSON
63,.,O
63,Kristina,PERSON
63,Gillig,PERSON
63,.,O
63,Kerstin,PERSON
63,Puchinger,PERSON
63,.,O
63,Michael,PERSON
63,Hfinger,PERSON
63,.,O
63,Tobias,PERSON
63,Wrfel,PERSON
63,.,O
63,Julius,PERSON
63,Raschka,PERSON
63,.,O
63,Stefan,PERSON
63,Hillmann,PERSON
63,.,O
63,Alexander,PERSON
63,Maczka,PERSON
63,.,O
63,Konstantin,PERSON
63,Pusl,PERSON
63,.,O
63,Isabel,ORGANIZATION
63,Brand,ORGANIZATION
63,.,O
63,Philine,PERSON
63,Falk,PERSON
63,.,O
63,Alisa,PERSON
63,Markgraf,PERSON
63,.,O
63,Stefanie,PERSON
63,Fischer,PERSON
63,.,O
63,Clemens,PERSON
63,Lang,PERSON
63,.,O
63,Magdalena,PERSON
63,Lang,PERSON
63,.,O
63,Silvan,PERSON
63,Lange,PERSON
63,.,O
63,Claire,PERSON
63,‐,PERSON
63,Sophie,PERSON
63,Pleimelding,PERSON
63,.,O
63,Leonie,PERSON
63,Pattard,PERSON
63,.,O
63,Tim,PERSON
63,Hof,PERSON
63,‐,PERSON
63,berger,O
63,.,O
63,Sonja,PERSON
63,Magdalena,PERSON
63,Gauder,PERSON
63,.,O
63,Marius,PERSON
63,Gasser,PERSON
63,.,O
63,Vitus,PERSON
63,Maximilian,PERSON
63,Grauvogl,PERSON
63,.,O
63,Marco,PERSON
63,Scholz,PERSON
63,.,O
63,Hannah,PERSON
63,Maria,PERSON
63,Mller,PERSON
63,.,O
63,Jonathan,PERSON
63,Leon,PERSON
63,Frese,PERSON
63,.,O
63,Valeria,PERSON
63,Baldassarre,PERSON
63,.,O
63,Charlotte,PERSON
63,Kiani,PERSON
63,.,O
63,Anna,PERSON
63,Ngoc,PERSON
63,‐,O
63,Nhu,O
63,Do,O
63,.,O
63,Sophie,PERSON
63,Schultz,PERSON
63,.,O
63,Ekaterina,PERSON
63,Lapteva,PERSON
63,.,O
63,Tim,PERSON
63,Haselwarter,PERSON
63,.,O
63,Maximilian,PERSON
63,Baumann,PERSON
63,.,O
63,Elias,PERSON
63,Golschan,PERSON
63,.,O
63,Vitus,PERSON
63,Grauvogel,PERSON
63,.,O
63,Vera,PERSON
63,Britz,PERSON
63,.,O
63,Eva,PERSON
63,Thumser,PERSON
63,.,O
63,Paul,PERSON
63,Schandelmaier,O
63,.,O
63,Patrick,PERSON
63,Wustrow,PERSON
63,.,O
63,Lea,PERSON
63,Zuche,PERSON
63,.,O
63,Janna,PERSON
63,Hoefflin,PERSON
63,.,O
63,Jeni,PERSON
63,Tang,PERSON
63,.,O
63,Julia,PERSON
63,Wolff,PERSON
63,.,O
63,Rebecca,PERSON
63,Bhnlein,PERSON
63,.,O
63,Flora,PERSON
63,Deak,PERSON
63,.,O
63,Lara,PERSON
63,Schneider,PERSON
63,.,O
63,Jakob,PERSON
63,Reich,PERSON
63,.,O
63,Leonard,PERSON
63,Gilberg,PERSON
63,.,O
63,Matthias,PERSON
63,Hermann,PERSON
63,.,O
63,Thomas,PERSON
63,Zimmer,PERSON
63,‐,O
63,mann,O
63,.,O
63,Friedrich,PERSON
63,Caroli,PERSON
63,.,O
63,Niklas,PERSON
63,Thur,PERSON
63,.,O
63,Felix,PERSON
63,Lindner,PERSON
63,and,O
63,our,O
63,tele,O
63,‐,O
63,phone,O
63,interviewers,O
63,:,O
63,Nicole,PERSON
63,Schfer,PERSON
63,.,O
63,Julia,PERSON
63,Waibel,PERSON
63,.,O
63,Pia,PERSON
63,Wullinger,PERSON
63,.,O
63,#,O
63,KoCo19,O
63,Collaborators,O
63,are,O
63,Division,O
63,of,O
63,Infectious,O
63,Diseases,CAUSE_OF_DEATH
63,and,O
63,Tropical,MISC
63,Medicine,MISC
63,:,O
63,Abhishek,PERSON
63,Bakuli,PERSON
63,.,O
63,Judith,PERSON
63,Eckstein,PERSON
63,.,O
63,Gnter,PERSON
63,Froeschl,PERSON
63,.,O
63,Otto,PERSON
63,Geisenberger,PERSON
63,.,O
63,Christof,PERSON
63,Geldmacher,PERSON
63,.,O
63,Arlett,PERSON
63,Heiber,PERSON
63,.,O
63,Larissa,PERSON
63,Hoffmann,PERSON
63,.,O
63,Kristina,PERSON
63,Huber,PERSON
63,.,O
63,Dafni,PERSON
63,Metaxa,PERSON
63,.,O
63,Michel,PERSON
63,Pletschette,PERSON
63,.,O
63,Camilla,PERSON
63,Rothe,PERSON
63,.,O
63,Mirjam,PERSON
63,Schunk,PERSON
63,.,O
63,Claudia,PERSON
63,Wallrauch,PERSON
63,.,O
63,Thorbjrn,PERSON
63,Zimmer,PERSON
63,.,O
63,Helmholtz,ORGANIZATION
63,Zentrum,ORGANIZATION
63,Mnchen,O
63,:,O
63,Mathematics,O
63,and,O
63,Life,O
63,Sciences,O
63,),O
63,.,O
63,Reiner,PERSON
63,Leidl,PERSON
63,(,O
63,also,O
63,affiliated,O
63,at,O
63,:,O
63,Munich,ORGANIZATION
63,Center,ORGANIZATION
63,of,O
63,Health,ORGANIZATION
63,Sciences,ORGANIZATION
63,.,O
63,Ludwig,PERSON
63,MH,O
63,is,O
63,the,O
63,principal,TITLE
63,investigator,TITLE
63,of,O
63,the,O
63,study,O
63,and,O
63,obtained,O
63,the,O
63,necessary,O
63,funds,O
63,.,O
63,Together,O
63,with,O
63,KR,O
63,and,O
63,ES,O
63,.,O
63,MH,O
63,designed,O
63,the,O
63,study,O
63,and,O
63,wrote,O
63,the,O
63,study,O
63,protocol,O
63,.,O
63,MP,O
63,.,O
63,JMGN,O
63,.,O
63,IK,O
63,.,O
63,LO,O
63,.,O
63,FR,O
63,and,O
63,VT,STATE_OR_PROVINCE
63,conceptualized,O
63,the,O
63,field,O
63,work,O
63,and,O
63,.,O
63,together,O
63,with,O
63,MD,STATE_OR_PROVINCE
63,.,O
63,FF,O
63,and,O
63,AW,O
63,.,O
63,made,O
63,significant,O
63,contributions,O
63,to,O
63,the,O
63,study,O
63,proto,O
63,‐,O
63,col.,TITLE
63,MD,STATE_OR_PROVINCE
63,is,O
63,responsible,O
63,for,O
63,the,O
63,conception,O
63,of,O
63,all,O
63,IT,O
63,related,O
63,study,O
63,components,O
63,.,O
63,FF,O
63,is,O
63,coordinating,O
63,the,O
63,data,O
63,management,O
63,and,O
63,together,O
63,with,O
63,MD,STATE_OR_PROVINCE
63,significantly,O
63,contributing,O
63,to,O
63,data,O
63,acquisition,O
63,.,O
63,FT,O
63,con,O
63,‐,O
63,ceptualizes,O
63,the,O
63,modelling,O
63,of,O
63,the,O
63,spread,O
63,and,O
63,dynamics,O
63,of,O
63,the,O
63,dis,O
63,‐,O
63,ease,O
63,.,O
63,AW,O
63,is,O
63,responsible,O
63,for,O
63,the,O
63,development,O
63,and,O
63,design,O
63,of,O
63,all,O
63,laboratory,O
63,methods,O
63,of,O
63,KoCo19,O
63,.,O
63,All,O
63,submitted,O
63,version,O
63,of,O
63,the,O
63,paper,O
63,.,O
63,They,O
63,all,O
63,have,O
63,agreed,O
63,to,O
63,be,O
63,personally,O
63,related,O
63,to,O
63,the,O
63,accuracy,O
63,or,O
63,integrity,O
63,of,O
63,any,O
63,part,O
63,of,O
63,the,O
63,work,O
63,.,O
63,even,O
63,ones,O
63,in,O
63,resolved,O
63,and,O
63,the,O
63,resolution,O
63,documented,O
63,in,O
63,the,O
63,literature,O
63,.,O
63,This,O
63,project,O
63,is,O
63,funded,O
63,by,O
63,the,O
63,Bavarian,MISC
63,State,ORGANIZATION
63,Ministry,ORGANIZATION
63,of,ORGANIZATION
63,Science,ORGANIZATION
63,and,O
63,Art,O
63,.,O
63,the,O
63,LMU,ORGANIZATION
63,Klinikum,PERSON
63,Mnchen,PERSON
63,and,O
63,Helmholtz,PERSON
63,Zentrum,PERSON
63,Mnchen,PERSON
63,.,O
63,The,O
63,funding,O
63,bodies,O
63,do,O
63,not,O
63,play,O
63,a,O
63,role,O
63,in,O
63,the,O
63,design,O
63,of,O
63,the,O
63,study,O
63,and,O
63,collection,O
63,.,O
63,analysis,O
63,.,O
63,Availability,O
63,of,O
63,data,O
63,and,O
63,materials,O
63,Not,O
63,applicable,O
63,.,O
63,Ethics,O
63,approval,O
63,and,O
63,consent,O
63,to,O
63,participate,O
63,2020,DATE
63,.,O
63,number,O
63,20275,NUMBER
63,),O
63,.,O
63,Written,O
63,informed,O
63,consent,O
63,is,O
63,sought,O
63,from,O
63,all,O
63,participants,O
63,.,O
63,In,O
63,case,O
63,of,O
63,minors,O
63,between,O
63,the,O
63,ages,O
63,of,O
63,8,NUMBER
63,and,O
63,17,DURATION
63,years,DURATION
63,.,O
63,participants,O
63,and,O
63,their,O
63,legal,O
63,guardian,O
63,(,O
63,s,O
63,),O
63,are,O
63,asked,O
63,for,O
63,written,O
63,informed,O
63,consent,O
63,.,O
63,For,O
63,children,O
63,below,O
63,the,O
63,age,O
63,of,O
63,8,DURATION
63,years,DURATION
63,.,O
63,written,O
63,informed,O
63,consent,O
63,is,O
63,sought,O
63,from,O
63,the,O
63,legal,O
63,guardian,O
63,(,O
63,s,O
63,),O
63,.,O
63,The,O
63,pseudonymization,O
63,of,O
63,the,O
63,data,O
63,enables,O
63,us,O
63,to,O
63,provide,O
63,the,O
63,participants,O
63,with,O
63,individualized,O
63,results,O
63,.,O
63,Personal,O
63,identifying,O
63,information,O
63,is,O
63,stored,O
63,in,O
63,a,O
63,pass,O
63,‐,O
63,word,O
63,‐,O
63,protected,O
63,database,O
63,containing,O
63,only,O
63,contact,O
63,details,O
63,.,O
63,contact,O
63,status,O
63,and,O
63,contact,O
63,IDs,O
63,.,O
63,The,O
63,data,O
63,for,O
63,each,O
63,questionnaire,O
63,response,O
63,and,O
63,the,O
63,other,O
63,samples,O
63,are,O
63,stored,O
63,in,O
63,a,O
63,separate,O
63,password,O
63,‐,O
63,protected,O
63,database,O
63,containing,O
63,only,O
63,ID,STATE_OR_PROVINCE
63,numbers,O
63,.,O
63,It,O
63,is,O
63,therefore,O
63,not,O
63,possible,O
63,to,O
63,draw,O
63,any,O
63,conclusions,O
63,about,O
63,the,O
63,identity,O
63,of,O
63,the,O
63,participants,O
63,and,O
63,the,O
63,information,O
63,they,O
63,have,O
63,provided,O
63,.,O
63,Compliance,O
63,with,O
63,data,O
63,pro,O
63,‐,O
63,tection,O
63,regulations,O
63,was,O
63,approved,O
63,by,O
63,the,O
63,Gerhard,PERSON
63,Meyer,PERSON
63,.,O
63,The,O
63,data,O
63,are,O
63,stored,O
63,for,O
63,as,O
63,long,O
63,as,O
63,they,O
63,are,O
63,needed,O
63,to,O
63,achieve,O
63,the,O
63,study,O
63,objectives,O
63,.,O
63,Ten,DURATION
63,years,DURATION
63,after,O
63,the,O
63,start,O
63,of,O
63,the,O
63,study,O
63,(,O
63,and,O
63,every,O
63,three,DURATION
63,years,DURATION
63,thereafter,O
63,),O
63,.,O
63,the,O
63,study,O
63,team,O
63,will,O
63,evaluate,O
63,whether,O
63,the,O
63,study,O
63,objectives,O
63,for,O
63,the,O
63,project,O
63,have,O
63,been,O
63,achieved,O
63,and,O
63,.,O
63,if,O
63,so,O
63,.,O
63,will,O
63,request,O
63,the,O
63,deletion,O
63,of,O
63,all,O
63,personal,O
63,data,O
63,.,O
63,Consent,O
63,for,O
63,pub,O
63,‐,O
63,lication,O
63,Not,O
63,applicable,O
63,.,O
63,Competing,O
63,interests,O
63,Ziemssenstr,PERSON
63,.,O
63,1,NUMBER
63,.,O
63,80336,NUMBER
63,Munich,CITY
63,.,O
63,Germany,COUNTRY
63,.,O
63,2Center,O
63,for,O
63,International,ORGANIZATION
63,Health,ORGANIZATION
63,.,O
63,Leopold,PERSON
63,‐,PERSON
63,strasse,O
63,5,NUMBER
63,.,O
63,80802,NUMBER
63,Munich,CITY
63,.,O
63,Germany,COUNTRY
63,.,O
63,4German,O
63,Center,O
63,for,O
63,Infection,CAUSE_OF_DEATH
63,Research,O
63,(,O
63,DZIF,O
63,),O
63,.,O
63,partner,O
63,site,O
63,Munich,CITY
63,.,O
63,Munich,CITY
63,.,O
63,Germany,COUNTRY
63,.,O
63,5Helmholtz,O
63,Zentrum,PERSON
63,Mnchen,PERSON
63,.,O
63,Ingolstdter,ORGANIZATION
63,Landstrae,ORGANIZATION
63,1,NUMBER
63,.,O
63,85764,NUMBER
63,Neuherberg,O
63,.,O
63,Ger,O
63,‐,O
63,many,O
63,.,O
63,Medicine,O
63,.,O
63,LMU,ORGANIZATION
63,of,O
63,Munich,CITY
63,.,O
63,Munich,CITY
63,.,O
63,Germany,COUNTRY
63,.,O
63,Radon,O
63,et,O
63,al,O
63,.,O
63,BMC,ORGANIZATION
63,Public,ORGANIZATION
63,Health,ORGANIZATION
63,1,NUMBER
63,.,O
63,Sohrabi,O
63,C,O
63,.,O
63,Alsafi,PERSON
63,Z,PERSON
63,.,O
63,O’Neill,O
63,N,O
63,.,O
63,Khan,PERSON
63,M,O
63,.,O
63,Ker,PERSON
63,‐,PERSON
63,wan,O
63,A,O
63,.,O
63,Al,O
63,‐,O
63,Jabir,O
63,A,O
63,.,O
63,et,O
63,al,O
63,.,O
63,World,O
63,coronavirus,O
63,(,O
63,COVID,O
63,‐,O
63,19,NUMBER
63,),O
63,.,O
63,Int,PERSON
63,J,PERSON
63,Surg,O
63,.,O
63,2020,DATE
63,;,O
63,76:716,NUMBER
63,.,O
63,2,NUMBER
63,.,O
63,Rothe,PERSON
63,C,O
63,.,O
63,Schunk,PERSON
63,M,O
63,.,O
63,Sothmann,O
63,P,O
63,.,O
63,Bretzel,PERSON
63,G,PERSON
63,.,O
63,Froeschl,O
63,G,O
63,.,O
63,Wallrauch,PERSON
63,C,PERSON
63,.,O
63,et,O
63,al,O
63,.,O
63,Transmission,O
63,of,O
63,2019,DATE
63,‐,O
63,nCoV,O
63,infec,O
63,‐,O
63,tion,O
63,from,O
63,an,O
63,asymptomatic,O
63,contact,O
63,in,O
63,Germany,COUNTRY
63,.,O
63,N,O
63,Engl,PERSON
63,J,PERSON
63,Med,PERSON
63,.,O
63,2020,DATE
63,;,O
63,382,NUMBER
63,(,O
63,10,NUMBER
63,),O
63,:,O
63,9701,DATE
63,.,O
63,3,NUMBER
63,.,O
63,Wolfel,PERSON
63,R,PERSON
63,.,O
63,Corman,PERSON
63,VM,PERSON
63,.,O
63,Guggemos,PERSON
63,W,PERSON
63,.,O
63,Seilmaier,PERSON
63,M,O
63,.,O
63,Zange,PERSON
63,S,PERSON
63,.,O
63,Muller,PERSON
63,MA,PERSON
63,.,O
63,et,O
63,al,O
63,.,O
63,Virological,O
63,assessment,O
63,of,O
63,hospi,O
63,‐,O
63,talized,O
63,patients,O
63,with,O
63,COVID,O
63,‐,O
63,2019,DATE
63,.,O
63,Nature,O
63,.,O
63,4,NUMBER
63,.,O
63,Robert,PERSON
63,Koch,PERSON
63,Insti,PERSON
63,‐,PERSON
63,tut,O
63,.,O
63,COVID,O
63,‐,O
63,19,NUMBER
63,:,O
63,Fallzahlen,O
63,in,O
63,Deutschland,COUNTRY
63,und,O
63,weltweit,O
63,.,O
63,Coron,PERSON
63,‐,O
63,avirus/Fallzahlen.html,O
63,.,O
63,Accessed,O
63,8,DATE
63,May,DATE
63,2020,DATE
63,.,O
63,5,NUMBER
63,.,O
63,Enserink,O
63,M,O
63,.,O
63,Kupferschmidt,O
63,K.,O
63,With,O
63,COVID,O
63,‐,O
63,19,NUMBER
63,.,O
63,modeling,O
63,takes,O
63,on,O
63,life,O
63,and,O
63,death,O
63,importance,O
63,.,O
63,Science,O
63,.,O
63,2020,DATE
63,;,O
63,367,NUMBER
63,(,O
63,6485,NUMBER
63,),O
63,:,O
63,14145,NUMBER
63,.,O
63,6,NUMBER
63,.,O
63,Wu,PERSON
63,JT,PERSON
63,.,O
63,Leung,PERSON
63,K,PERSON
63,.,O
63,Leung,PERSON
63,GM,O
63,.,O
63,Nowcasting,O
63,and,O
63,forecasting,O
63,the,O
63,potential,O
63,domestic,O
63,and,O
63,international,O
63,spread,O
63,of,O
63,the,O
63,2019,DATE
63,‐,O
63,nCoV,O
63,outbreak,O
63,originating,O
63,in,O
63,Wuhan,CITY
63,.,O
63,China,COUNTRY
63,:,O
63,a,O
63,modelling,O
63,study,O
63,.,O
63,Lancet,O
63,.,O
63,2020,DATE
63,;,O
63,395,NUMBER
63,(,O
63,10225,NUMBER
63,),O
63,:,O
63,68997,NUMBER
63,.,O
63,8,NUMBER
63,.,O
63,Verity,ORGANIZATION
63,R,ORGANIZATION
63,.,O
63,Okell,ORGANIZATION
63,LC,ORGANIZATION
63,.,O
63,Dorigatti,PERSON
63,I,O
63,.,O
63,Winskill,PERSON
63,P,O
63,.,O
63,Whittaker,PERSON
63,C,O
63,.,O
63,Imai,PERSON
63,N,O
63,.,O
63,et,O
63,al,O
63,.,O
63,Estimates,O
63,of,O
63,the,O
63,severity,O
63,of,O
63,coronavirus,O
63,disease,CAUSE_OF_DEATH
63,2019,DATE
63,:,O
63,a,O
63,model,TITLE
63,‐,O
63,based,O
63,analysis,O
63,.,O
63,Lancet,O
63,Infect,O
63,Dis,O
63,.,O
63,2020,DATE
63,.,O
63,9,NUMBER
63,.,O
63,Ciotti,PERSON
63,M,O
63,.,O
63,Angeletti,PERSON
63,S,O
63,.,O
63,Minieri,PERSON
63,M,O
63,.,O
63,Giovannetti,PERSON
63,M,O
63,.,O
63,Benvenuto,PERSON
63,D,PERSON
63,.,O
63,Pascarella,PERSON
63,S,O
63,.,O
63,et,O
63,al,O
63,.,O
63,COVID,O
63,‐,O
63,19,NUMBER
63,Outbreak,O
63,:,O
63,An,O
63,Overview,O
63,.,O
63,Chemotherapy,O
63,.,O
63,2020:19,NUMBER
63,.,O
63,10,NUMBER
63,.,O
63,Boccia,PERSON
63,S,O
63,.,O
63,Ricciardi,PERSON
63,W,PERSON
63,.,O
63,Ioannidis,ORGANIZATION
63,JPA,ORGANIZATION
63,.,O
63,What,O
63,other,O
63,countries,O
63,can,O
63,learn,O
63,from,O
63,Italy,COUNTRY
63,during,O
63,the,O
63,COVID,O
63,‐,O
63,19,NUMBER
63,pandemic,O
63,.,O
63,JAMA,O
63,Intern,TITLE
63,Med,O
63,.,O
63,2020,DATE
63,.,O
63,11,NUMBER
63,.,O
63,Mavragani,O
63,A.,O
63,Tracking,O
63,COVID,O
63,‐,O
63,19,NUMBER
63,in,O
63,Europe,LOCATION
63,:,O
63,an,O
63,In,O
63,‐,O
63,fodemiology,O
63,study,O
63,.,O
63,JMIR,ORGANIZATION
63,Public,ORGANIZATION
63,Health,ORGANIZATION
63,Surveill,ORGANIZATION
63,.,O
63,2020,DATE
63,.,O
63,12,NUMBER
63,.,O
63,Liv,PERSON
63,‐,PERSON
63,ingston,O
63,E,O
63,.,O
63,Bucher,PERSON
63,K.,O
63,Coronavirus,O
63,disease,CAUSE_OF_DEATH
63,2019,DATE
63,(,O
63,COVID,O
63,‐,O
63,19,NUMBER
63,),O
63,in,O
63,Italy,COUNTRY
63,.,O
63,JAMA,ORGANIZATION
63,.,O
63,13,NUMBER
63,.,O
63,Khafaie,PERSON
63,MA,PERSON
63,.,O
63,Rahim,PERSON
63,F.,PERSON
63,Cross,PERSON
63,‐,O
63,country,O
63,comparison,O
63,of,O
63,case,O
63,fatality,O
63,rates,O
63,of,O
63,COVID,O
63,‐,O
63,19,NUMBER
63,/,O
63,SARS,O
63,‐,O
63,COV,O
63,‐,O
63,2,NUMBER
63,.,O
63,Osong,PERSON
63,Public,PERSON
63,Health,ORGANIZATION
63,Res,ORGANIZATION
63,Perspect,ORGANIZATION
63,.,O
63,2020,DATE
63,;,O
63,11,NUMBER
63,(,O
63,2,NUMBER
63,),O
63,:,O
63,7480,DATE
63,.,O
63,14,NUMBER
63,.,O
63,Ferguson,ORGANIZATION
63,NM,ORGANIZATION
63,.,O
63,Laydon,PERSON
63,D,PERSON
63,.,O
63,Nedjati,O
63,‐,O
63,Gilani,PERSON
63,G,PERSON
63,.,O
63,Imai,PERSON
63,N,O
63,.,O
63,Baguelin,LOCATION
63,M,O
63,.,O
63,Bhatia,PERSON
63,S,O
63,.,O
63,et,O
63,al,O
63,.,O
63,Report,O
63,9,NUMBER
63,:,O
63,impact,O
63,of,O
63,non,O
63,‐,O
63,pharmaceutical,O
63,interventions,O
63,(,O
63,NPIs,O
63,),O
63,to,O
63,reduce,O
63,COVID,O
63,‐,O
63,19,NUMBER
63,mortality,O
63,and,O
63,healthcare,O
63,demand,O
63,.,O
63,London,CITY
63,:,O
63,Imperial,O
63,Col,O
63,‐,O
63,lege,O
63,;,O
63,2020,DATE
63,.,O
63,15,NUMBER
63,.,O
63,Korean,NATIONALITY
63,Society,MISC
63,of,MISC
63,Infectious,MISC
63,D,O
63,.,O
63,Korean,ORGANIZATION
63,Society,ORGANIZATION
63,of,O
63,Pediatric,O
63,Infectious,O
63,D,O
63,.,O
63,Korean,NATIONALITY
63,Society,O
63,of,O
63,E,O
63,.,O
63,Korean,ORGANIZATION
63,Society,ORGANIZATION
63,for,O
63,Antimicrobial,O
63,T,O
63,.,O
63,Korean,ORGANIZATION
63,Society,ORGANIZATION
63,for,ORGANIZATION
63,Healthcare,ORGANIZATION
63,‐,O
63,associated,O
63,In,O
63,‐,O
63,fection,O
63,C,O
63,.,O
63,Prevention,O
63,.,O
63,et,O
63,al,O
63,.,O
63,Report,O
63,on,O
63,the,O
63,Epidemiological,O
63,Fea,O
63,‐,O
63,tures,O
63,of,O
63,Coronavirus,O
63,Disease,CAUSE_OF_DEATH
63,2019,DATE
63,(,O
63,COVID,O
63,‐,O
63,19,NUMBER
63,),O
63,Outbreak,O
63,dynamics,O
63,of,O
63,coronavirus,O
63,disease,CAUSE_OF_DEATH
63,2019,DATE
63,in,O
63,Korea,COUNTRY
63,:,O
63,based,O
63,on,O
63,mathematical,O
63,modeling,O
63,and,O
63,simulation,O
63,study,O
63,.,O
63,J,MISC
63,Korean,NATIONALITY
63,Med,MISC
63,Sci,MISC
63,.,O
63,2020,DATE
63,;,O
63,35,NUMBER
63,(,O
63,13,NUMBER
63,),O
63,:,O
63,e143,O
63,.,O
63,17,NUMBER
63,.,O
63,An,O
63,der,O
63,Heiden,PERSON
63,M,O
63,.,O
63,Buchholz,PERSON
63,U.,PERSON
63,Modellierung,PERSON
63,von,PERSON
63,Beispielszenarien,PERSON
63,der,PERSON
63,SARS,O
63,‐,O
63,CoV,O
63,‐,O
63,2,NUMBER
63,‐,O
63,Epidemie,O
63,2020,DATE
63,in,O
63,Deutschland,COUNTRY
63,;,O
63,2020,DATE
63,.,O
63,18,NUMBER
63,.,O
63,Grill,O
63,E,O
63,.,O
63,Rothenbacher,PERSON
63,D.,PERSON
63,Stellungnahme,PERSON
63,der,O
63,Deutschen,ORGANIZATION
63,Gesellschaft,ORGANIZATION
63,fr,O
63,Epi,O
63,‐,O
63,demiologie,O
63,(,O
63,DGEpi,O
63,),O
63,zur,O
63,Verbreitung,O
63,des,O
63,neuen,O
63,Coronavirus,O
63,(,O
63,SARS,O
63,‐,O
63,CoV2,O
63,),O
63,.,O
63,Ulm,O
63,:,O
63,Deutsche,ORGANIZATION
63,Gesellschaft,ORGANIZATION
63,fr,O
63,Epidemiologie,O
63,;,O
63,2020,DATE
63,.,O
63,19,NUMBER
63,.,O
63,Jefferson,PERSON
63,T,O
63,.,O
63,Del,ORGANIZATION
63,Mar,ORGANIZATION
63,CB,ORGANIZATION
63,.,O
63,Dooley,PERSON
63,L,O
63,.,O
63,Ferroni,O
63,E,O
63,.,O
63,Al,O
63,‐,O
63,Ansary,O
63,LA,O
63,.,O
63,Bawazeer,ORGANIZATION
63,GA,ORGANIZATION
63,.,O
63,et,O
63,al,O
63,.,O
63,Physical,O
63,interventions,O
63,to,O
63,interrupt,O
63,or,O
63,reduce,O
63,the,O
63,spread,O
63,of,O
63,respiratory,O
63,viruses,O
63,.,O
63,Cochrane,ORGANIZATION
63,Database,ORGANIZATION
63,Syst,ORGANIZATION
63,Rev.,TITLE
63,2011,DATE
63,;,O
63,7,NUMBER
63,:,O
63,CD006207,O
63,.,O
63,20,NUMBER
63,.,O
63,Ioannidis,ORGANIZATION
63,JPA,ORGANIZATION
63,.,O
63,Coronavirus,O
63,disease,CAUSE_OF_DEATH
63,2019,DATE
63,:,O
63,the,O
63,harms,O
63,of,O
63,exaggerated,O
63,information,O
63,and,O
63,non,O
63,‐,O
63,evidence,O
63,‐,O
63,based,O
63,mea,O
63,‐,O
63,sures,O
63,.,O
63,Eur,PERSON
63,J,PERSON
63,Clin,PERSON
63,Invest,PERSON
63,.,O
63,2020,DATE
63,:,O
63,21,NUMBER
63,.,O
63,Venkatesh,MISC
63,A,MISC
63,.,O
63,Edirappuli,PERSON
63,S.,PERSON
63,Social,O
63,distancing,O
63,in,O
63,covid,O
63,‐,O
63,19,NUMBER
63,:,O
63,what,O
63,are,O
63,the,O
63,mental,O
63,health,O
63,impli,O
63,‐,O
63,cations,O
63,?,O
63,BMJ,O
63,.,O
63,2020,DATE
63,;,O
63,369,NUMBER
63,:,O
63,m1379,O
63,.,O
63,22,NUMBER
63,.,O
63,Gupta,PERSON
63,M,O
63,.,O
63,Abdelmaksoud,PERSON
63,A,O
63,.,O
63,Jaf,O
63,‐,O
63,ferany,O
63,M,O
63,.,O
63,Lotti,PERSON
63,T,O
63,.,O
63,Sadoughifar,PERSON
63,R,PERSON
63,.,O
63,Goldust,O
63,M.,O
63,COVID,O
63,‐,O
63,19,NUMBER
63,and,O
63,Econo,MISC
63,‐,O
63,my,O
63,.,O
63,Dermatol,O
63,Ther,O
63,.,O
63,2020,DATE
63,:,O
63,e13329,O
63,.,O
63,.,O
63,23,NUMBER
63,.,O
63,Bong,ORGANIZATION
63,CL,ORGANIZATION
63,.,O
63,Brasher,PERSON
63,C,O
63,.,O
63,Chikum,O
63,‐,O
63,ba,O
63,E,O
63,.,O
63,McDougall,PERSON
63,R,PERSON
63,.,O
63,Mellin,PERSON
63,‐,O
63,Olsen,PERSON
63,J,PERSON
63,.,O
63,Enright,PERSON
63,A,O
63,.,O
63,The,O
63,COVID,O
63,‐,O
63,19,NUMBER
63,pan,O
63,‐,O
63,demic,O
63,:,O
63,effects,O
63,on,O
63,low,O
63,and,O
63,middle,O
63,‐,O
63,income,O
63,countries,O
63,.,O
63,Anesth,PERSON
63,24,NUMBER
63,.,O
63,Chowell,PERSON
63,G,PERSON
63,.,O
63,Mizumoto,PERSON
63,K,PERSON
63,.,O
63,The,O
63,COVID,O
63,‐,O
63,19,NUMBER
63,pandemic,O
63,in,O
63,the,O
63,USA,COUNTRY
63,:,O
63,what,O
63,might,O
63,we,O
63,expect,O
63,?,O
63,Lancet,O
63,.,O
63,2020,DATE
63,;,O
63,395,NUMBER
63,(,O
63,10230,NUMBER
63,),O
63,:,O
63,10934,NUMBER
63,.,O
63,25,NUMBER
63,.,O
63,Adam,PERSON
63,D.,PERSON
63,Spe,PERSON
63,‐,PERSON
63,cial,O
63,report,O
63,:,O
63,the,O
63,simulations,O
63,driving,O
63,the,O
63,world,O
63,’s,O
63,response,O
63,to,O
63,COVID,O
63,‐,O
63,19,NUMBER
63,.,O
63,Nature,O
63,.,O
63,2020,DATE
63,.,O
63,26,NUMBER
63,.,O
63,Lipsitch,O
63,M,O
63,.,O
63,Swerdlow,PERSON
63,DL,O
63,.,O
63,Finelli,PERSON
63,L.,PERSON
63,Defining,O
63,the,O
63,epidemiology,O
63,of,O
63,Covid,O
63,‐,O
63,19,NUMBER
63,studies,O
63,needed,O
63,.,O
63,N,O
63,Engl,PERSON
63,J,PERSON
63,Med,O
63,.,O
63,2020,DATE
63,;,O
63,382,NUMBER
63,(,O
63,13,NUMBER
63,),O
63,:,O
63,119496,NUMBER
63,.,O
63,27,NUMBER
63,.,O
63,Landeshauptstadt,PERSON
63,Mnchen,PERSON
63,.,O
63,Statis,O
63,‐,O
63,tisches,O
63,Amt,O
63,:,O
63,Interaktive,O
63,Anwendungen,O
63,rathaus,O
63,/,O
63,Stadtinfos,O
63,/,O
63,Statis,O
63,‐,O
63,tik,O
63,/,O
63,Indikatoren,O
63,‐,O
63,und,O
63,‐,O
63,Monatszahlen.html,O
63,.,O
63,Accessed,O
63,8,NUMBER
63,28,NUMBER
63,.,O
63,Stadt,PERSON
63,Mnchen,O
63,.,O
63,Entwicklung,PERSON
63,der,O
63,Coronavirus,O
63,‐,O
63,Flle,O
63,in,O
63,Mnchen,LOCATION
63,Munich,CITY
63,.,O
63,Stadt,O
63,‐,O
63,infos,O
63,/,O
63,Coronavirus,O
63,‐,O
63,Fallzahlen.html,O
63,.,O
63,Accessed,O
63,8May,DATE
63,2020,DATE
63,.,O
63,29,NUMBER
63,.,O
63,Lemeshow,O
63,S,O
63,.,O
63,Robinson,ORGANIZATION
63,D.,ORGANIZATION
63,Surveys,ORGANIZATION
63,to,O
63,measure,O
63,programme,O
63,coverage,O
63,and,O
63,on,O
63,immunization,O
63,.,O
63,World,O
63,Health,O
63,Stat,O
63,Q.,O
63,1985,DATE
63,;,O
63,38,NUMBER
63,(,O
63,1,NUMBER
63,),O
63,:,O
63,6575,DATE
63,.,O
63,30,NUMBER
63,.,O
63,Bur,O
63,‐,O
63,ney,O
63,PG,O
63,.,O
63,Luczynska,PERSON
63,C,PERSON
63,.,O
63,Chinn,PERSON
63,S,O
63,.,O
63,Jarvis,PERSON
63,D,O
63,.,O
63,The,O
63,European,NATIONALITY
63,Community,O
63,respiratory,O
63,health,O
63,survey,O
63,.,O
63,Eur,O
63,Respir,O
63,J.,O
63,1994,DATE
63,;,O
63,7,NUMBER
63,(,O
63,5,NUMBER
63,),O
63,:,O
63,95460,NUMBER
63,.,O
63,32,NUMBER
63,.,O
63,Schupp,PERSON
63,J,PERSON
63,.,O
63,The,O
63,socioeconomic,O
63,panel,O
63,(,O
63,SOEP,ORGANIZATION
63,),O
63,.,O
63,Bundesgesundheitsblatt,PERSON
63,Gesundheitsforschung,PERSON
63,Gesundheitsschutz,PERSON
63,.,O
63,2012,DATE
63,;,O
63,55,NUMBER
63,(,O
63,67,NUMBER
63,),O
63,:,O
63,76774,NUMBER
63,.,O
63,33,NUMBER
63,.,O
63,Meisinger,PERSON
63,C,O
63,.,O
63,Peters,PERSON
63,A,O
63,.,O
63,Linseisen,O
63,J.,O
63,From,O
63,the,O
63,MONICA,O
63,‐,O
63,project,O
63,via,O
63,KORA,ORGANIZATION
63,to,O
63,the,O
63,NAKO,ORGANIZATION
63,‐,O
63,study,O
63,:,O
63,practical,O
63,utility,O
63,of,O
63,epidemiological,O
63,studies,O
63,in,O
63,Augsburg,CITY
63,region,O
63,.,O
63,Gesundheitswesen,O
63,.,O
63,2016,DATE
63,;,O
63,78,NUMBER
63,(,O
63,2,NUMBER
63,),O
63,:,O
63,8490,DATE
63,.,O
63,34,NUMBER
63,.,O
63,Coronavirus,O
63,in,O
63,Mnchen,LOCATION
63,:,O
63,Die,O
63,aktuelle,O
63,Entwicklung,O
63,Munich,CITY
63,.,O
63,Ger,O
63,‐,O
63,many,O
63,:,O
63,City,O
63,of,O
63,coronavirus,O
63,‐,O
63,muenchen,O
63,‐,O
63,infektion,O
63,‐,O
63,aktueller,O
63,‐,O
63,stand.html,O
63,.,O
63,Accessed,O
63,8,DATE
63,May,DATE
63,2020,DATE
63,.,O
63,35,NUMBER
63,.,O
63,Schipf,O
63,S,O
63,.,O
63,Schone,PERSON
63,G,PERSON
63,.,O
63,Schmidt,PERSON
63,B,O
63,.,O
63,Gunther,PERSON
63,K,PERSON
63,.,O
63,Stubs,O
63,G,O
63,.,O
63,Greiser,ORGANIZATION
63,KH,ORGANIZATION
63,.,O
63,et,O
63,al,O
63,.,O
63,The,O
63,baseline,O
63,assessment,O
63,of,O
63,the,O
63,German,NATIONALITY
63,National,O
63,Cohort,O
63,(,O
63,NAKO,PERSON
63,Gesundheitsstudie,PERSON
63,),O
63,:,O
63,partici,O
63,‐,O
63,pation,O
63,in,O
63,the,O
63,examination,O
63,modules,O
63,.,O
63,quality,O
63,assurance,O
63,.,O
63,and,O
63,the,O
63,use,O
63,of,O
63,secondary,O
63,data,O
63,.,O
63,Bundesgesundheitsblatt,PERSON
63,Gesundheitsforschung,PERSON
63,Gesundheitsschutz,PERSON
63,.,O
63,2020,DATE
63,;,O
63,63,NUMBER
63,(,O
63,3,NUMBER
63,),O
63,:,O
63,25466,NUMBER
63,.,O
63,36,NUMBER
63,.,O
63,Weinmann,PERSON
63,T,O
63,.,O
63,Vetter,PERSON
63,C,O
63,.,O
63,Karch,PERSON
63,S,PERSON
63,.,O
63,Nowak,PERSON
63,D,O
63,.,O
63,Radon,O
63,K.,O
63,Shift,O
63,work,O
63,and,O
63,cognitive,O
63,impairment,O
63,in,O
63,later,O
63,life,O
63,‐,O
63,results,O
63,of,O
63,a,O
63,cross,O
63,‐,O
63,sectional,O
63,pilot,TITLE
63,study,O
63,testing,O
63,the,O
63,feasibility,O
63,of,O
63,a,O
63,large,O
63,‐,O
63,scale,O
63,epidemiologic,O
63,investigation,O
63,.,O
63,BMC,O
63,Public,ORGANIZATION
63,Health,ORGANIZATION
63,.,O
63,37,NUMBER
63,.,O
63,Rothman,PERSON
63,KJ,PERSON
63,.,O
63,Gallacher,PERSON
63,JE,PERSON
63,.,O
63,Hatch,PERSON
63,EE,O
63,.,O
63,Why,O
63,rep,O
63,‐,O
63,resentativeness,O
63,should,O
63,be,O
63,avoided,O
63,.,O
63,Int,PERSON
63,J,PERSON
63,Epidemiol,PERSON
63,.,O
63,2013,DATE
63,;,O
63,42,NUMBER
63,(,O
63,4,NUMBER
63,),O
63,:,O
63,10124,NUMBER
63,.,O
63,38,NUMBER
63,.,O
63,Weinmann,PERSON
63,T,O
63,.,O
63,AlZahmi,MISC
63,A,MISC
63,.,O
63,Schneck,PERSON
63,A,O
63,.,O
63,Mancera,PERSON
63,Charry,PERSON
63,JF,PERSON
63,.,O
63,Froschl,PERSON
63,G,PERSON
63,.,O
63,Radon,ORGANIZATION
63,K.,ORGANIZATION
63,Population,ORGANIZATION
63,‐,O
63,based,O
63,assessment,O
63,of,O
63,health,O
63,.,O
63,healthcare,O
63,utilisation,O
63,.,O
63,and,O
63,specific,O
63,needs,O
63,of,O
63,Syrian,NATIONALITY
63,mi,O
63,‐,O
63,grants,O
63,in,O
63,Germany,COUNTRY
63,:,O
63,what,O
63,is,O
63,the,O
63,best,O
63,sampling,O
63,method,O
63,?,O
63,BMC,ORGANIZATION
63,Med,ORGANIZATION
63,Res,ORGANIZATION
63,Methodol,O
63,.,O
63,2019,DATE
63,;,O
63,19,NUMBER
63,(,O
63,1,NUMBER
63,),O
63,:,O
63,5,NUMBER
63,.,O
63,39,NUMBER
63,.,O
63,Young,O
63,R,O
63,.,O
63,Johnson,PERSON
63,DR.,O
63,Handling,O
63,miss,O
63,‐,O
63,ing,O
63,values,O
63,in,O
63,longitudinal,O
63,panel,O
63,data,O
63,with,O
63,multiple,O
63,imputation,O
63,.,O
63,J,O
63,Marriage,O
63,Fam,O
63,.,O
63,2015,DATE
63,;,O
63,77,NUMBER
63,(,O
63,1,NUMBER
63,),O
63,:,O
63,27794,NUMBER
63,.,O
63,40,NUMBER
63,.,O
63,Julia,PERSON
63,M,O
63,.,O
63,Belvis,PERSON
63,F,PERSON
63,.,O
63,Vives,PERSON
63,A,O
63,.,O
63,Tarafa,PERSON
63,G,PERSON
63,.,O
63,Benach,ORGANIZATION
63,J.,ORGANIZATION
63,Informal,ORGANIZATION
63,employees,O
63,in,O
63,the,O
63,European,ORGANIZATION
63,Union,ORGANIZATION
63,:,O
63,working,O
63,conditions,O
63,.,O
63,employment,O
63,precariousness,O
63,and,O
63,health,O
63,.,O
63,J,O
63,Pub,O
63,‐,O
63,lic,O
63,Health,O
63,(,O
63,Oxf,O
63,),O
63,.,O
63,2019,DATE
63,;,O
63,41,NUMBER
63,(,O
63,2,NUMBER
63,),O
63,:,O
63,e141e51,O
63,.,O
