21,Forecasting,O
21,the,O
21,rate,O
21,of,O
21,cumulative,O
21,cases,O
21,of,O
21,COVID,O
21,‐,O
21,19,NUMBER
21,infection,CAUSE_OF_DEATH
21,in,O
21,Northeast,O
21,Brazil,COUNTRY
21,:,O
21,a,O
21,Boltzmann,MISC
21,function,O
21,‐,O
21,based,O
21,modeling,O
21,study,O
21,Pro,O
21,‐,O
21,jeo,O
21,da,O
21,taxa,O
21,de,O
21,casos,O
21,acumulados,O
21,de,O
21,COVID,O
21,‐,O
21,19,NUMBER
21,no,O
21,Nordeste,O
21,brasileiro,O
21,:,O
21,um,O
21,estudo,O
21,de,O
21,modelagem,O
21,com,O
21,base,O
21,na,O
21,funo,O
21,de,O
21,Boltzmann,O
21,Previsin,O
21,de,O
21,la,O
21,tasa,O
21,de,O
21,incidencia,O
21,acumulada,O
21,por,O
21,infeccin,O
21,de,O
21,COVID,O
21,‐,O
21,19,NUMBER
21,en,O
21,la,O
21,regin,O
21,nordeste,O
21,de,O
21,Brasil,O
21,:,O
21,un,O
21,estudio,O
21,de,O
21,modelado,O
21,basado,O
21,en,O
21,funciones,O
21,de,O
21,Boltzmann,ORGANIZATION
21,Gssyca,ORGANIZATION
21,Cavalcante,ORGANIZATION
21,de,O
21,Melo,O
21,1.2,NUMBER
21,Renato,PERSON
21,Amrico,PERSON
21,de,PERSON
21,Arajo,PERSON
21,Neto,PERSON
21,3,NUMBER
21,Karina,PERSON
21,Conceio,PERSON
21,Gomes,PERSON
21,Machado,PERSON
21,de,PERSON
21,Arajo,O
21,2,NUMBER
21,The,O
21,COVID,O
21,‐,O
21,19,NUMBER
21,death,O
21,rate,O
21,in,O
21,Northeast,LOCATION
21,Brazil,COUNTRY
21,is,O
21,much,O
21,high,O
21,‐,O
21,er,O
21,when,O
21,compared,O
21,to,O
21,the,O
21,national,O
21,average,O
21,.,O
21,demanding,O
21,a,O
21,study,O
21,into,O
21,the,O
21,prognosis,O
21,of,O
21,the,O
21,region,O
21,for,O
21,planning,O
21,control,O
21,measures,O
21,and,O
21,preventing,O
21,the,O
21,collapse,O
21,of,O
21,the,O
21,health,O
21,care,O
21,system,O
21,.,O
21,We,O
21,estimated,O
21,the,O
21,potential,O
21,total,O
21,cumulative,O
21,cases,O
21,of,O
21,COVID,O
21,‐,O
21,19,NUMBER
21,in,O
21,the,O
21,region,O
21,for,O
21,the,DURATION
21,next,DURATION
21,three,DURATION
21,months,DURATION
21,.,O
21,Our,O
21,study,O
21,included,O
21,all,O
21,confirmed,O
21,cas,O
21,‐,O
21,es,O
21,.,O
21,from,O
21,March,DATE
21,8,DATE
21,until,O
21,April,DATE
21,28,DATE
21,.,DATE
21,2020,DATE
21,.,O
21,collected,O
21,from,O
21,the,O
21,offi,O
21,‐,O
21,cial,O
21,website,O
21,that,O
21,reports,O
21,the,O
21,situation,O
21,of,O
21,COVID,O
21,‐,O
21,19,NUMBER
21,infections,CAUSE_OF_DEATH
21,in,O
21,Brazil,COUNTRY
21,.,O
21,The,O
21,Boltzmann,MISC
21,function,O
21,was,O
21,applied,O
21,to,O
21,a,O
21,data,O
21,simulation,O
21,for,O
21,each,O
21,set,O
21,of,O
21,data,O
21,regarding,O
21,different,O
21,states,O
21,.,O
21,The,O
21,model,TITLE
21,data,O
21,were,O
21,well,O
21,fitted,O
21,.,O
21,with,O
21,R2,O
21,values,O
21,close,O
21,to,O
21,0.999,NUMBER
21,.,O
21,Up,O
21,to,O
21,April,DATE
21,28,DATE
21,.,O
21,20.665,NUMBER
21,cases,O
21,were,O
21,confirmed,O
21,in,O
21,the,O
21,region,O
21,.,O
21,The,O
21,state,O
21,of,O
21,Cear,O
21,has,O
21,the,O
21,highest,O
21,rate,O
21,of,O
21,accumulated,O
21,cases,O
21,per,O
21,100.000,NUMBER
21,inhabitants,O
21,(,O
21,75.75,NUMBER
21,),O
21,.,O
21,followed,O
21,by,O
21,Pernambuco,LOCATION
21,.,O
21,We,O
21,estimated,O
21,that,O
21,the,COUNTRY
21,states,COUNTRY
21,of,O
21,Cear,O
21,.,O
21,Sergipe,LOCATION
21,and,O
21,Paraba,LOCATION
21,will,O
21,experience,O
21,a,O
21,dramatic,O
21,increase,O
21,in,O
21,the,O
21,rate,O
21,of,O
21,cumulative,O
21,cases,O
21,until,O
21,July,DATE
21,31,DATE
21,.,O
21,Maranho,PERSON
21,.,O
21,Pernambuco,LOCATION
21,.,O
21,Rio,CITY
21,Grande,CITY
21,do,O
21,Norte,O
21,and,O
21,Piau,PERSON
21,showed,O
21,a,O
21,more,O
21,discreet,O
21,increase,O
21,in,O
21,the,O
21,model,TITLE
21,.,O
21,For,O
21,Bahia,LOCATION
21,and,O
21,Alagoas,LOCATION
21,.,O
21,a,O
21,4.7,NUMBER
21,and,O
21,6.6,NUMBER
21,‐,O
21,fold,COUNTRY
21,increase,O
21,in,O
21,the,O
21,rate,O
21,was,O
21,estimated,O
21,.,O
21,respectively,O
21,.,O
21,We,O
21,estimate,O
21,a,O
21,substantial,O
21,increase,O
21,in,O
21,the,O
21,rate,O
21,of,O
21,cumulative,O
21,cases,O
21,per,O
21,100.000,NUMBER
21,inhabitants,O
21,in,O
21,the,O
21,region,O
21,within,O
21,three,DURATION
21,months,DURATION
21,.,O
21,especially,O
21,for,O
21,Cear,O
21,.,O
21,Sergipe,LOCATION
21,and,O
21,Paraba,LOCATION
21,.,O
21,The,O
21,Boltzmann,MISC
21,function,O
21,proved,O
21,to,O
21,be,O
21,a,O
21,simple,O
21,tool,O
21,for,O
21,epidemiological,O
21,forecasting,O
21,that,O
21,can,O
21,help,O
21,planning,O
21,the,O
21,mea,O
21,‐,O
21,sures,O
21,to,O
21,contain,O
21,COVID,O
21,‐,O
21,19,NUMBER
21,.,O
21,G.,PERSON
21,C.,PERSON
21,Melo,PERSON
21,Universidade,PERSON
21,Estadual,PERSON
21,de,PERSON
21,Cincias,ORGANIZATION
21,da,ORGANIZATION
21,Sade,ORGANIZATION
21,de,ORGANIZATION
21,Alagoas,ORGANIZATION
21,.,O
21,Rua,O
21,Dr.,O
21,Jorge,PERSON
21,de,PERSON
21,Lima,PERSON
21,113,NUMBER
21,.,O
21,Macei,PERSON
21,.,O
21,AL,STATE_OR_PROVINCE
21,57010,NUMBER
21,‐,O
21,300,NUMBER
21,.,O
21,Brasil,LOCATION
21,.,O
21,Universidade,ORGANIZATION
21,Estadual,ORGANIZATION
21,de,ORGANIZATION
21,Cincias,ORGANIZATION
21,da,ORGANIZATION
21,Sade,ORGANIZATION
21,de,ORGANIZATION
21,Alagoas,LOCATION
21,.,O
21,Macei,PERSON
21,.,O
21,Brasil,LOCATION
21,.,O
21,2,NUMBER
21,Universidade,ORGANIZATION
21,Federal,ORGANIZATION
21,de,ORGANIZATION
21,Sergipe,ORGANIZATION
21,.,O
21,Ara,O
21,‐,O
21,caj,O
21,.,O
21,Brasil,LOCATION
21,.,O
21,3,NUMBER
21,Centro,ORGANIZATION
21,Universitrio,ORGANIZATION
21,Maurcio,ORGANIZATION
21,de,ORGANIZATION
21,Nassau,ORGANIZATION
21,.,O
21,Macei,LOCATION
21,.,O
21,Brasil,O
21,.,O
21,COVID,O
21,‐,O
21,19,NUMBER
21,;,O
21,Epidemiology,O
21,;,O
21,Mathematical,O
21,Models,O
21,;,O
21,Pandemic,O
21,any,O
21,medium,O
21,.,O
21,without,O
21,restrictions,O
21,.,O
21,as,O
21,long,O
21,as,O
21,the,O
21,original,O
21,work,O
21,is,O
21,correctly,O
21,Cad,O
21,.,O
21,Sade,O
21,Pblica,O
21,2020,DATE
21,;,O
21,36,NUMBER
21,(,O
21,6,NUMBER
21,),O
21,:,O
21,e00105720,O
21,Melo,O
21,GC,O
21,et,O
21,al,O
21,.,O
21,In,O
21,December,DATE
21,2019,DATE
21,.,O
21,a,O
21,pneumonia,CAUSE_OF_DEATH
21,outbreak,O
21,related,O
21,to,O
21,COVID,O
21,‐,O
21,19,NUMBER
21,was,O
21,reported,O
21,in,O
21,the,O
21,city,O
21,of,O
21,Wuhan,CITY
21,.,O
21,China,COUNTRY
21,.,O
21,and,O
21,soon,O
21,spread,O
21,to,O
21,other,O
21,regions,O
21,1,NUMBER
21,.,O
21,Three,DATE
21,months,DATE
21,later,DATE
21,.,O
21,the,O
21,World,ORGANIZATION
21,Health,ORGANIZATION
21,Organization,ORGANIZATION
21,raised,O
21,the,O
21,state,O
21,of,O
21,contamination,O
21,and,O
21,declared,O
21,it,O
21,a,O
21,pandemic,O
21,due,O
21,to,O
21,the,O
21,rapid,O
21,geographical,O
21,spread,O
21,of,O
21,the,O
21,COVID,O
21,‐,O
21,19,NUMBER
21,virus,O
21,over,O
21,a,O
21,short,O
21,‐,O
21,time,O
21,scale,O
21,2,NUMBER
21,.,O
21,Transmission,O
21,of,O
21,the,O
21,etiological,O
21,agent,O
21,of,O
21,COVID,O
21,‐,O
21,19,NUMBER
21,occurs,O
21,mainly,O
21,through,O
21,aspiration,O
21,or,O
21,contact,O
21,with,O
21,respi,O
21,‐,O
21,ratory,O
21,secretions,O
21,of,O
21,infected,O
21,patients,O
21,.,O
21,Efforts,O
21,to,O
21,prevent,O
21,it,O
21,are,O
21,being,O
21,adopted,O
21,worldwide,O
21,.,O
21,with,O
21,an,O
21,emphasis,O
21,on,O
21,social,O
21,isolation,O
21,of,O
21,the,O
21,population,O
21,by,O
21,restricting,O
21,people,O
21,circulation,O
21,and,O
21,grouping,O
21,and,O
21,blocking,O
21,non,O
21,‐,O
21,essential,O
21,services,O
21,3.4,NUMBER
21,.,O
21,closing,O
21,bars,O
21,.,O
21,hotels,O
21,.,O
21,shop,O
21,‐,O
21,ping,O
21,malls,O
21,.,O
21,restaurants,O
21,.,O
21,theaters,O
21,.,O
21,On,O
21,April,DATE
21,28,DATE
21,.,DATE
21,2020,DATE
21,.,O
21,COVID,O
21,‐,O
21,19,NUMBER
21,had,O
21,3.098.391,NUMBER
21,confirmed,O
21,cases,O
21,worldwide,O
21,.,O
21,with,O
21,216.160,NUMBER
21,deaths,O
21,in,O
21,185,NUMBER
21,regions,O
21,.,O
21,The,O
21,first,ORDINAL
21,epicenter,O
21,of,O
21,the,O
21,pandemic,O
21,in,O
21,China,COUNTRY
21,has,O
21,substantially,O
21,reduced,O
21,the,O
21,number,O
21,of,O
21,new,O
21,cases,O
21,since,O
21,late,O
21,Febru,O
21,‐,O
21,ary,O
21,.,O
21,Progressively,O
21,.,O
21,countries,O
21,in,O
21,Europe,LOCATION
21,became,O
21,the,O
21,next,O
21,global,O
21,epicenter,O
21,.,O
21,followed,O
21,by,O
21,the,O
21,United,COUNTRY
21,States,COUNTRY
21,.,O
21,Current,DATE
21,scenarios,O
21,with,O
21,the,O
21,highest,O
21,number,O
21,of,O
21,confirmed,O
21,cases,O
21,are,O
21,the,O
21,United,COUNTRY
21,States,COUNTRY
21,and,O
21,Spain,COUNTRY
21,.,O
21,with,O
21,a,O
21,total,O
21,of,O
21,1.008.066,NUMBER
21,and,O
21,232.128,NUMBER
21,cases,O
21,.,O
21,respectively,O
21,.,O
21,The,O
21,United,COUNTRY
21,States,COUNTRY
21,and,O
21,Italy,COUNTRY
21,lead,O
21,in,O
21,number,O
21,of,O
21,registered,O
21,deaths,O
21,5,NUMBER
21,.,O
21,The,O
21,epicenter,O
21,of,O
21,the,O
21,coronavirus,O
21,pandemic,O
21,changes,O
21,as,O
21,the,O
21,virus,O
21,spreads,O
21,to,O
21,a,O
21,new,O
21,country,O
21,.,O
21,This,O
21,adequate,O
21,support,O
21,to,O
21,those,O
21,who,O
21,are,O
21,sick,O
21,and,O
21,on,O
21,the,O
21,behavior,O
21,of,O
21,the,O
21,population,O
21,in,O
21,respecting,O
21,the,O
21,recommended,O
21,measures,O
21,6.7.8,NUMBER
21,.,O
21,However,O
21,.,O
21,cities,O
21,in,O
21,Latin,LOCATION
21,America,COUNTRY
21,have,O
21,shown,O
21,low,O
21,rates,O
21,of,O
21,social,O
21,isolation,O
21,.,O
21,added,O
21,to,O
21,speeches,O
21,that,O
21,minimize,O
21,their,O
21,importance,O
21,9,NUMBER
21,.,O
21,On,O
21,April,DATE
21,28,DATE
21,.,DATE
21,2020,DATE
21,.,O
21,no,O
21,state,O
21,in,O
21,Brazil,COUNTRY
21,had,O
21,reached,O
21,the,O
21,63,PERCENT
21,%,PERCENT
21,social,O
21,isolation,O
21,rate,O
21,10,NUMBER
21,.,O
21,This,O
21,factor,O
21,.,O
21,as,O
21,well,O
21,as,O
21,regional,O
21,inequalities,O
21,in,O
21,healthcare,O
21,.,O
21,low,O
21,investment,O
21,in,O
21,public,O
21,health,O
21,and,O
21,scientific,O
21,research,O
21,.,O
21,a,O
21,high,O
21,poverty,O
21,rate,O
21,and,O
21,government,O
21,officials,O
21,unfavorable,O
21,to,O
21,social,O
21,isolation,O
21,measures,O
21,can,O
21,be,O
21,considered,O
21,aggravating,O
21,in,O
21,the,O
21,dissemination,O
21,of,O
21,COVID,O
21,‐,O
21,19,NUMBER
21,9.11,NUMBER
21,.,O
21,Two,DURATION
21,months,DURATION
21,after,O
21,the,O
21,confirmation,O
21,of,O
21,the,O
21,first,ORDINAL
21,COVID,O
21,‐,O
21,19,NUMBER
21,case,O
21,in,O
21,the,O
21,country,O
21,12,NUMBER
21,.,O
21,71.866,NUMBER
21,cases,O
21,and,O
21,5.017,NUMBER
21,deaths,O
21,13,NUMBER
21,were,O
21,confirmed,O
21,.,O
21,overtaking,O
21,China,COUNTRY
21,in,O
21,the,O
21,same,O
21,period,O
21,of,O
21,time,O
21,and,O
21,causing,O
21,concern,O
21,about,O
21,the,DATE
21,future,DATE
21,of,O
21,the,O
21,pandemic,O
21,in,O
21,its,O
21,regions,O
21,.,O
21,Currently,DATE
21,.,O
21,the,O
21,national,O
21,incidence,O
21,rate,O
21,of,O
21,COVID,O
21,‐,O
21,19,NUMBER
21,is,O
21,145,NUMBER
21,cases,O
21,per,O
21,1.000.000,NUMBER
21,inhabitants,O
21,.,O
21,The,O
21,north,O
21,of,O
21,the,O
21,country,O
21,faces,O
21,a,O
21,public,O
21,health,O
21,calamity,O
21,.,O
21,with,O
21,all,O
21,intensive,O
21,care,O
21,beds,O
21,occupied,O
21,.,O
21,The,O
21,Southeast,O
21,is,O
21,the,O
21,most,O
21,affected,O
21,region,O
21,.,O
21,considering,O
21,the,O
21,number,O
21,of,O
21,cases,O
21,.,O
21,De,O
21,‐,O
21,spite,O
21,being,O
21,outside,O
21,the,O
21,current,DATE
21,epicenter,O
21,of,O
21,the,O
21,coronavirus,O
21,in,O
21,Brazil,COUNTRY
21,.,O
21,the,O
21,Northeast,LOCATION
21,Region,LOCATION
21,has,O
21,a,O
21,death,O
21,rate,O
21,above,O
21,the,O
21,national,O
21,average,O
21,and,O
21,is,O
21,the,O
21,second,ORDINAL
21,most,O
21,affected,O
21,region,O
21,in,O
21,absolute,O
21,cases,O
21,13,NUMBER
21,.,O
21,which,O
21,makes,O
21,it,O
21,important,O
21,to,O
21,study,O
21,the,O
21,prognosis,O
21,of,O
21,this,O
21,re,O
21,‐,O
21,gion,O
21,for,O
21,planning,O
21,control,O
21,measures,O
21,and,O
21,preventing,O
21,the,O
21,collapse,O
21,of,O
21,the,O
21,health,O
21,system,O
21,.,O
21,The,O
21,potential,O
21,of,O
21,these,O
21,situations,O
21,can,O
21,be,O
21,es,O
21,‐,O
21,timated,O
21,through,O
21,complex,O
21,mathematical,O
21,models,O
21,.,O
21,such,O
21,as,O
21,those,O
21,based,O
21,on,O
21,susceptible,O
21,.,O
21,infectious,O
21,and,O
21,recovered,O
21,data,O
21,(,O
21,SIR,O
21,),O
21,14,NUMBER
21,.,O
21,and,O
21,sim,O
21,‐,O
21,pler,O
21,models,O
21,in,O
21,terms,O
21,of,O
21,understanding,O
21,and,O
21,application,O
21,.,O
21,such,O
21,as,O
21,the,O
21,Boltzmann,MISC
21,model,TITLE
21,.,O
21,already,O
21,used,O
21,in,O
21,studies,O
21,in,O
21,China,COUNTRY
21,15.16,NUMBER
21,.,O
21,In,O
21,our,O
21,study,O
21,.,O
21,we,O
21,estimated,O
21,the,O
21,potential,O
21,total,O
21,number,O
21,of,O
21,cases,O
21,of,O
21,COVID,O
21,‐,O
21,19,NUMBER
21,in,O
21,the,O
21,Northeast,O
21,Region,O
21,of,O
21,Brazil,COUNTRY
21,for,O
21,the,O
21,next,O
21,three,NUMBER
21,months,DURATION
21,by,O
21,applying,O
21,Boltzmann,MISC
21,function,O
21,‐,O
21,based,O
21,regression,O
21,analysis,O
21,.,O
21,Design,O
21,and,O
21,study,O
21,area,O
21,This,O
21,epidemiological,O
21,study,O
21,used,O
21,mathemati,O
21,‐,O
21,cal,O
21,modeling,O
21,and,O
21,geoprocessing,O
21,techniques,O
21,.,O
21,The,O
21,spatial,O
21,units,O
21,of,O
21,analysis,O
21,were,O
21,the,O
21,nine,NUMBER
21,states,O
21,of,O
21,Northeast,LOCATION
21,Brazil,COUNTRY
21,(,O
21,Alagoas,LOCATION
21,.,O
21,Bahia,LOCATION
21,.,O
21,Cear,PERSON
21,.,O
21,Maranho,PERSON
21,.,O
21,Paraba,LOCATION
21,.,O
21,Pernambuco,LOCATION
21,.,O
21,Piau,PERSON
21,.,O
21,Rio,CITY
21,Grande,CITY
21,do,O
21,Norte,O
21,and,O
21,Sergipe,LOCATION
21,),O
21,17,NUMBER
21,.,O
21,distributed,O
21,over,O
21,a,O
21,total,O
21,area,O
21,of,O
21,1.561.177,NUMBER
21,km2,O
21,.,O
21,Data,O
21,sources,O
21,and,O
21,measures,O
21,Our,O
21,study,O
21,included,O
21,all,O
21,confirmed,O
21,cases,O
21,of,O
21,COVID,O
21,‐,O
21,19,NUMBER
21,infection,CAUSE_OF_DEATH
21,until,O
21,April,DATE
21,28,DATE
21,.,DATE
21,2020,DATE
21,.,O
21,COVID,O
21,‐,O
21,19,NUMBER
21,infection,CAUSE_OF_DEATH
21,was,O
21,defined,O
21,as,O
21,a,O
21,case,O
21,with,O
21,a,O
21,positive,O
21,result,O
21,for,O
21,viral,O
21,nucleic,O
21,acid,O
21,testing,O
21,in,O
21,respiratory,O
21,specimens,O
21,Cad,O
21,.,O
21,Sade,PERSON
21,Pblica,O
21,2020,DATE
21,;,O
21,36,NUMBER
21,(,O
21,6,NUMBER
21,),O
21,:,O
21,e00105720,O
21,FORECASTING,O
21,THE,O
21,RATE,O
21,OF,O
21,CUMULATIVE,O
21,CASES,O
21,OF,O
21,COVID,O
21,‐,O
21,19,NUMBER
21,or,O
21,with,O
21,a,O
21,positive,O
21,serological,O
21,test,O
21,.,O
21,This,O
21,data,O
21,were,O
21,collected,O
21,from,O
21,the,O
21,official,O
21,website,O
21,13,NUMBER
21,that,O
21,reports,O
21,the,O
21,sit,O
21,‐,O
21,uation,O
21,of,O
21,COVID,O
21,‐,O
21,19,NUMBER
21,infections,CAUSE_OF_DEATH
21,in,O
21,Brazil,COUNTRY
21,.,O
21,The,O
21,data,O
21,for,O
21,model,TITLE
21,de,O
21,‐,O
21,velopment,O
21,were,O
21,updated,O
21,on,O
21,April,DATE
21,29,DATE
21,.,DATE
21,2020,DATE
21,.,O
21,The,O
21,rates,O
21,of,O
21,cumulative,O
21,cases,O
21,of,O
21,disease,CAUSE_OF_DEATH
21,per,O
21,100.000,NUMBER
21,inhabitants,O
21,were,O
21,estimated,O
21,consider,O
21,‐,O
21,ing,O
21,the,O
21,number,O
21,of,O
21,cases,O
21,in,O
21,each,O
21,state,O
21,divided,O
21,by,O
21,the,O
21,population,O
21,at,O
21,risk,O
21,based,O
21,on,O
21,the,O
21,estimates,O
21,for,O
21,the,COUNTRY
21,states,COUNTRY
21,.,O
21,Data,O
21,analysis,O
21,function,O
21,15.16.18,NUMBER
21,was,O
21,applied,O
21,to,O
21,the,O
21,data,O
21,simulation,O
21,for,O
21,each,O
21,set,O
21,of,O
21,data,O
21,of,O
21,the,O
21,different,O
21,geographical,O
21,regions,O
21,in,O
21,Northeast,O
21,Brazil,COUNTRY
21,.,O
21,We,O
21,obtained,O
21,parameters,O
21,of,O
21,each,O
21,function,O
21,.,O
21,in,O
21,which,O
21,the,O
21,po,O
21,‐,O
21,tential,O
21,total,O
21,number,O
21,of,O
21,confirmed,O
21,cases,O
21,is,O
21,given,O
21,by,O
21,the,O
21,parameter,O
21,A2,O
21,.,O
21,The,O
21,Boltzmann,MISC
21,function,O
21,for,O
21,future,DATE
21,simulation,O
21,is,O
21,expressed,O
21,as,O
21,follows,O
21,:,O
21,where,O
21,C,O
21,(,O
21,x,O
21,),O
21,is,O
21,the,O
21,cumulative,O
21,number,O
21,of,O
21,confirmed,O
21,cases,O
21,after,O
21,the,DURATION
21,first,DURATION
21,day,DURATION
21,x,O
21,;,O
21,A1,O
21,.,O
21,A2,O
21,.,O
21,x0,O
21,and,O
21,dx,O
21,are,O
21,constants,O
21,.,O
21,x0,O
21,corre,O
21,‐,O
21,sponds,O
21,to,O
21,the,O
21,inflection,O
21,point,O
21,and,O
21,indicates,O
21,the,O
21,date,O
21,on,O
21,which,O
21,the,O
21,daily,SET
21,cases,O
21,will,O
21,reach,O
21,their,O
21,maximum,O
21,.,O
21,After,O
21,that,O
21,date,O
21,.,O
21,there,O
21,will,O
21,be,O
21,a,O
21,downward,O
21,trend,O
21,in,O
21,total,O
21,daily,SET
21,cases,O
21,;,O
21,dx,O
21,is,O
21,the,O
21,adjust,O
21,‐,O
21,ment,O
21,coefficient,O
21,.,O
21,indicating,O
21,the,O
21,degree,O
21,of,O
21,increase,O
21,in,O
21,y,O
21,(,O
21,number,O
21,of,O
21,cases,O
21,),O
21,as,O
21,a,O
21,function,O
21,of,O
21,the,O
21,increase,O
21,in,O
21,x,O
21,(,O
21,days,DURATION
21,after,O
21,the,O
21,first,ORDINAL
21,case,O
21,),O
21,.,O
21,In,O
21,particular,O
21,.,O
21,A2,O
21,represents,O
21,the,O
21,estimated,O
21,potential,O
21,total,O
21,number,O
21,of,O
21,confirmed,O
21,cases,O
21,.,O
21,A,O
21,key,O
21,date,O
21,(,O
21,when,O
21,number,O
21,of,O
21,daily,SET
21,new,O
21,confirmed,O
21,cases,O
21,is,O
21,lower,O
21,than,O
21,0.1,PERCENT
21,%,PERCENT
21,in,O
21,relation,O
21,with,O
21,total,O
21,cases,O
21,16,NUMBER
21,),O
21,was,O
21,included,O
21,in,O
21,our,O
21,study,O
21,.,O
21,Data,O
21,from,O
21,parameter,O
21,A2,O
21,were,O
21,used,O
21,to,O
21,estimate,O
21,the,O
21,rate,O
21,of,O
21,cumulative,O
21,cases,O
21,of,O
21,COVID,O
21,‐,O
21,19,NUMBER
21,per,O
21,100.000,NUMBER
21,inhabitants,O
21,.,O
21,Maps,O
21,were,O
21,setup,O
21,with,O
21,the,O
21,spread,O
21,of,O
21,the,O
21,cu,O
21,‐,O
21,mulative,O
21,cases,O
21,per,O
21,100.000,NUMBER
21,inhabitants,O
21,of,O
21,COVID,O
21,‐,O
21,19,NUMBER
21,infection,CAUSE_OF_DEATH
21,us,O
21,‐,O
21,ing,O
21,actual,O
21,and,O
21,modelled,O
21,Boltzmann,MISC
21,data,O
21,.,O
21,Therefore,O
21,.,O
21,we,O
21,used,O
21,the,O
21,cartographic,O
21,base,O
21,of,O
21,Northeast,LOCATION
21,Brazil,COUNTRY
21,available,O
21,in,O
21,the,O
21,IBGE,ORGANIZATION
21,elec,O
21,‐,O
21,tronic,O
21,database,O
21,and,O
21,reported,O
21,data,O
21,on,O
21,COVID,O
21,‐,O
21,19,NUMBER
21,infections,CAUSE_OF_DEATH
21,17,NUMBER
21,.,O
21,Ter,TITLE
21,‐,O
21,ra,O
21,Datum,O
21,model,TITLE
21,SIRGAS,O
21,2000,DATE
21,and,O
21,the,O
21,cartographic,O
21,projection,O
21,corre,O
21,‐,O
21,sponding,O
21,to,O
21,the,O
21,Mercator,ORGANIZATION
21,Transversal,ORGANIZATION
21,Universal,ORGANIZATION
21,system,O
21,were,O
21,used,O
21,.,O
21,The,O
21,georeferenced,O
21,data,O
21,were,O
21,incorporated,O
21,into,O
21,The,O
21,first,ORDINAL
21,cases,O
21,of,O
21,COVID,O
21,‐,O
21,19,NUMBER
21,infection,CAUSE_OF_DEATH
21,in,O
21,Northeast,LOCATION
21,Brazil,COUNTRY
21,were,O
21,documented,O
21,in,O
21,the,O
21,states,O
21,of,O
21,Alagoas,LOCATION
21,and,O
21,Bahia,LOCATION
21,on,O
21,March,DATE
21,8,DATE
21,.,DATE
21,2020,DATE
21,.,O
21,Until,O
21,April,DATE
21,28,DATE
21,.,O
21,20.665,NUMBER
21,cases,O
21,were,O
21,confirmed,O
21,across,O
21,the,O
21,region,O
21,.,O
21,The,O
21,State,O
21,of,O
21,Cear,O
21,had,O
21,the,O
21,highest,O
21,rate,O
21,of,O
21,accumulated,O
21,cases,O
21,per,O
21,100.000,NUMBER
21,inhabitants,O
21,(,O
21,75.75,NUMBER
21,),O
21,during,O
21,this,O
21,period,O
21,.,O
21,followed,O
21,by,O
21,the,COUNTRY
21,states,COUNTRY
21,of,O
21,Pernambuco,LOCATION
21,(,O
21,59.89,NUMBER
21,),O
21,.,O
21,Maranho,PERSON
21,(,O
21,35.73,NUMBER
21,),O
21,.,O
21,Rio,CITY
21,Grande,CITY
21,do,O
21,Norte,O
21,(,O
21,24.44,NUMBER
21,),O
21,and,O
21,Alagoas,LOCATION
21,(,O
21,23.28,NUMBER
21,),O
21,.,O
21,The,O
21,lowest,O
21,rates,O
21,of,O
21,cumulative,O
21,cases,O
21,were,O
21,reported,O
21,by,O
21,the,COUNTRY
21,states,COUNTRY
21,of,O
21,Sergipe,LOCATION
21,(,O
21,12.18,NUMBER
21,),O
21,.,O
21,Piau,PERSON
21,(,O
21,12.46,NUMBER
21,),O
21,.,O
21,Paraba,LOCATION
21,(,O
21,15.75,NUMBER
21,),O
21,and,O
21,Bahia,LOCATION
21,(,O
21,17.08,NUMBER
21,),O
21,.,O
21,For,O
21,Boltzmann,MISC
21,data,O
21,analysis,O
21,.,O
21,each,O
21,region,O
21,was,O
21,well,O
21,fitted,O
21,and,O
21,all,O
21,R2,O
21,values,O
21,were,O
21,close,O
21,to,O
21,0.999,NUMBER
21,next,DATE
21,150,DATE
21,days,DATE
21,after,O
21,the,O
21,first,ORDINAL
21,case,O
21,in,O
21,each,O
21,state,O
21,of,O
21,the,O
21,Northeastern,O
21,Region,O
21,(,O
21,Alagoas,LOCATION
21,.,O
21,Bahia,LOCATION
21,.,O
21,Cear,PERSON
21,.,O
21,Maranho,PERSON
21,.,O
21,Paraba,LOCATION
21,.,O
21,Pernambuco,LOCATION
21,.,O
21,Piau,PERSON
21,.,O
21,Rio,CITY
21,Grande,CITY
21,do,O
21,Norte,O
21,and,O
21,Sergipe,LOCATION
21,),O
21,were,O
21,estimated,O
21,as,O
21,5.110,NUMBER
21,July,DATE
21,3,DATE
21,.,O
21,May,DATE
21,30,DATE
21,.,DATE
21,June,DATE
21,6,NUMBER
21,.,O
21,June,DATE
21,16,DATE
21,and,O
21,June,DATE
21,20,DATE
21,.,O
21,for,O
21,the,COUNTRY
21,states,COUNTRY
21,of,O
21,Alagoas,LOCATION
21,.,O
21,Bahia,LOCATION
21,.,O
21,Cear,PERSON
21,.,O
21,Maranho,PERSON
21,.,O
21,Paraba,LOCATION
21,.,O
21,Pernambuco,LOCATION
21,.,O
21,Piau,PERSON
21,.,O
21,Rio,CITY
21,Grande,CITY
21,do,O
21,Norte,O
21,and,O
21,Sergipe,LOCATION
21,.,O
21,respectively,O
21,.,O
21,The,O
21,potential,O
21,number,O
21,of,O
21,cumulative,O
21,cases,O
21,per,O
21,100.000,NUMBER
21,inhabitants,O
21,until,O
21,May,DATE
21,27,DATE
21,.,DATE
21,2020,DATE
21,was,O
21,estimated,O
21,for,O
21,Cear,O
21,(,O
21,542.46,NUMBER
21,),O
21,.,O
21,Paraba,LOCATION
21,(,O
21,170.73,NUMBER
21,),O
21,.,O
21,Alagoas,LOCATION
21,(,O
21,150.3,NUMBER
21,),O
21,.,O
21,Sergipe,LOCATION
21,(,O
21,124.04,NUMBER
21,),O
21,.,O
21,Pernambuco,LOCATION
21,(,O
21,107.48,NUMBER
21,),O
21,.,O
21,Bahia,LOCATION
21,(,O
21,63.29,NUMBER
21,),O
21,.,O
21,Maranho,PERSON
21,(,O
21,48.86,NUMBER
21,),O
21,.,O
21,Rio,CITY
21,Grande,CITY
21,do,O
21,Norte,O
21,(,O
21,44.54,NUMBER
21,),O
21,and,O
21,Piau,PERSON
21,(,O
21,32.26,NUMBER
21,),O
21,.,O
21,For,O
21,July,DATE
21,31,DATE
21,.,DATE
21,2020,DATE
21,.,O
21,the,O
21,poten,O
21,‐,O
21,tial,O
21,number,O
21,of,O
21,cumulative,O
21,cases,O
21,per,O
21,100.000,NUMBER
21,inhabitants,O
21,was,O
21,esti,O
21,‐,O
21,mated,O
21,as,O
21,1098.18,NUMBER
21,.,O
21,270.05,NUMBER
21,.,O
21,153.87,NUMBER
21,.,O
21,153.13,NUMBER
21,.,O
21,108.45,NUMBER
21,.,O
21,79.53,NUMBER
21,.,O
21,48.93,NUMBER
21,.,O
21,47.39,NUMBER
21,and,O
21,32.73,NUMBER
21,for,O
21,Cear,O
21,.,O
21,Paraba,LOCATION
21,.,O
21,Sergipe,LOCATION
21,.,O
21,Alagoas,LOCATION
21,.,O
21,Cad,LOCATION
21,.,O
21,Sade,PERSON
21,Pblica,O
21,2020,DATE
21,;,O
21,36,NUMBER
21,(,O
21,6,NUMBER
21,),O
21,:,O
21,e00105720,O
21,Melo,O
21,GC,O
21,et,O
21,al,O
21,.,O
21,Fitting,O
21,the,O
21,cumula,O
21,‐,O
21,tive,O
21,number,O
21,of,O
21,COVID,O
21,‐,O
21,19,NUMBER
21,cases,O
21,to,O
21,Boltzmann,MISC
21,function,O
21,in,O
21,the,COUNTRY
21,states,COUNTRY
21,of,O
21,the,O
21,Northeast,O
21,Region,O
21,of,O
21,Brazil,COUNTRY
21,.,O
21,Cad,O
21,.,O
21,Sade,O
21,Pblica,O
21,2020,DATE
21,;,O
21,36,NUMBER
21,(,O
21,6,NUMBER
21,),O
21,:,O
21,e00105720,O
21,FORECASTING,O
21,THE,O
21,RATE,O
21,OF,O
21,CUMULATIVE,O
21,CASES,O
21,OF,O
21,COVID,O
21,‐,O
21,19,NUMBER
21,Cad,O
21,.,O
21,Sade,O
21,Pblica,O
21,2020,DATE
21,;,O
21,36,NUMBER
21,(,O
21,6,NUMBER
21,),O
21,:,O
21,e00105720,O
21,Melo,O
21,GC,O
21,et,O
21,al,O
21,.,O
21,Cad,O
21,.,O
21,Sade,O
21,Pblica,O
21,2020,DATE
21,;,O
21,36,NUMBER
21,(,O
21,6,NUMBER
21,),O
21,:,O
21,e00105720,O
21,FORECASTING,O
21,THE,O
21,RATE,O
21,OF,O
21,CUMULATIVE,O
21,CASES,O
21,OF,O
21,COVID,O
21,‐,O
21,19,NUMBER
21,Cad,O
21,.,O
21,Sade,O
21,Pblica,O
21,2020,DATE
21,;,O
21,36,NUMBER
21,(,O
21,6,NUMBER
21,),O
21,:,O
21,e00105720,O
21,Melo,O
21,GC,O
21,et,O
21,al,O
21,.,O
21,Pernambuco,LOCATION
21,.,O
21,Bahia,LOCATION
21,.,O
21,Maranho,PERSON
21,.,O
21,Rio,PERSON
21,Grande,O
21,do,O
21,Norte,O
21,and,O
21,Piau,PERSON
21,.,O
21,respectively,O
21,.,O
21,The,O
21,mapping,O
21,of,O
21,the,O
21,region,O
21,shows,O
21,the,COUNTRY
21,states,COUNTRY
21,with,O
21,the,O
21,potential,O
21,rates,O
21,of,O
21,cumulative,O
21,cases,O
21,of,O
21,COVID,O
21,‐,O
21,19,NUMBER
21,over,O
21,the,O
21,period,O
21,By,O
21,using,O
21,data,O
21,from,O
21,March,DATE
21,8,DATE
21,.,DATE
21,2020,DATE
21,to,O
21,April,DATE
21,28,DATE
21,.,DATE
21,2020,DATE
21,and,O
21,the,O
21,mathematical,O
21,model,TITLE
21,incorporating,O
21,these,O
21,da,O
21,‐,O
21,ta,O
21,.,O
21,we,O
21,provided,O
21,an,O
21,estimation,O
21,of,O
21,the,O
21,rate,O
21,of,O
21,cumulative,O
21,cases,O
21,of,O
21,COVID,O
21,‐,O
21,19,NUMBER
21,infection,CAUSE_OF_DEATH
21,per,O
21,100.000,NUMBER
21,inhabitants,O
21,in,O
21,Northeast,LOCATION
21,Brazil,COUNTRY
21,for,O
21,the,DURATION
21,next,DURATION
21,three,DURATION
21,months,DURATION
21,.,O
21,specifically,O
21,for,O
21,May,DATE
21,27,DATE
21,and,O
21,July,DATE
21,30,DATE
21,.,O
21,2020,DATE
21,.,O
21,We,O
21,estimated,O
21,that,O
21,the,COUNTRY
21,states,COUNTRY
21,of,O
21,Cear,MISC
21,.,O
21,Sergipe,LOCATION
21,and,O
21,Paraba,LOCATION
21,will,O
21,see,O
21,a,O
21,dramatic,O
21,increase,O
21,in,O
21,the,O
21,rate,O
21,of,O
21,cumulative,O
21,cases,O
21,by,O
21,up,O
21,to,O
21,7.2,NUMBER
21,.,O
21,10.4,NUMBER
21,and,O
21,10.8,NUMBER
21,times,O
21,in,O
21,a,DURATION
21,month,DURATION
21,and,O
21,14.5,NUMBER
21,.,O
21,12.6,NUMBER
21,and,O
21,17.2,NUMBER
21,‐,O
21,fold,O
21,increases,O
21,until,O
21,July,DATE
21,31,DATE
21,.,O
21,respectively,O
21,.,O
21,Maranho,PERSON
21,.,O
21,Pernam,O
21,‐,O
21,buco,O
21,.,O
21,Rio,CITY
21,Grande,CITY
21,do,O
21,Norte,O
21,and,O
21,Piau,PERSON
21,were,O
21,the,COUNTRY
21,states,COUNTRY
21,that,O
21,showed,O
21,a,O
21,more,O
21,discreet,O
21,increase,O
21,in,O
21,the,O
21,model,TITLE
21,.,O
21,with,O
21,the,O
21,lowest,O
21,potential,O
21,of,O
21,cumulative,O
21,case,O
21,rates,O
21,until,O
21,the,O
21,end,O
21,of,O
21,the,O
21,estimated,O
21,period,O
21,(,O
21,1.4,NUMBER
21,.,O
21,1.8,NUMBER
21,.,O
21,1.9,NUMBER
21,and,O
21,2.6,NUMBER
21,.,O
21,respectively,O
21,),O
21,.,O
21,For,O
21,the,COUNTRY
21,states,COUNTRY
21,of,O
21,Bahia,LOCATION
21,and,O
21,Alagoas,LOCATION
21,.,O
21,4.7,NUMBER
21,and,O
21,6.6,NUMBER
21,‐,O
21,fold,O
21,increases,O
21,.,O
21,respectively,O
21,.,O
21,in,O
21,the,O
21,cumula,O
21,‐,O
21,tive,O
21,number,O
21,of,O
21,cases,O
21,per,O
21,100.000,NUMBER
21,inhabitants,O
21,were,O
21,estimated,O
21,for,O
21,the,O
21,period,O
21,.,O
21,Knowing,O
21,the,O
21,number,O
21,of,O
21,infected,O
21,by,O
21,COVID,O
21,‐,O
21,19,NUMBER
21,is,O
21,essen,O
21,‐,O
21,tial,O
21,to,O
21,combat,O
21,the,O
21,spread,O
21,of,O
21,its,O
21,etiological,O
21,agent,O
21,.,O
21,However,O
21,.,O
21,we,O
21,must,O
21,note,O
21,that,O
21,our,O
21,modeling,O
21,approach,O
21,did,O
21,not,O
21,consider,O
21,many,O
21,fac,O
21,‐,O
21,tors,O
21,that,O
21,may,O
21,influence,O
21,the,O
21,number,O
21,of,O
21,cases,O
21,recorded,O
21,.,O
21,along,O
21,with,O
21,the,O
21,current,DATE
21,situation,O
21,of,O
21,the,O
21,pandemic,O
21,.,O
21,These,O
21,factors,O
21,refer,O
21,to,O
21,the,O
21,number,O
21,of,O
21,tests,O
21,made,O
21,available,O
21,by,O
21,health,O
21,services,O
21,.,O
21,the,O
21,criteria,O
21,for,O
21,requesting,O
21,tests,O
21,.,O
21,which,O
21,are,O
21,still,O
21,restricted,O
21,to,O
21,certain,O
21,cas,O
21,‐,O
21,es,O
21,.,O
21,and,O
21,the,O
21,time,O
21,spent,O
21,on,O
21,acquiring,O
21,results,O
21,.,O
21,diagnoses,O
21,and,O
21,noti,O
21,‐,O
21,fication,O
21,in,O
21,the,O
21,system,O
21,.,O
21,Thus,O
21,.,O
21,the,O
21,actual,O
21,number,O
21,of,O
21,cases,O
21,in,O
21,the,O
21,period,O
21,used,O
21,for,O
21,the,O
21,model,TITLE
21,in,O
21,our,O
21,study,O
21,may,O
21,be,O
21,even,O
21,higher,O
21,.,O
21,In,O
21,this,O
21,context,O
21,.,O
21,one,NUMBER
21,study,O
21,estimated,O
21,that,O
21,Brazil,COUNTRY
21,could,O
21,have,O
21,eleven,NUMBER
21,times,O
21,more,O
21,cases,O
21,of,O
21,COVID,O
21,‐,O
21,19,NUMBER
21,than,O
21,those,O
21,officially,O
21,registered,O
21,19,NUMBER
21,.,O
21,Cad,O
21,.,O
21,Sade,O
21,Pblica,O
21,2020,DATE
21,;,O
21,36,NUMBER
21,(,O
21,6,NUMBER
21,),O
21,:,O
21,e00105720,O
21,FORECASTING,O
21,THE,O
21,RATE,O
21,OF,O
21,CUMULATIVE,O
21,CASES,O
21,OF,O
21,COVID,O
21,‐,O
21,19,NUMBER
21,Mapping,O
21,of,O
21,cumulative,O
21,COVID,O
21,‐,O
21,19,NUMBER
21,cases,O
21,in,O
21,Northeast,O
21,Region,O
21,of,O
21,Brazil,COUNTRY
21,according,O
21,to,O
21,Boltzmanns,MISC
21,function,O
21,forecast,O
21,.,O
21,Cad,O
21,.,O
21,Sade,O
21,Pblica,O
21,2020,DATE
21,;,O
21,36,NUMBER
21,(,O
21,6,NUMBER
21,),O
21,:,O
21,e00105720,O
21,Melo,O
21,GC,O
21,et,O
21,al,O
21,.,O
21,Cad,O
21,.,O
21,Sade,O
21,Pblica,O
21,2020,DATE
21,;,O
21,36,NUMBER
21,(,O
21,6,NUMBER
21,),O
21,:,O
21,e00105720,O
21,FORECASTING,O
21,THE,O
21,RATE,O
21,OF,O
21,CUMULATIVE,O
21,CASES,O
21,OF,O
21,COVID,O
21,‐,O
21,19,NUMBER
21,Cad,O
21,.,O
21,Sade,O
21,Pblica,O
21,2020,DATE
21,;,O
21,36,NUMBER
21,(,O
21,6,NUMBER
21,),O
21,:,O
21,e00105720,O
21,Melo,O
21,GC,O
21,et,O
21,al,O
21,.,O
21,In,O
21,the,O
21,Northeast,O
21,Region,O
21,of,O
21,Brazil,COUNTRY
21,.,O
21,rapid,O
21,tests,O
21,for,O
21,the,O
21,serological,O
21,diagnosis,O
21,of,O
21,COVID,O
21,‐,O
21,19,NUMBER
21,in,O
21,‐,O
21,fection,O
21,only,O
21,started,O
21,after,O
21,the,DATE
21,second,DATE
21,half,DATE
21,of,DATE
21,April,DATE
21,2020,DATE
21,.,O
21,being,O
21,offered,O
21,to,O
21,a,O
21,small,O
21,percentage,O
21,of,O
21,the,O
21,population,O
21,with,O
21,respiratory,O
21,and,O
21,flu,CAUSE_OF_DEATH
21,symptoms,O
21,.,O
21,different,O
21,from,O
21,what,O
21,is,O
21,observed,O
21,in,O
21,other,O
21,coun,O
21,‐,O
21,tries,O
21,with,O
21,a,O
21,mass,O
21,testing,O
21,strategy,O
21,20.21.22,NUMBER
21,.,O
21,Furthermore,O
21,.,O
21,the,O
21,re,O
21,‐,O
21,sults,O
21,of,O
21,exams,O
21,made,O
21,with,O
21,real,O
21,‐,O
21,time,O
21,reverse,O
21,transcriptasepoly,O
21,‐,O
21,merase,O
21,chain,O
21,reaction,O
21,(,O
21,RT,O
21,‐,O
21,PCR,O
21,),O
21,molecular,O
21,testing,O
21,still,O
21,take,O
21,many,O
21,days,DURATION
21,to,O
21,be,O
21,released,O
21,.,O
21,These,O
21,factors,O
21,delay,O
21,the,O
21,registration,O
21,of,O
21,the,O
21,actual,O
21,number,O
21,of,O
21,confirmed,O
21,cases,O
21,and,O
21,point,O
21,to,O
21,a,O
21,possible,O
21,reality,O
21,of,O
21,underreporting,O
21,.,O
21,since,O
21,they,O
21,omit,O
21,patients,O
21,with,O
21,mild,O
21,symptoms,O
21,that,O
21,do,O
21,not,O
21,seek,O
21,health,O
21,care,O
21,.,O
21,asymptomatic,O
21,individuals,O
21,or,O
21,those,O
21,in,O
21,the,O
21,incubation,O
21,period,O
21,of,O
21,infection,CAUSE_OF_DEATH
21,.,O
21,who,O
21,may,O
21,be,O
21,potential,O
21,transmitters,O
21,of,O
21,the,O
21,virus,O
21,in,O
21,the,O
21,community,O
21,23,NUMBER
21,.,O
21,Despite,O
21,the,O
21,trop,O
21,‐,O
21,ical,O
21,climate,O
21,predominant,O
21,in,O
21,the,O
21,region,O
21,.,O
21,a,O
21,lower,O
21,temperature,O
21,is,O
21,expected,O
21,for,O
21,the,DURATION
21,months,DURATION
21,considered,O
21,in,O
21,our,O
21,study,O
21,.,O
21,which,O
21,may,O
21,be,O
21,fa,O
21,‐,O
21,vorable,O
21,to,O
21,the,O
21,spread,O
21,of,O
21,the,O
21,severe,O
21,acute,O
21,respiratory,O
21,syndrome,O
21,coronavirus,O
21,(,O
21,SARS,O
21,‐,O
21,CoV,O
21,‐,O
21,2,NUMBER
21,),O
21,24.25.26,NUMBER
21,.,O
21,This,O
21,period,O
21,is,O
21,also,O
21,favorable,O
21,to,O
21,the,O
21,emergence,O
21,of,O
21,other,O
21,common,O
21,infections,CAUSE_OF_DEATH
21,in,O
21,Brazil,COUNTRY
21,.,O
21,such,O
21,as,O
21,the,O
21,common,CAUSE_OF_DEATH
21,cold,CAUSE_OF_DEATH
21,.,O
21,influenza,CAUSE_OF_DEATH
21,.,O
21,dengue,O
21,.,O
21,Zika,PERSON
21,and,O
21,chikungunya,O
21,.,O
21,which,O
21,can,O
21,lead,O
21,to,O
21,an,O
21,even,O
21,greater,O
21,increase,O
21,in,O
21,demand,O
21,for,O
21,care,O
21,and,O
21,over,O
21,‐,O
21,burden,O
21,health,O
21,services,O
21,.,O
21,Another,O
21,challenge,O
21,identified,O
21,for,O
21,the,O
21,control,O
21,of,O
21,COVID,O
21,‐,O
21,19,NUMBER
21,infection,CAUSE_OF_DEATH
21,in,O
21,these,O
21,states,O
21,are,O
21,the,O
21,urban,O
21,structure,O
21,of,O
21,agglomeration,O
21,of,O
21,common,O
21,communities,O
21,in,O
21,the,O
21,periph,O
21,‐,O
21,eries,O
21,and,O
21,the,O
21,threat,O
21,of,O
21,reduction,O
21,of,O
21,social,O
21,isolation,O
21,by,O
21,the,O
21,pop,O
21,‐,O
21,ulation,O
21,.,O
21,which,O
21,has,O
21,been,O
21,showing,O
21,signs,O
21,of,O
21,loosening,O
21,.,O
21,In,O
21,the,O
21,ab,O
21,‐,O
21,sence,O
21,of,O
21,a,O
21,vaccine,O
21,and,O
21,specific,O
21,treatment,O
21,for,O
21,cases,O
21,of,O
21,COVID,O
21,‐,O
21,19,NUMBER
21,infection,CAUSE_OF_DEATH
21,.,O
21,it,O
21,is,O
21,strongly,O
21,recommended,O
21,and,O
21,urgent,O
21,that,O
21,individuals,O
21,of,O
21,all,O
21,ages,O
21,collaborate,O
21,to,O
21,slow,O
21,the,O
21,estimated,O
21,progression,O
21,of,O
21,the,O
21,pandemic,O
21,27.28,NUMBER
21,by,O
21,avoiding,O
21,overcrowding,O
21,in,O
21,hospital,O
21,services,O
21,.,O
21,as,O
21,well,O
21,as,O
21,the,O
21,exposure,O
21,of,O
21,health,O
21,professionals,O
21,and,O
21,more,O
21,deaths,O
21,.,O
21,Up,O
21,to,O
21,April,DATE
21,30,DATE
21,.,DATE
21,2020,DATE
21,.,O
21,at,O
21,least,O
21,1.536,NUMBER
21,deaths,O
21,from,O
21,COVID,O
21,‐,O
21,19,NUMBER
21,infection,CAUSE_OF_DEATH
21,have,O
21,been,O
21,officially,O
21,registered,O
21,in,O
21,the,O
21,Northeast,O
21,Region,O
21,of,O
21,Brazil,COUNTRY
21,17,NUMBER
21,.,O
21,In,O
21,addition,O
21,to,O
21,the,O
21,epidemiological,O
21,health,O
21,numbers,O
21,.,O
21,the,O
21,adop,O
21,‐,O
21,tion,O
21,of,O
21,social,O
21,isolation,O
21,.,O
21,the,O
21,use,O
21,of,O
21,masks,O
21,and,O
21,the,O
21,constant,O
21,wash,O
21,‐,O
21,ing,O
21,of,O
21,hands,O
21,by,O
21,the,O
21,population,O
21,may,O
21,also,O
21,contribute,O
21,to,O
21,low,O
21,more,O
21,quickly,O
21,the,O
21,economic,O
21,and,O
21,emotional,O
21,impacts,O
21,caused,O
21,by,O
21,this,O
21,pandem,O
21,‐,O
21,ic,O
21,.,O
21,Finally,O
21,.,O
21,our,O
21,study,O
21,showed,O
21,that,O
21,all,O
21,data,O
21,sets,O
21,were,O
21,well,O
21,fit,O
21,‐,O
21,ted,O
21,to,O
21,the,O
21,Boltzmann,MISC
21,function,O
21,.,O
21,which,O
21,results,O
21,are,O
21,based,O
21,on,O
21,model,TITLE
21,assumptions,O
21,that,O
21,states,O
21,that,O
21,the,O
21,mechanisms,O
21,and,O
21,physical,O
21,princi,O
21,‐,O
21,ples,O
21,that,O
21,govern,O
21,the,O
21,transmission,O
21,of,O
21,infectious,O
21,diseases,CAUSE_OF_DEATH
21,and,O
21,hu,O
21,‐,O
21,man,O
21,collective,O
21,motion,O
21,must,O
21,be,O
21,similar,O
21,to,O
21,those,O
21,observed,O
21,in,O
21,the,O
21,Boltzmann,MISC
21,distribution,O
21,probability,O
21,18,NUMBER
21,.,O
21,However,O
21,.,O
21,successful,O
21,pre,O
21,‐,O
21,dictions,O
21,depend,O
21,on,O
21,the,O
21,accuracy,O
21,of,O
21,the,O
21,data,O
21,18,NUMBER
21,and,O
21,it,O
21,is,O
21,under,O
21,‐,O
21,standable,O
21,that,O
21,the,O
21,initial,O
21,data,O
21,do,O
21,not,O
21,reflect,O
21,the,O
21,true,O
21,epidemic,O
21,.,O
21,since,O
21,testing,O
21,.,O
21,identification,O
21,.,O
21,diagnostic,O
21,and,O
21,counting,O
21,methods,O
21,need,O
21,time,O
21,and,O
21,effort,O
21,to,O
21,be,O
21,properly,O
21,Another,O
21,limitation,O
21,of,O
21,the,O
21,methodology,O
21,used,O
21,corresponds,O
21,to,O
21,the,O
21,non,O
21,‐,O
21,linearity,O
21,or,O
21,sensitivity,O
21,18,NUMBER
21,to,O
21,conditions,O
21,that,O
21,may,O
21,interfere,O
21,with,O
21,the,DATE
21,future,DATE
21,occurrence,O
21,of,O
21,COVID,O
21,‐,O
21,19,NUMBER
21,.,O
21,since,O
21,this,O
21,estimate,O
21,assumes,O
21,that,O
21,the,O
21,overall,O
21,conditions,O
21,are,O
21,not,O
21,changing,O
21,.,O
21,Factors,O
21,related,O
21,to,O
21,the,O
21,host,TITLE
21,and,O
21,its,O
21,behavior,O
21,.,O
21,the,O
21,pathogens,O
21,ability,O
21,to,O
21,survive,O
21,and,O
21,the,O
21,environmental,O
21,influences,O
21,can,O
21,alter,O
21,the,O
21,estimate,O
21,.,O
21,Besides,O
21,.,O
21,the,O
21,main,O
21,advantage,O
21,of,O
21,the,O
21,model,TITLE
21,used,O
21,is,O
21,that,O
21,it,O
21,only,O
21,needs,O
21,the,O
21,cumulative,O
21,number,O
21,of,O
21,confirmed,O
21,cases,O
21,;,O
21,this,O
21,represents,O
21,a,O
21,quick,O
21,method,O
21,for,O
21,assisting,O
21,central,O
21,and,O
21,local,O
21,governments,O
21,to,O
21,deal,O
21,with,O
21,this,O
21,emerging,O
21,threat,O
21,at,O
21,the,O
21,cur,O
21,‐,O
21,rent,O
21,critical,O
21,stage,O
21,.,O
21,Our,O
21,results,O
21,estimate,O
21,a,O
21,substantial,O
21,increase,O
21,in,O
21,the,O
21,rate,O
21,of,O
21,cumulative,O
21,cases,O
21,of,O
21,COVID,O
21,‐,O
21,19,NUMBER
21,infection,CAUSE_OF_DEATH
21,per,O
21,100.000,NUMBER
21,inhabitants,O
21,in,O
21,Northeast,LOCATION
21,Brazil,COUNTRY
21,over,O
21,the,DURATION
21,next,DURATION
21,three,DURATION
21,months,DURATION
21,.,O
21,with,O
21,an,O
21,emphasis,O
21,on,O
21,the,COUNTRY
21,states,COUNTRY
21,of,O
21,Cear,O
21,.,O
21,Sergipe,LOCATION
21,and,O
21,Paraba,LOCATION
21,.,O
21,Maranho,PERSON
21,.,O
21,Pernambuco,LOCATION
21,.,O
21,Rio,CITY
21,Grande,CITY
21,do,O
21,Norte,O
21,and,O
21,Piau,PERSON
21,showed,O
21,a,O
21,more,O
21,discreet,O
21,increase,O
21,in,O
21,the,O
21,modeling,O
21,.,O
21,For,O
21,Bahia,LOCATION
21,and,O
21,Alagoas,LOCATION
21,.,O
21,4.7,NUMBER
21,and,O
21,6.6,NUMBER
21,‐,O
21,fold,O
21,increases,O
21,in,O
21,the,O
21,rate,O
21,were,O
21,estimated,O
21,.,O
21,All,O
21,data,O
21,sets,O
21,were,O
21,well,O
21,fitted,O
21,to,O
21,the,O
21,Boltzmann,MISC
21,function,O
21,.,O
21,which,O
21,was,O
21,found,O
21,to,O
21,be,O
21,a,O
21,simple,O
21,tool,O
21,for,O
21,epidemiological,O
21,forecasting,O
21,that,O
21,could,O
21,help,O
21,planning,O
21,measures,O
21,to,O
21,contain,O
21,the,O
21,COVID,O
21,‐,O
21,19,NUMBER
21,pandemic,O
21,.,O
21,Social,O
21,isolation,O
21,mea,O
21,‐,O
21,sures,O
21,may,O
21,be,O
21,the,O
21,best,O
21,strategy,O
21,to,O
21,slow,O
21,the,O
21,estimated,O
21,progression,O
21,of,O
21,the,O
21,infection,CAUSE_OF_DEATH
21,in,O
21,the,O
21,studied,O
21,period,O
21,.,O
21,Cad,O
21,.,O
21,Sade,O
21,Pblica,O
21,2020,DATE
21,;,O
21,36,NUMBER
21,(,O
21,6,NUMBER
21,),O
21,:,O
21,e00105720,O
21,FORECASTING,O
21,THE,O
21,RATE,O
21,OF,O
21,CUMULATIVE,O
21,CASES,O
21,OF,O
21,COVID,O
21,‐,O
21,19,NUMBER
21,All,O
21,the,O
21,outhors,O
21,contributed,O
21,in,O
21,the,O
21,conception,O
21,and,O
21,criti,O
21,‐,O
21,cally,O
21,for,O
21,important,O
21,intellectual,O
21,content,O
21,;,O
21,final,O
21,accuracy,O
21,and,O
21,in,O
21,‐,O
21,tegrity,O
21,of,O
21,any,O
21,part,O
21,of,O
21,the,O
21,work,O
21,.,O
21,Additional,O
21,informations,O
21,(,O
21,0000,DATE
21,‐,O
21,0003,DATE
21,‐,O
21,1337,DATE
21,‐,O
21,7969,NUMBER
21,),O
21,;,O
21,Karina,PERSON
21,Conceio,PERSON
21,Gomes,PERSON
21,Machado,PERSON
21,de,PERSON
21,Arajo,PERSON
21,(,O
21,0000,DATE
21,‐,O
21,0003,DATE
21,‐,O
21,4433,NUMBER
21,‐,O
21,5227,NUMBER
21,),O
21,.,O
21,Perlman,PERSON
21,S.,PERSON
21,Another,PERSON
21,decade,DURATION
21,.,O
21,another,O
21,coron,O
21,‐,O
21,avirus,O
21,.,O
21,N,O
21,Engl,O
21,J,O
21,Med,O
21,2020,DATE
21,;,O
21,382:760,NUMBER
21,‐,O
21,2,NUMBER
21,.,O
21,virus,O
21,‐,O
21,2019,DATE
21,(,O
21,accessed,O
21,on,O
21,09,NUMBER
21,/,O
21,Apr,DATE
21,/,O
21,2020,DATE
21,),O
21,.,O
21,Oliveira,PERSON
21,TC,O
21,.,O
21,Abranches,O
21,MV,O
21,.,O
21,Lana,PERSON
21,RM,PERSON
21,.,O
21,Food,O
21,(,O
21,in,O
21,),O
21,secu,O
21,‐,O
21,rity,O
21,in,O
21,Brazil,COUNTRY
21,in,O
21,the,O
21,context,O
21,of,O
21,the,O
21,SARS,O
21,‐,O
21,CoV,O
21,‐,O
21,2,NUMBER
21,pandemic,O
21,.,O
21,Cad,O
21,Sade,PERSON
21,Pblica,PERSON
21,Wilder,PERSON
21,‐,PERSON
21,Smith,PERSON
21,A,O
21,.,O
21,Freedman,ORGANIZATION
21,DO,ORGANIZATION
21,.,O
21,Isolation,O
21,.,O
21,quarantine,O
21,.,O
21,social,O
21,distancing,O
21,and,O
21,community,O
21,containment,O
21,:,O
21,pivotal,O
21,role,O
21,for,O
21,old,O
21,‐,O
21,style,O
21,public,O
21,health,O
21,measures,O
21,in,O
21,the,O
21,novel,O
21,coronavirus,O
21,(,O
21,2019,DATE
21,‐,O
21,nCoV,O
21,),O
21,outbreak,O
21,.,O
21,J,O
21,Travel,O
21,Med,O
21,2020,DATE
21,;,O
21,Johns,PERSON
21,Hopkins,PERSON
21,Coron,PERSON
21,‐,O
21,avirus,O
21,Resource,O
21,Center,O
21,.,O
21,jhu.edu,URL
21,/,O
21,(,O
21,accessed,O
21,on,O
21,24,NUMBER
21,/,O
21,Apr,DATE
21,/,O
21,2020,DATE
21,),O
21,.,O
21,Hu,O
21,Z,O
21,.,O
21,Cui,PERSON
21,Q,O
21,.,O
21,Han,PERSON
21,J,PERSON
21,.,O
21,Wang,PERSON
21,X,PERSON
21,.,O
21,Sha,O
21,WE,O
21,.,O
21,Teng,PERSON
21,Z.,PERSON
21,Evaluation,PERSON
21,and,O
21,predic,O
21,‐,O
21,tion,O
21,of,O
21,the,O
21,COVID,O
21,‐,O
21,19,NUMBER
21,variations,O
21,at,O
21,different,O
21,input,O
21,population,O
21,and,O
21,quarantine,O
21,strategies,O
21,.,O
21,a,O
21,case,O
21,study,O
21,in,O
21,Guangdong,STATE_OR_PROVINCE
21,province,O
21,.,O
21,China,COUNTRY
21,.,O
21,Int,O
21,J,O
21,Infect,O
21,Dis,O
21,2020,DATE
21,;,O
21,Sjdin,PERSON
21,H,PERSON
21,.,O
21,Wilder,PERSON
21,‐,PERSON
21,Smith,PERSON
21,A,O
21,.,O
21,Osman,PERSON
21,S,O
21,.,O
21,Farooq,PERSON
21,Z,O
21,.,O
21,Rocklv,O
21,J.,O
21,Only,O
21,strict,O
21,quarantine,O
21,measures,O
21,can,O
21,curb,O
21,the,O
21,coron,O
21,‐,O
21,avirus,O
21,disease,CAUSE_OF_DEATH
21,(,O
21,COVID,O
21,‐,O
21,19,NUMBER
21,),O
21,outbreak,O
21,in,O
21,Italy,COUNTRY
21,.,O
21,2020,DATE
21,.,O
21,Euro,O
21,Surveill,O
21,2020,DATE
21,;,O
21,Kraemer,PERSON
21,MUG,O
21,.,O
21,Yang,PERSON
21,CH,PERSON
21,.,O
21,Gutierrez,PERSON
21,B,O
21,.,O
21,Wu,PERSON
21,CH,PERSON
21,.,O
21,Klein,PERSON
21,B,O
21,.,O
21,Pigott,PERSON
21,DM,O
21,.,O
21,et,O
21,al,O
21,.,O
21,The,O
21,effect,O
21,of,O
21,human,O
21,mobility,O
21,and,O
21,control,O
21,measures,O
21,on,O
21,the,O
21,COVID,O
21,‐,O
21,19,NUMBER
21,epidemic,O
21,in,O
21,China,COUNTRY
21,.,O
21,Science,O
21,2020,DATE
21,;,O
21,Burki,PERSON
21,T.,O
21,COVID,O
21,‐,O
21,19,NUMBER
21,in,O
21,Latin,LOCATION
21,America,COUNTRY
21,.,O
21,Lancet,O
21,Infect,O
21,Dis,O
21,2020,DATE
21,;,O
21,20,NUMBER
21,:,O
21,P547,O
21,‐,O
21,8,NUMBER
21,.,O
21,c0,O
21,‐,O
21,af7c3ce710a2,PERCENT
21,%,PERCENT
21,7C45448575,O
21,‐,O
21,c1a6,O
21,‐,O
21,42c886d9,NUMBER
21,‐,O
21,c68a42fa3fcc,NUMBER
21,(,O
21,accessed,O
21,on,O
21,28,NUMBER
21,/,O
21,Apr,DATE
21,/,O
21,2020,DATE
21,),O
21,.,O
21,Martins,PERSON
21,‐,O
21,Filho,O
21,PR,STATE_OR_PROVINCE
21,.,O
21,Facing,O
21,the,O
21,COVID,O
21,‐,O
21,19,NUMBER
21,epidemic,O
21,in,O
21,Brazil,COUNTRY
21,:,O
21,ignorance,O
21,can,O
21,not,O
21,be,O
21,our,O
21,new,O
21,ence.abb4218,O
21,/,O
21,tab,O
21,‐,O
21,e,O
21,‐,O
21,letters,O
21,(,O
21,accessed,O
21,on,O
21,28,NUMBER
21,/,O
21,Rodriguez,PERSON
21,‐,O
21,Morales,O
21,AJ,O
21,.,O
21,Gallego,PERSON
21,V,O
21,.,O
21,EscaleraAn,O
21,‐,O
21,tezana,O
21,JP,O
21,.,O
21,Mndez,PERSON
21,CA,STATE_OR_PROVINCE
21,.,O
21,Zambrano,PERSON
21,LI,PERSON
21,.,O
21,Franco,O
21,‐,O
21,Paredes,O
21,C,O
21,.,O
21,et,O
21,al,O
21,.,O
21,COVID,O
21,‐,O
21,19,NUMBER
21,in,O
21,Latin,LOCATION
21,America,COUNTRY
21,:,O
21,the,O
21,implications,O
21,of,O
21,the,O
21,first,ORDINAL
21,con,O
21,‐,O
21,firmed,O
21,case,O
21,ahead,O
21,of,O
21,print,O
21,],O
21,.,O
21,Ministrio,PERSON
21,da,PERSON
21,Sade,PERSON
21,.,O
21,Painel,O
21,de,O
21,casos,O
21,de,O
21,doena,O
21,pelo,O
21,coronavrus,O
21,2019,DATE
21,(,O
21,COVID,O
21,‐,O
21,19,NUMBER
21,),O
21,no,O
21,Brasil,O
21,.,O
21,Chanpra,O
21,‐,O
21,sopchai,O
21,P,O
21,.,O
21,Tang,O
21,IM,O
21,.,O
21,Pongsumpun,O
21,P.,O
21,SIR,O
21,Model,TITLE
21,for,O
21,dengue,O
21,disease,CAUSE_OF_DEATH
21,with,O
21,effect,O
21,of,O
21,dengue,O
21,vaccination,O
21,.,O
21,Comput,O
21,Math,O
21,Methods,O
21,Cad,O
21,.,O
21,Sade,PERSON
21,Pblica,O
21,2020,DATE
21,;,O
21,36,NUMBER
21,(,O
21,6,NUMBER
21,),O
21,:,O
21,e00105720,O
21,Melo,O
21,GC,O
21,et,O
21,al,O
21,.,O
21,15,NUMBER
21,.,O
21,Gao,PERSON
21,Y,PERSON
21,.,O
21,Zhang,PERSON
21,Z,PERSON
21,.,O
21,Yao,PERSON
21,W,PERSON
21,.,O
21,Ying,O
21,Q,O
21,.,O
21,Long,O
21,C,O
21,.,O
21,Fu,O
21,X.,O
21,Forecasting,O
21,the,O
21,cumulative,O
21,number,O
21,of,O
21,COVID,O
21,‐,O
21,19,NUMBER
21,deaths,O
21,in,O
21,China,COUNTRY
21,:,O
21,a,O
21,Boltzmann,MISC
21,16,NUMBER
21,.,O
21,Fu,O
21,X,O
21,.,O
21,Ying,O
21,Q,O
21,.,O
21,Zeng,PERSON
21,T,PERSON
21,.,O
21,Long,O
21,T,O
21,.,O
21,Wang,PERSON
21,Y.,PERSON
21,Simulating,PERSON
21,and,O
21,forecasting,O
21,the,O
21,cumulative,O
21,con,O
21,‐,O
21,firmed,O
21,cases,O
21,of,O
21,SARS,O
21,‐,O
21,CoV,O
21,‐,O
21,2,NUMBER
21,in,O
21,China,COUNTRY
21,by,O
21,Boltzmann,MISC
21,function,O
21,‐,O
21,based,O
21,regression,O
21,analyses,O
21,.,O
21,J,O
21,Infect,O
21,2020,DATE
21,;,O
21,80:578,NUMBER
21,‐,O
21,606,NUMBER
21,.,O
21,17,NUMBER
21,.,O
21,Instituto,PERSON
21,Brasileiro,PERSON
21,de,PERSON
21,Geografia,PERSON
21,e,O
21,Estatstica,PERSON
21,.,O
21,18,NUMBER
21,.,O
21,Sevcik,PERSON
21,C.,PERSON
21,Caveat,PERSON
21,on,O
21,the,O
21,Boltzmann,MISC
21,distribution,O
21,function,O
21,use,O
21,in,O
21,biology,O
21,.,O
21,Prog,PERSON
21,Biophys,PERSON
21,Mol,O
21,19,NUMBER
21,.,O
21,Russell,PERSON
21,TW,PERSON
21,.,O
21,Hellewell,PERSON
21,J,PERSON
21,.,O
21,Abbott,PERSON
21,S,O
21,.,O
21,Golding,PERSON
21,N,O
21,.,O
21,Gibbs,PERSON
21,H,O
21,.,O
21,Jarvis,PERSON
21,CI,PERSON
21,.,O
21,et,O
21,al,O
21,.,O
21,Using,O
21,a,O
21,delay,O
21,‐,O
21,adjusted,O
21,case,O
21,fatality,O
21,ratio,O
21,to,O
21,estimate,O
21,under,O
21,‐,O
21,reporting,O
21,.,O
21,20,NUMBER
21,.,O
21,Kwon,O
21,KT,O
21,.,O
21,Ko,PERSON
21,JH,PERSON
21,.,O
21,Shin,PERSON
21,H,PERSON
21,.,O
21,Sung,O
21,M,O
21,.,O
21,Kim,PERSON
21,JY,PERSON
21,.,O
21,Drive,O
21,‐,O
21,Through,O
21,Screening,O
21,Center,O
21,for,O
21,COVID,O
21,‐,O
21,19,NUMBER
21,:,O
21,a,O
21,safe,O
21,and,O
21,efficient,O
21,screening,O
21,system,O
21,against,O
21,massive,O
21,community,O
21,outbreak,O
21,.,O
21,J,O
21,Korean,NATIONALITY
21,Med,MISC
21,Sci,MISC
21,2020,DATE
21,;,O
21,35,NUMBER
21,:,O
21,e123,O
21,.,O
21,21,NUMBER
21,.,O
21,Salath,O
21,M,O
21,.,O
21,Althaus,ORGANIZATION
21,CL,ORGANIZATION
21,.,O
21,Neher,PERSON
21,R,O
21,.,O
21,Stringhini,O
21,S,O
21,.,O
21,Hodcroft,PERSON
21,E,PERSON
21,.,O
21,Fellay,PERSON
21,J,PERSON
21,.,O
21,et,O
21,al,O
21,.,O
21,COVID,O
21,‐,O
21,19,NUMBER
21,epidemic,O
21,in,O
21,Switzerland,COUNTRY
21,:,O
21,on,O
21,the,O
21,importance,O
21,of,O
21,testing,O
21,.,O
21,contact,O
21,tracing,O
21,and,O
21,isolation,O
21,.,O
21,Swiss,NATIONALITY
21,Med,O
21,Wkly,O
21,Cad,O
21,.,O
21,Sade,O
21,Pblica,O
21,2020,DATE
21,;,O
21,36,NUMBER
21,(,O
21,6,NUMBER
21,),O
21,:,O
21,e00105720,O
21,22,NUMBER
21,.,O
21,Peto,PERSON
21,J.,PERSON
21,Covid,PERSON
21,‐,O
21,19,NUMBER
21,mass,O
21,testing,O
21,facilities,O
21,could,O
21,end,O
21,the,O
21,epi,O
21,‐,O
21,demic,O
21,rapidly,O
21,.,O
21,BMJ,O
21,2020,DATE
21,;,O
21,23,NUMBER
21,.,O
21,Gandhi,PERSON
21,M,O
21,.,O
21,Yokoe,PERSON
21,DS,PERSON
21,.,O
21,Havlir,PERSON
21,DV,O
21,.,O
21,Asymptomatic,O
21,transmission,O
21,.,O
21,the,O
21,Achilles,O
21,heel,O
21,of,O
21,current,DATE
21,strate,O
21,‐,O
21,gies,O
21,to,O
21,control,O
21,COVID,O
21,‐,O
21,19,NUMBER
21,.,O
21,N,O
21,Engl,PERSON
21,J,PERSON
21,Med,PERSON
21,24,NUMBER
21,.,O
21,Liu,PERSON
21,J,PERSON
21,.,O
21,Zhou,PERSON
21,J,PERSON
21,.,O
21,Yao,PERSON
21,J,PERSON
21,.,O
21,Zhang,PERSON
21,X,PERSON
21,.,O
21,Li,PERSON
21,L,PERSON
21,.,O
21,Xu,PERSON
21,X,PERSON
21,.,O
21,et,O
21,al,O
21,.,O
21,Impact,O
21,of,O
21,meteorological,O
21,factors,O
21,on,O
21,the,O
21,COVID,O
21,‐,O
21,19,NUMBER
21,transmission,O
21,:,O
21,a,O
21,multi,O
21,‐,O
21,city,O
21,study,O
21,in,O
21,China,COUNTRY
21,.,O
21,Sci,PERSON
21,Total,PERSON
21,Environ,O
21,2020,DATE
21,;,O
21,726:138513,NUMBER
21,.,O
21,25,NUMBER
21,.,O
21,Tosepu,PERSON
21,R,PERSON
21,.,O
21,Gunawan,PERSON
21,J,PERSON
21,.,O
21,Effendy,O
21,DS,O
21,.,O
21,Ahmad,PERSON
21,OAI,PERSON
21,.,O
21,Lestari,PERSON
21,H,PERSON
21,.,O
21,Bahar,PERSON
21,H,O
21,.,O
21,et,O
21,al,O
21,.,O
21,Correlation,O
21,between,O
21,weather,O
21,and,O
21,Covid,O
21,‐,O
21,19,NUMBER
21,pandemic,O
21,in,O
21,Jakarta,CITY
21,.,O
21,Indonesia,COUNTRY
21,.,O
21,Sci,PERSON
21,Total,PERSON
21,Environ,PERSON
21,2020,DATE
21,;,O
21,26,NUMBER
21,.,O
21,Gunthe,O
21,SS,O
21,.,O
21,Swain,PERSON
21,B,O
21,.,O
21,Patra,PERSON
21,SS,PERSON
21,.,O
21,Amte,PERSON
21,A.,O
21,On,O
21,the,O
21,global,O
21,trends,O
21,and,O
21,spread,O
21,of,O
21,the,O
21,COVID,O
21,‐,O
21,19,NUMBER
21,outbreak,O
21,:,O
21,preliminary,O
21,assess,O
21,‐,O
21,ment,O
21,of,O
21,the,O
21,potential,O
21,relation,O
21,between,O
21,location,O
21,‐,O
21,specific,O
21,tempera,O
21,‐,O
21,ture,O
21,and,O
21,UV,O
21,index,O
21,.,O
21,Z,O
21,Gesundh,O
21,Wiss,O
21,2020,DATE
21,;,O
21,27,NUMBER
21,.,O
21,Cimerman,PERSON
21,S,PERSON
21,.,O
21,Chebabo,PERSON
21,A,O
21,.,O
21,Cunha,ORGANIZATION
21,CAD,ORGANIZATION
21,.,O
21,Rodrguez,PERSON
21,‐,O
21,Morales,O
21,AJ,O
21,.,O
21,Deep,O
21,impact,O
21,of,O
21,COVID,O
21,‐,O
21,19,NUMBER
21,in,O
21,the,O
21,healthcare,O
21,of,O
21,Latin,LOCATION
21,America,COUNTRY
21,:,O
21,the,O
21,case,O
21,of,O
21,Brazil,COUNTRY
21,.,O
21,Braz,PERSON
21,J,PERSON
21,Infect,PERSON
21,Dis,O
21,2020,DATE
21,;,O
21,24:93,NUMBER
21,‐,O
21,5,NUMBER
21,.,O
21,28,NUMBER
21,.,O
21,Diaz,PERSON
21,‐,O
21,Quijano,ORGANIZATION
21,FA,ORGANIZATION
21,.,O
21,Rodriguez,PERSON
21,‐,O
21,Morales,PERSON
21,AJ,PERSON
21,.,O
21,Waldman,ORGANIZATION
21,EA,ORGANIZATION
21,.,O
21,Translating,O
21,transmissibility,O
21,FORECASTING,O
21,THE,O
21,RATE,O
21,OF,O
21,CUMULATIVE,O
21,CASES,O
21,OF,O
21,COVID,O
21,‐,O
21,19,NUMBER
21,A,O
21,Regio,O
21,Nordeste,O
21,do,O
21,Brasil,O
21,tem,O
21,uma,O
21,taxa,O
21,de,O
21,letalidade,O
21,muito,O
21,mais,O
21,elevada,O
21,por,O
21,COVID,O
21,‐,O
21,19,NUMBER
21,.,O
21,comparado,O
21,com,O
21,a,O
21,mdia,O
21,nacional,O
21,.,O
21,o,O
21,que,O
21,exige,O
21,uma,O
21,investigao,O
21,do,O
21,prognstico,O
21,da,O
21,re,O
21,‐,O
21,gio,O
21,para,O
21,o,O
21,planejamento,O
21,de,O
21,medidas,O
21,de,O
21,controle,O
21,e,O
21,para,O
21,prevenir,O
21,o,O
21,colapso,O
21,do,O
21,sistema,O
21,de,O
21,sade,O
21,.,O
21,Estimamos,O
21,o,O
21,total,O
21,potencial,O
21,de,O
21,casos,O
21,acumulados,O
21,de,O
21,COVID,O
21,‐,O
21,19,NUMBER
21,na,O
21,regio,O
21,nos,O
21,prximos,O
21,trs,O
21,meses,O
21,.,O
21,O,O
21,estudo,O
21,incluiu,O
21,todos,O
21,os,O
21,casos,O
21,confirmados,O
21,de,O
21,COVID,O
21,‐,O
21,19,NUMBER
21,.,O
21,desde,O
21,o,O
21,primeiro,O
21,caso,O
21,confirmado,O
21,.,O
21,em,O
21,8,NUMBER
21,de,O
21,maro,O
21,.,O
21,at,O
21,28,NUMBER
21,de,O
21,abril,O
21,de,O
21,2020,DATE
21,.,O
21,coletados,O
21,no,O
21,site,O
21,oficial,O
21,que,O
21,relata,O
21,a,O
21,situao,O
21,das,O
21,infeces,O
21,por,O
21,COVID,O
21,‐,O
21,19,NUMBER
21,no,O
21,Brasil,O
21,.,O
21,A,O
21,funo,O
21,de,O
21,Boltzmann,MISC
21,foi,O
21,aplicada,O
21,a,O
21,uma,O
21,simulao,O
21,de,O
21,dados,O
21,para,O
21,cada,O
21,conjunto,O
21,de,O
21,dados,O
21,dos,O
21,diversos,O
21,estados,O
21,do,O
21,Nordeste,O
21,.,O
21,Os,O
21,dados,O
21,do,O
21,modelo,O
21,mostraram,O
21,bom,O
21,ajuste,O
21,.,O
21,com,O
21,valores,O
21,de,O
21,R2,O
21,prximos,O
21,a,O
21,0.999,NUMBER
21,.,O
21,At,O
21,28,NUMBER
21,de,O
21,abril,O
21,.,O
21,haviam,O
21,sido,O
21,confirmados,O
21,20.665,NUMBER
21,casos,O
21,na,O
21,Regio,O
21,Nordeste,O
21,.,O
21,O,O
21,estado,O
21,do,O
21,Cear,O
21,apresenta,O
21,a,O
21,maior,O
21,taxa,O
21,de,O
21,casos,O
21,acumulados,O
21,por,O
21,100.000,NUMBER
21,habitantes,O
21,(,O
21,75.75,NUMBER
21,),O
21,.,O
21,seguido,O
21,pelo,O
21,estado,O
21,de,O
21,Pernambuco,LOCATION
21,.,O
21,Estimamos,O
21,que,O
21,Cear,O
21,.,O
21,Sergipe,LOCATION
21,e,O
21,Paraba,O
21,apresentaro,O
21,um,O
21,aumento,O
21,dramtico,O
21,na,O
21,taxa,O
21,de,O
21,casos,O
21,acumulados,O
21,at,O
21,31,NUMBER
21,de,O
21,julho,O
21,.,O
21,Maranho,PERSON
21,.,O
21,Pernambuco,LOCATION
21,.,O
21,Rio,CITY
21,Grande,CITY
21,do,O
21,Norte,O
21,e,O
21,Piau,O
21,mostraram,O
21,aumen,O
21,‐,O
21,tos,O
21,mais,O
21,discretos,O
21,de,O
21,acordo,O
21,com,O
21,o,O
21,modelo,O
21,.,O
21,Para,PERSON
21,Bahia,PERSON
21,e,O
21,Alagoas,LOCATION
21,.,O
21,foram,O
21,estimados,O
21,aumentos,O
21,de,O
21,4.7,O
21,e,O
21,6.6,O
21,vezes,O
21,nas,O
21,taxas,O
21,.,O
21,respecti,O
21,‐,O
21,vamente,O
21,.,O
21,Estimamos,O
21,um,O
21,aumento,O
21,substancial,O
21,na,O
21,taxa,O
21,de,O
21,casos,O
21,acumu,O
21,‐,O
21,lados,O
21,por,O
21,100.000,NUMBER
21,habitantes,O
21,na,O
21,Regio,O
21,Nordeste,O
21,ao,O
21,longo,O
21,dos,O
21,prxi,O
21,‐,O
21,mos,DURATION
21,trs,O
21,meses,O
21,.,O
21,especialmente,O
21,no,O
21,Cear,O
21,.,O
21,Sergipe,LOCATION
21,e,O
21,Paraba,LOCATION
21,.,O
21,A,O
21,funo,O
21,de,O
21,Boltzmann,MISC
21,mostrou,O
21,ser,O
21,uma,O
21,ferramenta,O
21,simples,O
21,para,O
21,projees,O
21,epi,O
21,‐,O
21,demiolgicas,O
21,.,O
21,podendo,O
21,auxiliar,O
21,no,O
21,planejamento,O
21,de,O
21,medidas,O
21,para,O
21,conter,O
21,a,O
21,COVID,O
21,‐,O
21,19,NUMBER
21,.,O
21,La,STATE_OR_PROVINCE
21,regin,O
21,del,O
21,nordeste,O
21,brasileo,O
21,cuenta,O
21,con,O
21,una,O
21,tasa,O
21,de,O
21,mortalidad,O
21,mucho,O
21,ms,O
21,alta,O
21,debido,O
21,a,O
21,la,O
21,COVID,O
21,‐,O
21,19,NUMBER
21,.,O
21,si,O
21,se,O
21,com,O
21,‐,O
21,para,O
21,con,O
21,la,O
21,media,O
21,nacional,O
21,.,O
21,por,O
21,lo,O
21,que,O
21,es,O
21,necesario,O
21,un,O
21,estudio,O
21,en,O
21,la,O
21,prognosis,O
21,de,O
21,la,O
21,regin,O
21,para,O
21,planificar,O
21,medidas,O
21,de,O
21,control,O
21,y,O
21,prevenir,O
21,el,O
21,colapso,O
21,del,O
21,sistema,O
21,de,O
21,salud,O
21,.,O
21,Estimamos,O
21,el,O
21,potencial,O
21,total,O
21,acumulativo,O
21,de,O
21,casos,O
21,de,O
21,COVID,O
21,‐,O
21,19,NUMBER
21,en,O
21,esta,O
21,regin,O
21,durante,O
21,los,O
21,prximos,O
21,tres,O
21,meses,O
21,.,O
21,El,O
21,estudio,O
21,incluy,O
21,todos,O
21,los,O
21,casos,O
21,confirmados,O
21,de,O
21,COVID,O
21,‐,O
21,19,NUMBER
21,.,O
21,desde,O
21,el,O
21,primer,O
21,caso,O
21,.,O
21,confirmado,O
21,el,O
21,8,NUMBER
21,de,O
21,marzo,O
21,.,O
21,has,O
21,‐,O
21,ta,O
21,el,O
21,28,NUMBER
21,de,O
21,abril,O
21,de,O
21,2020,DATE
21,.,O
21,recogido,O
21,del,O
21,sitio,O
21,web,O
21,oficial,O
21,que,O
21,in,O
21,‐,O
21,forma,O
21,la,O
21,situacin,O
21,de,O
21,las,O
21,infecciones,O
21,por,O
21,COVID,O
21,‐,O
21,19,NUMBER
21,en,O
21,Brasil,O
21,.,O
21,La,STATE_OR_PROVINCE
21,funcin,O
21,de,O
21,Boltzmann,MISC
21,se,O
21,aplic,O
21,a,O
21,la,O
21,simulacin,O
21,de,O
21,datos,O
21,para,O
21,cada,O
21,conjunto,O
21,de,O
21,datos,O
21,.,O
21,referentes,O
21,a,O
21,diferentes,O
21,estados,O
21,.,O
21,El,O
21,modelo,O
21,de,O
21,datos,O
21,estuvo,O
21,bien,O
21,ajustado,O
21,.,O
21,con,O
21,valores,O
21,R2,O
21,cercanos,O
21,a,O
21,0.999,NUMBER
21,.,O
21,Has,O
21,‐,O
21,ta,O
21,el,O
21,28,NUMBER
21,de,O
21,abril,O
21,.,O
21,se,O
21,confirmaron,O
21,20.665,NUMBER
21,casos,O
21,en,O
21,la,O
21,regin,O
21,.,O
21,Cear,O
21,cont,O
21,con,O
21,la,O
21,tasa,O
21,ms,O
21,alta,O
21,de,O
21,incidencia,O
21,acumulada,O
21,por,O
21,100.000,NUMBER
21,habitantes,O
21,(,O
21,75.75,NUMBER
21,),O
21,.,O
21,seguida,O
21,de,O
21,Pernambuco,LOCATION
21,.,O
21,Estimamos,O
21,que,O
21,Cear,O
21,.,O
21,Sergipe,LOCATION
21,y,O
21,Paraba,O
21,sufrirn,O
21,un,O
21,dramtico,O
21,aumento,O
21,en,O
21,la,O
21,tasa,O
21,de,O
21,inci,O
21,‐,O
21,dencia,O
21,acumulada,O
21,de,O
21,casos,O
21,hasta,O
21,el,O
21,31,NUMBER
21,de,O
21,julio,O
21,.,O
21,Maranho,PERSON
21,.,O
21,Pernam,O
21,‐,O
21,buco,O
21,.,O
21,Rio,CITY
21,Grande,CITY
21,do,O
21,Norte,O
21,y,O
21,Piau,O
21,mostraron,O
21,un,O
21,incremento,O
21,ms,O
21,dis,O
21,‐,O
21,creto,O
21,en,O
21,este,O
21,modelo,O
21,.,O
21,En,O
21,el,O
21,caso,O
21,de,O
21,Baha,O
21,y,O
21,Alagoas,LOCATION
21,.,O
21,se,O
21,estim,O
21,un,O
21,incremento,O
21,de,O
21,un,O
21,4.7,O
21,y,O
21,6.6,O
21,.,O
21,respectivamente,O
21,.,O
21,Estimamos,O
21,un,O
21,aumento,O
21,sustancial,O
21,en,O
21,la,O
21,tasa,O
21,de,O
21,incidencia,O
21,acumulada,O
21,de,O
21,casos,O
21,por,O
21,100.000,NUMBER
21,habitantes,O
21,dentro,O
21,de,O
21,esta,O
21,regin,O
21,.,O
21,respecto,O
21,a,O
21,los,O
21,tres,O
21,prx,O
21,‐,O
21,imos,O
21,meses,O
21,.,O
21,especialmente,O
21,en,O
21,Cear,O
21,.,O
21,Sergipe,LOCATION
21,y,O
21,Paraba,O
21,.,O
21,La,STATE_OR_PROVINCE
21,funcin,O
21,de,O
21,Boltzmann,MISC
21,prob,O
21,ser,O
21,una,O
21,herramienta,O
21,simple,O
21,para,O
21,la,O
21,previsin,O
21,epi,O
21,‐,O
21,demiolgica,O
21,que,O
21,puede,O
21,ser,O
21,de,O
21,ayuda,O
21,en,O
21,la,O
21,planificacin,O
21,de,O
21,medidas,O
21,para,O
21,contener,O
21,a,O
21,la,O
21,COVID,O
21,‐,O
21,19,NUMBER
21,.,O
21,COVID,O
21,‐,O
21,19,NUMBER
21,;,O
21,Epidemiologia,LOCATION
21,;,O
21,Modelos,PERSON
21,Tericos,O
21,;,O
21,COVID,O
21,‐,O
21,19,NUMBER
21,;,O
21,Epidemiologa,PERSON
21,;,O
21,Modelos,O
21,Tericos,O
21,;,O
21,Submitted,O
21,on,O
21,30,NUMBER
21,/,O
21,Apr,DATE
21,/,O
21,2020,DATE
21,Final,O
21,version,O
21,resubmitted,O
21,on,O
21,12,NUMBER
21,/,O
21,May,DATE
21,/,DATE
21,2020,DATE
21,Approved,O
21,on,O
21,14,NUMBER
21,/,O
21,May,DATE
21,/,DATE
21,2020,DATE
21,Cad,O
21,.,O
21,Sade,O
21,Pblica,O
21,2020,DATE
21,;,O
21,36,NUMBER
21,(,O
21,6,NUMBER
21,),O
21,:,O
21,e00105720,O
