41,BRIEF,O
41,COMMUNICATION,O
41,Chronic,O
41,heart,CAUSE_OF_DEATH
41,diseases,CAUSE_OF_DEATH
41,as,O
41,the,O
41,most,O
41,prevalent,O
41,comorbidities,O
41,among,O
41,deaths,O
41,by,O
41,COVID,O
41,‐,O
41,19,NUMBER
41,in,O
41,Brazil,COUNTRY
41,Julianne,O
41,Pachie,O
41,‐,O
41,ga,O
41,1,NUMBER
41,.,O
41,Alexandre,PERSON
41,Jos,PERSON
41,dos,PERSON
41,Santos,PERSON
41,Afonso,PERSON
41,1,NUMBER
41,.,O
41,Gssica,O
41,Thas,O
41,Sinhorin,O
41,1,NUMBER
41,.,O
41,Bianca,PERSON
41,Teshima,PERSON
41,de,PERSON
41,Alencar,PERSON
41,2,NUMBER
41,.,O
41,Marta,ORGANIZATION
41,dos,ORGANIZATION
41,Santos,ORGANIZATION
41,Miranda,ORGANIZATION
41,de,ORGANIZATION
41,Arajo,ORGANIZATION
41,3,NUMBER
41,.,O
41,Fabiana,PERSON
41,Gulin,PERSON
41,Longhi,PERSON
41,4,NUMBER
41,.,O
41,Andernice,ORGANIZATION
41,dos,ORGANIZATION
41,Santos,ORGANIZATION
41,Zanetti,ORGANIZATION
41,3,NUMBER
41,.,O
41,Omar,PERSON
41,Ariel,PERSON
41,Espinosa,PERSON
41,5,NUMBER
41,Universidade,ORGANIZATION
41,do,ORGANIZATION
41,Estado,ORGANIZATION
41,de,ORGANIZATION
41,Mato,ORGANIZATION
41,Grosso,ORGANIZATION
41,.,O
41,Faculdade,PERSON
41,de,PERSON
41,Cincias,PERSON
41,da,PERSON
41,Sade,PERSON
41,.,O
41,Departamento,ORGANIZATION
41,de,ORGANIZATION
41,Medicina,ORGANIZATION
41,.,O
41,Cceres,LOCATION
41,.,O
41,Mato,PERSON
41,Grosso,PERSON
41,.,O
41,Brazil,COUNTRY
41,Universidade,ORGANIZATION
41,do,ORGANIZATION
41,Estado,ORGANIZATION
41,de,ORGANIZATION
41,Mato,ORGANIZATION
41,Grosso,ORGANIZATION
41,.,O
41,Faculdade,PERSON
41,de,PERSON
41,Cincias,PERSON
41,da,PERSON
41,Sade,PERSON
41,.,O
41,Departamento,ORGANIZATION
41,de,ORGANIZATION
41,Enfermagem,ORGANIZATION
41,.,O
41,Cceres,LOCATION
41,.,O
41,Mato,PERSON
41,Grosso,PERSON
41,.,O
41,Brazil,COUNTRY
41,Universidade,ORGANIZATION
41,do,ORGANIZATION
41,Estado,ORGANIZATION
41,de,ORGANIZATION
41,Mato,ORGANIZATION
41,Grosso,ORGANIZATION
41,.,O
41,Faculdade,PERSON
41,de,O
41,Cincias,O
41,Agrrias,O
41,e,O
41,Biolgicas,LOCATION
41,.,O
41,Programa,O
41,de,O
41,Ps,O
41,‐,O
41,Graduao,O
41,em,O
41,Cincias,O
41,Ambientais,O
41,.,O
41,Cceres,PERSON
41,.,O
41,Mato,PERSON
41,Grosso,PERSON
41,.,O
41,Brazil,COUNTRY
41,Age,O
41,.,O
41,sex,O
41,and,O
41,presence,O
41,of,O
41,comorbidities,O
41,are,O
41,risk,O
41,factors,O
41,associated,O
41,with,O
41,COVID,O
41,‐,O
41,19,NUMBER
41,.,O
41,Hyper,O
41,‐,O
41,tension,O
41,.,O
41,diabetes,CAUSE_OF_DEATH
41,and,O
41,heart,CAUSE_OF_DEATH
41,disease,CAUSE_OF_DEATH
41,are,O
41,the,O
41,most,O
41,common,O
41,comor,O
41,‐,O
41,bidities,O
41,in,O
41,patients,O
41,with,O
41,COVID,O
41,‐,O
41,19,NUMBER
41,.,O
41,The,O
41,objective,O
41,of,O
41,this,O
41,study,O
41,was,O
41,to,O
41,estimate,O
41,the,O
41,prevalence,O
41,of,O
41,patients,O
41,with,O
41,comorbidities,O
41,who,O
41,died,O
41,of,O
41,COVID,O
41,‐,O
41,19,NUMBER
41,in,O
41,Brazil,COUNTRY
41,.,O
41,Searches,O
41,of,O
41,data,O
41,were,O
41,carried,O
41,out,O
41,on,O
41,the,O
41,method,O
41,was,O
41,used,O
41,to,O
41,calculate,O
41,the,O
41,prevalence,O
41,of,O
41,patients,O
41,with,O
41,comorbidities,O
41,who,O
41,died,O
41,.,O
41,From,O
41,the,O
41,beginning,O
41,of,O
41,the,O
41,pandemic,O
41,in,O
41,Brazil,COUNTRY
41,until,O
41,May,DATE
41,20,DATE
41,.,DATE
41,2020,DATE
41,.,O
41,276.703,NUMBER
41,cases,O
41,of,O
41,COVID,O
41,‐,O
41,19,NUMBER
41,were,O
41,noti,O
41,‐,O
41,fied,O
41,in,O
41,Brazil,COUNTRY
41,.,O
41,6.4,PERCENT
41,%,PERCENT
41,died,O
41,.,O
41,58.6,PERCENT
41,%,PERCENT
41,of,O
41,whom,O
41,were,O
41,male,O
41,.,O
41,The,O
41,preva,O
41,‐,O
41,lence,O
41,of,O
41,comorbidities,O
41,among,O
41,deaths,O
41,was,O
41,83,PERCENT
41,%,PERCENT
41,(,O
41,95,PERCENT
41,%,PERCENT
41,CI,O
41,:,O
41,79,NUMBER
41,‐,O
41,87,NUMBER
41,),O
41,.,O
41,with,O
41,heart,CAUSE_OF_DEATH
41,disease,CAUSE_OF_DEATH
41,and,O
41,diabetes,CAUSE_OF_DEATH
41,being,O
41,the,O
41,most,O
41,prevalent,O
41,.,O
41,To,O
41,our,O
41,knowledge,O
41,.,O
41,this,O
41,study,O
41,represents,O
41,the,O
41,first,ORDINAL
41,large,O
41,analysis,O
41,of,O
41,cas,O
41,‐,O
41,es,O
41,of,O
41,patients,O
41,with,O
41,confirmed,O
41,COVID,O
41,‐,O
41,19,NUMBER
41,in,O
41,Brazil,COUNTRY
41,.,O
41,There,O
41,is,O
41,a,O
41,high,O
41,prevalence,O
41,of,O
41,comorbidities,O
41,(,O
41,83,PERCENT
41,%,PERCENT
41,),O
41,among,O
41,patients,O
41,who,O
41,died,O
41,from,O
41,COVID,O
41,‐,O
41,19,NUMBER
41,in,O
41,Brazil,COUNTRY
41,.,O
41,with,O
41,heart,CAUSE_OF_DEATH
41,disease,CAUSE_OF_DEATH
41,being,O
41,the,O
41,most,O
41,prevalent,O
41,.,O
41,This,O
41,is,O
41,important,O
41,considering,O
41,the,O
41,possible,O
41,secondary,O
41,effects,O
41,pro,O
41,‐,O
41,duced,O
41,by,O
41,drugs,CRIMINAL_CHARGE
41,such,O
41,as,O
41,hydroxychloroquine,O
41,.,O
41,KEYWORDS,O
41,:,O
41,COVID,O
41,‐,O
41,19,NUMBER
41,.,O
41,Prevalence,O
41,.,O
41,Deaths,O
41,.,O
41,Comorbidities,O
41,.,O
41,Brazil,COUNTRY
41,.,O
41,Heart,CAUSE_OF_DEATH
41,disease,CAUSE_OF_DEATH
41,.,O
41,Centro,PERSON
41,de,O
41,Excelncia,O
41,do,O
41,Instituto,PERSON
41,Joanna,PERSON
41,Briggs,PERSON
41,.,O
41,Centro,PERSON
41,Brasileiro,PERSON
41,para,O
41,o,O
41,Cuidado,PERSON
41,Sade,O
41,Informado,O
41,por,O
41,Evidncias,O
41,.,O
41,So,O
41,Paulo,O
41,.,O
41,So,O
41,Paulo,O
41,.,O
41,Brazil,COUNTRY
41,Facul,O
41,‐,O
41,dade,O
41,do,O
41,Pantanal,O
41,.,O
41,Cceres,PERSON
41,.,O
41,Mato,PERSON
41,Grosso,PERSON
41,.,O
41,Brazil,COUNTRY
41,Correspondence,O
41,to,O
41,:,O
41,Omar,PERSON
41,Ariel,PERSON
41,Espinosa,PERSON
41,Faculdade,PERSON
41,do,O
41,Pantanal,O
41,.,O
41,Av,O
41,.,O
41,So,O
41,Luiz,PERSON
41,.,O
41,2522,DATE
41,.,O
41,CEP,O
41,78200,NUMBER
41,‐,O
41,000,NUMBER
41,.,O
41,Cceres,PERSON
41,.,O
41,MT,STATE_OR_PROVINCE
41,.,O
41,Brazil,COUNTRY
41,The,O
41,coronavirus,O
41,disease,CAUSE_OF_DEATH
41,2019,DATE
41,(,O
41,COVID,O
41,‐,O
41,19,NUMBER
41,),O
41,pandemic,O
41,has,O
41,infected,O
41,more,O
41,than,O
41,seven,NUMBER
41,million,NUMBER
41,people,O
41,worldwide,O
41,in,O
41,216,NUMBER
41,countries,O
41,.,O
41,and,O
41,.,O
41,until,O
41,Jun,DATE
41,16,DATE
41,.,DATE
41,2020,DATE
41,.,O
41,it,O
41,had,O
41,caused,O
41,over,O
41,four,NUMBER
41,hundred,NUMBER
41,thousand,NUMBER
41,deaths1,O
41,.,O
41,Its,O
41,etiological,O
41,agent,O
41,is,O
41,the,O
41,severe,O
41,acute,O
41,respiratory,O
41,syndrome,O
41,coronavirus,O
41,2,NUMBER
41,(,O
41,SARS,O
41,‐,O
41,CoV,O
41,‐,O
41,2,NUMBER
41,),O
41,.,O
41,transmitted,O
41,by,O
41,contact,O
41,with,O
41,an,O
41,infected,O
41,person,O
41,or,O
41,contam,O
41,‐,O
41,inated,O
41,fluids2,O
41,.3,O
41,.,O
41,A,O
41,multicenter,O
41,cohort,O
41,study,O
41,showed,O
41,that,O
41,gender,O
41,and,O
41,advanced,O
41,age,O
41,are,O
41,significantly,O
41,correlated,O
41,with,O
41,COVID,O
41,‐,O
41,19,NUMBER
41,and,O
41,these,O
41,findings,O
41,are,O
41,consistent,O
41,with,O
41,the,O
41,higher,O
41,incidence,O
41,among,O
41,older,O
41,people,O
41,and,O
41,men4,O
41,.,O
41,Another,O
41,study,O
41,observed,O
41,that,O
41,the,O
41,presence,O
41,of,O
41,any,O
41,comorbidity,O
41,increases,O
41,the,O
41,patients,O
41,risk,O
41,of,O
41,developing,O
41,res,O
41,‐,O
41,piratory,O
41,distress,O
41,.,O
41,possibly,O
41,leading,O
41,to,O
41,an,O
41,intensive,O
41,care,O
41,unit,O
41,(,O
41,ICU,O
41,),O
41,hospitalization,O
41,and,O
41,/,O
41,or,O
41,death5,O
41,.6,O
41,.,O
41,Cardiovascular,CAUSE_OF_DEATH
41,diseases,CAUSE_OF_DEATH
41,.,O
41,diabetes,CAUSE_OF_DEATH
41,.,O
41,hypertension,CAUSE_OF_DEATH
41,.,O
41,and,O
41,chronic,CAUSE_OF_DEATH
41,obstructive,CAUSE_OF_DEATH
41,pulmonary,CAUSE_OF_DEATH
41,disease,CAUSE_OF_DEATH
41,are,O
41,among,O
41,the,O
41,most,O
41,prevalent,O
41,comorbidities,O
41,in,O
41,COVID,O
41,‐,O
41,19,NUMBER
41,In,O
41,Brazil,COUNTRY
41,.,O
41,the,O
41,first,ORDINAL
41,confirmed,O
41,case,O
41,of,O
41,COVID,O
41,‐,O
41,19,NUMBER
41,was,O
41,reported,O
41,on,O
41,February,DATE
41,26,DATE
41,.,O
41,20208,NUMBER
41,.,O
41,and,O
41,the,O
41,first,ORDINAL
41,known,O
41,death,O
41,was,O
41,reported,O
41,20,DATE
41,days,DATE
41,later,DATE
41,.,O
41,on,O
41,March,DATE
41,17,DATE
41,.,O
41,Until,O
41,Pachiega,O
41,et,O
41,al,O
41,.,O
41,June,DATE
41,21,DATE
41,.,O
41,the,O
41,country,O
41,had,O
41,con,O
41,‐,O
41,firmed,O
41,1.073.376,NUMBER
41,cases,O
41,and,O
41,50.182,NUMBER
41,deaths,O
41,.,O
41,with,O
41,an,O
41,incidence,O
41,of,O
41,5.08,NUMBER
41,cases,O
41,per,O
41,million,NUMBER
41,This,O
41,study,O
41,aimed,O
41,to,O
41,estimate,O
41,the,O
41,preva,O
41,‐,O
41,lence,O
41,of,O
41,patients,O
41,with,O
41,comorbidities,O
41,that,O
41,died,O
41,of,O
41,COVID,O
41,‐,O
41,19,NUMBER
41,in,O
41,the,O
41,Brazilian,NATIONALITY
41,Federative,O
41,Units,O
41,.,O
41,Data,O
41,were,O
41,extracted,O
41,from,O
41,the,O
41,bul,O
41,‐,O
41,letin,O
41,on,O
41,the,O
41,epidemiological,O
41,situation,O
41,of,O
41,COVID,O
41,‐,O
41,19,NUMBER
41,.,O
41,made,O
41,avail,O
41,‐,O
41,able,O
41,by,O
41,each,O
41,of,O
41,the,O
41,26,NUMBER
41,Brazilian,NATIONALITY
41,States,LOCATION
41,and,O
41,the,O
41,Federal,O
41,District,O
41,.,O
41,on,O
41,their,O
41,official,O
41,websites,O
41,.,O
41,The,O
41,obtained,O
41,data,O
41,were,O
41,evaluated,O
41,ac,O
41,‐,O
41,cording,O
41,to,O
41,the,O
41,following,O
41,variables,O
41,:,O
41,confirmed,O
41,cases,O
41,.,O
41,ICU,O
41,hospi,O
41,‐,O
41,talizations,O
41,and,O
41,deaths,O
41,.,O
41,The,O
41,epidemiological,O
41,and,O
41,clinical,O
41,profiles,O
41,of,O
41,the,O
41,deaths,O
41,cases,O
41,were,O
41,also,O
41,described,O
41,.,O
41,considering,O
41,sex,O
41,.,O
41,age,O
41,.,O
41,and,O
41,the,O
41,presence,O
41,and,O
41,type,O
41,of,O
41,comorbidities,O
41,.,O
41,respectively,O
41,.,O
41,Be,O
41,‐,O
41,cause,O
41,not,O
41,all,O
41,States,O
41,reported,O
41,the,O
41,presence,O
41,of,O
41,comorbidities,O
41,in,O
41,fatal,O
41,cases,O
41,.,O
41,the,O
41,random,O
41,‐,O
41,effects,O
41,model,TITLE
41,to,O
41,estimate,O
41,the,O
41,pooled,O
41,prevalence,O
41,of,O
41,comorbidities,O
41,in,O
41,deaths,O
41,and,O
41,their,O
41,respective,O
41,confi,O
41,‐,O
41,dence,O
41,intervals,O
41,(,O
41,CI,O
41,),O
41,of,O
41,95,PERCENT
41,%,PERCENT
41,.,O
41,was,O
41,used,O
41,.,O
41,The,O
41,heterogeneity,O
41,of,O
41,prevalence,O
41,was,O
41,analyzed,O
41,by,O
41,State,ORGANIZATION
41,using,O
41,the,O
41,Higgins,O
41,test,O
41,(,O
41,I2,O
41,),O
41,.,O
41,which,O
41,presents,O
41,the,O
41,percentage,O
41,of,O
41,variation,O
41,across,O
41,them,O
41,.,O
41,These,O
41,analyses,O
41,were,O
41,performed,O
41,using,O
41,the,O
41,Stata,O
41,statistical,O
41,software,O
41,.,O
41,version,O
41,12,NUMBER
41,(,O
41,Stata,ORGANIZATION
41,Corp,ORGANIZATION
41,LLC,ORGANIZATION
41,.,O
41,Texas,STATE_OR_PROVINCE
41,.,O
41,USA,COUNTRY
41,),O
41,.,O
41,Data,O
41,collection,O
41,from,O
41,the,O
41,official,O
41,websites,O
41,of,O
41,each,O
41,State,ORGANIZATION
41,Health,ORGANIZATION
41,Department,ORGANIZATION
41,took,O
41,place,O
41,from,O
41,the,O
41,beginning,O
41,of,O
41,the,O
41,pandemic,O
41,in,O
41,Brazil,COUNTRY
41,to,O
41,May,DATE
41,20,DATE
41,.,DATE
41,2020,DATE
41,.,O
41,During,O
41,this,O
41,period,O
41,.,O
41,we,O
41,found,O
41,276.703,NUMBER
41,reported,O
41,cases,O
41,of,O
41,COVID,O
41,‐,O
41,19,NUMBER
41,.,O
41,among,O
41,which,O
41,11.278,NUMBER
41,(,O
41,4.8,PERCENT
41,%,PERCENT
41,),O
41,were,O
41,admitted,O
41,to,O
41,ICU,O
41,.,O
41,and,O
41,17.752,NUMBER
41,(,O
41,6.4,PERCENT
41,%,PERCENT
41,),O
41,cases,O
41,resulted,O
41,in,O
41,deaths,O
41,.,O
41,When,O
41,analyzing,O
41,ICU,O
41,hospitalization,O
41,percentage,O
41,by,O
41,State,ORGANIZATION
41,.,O
41,Rio,CITY
41,de,CITY
41,Janeiro,CITY
41,(,O
41,23.3,PERCENT
41,%,PERCENT
41,),O
41,and,O
41,Minas,ORGANIZATION
41,Gerais,ORGANIZATION
41,(,O
41,19.6,PERCENT
41,%,PERCENT
41,),O
41,The,COUNTRY
41,States,COUNTRY
41,with,O
41,the,O
41,highest,O
41,death,O
41,percentages,O
41,were,O
41,:,O
41,Rio,PERSON
41,de,PERSON
41,Janeiro,PERSON
41,(,O
41,10.7,PERCENT
41,%,PERCENT
41,),O
41,.,O
41,Para,O
41,(,O
41,9.4,PERCENT
41,%,PERCENT
41,),O
41,.,O
41,Sao,CITY
41,Paulo,CITY
41,(,O
41,7.8,PERCENT
41,%,PERCENT
41,),O
41,.,O
41,Pernambuco,LOCATION
41,(,O
41,8.1,PERCENT
41,%,PERCENT
41,),O
41,.,O
41,Amazonas,ORGANIZATION
41,(,O
41,6.9,PERCENT
41,%,PERCENT
41,),O
41,and,O
41,Parana,CITY
41,(,O
41,5.2,PERCENT
41,%,PERCENT
41,),O
41,.,O
41,Regarding,O
41,the,O
41,epi,O
41,‐,O
41,demiological,O
41,profile,O
41,of,O
41,fatal,O
41,cases,O
41,.,O
41,22,NUMBER
41,States,O
41,segregated,O
41,a,O
41,total,O
41,of,O
41,7.531,NUMBER
41,cases,O
41,by,O
41,sex,O
41,.,O
41,of,O
41,which,O
41,58.6,PERCENT
41,%,PERCENT
41,were,O
41,male,O
41,and,O
41,41.4,PERCENT
41,%,PERCENT
41,female,O
41,.,O
41,The,O
41,age,O
41,of,O
41,the,O
41,death,O
41,cases,O
41,was,O
41,reported,O
41,only,O
41,in,O
41,epidemiological,O
41,bulletins,O
41,of,O
41,25,NUMBER
41,States,O
41,.,O
41,From,O
41,17.752,NUMBER
41,cases,O
41,of,O
41,death,O
41,.,O
41,only,O
41,in,O
41,14.728,NUMBER
41,(,O
41,83,PERCENT
41,%,PERCENT
41,),O
41,the,O
41,age,O
41,was,O
41,reported,O
41,.,O
41,the,O
41,population,O
41,over,O
41,60,DURATION
41,years,DURATION
41,the,O
41,clinical,O
41,profile,O
41,was,O
41,only,O
41,reported,O
41,in,O
41,2.116,NUMBER
41,deaths,O
41,(,O
41,12,PERCENT
41,%,PERCENT
41,),O
41,from,O
41,15,NUMBER
41,States,O
41,.,O
41,1.768,NUMBER
41,of,O
41,which,O
41,presented,O
41,comorbidities,O
41,.,O
41,The,O
41,clinical,O
41,descriptions,O
41,of,O
41,the,O
41,comorbidities,O
41,in,O
41,the,O
41,death,O
41,cases,O
41,were,O
41,ex,O
41,‐,O
41,tracted,O
41,from,O
41,the,O
41,epidemiological,O
41,bulletins,O
41,of,O
41,each,O
41,State,ORGANIZATION
41,.,O
41,which,O
41,reported,O
41,diseases,CAUSE_OF_DEATH
41,grouped,O
41,according,O
41,to,O
41,:,O
41,Chronic,O
41,Heart,CAUSE_OF_DEATH
41,Diseases,CAUSE_OF_DEATH
41,.,O
41,Diabetes,CAUSE_OF_DEATH
41,.,O
41,Chronic,O
41,Lung,O
41,Diseases,CAUSE_OF_DEATH
41,(,O
41,including,O
41,Chronic,O
41,Obstructive,O
41,Pulmonary,O
41,Disease,CAUSE_OF_DEATH
41,and,O
41,asthma,CAUSE_OF_DEATH
41,),O
41,.,O
41,Chronic,O
41,Kidney,O
41,Diseases,CAUSE_OF_DEATH
41,.,O
41,Stroke,CAUSE_OF_DEATH
41,.,O
41,Hypertension,CAUSE_OF_DEATH
41,.,O
41,Obesity,O
41,.,O
41,Immunosuppressive,O
41,Diseases,CAUSE_OF_DEATH
41,.,O
41,Chronic,O
41,Liver,O
41,Diseases,CAUSE_OF_DEATH
41,.,O
41,Cancer,CAUSE_OF_DEATH
41,.,O
41,Digestive,O
41,System,O
41,Diseases,CAUSE_OF_DEATH
41,.,O
41,Pneumonia,CAUSE_OF_DEATH
41,.,O
41,Hemato,O
41,‐,O
41,logical,O
41,diseases,CAUSE_OF_DEATH
41,.,O
41,Tuberculosis,CAUSE_OF_DEATH
41,.,O
41,Metabolic,O
41,Diseases,CAUSE_OF_DEATH
41,(,O
41,different,O
41,than,O
41,diabetes,CAUSE_OF_DEATH
41,),O
41,.,O
41,Smoking,CAUSE_OF_DEATH
41,habit,O
41,.,O
41,Others,O
41,(,O
41,not,O
41,specified,O
41,),O
41,.,O
41,Among,O
41,the,O
41,cases,O
41,of,O
41,death,O
41,.,O
41,that,O
41,showed,O
41,one,NUMBER
41,or,O
41,more,O
41,previous,O
41,diseases,CAUSE_OF_DEATH
41,.,O
41,a,O
41,to,O
41,‐,O
41,tal,O
41,of,O
41,14.737,NUMBER
41,comorbidities,O
41,were,O
41,recorded,O
41,.,O
41,The,O
41,most,O
41,prevalent,O
41,co,O
41,‐,O
41,morbidities,O
41,found,O
41,were,O
41,:,O
41,35,PERCENT
41,%,PERCENT
41,chronic,O
41,heart,CAUSE_OF_DEATH
41,diseases,CAUSE_OF_DEATH
41,.,O
41,28.7,PERCENT
41,%,PERCENT
41,dia,O
41,‐,O
41,betes,O
41,.,O
41,8.2,PERCENT
41,%,PERCENT
41,chronic,O
41,lung,O
41,diseases,CAUSE_OF_DEATH
41,(,O
41,including,O
41,asthma,CAUSE_OF_DEATH
41,and,O
41,Chronic,O
41,Obstructive,O
41,Pulmonary,O
41,Disease,CAUSE_OF_DEATH
41,),O
41,.,O
41,5.9,PERCENT
41,%,PERCENT
41,kidney,O
41,diseases,CAUSE_OF_DEATH
41,.,O
41,5.3,PERCENT
41,%,PERCENT
41,stroke,O
41,.,O
41,5.1,PERCENT
41,%,PERCENT
41,hypertension,CAUSE_OF_DEATH
41,.,O
41,4.4,PERCENT
41,%,PERCENT
41,obesity,O
41,.,O
41,and,O
41,3.8,PERCENT
41,%,PERCENT
41,To,O
41,our,O
41,knowl,O
41,‐,O
41,edge,O
41,.,O
41,this,O
41,study,O
41,represents,O
41,the,O
41,first,ORDINAL
41,large,O
41,analysis,O
41,of,O
41,cases,O
41,of,O
41,sequentially,O
41,patients,O
41,with,O
41,confirmed,O
41,COVID,O
41,‐,O
41,19,NUMBER
41,in,O
41,Brazil,COUNTRY
41,.,O
41,By,O
41,June,DATE
41,21,NUMBER
41,.,O
41,2020,DATE
41,.,O
41,Brazil,COUNTRY
41,was,O
41,the,O
41,second,ORDINAL
41,country,O
41,in,O
41,number,O
41,of,O
41,confirmed,O
41,cases,O
41,of,O
41,COVID,O
41,‐,O
41,19,NUMBER
41,.,O
41,reporting,O
41,over,O
41,a,O
41,million,NUMBER
41,cases,O
41,of,O
41,confirmed,O
41,COVID,O
41,‐,O
41,19,NUMBER
41,and,O
41,our,O
41,analysis,O
41,included,O
41,approximately,O
41,a,DURATION
41,quarter,DURATION
41,of,O
41,these,O
41,cases,O
41,.,O
41,As,O
41,in,O
41,different,O
41,parts,O
41,of,O
41,the,O
41,world,O
41,.,O
41,a,O
41,higher,O
41,preva,O
41,‐,O
41,lence,O
41,in,O
41,men,O
41,and,O
41,people,O
41,aged,O
41,60,DURATION
41,years,DURATION
41,or,O
41,in,O
41,elderly,O
41,people,O
41,were,O
41,found,O
41,among,O
41,deaths,O
41,by,O
41,COVID,O
41,‐,O
41,199,NUMBER
41,‐,O
41,11,NUMBER
41,.,O
41,We,O
41,found,O
41,that,O
41,4.8,PERCENT
41,%,PERCENT
41,of,O
41,COVID,O
41,‐,O
41,19,NUMBER
41,patients,O
41,were,O
41,admitted,O
41,to,O
41,ICU,O
41,.,O
41,a,O
41,percentage,O
41,comparable,O
41,with,O
41,a,O
41,previous,O
41,study,O
41,conducted,O
41,in,O
41,the,O
41,United,COUNTRY
41,States,COUNTRY
41,of,COUNTRY
41,America,COUNTRY
41,(,O
41,USA,COUNTRY
41,),O
41,that,O
41,analyzed,O
41,74.439,NUMBER
41,COVID,O
41,‐,O
41,19,NUMBER
41,patients,O
41,.,O
41,among,O
41,whom,O
41,1.4,PERCENT
41,%,PERCENT
41,re,O
41,‐,O
41,quired,O
41,ICU12,O
41,.,O
41,Data,O
41,collected,O
41,from,O
41,138,NUMBER
41,patients,O
41,in,O
41,China,COUNTRY
41,showed,O
41,that,O
41,26,PERCENT
41,%,PERCENT
41,were,O
41,admitted,O
41,to,O
41,ICUs13,O
41,.,O
41,Thus,O
41,.,O
41,States,O
41,such,O
41,as,O
41,Rio,O
41,de,O
41,Janeiro,PERSON
41,and,O
41,Minas,ORGANIZATION
41,Gerais,ORGANIZATION
41,.,O
41,with,O
41,the,O
41,highest,O
41,hospitalization,O
41,per,O
41,‐,O
41,centages,O
41,in,O
41,the,O
41,country,O
41,(,O
41,23.3,PERCENT
41,%,PERCENT
41,and,O
41,19.6,PERCENT
41,%,PERCENT
41,.,O
41,respectively,O
41,),O
41,.,O
41,should,O
41,strengthen,O
41,measures,O
41,to,O
41,avoid,O
41,the,O
41,collapse,O
41,of,O
41,their,O
41,hospitals,O
41,in,O
41,‐,O
41,tensive,O
41,care,O
41,units,O
41,.,O
41,By,O
41,June,DATE
41,21,DATE
41,.,DATE
41,2020,DATE
41,.,O
41,Brazil,COUNTRY
41,has,O
41,exceeded,O
41,50.000,NUMBER
41,deaths,O
41,.,O
41,a,O
41,mark,O
41,.,O
41,so,O
41,far,O
41,.,O
41,reached,O
41,by,O
41,only,O
41,two,NUMBER
41,countries,O
41,worldwide,O
41,.,O
41,Considering,O
41,that,O
41,.,O
41,Rio,CITY
41,de,CITY
41,Janeiro,CITY
41,.,O
41,Para,O
41,.,O
41,Sao,CITY
41,Paulo,CITY
41,.,O
41,Pernambuco,LOCATION
41,.,O
41,and,O
41,Amazonas,PERSON
41,.,O
41,which,O
41,present,DATE
41,higher,O
41,percentages,O
41,than,O
41,that,O
41,calcu,O
41,‐,O
41,lated,O
41,for,O
41,the,O
41,overall,O
41,country,O
41,.,O
41,represent,O
41,a,O
41,great,O
41,national,O
41,con,O
41,‐,O
41,cern,O
41,.,O
41,When,O
41,dealing,O
41,with,O
41,the,O
41,COVID,O
41,‐,O
41,19,NUMBER
41,pandemic,O
41,.,O
41,mortality,O
41,.,O
41,as,O
41,well,O
41,as,O
41,establishing,O
41,priorities,O
41,for,O
41,controlling,O
41,it,O
41,.,O
41,is,O
41,the,O
41,most,O
41,impor,O
41,‐,O
41,tant,O
41,concern,O
41,.,O
41,Chronic,O
41,heart,CAUSE_OF_DEATH
41,diseases,CAUSE_OF_DEATH
41,as,O
41,the,O
41,most,O
41,prevalent,O
41,co,O
41,‐,O
41,morbidities,O
41,among,O
41,deaths,O
41,by,O
41,COVID,O
41,‐,O
41,19,NUMBER
41,in,O
41,Brazil,COUNTRY
41,State,O
41,of,O
41,Brazil,COUNTRY
41,.,O
41,until,O
41,May,DATE
41,20,DATE
41,.,DATE
41,2020,DATE
41,.,O
41,Prevalence,O
41,of,O
41,>,O
41,60,DURATION
41,years,DURATION
41,>,O
41,60,DURATION
41,years,DURATION
41,comor,O
41,‐,O
41,bidities,O
41,among,O
41,deaths,O
41,Source,O
41,:,O
41,The,O
41,epidemiological,O
41,and,O
41,clinical,O
41,profiles,O
41,of,O
41,confirmed,O
41,and,O
41,deaths,O
41,cases,O
41,of,O
41,COVID,O
41,‐,O
41,19,NUMBER
41,were,O
41,obtained,O
41,through,O
41,the,O
41,bulletin,O
41,information,O
41,on,O
41,the,O
41,epidemiological,O
41,situation,O
41,of,O
41,COVID,O
41,‐,O
41,19,NUMBER
41,.,O
41,which,O
41,each,O
41,Brazilian,NATIONALITY
41,State,O
41,makes,O
41,available,O
41,on,O
41,its,O
41,official,O
41,websites,O
41,.,O
41,ICUs,O
41,=,O
41,Patients,O
41,admitted,O
41,to,O
41,intensive,O
41,care,O
41,units,O
41,;,O
41,95,PERCENT
41,%,PERCENT
41,CI,O
41,=,O
41,95,PERCENT
41,%,PERCENT
41,confidence,O
41,interval,O
41,;,O
41,N.S.,STATE_OR_PROVINCE
41,=,O
41,Not,RELIGION
41,specified,RELIGION
41,.,O
41,AC,O
41,(,O
41,Acre,O
41,),O
41,;,O
41,AL,STATE_OR_PROVINCE
41,(,O
41,Alagoas,LOCATION
41,),O
41,;,O
41,AP,ORGANIZATION
41,(,O
41,Amapa,CITY
41,),O
41,;,O
41,AM,O
41,(,O
41,Amazonas,O
41,),O
41,;,O
41,BA,O
41,(,O
41,Bahia,LOCATION
41,),O
41,;,O
41,CE,O
41,(,O
41,Ceara,LOCATION
41,),O
41,;,O
41,DF,O
41,(,O
41,Distrito,ORGANIZATION
41,Federal,ORGANIZATION
41,),O
41,;,O
41,ES,O
41,(,O
41,Espirito,ORGANIZATION
41,Santo,ORGANIZATION
41,),O
41,;,O
41,GO,O
41,(,O
41,Goias,CITY
41,),O
41,;,O
41,MA,STATE_OR_PROVINCE
41,(,O
41,Maranhao,LOCATION
41,),O
41,;,O
41,MT,STATE_OR_PROVINCE
41,(,O
41,Mato,ORGANIZATION
41,Grosso,ORGANIZATION
41,),O
41,;,O
41,MS,STATE_OR_PROVINCE
41,(,O
41,Mato,PERSON
41,Grosso,PERSON
41,do,O
41,Sul,O
41,),O
41,;,O
41,MG,O
41,(,O
41,Mi,O
41,‐,O
41,nas,ORGANIZATION
41,Gerais,ORGANIZATION
41,),O
41,;,O
41,PA,STATE_OR_PROVINCE
41,(,O
41,Para,O
41,),O
41,;,O
41,PB,O
41,(,O
41,Paraiba,LOCATION
41,),O
41,;,O
41,PR,STATE_OR_PROVINCE
41,(,O
41,Parana,CITY
41,),O
41,;,O
41,PE,STATE_OR_PROVINCE
41,(,O
41,Pernambu,O
41,‐,O
41,co,O
41,),O
41,;,O
41,PI,O
41,(,O
41,Piaui,LOCATION
41,),O
41,;,O
41,RJ,PERSON
41,(,O
41,Rio,CITY
41,de,CITY
41,Janeiro,CITY
41,),O
41,;,O
41,RN,O
41,(,O
41,Rio,CITY
41,Grande,CITY
41,do,O
41,Norte,O
41,),O
41,;,O
41,RS,O
41,(,O
41,Rio,CITY
41,Grande,CITY
41,do,O
41,Sul,O
41,),O
41,;,O
41,RO,O
41,(,O
41,Rondonia,LOCATION
41,),O
41,;,O
41,RR,O
41,(,O
41,Roraima,LOCATION
41,),O
41,;,O
41,SC,STATE_OR_PROVINCE
41,(,O
41,Santa,CITY
41,Catarina,O
41,),O
41,;,O
41,SP,O
41,(,O
41,Sao,CITY
41,Paulo,CITY
41,),O
41,.,O
41,SE,O
41,(,O
41,Sergipe,LOCATION
41,),O
41,;,O
41,TO,O
41,(,O
41,Tocantins,CITY
41,),O
41,.,O
41,The,O
41,ca,O
41,‐,O
41,pacity,O
41,of,O
41,the,O
41,healthcare,O
41,system,O
41,thus,O
41,becomes,O
41,a,O
41,major,O
41,issue,O
41,.,O
41,espe,O
41,‐,O
41,cially,O
41,considering,O
41,that,O
41,the,O
41,number,O
41,of,O
41,confirmed,O
41,cases,O
41,in,O
41,communi,O
41,‐,O
41,ties,O
41,is,O
41,rapidly,O
41,increasing,O
41,.,O
41,as,O
41,is,O
41,the,O
41,case,O
41,in,O
41,Brazil,COUNTRY
41,.,O
41,The,O
41,pooled,O
41,prevalence,O
41,of,O
41,comorbidities,O
41,in,O
41,deaths,O
41,by,O
41,COVID,O
41,‐,O
41,19,NUMBER
41,in,O
41,Brazil,COUNTRY
41,was,O
41,83,PERCENT
41,%,PERCENT
41,(,O
41,95,PERCENT
41,%,PERCENT
41,CI,O
41,:,O
41,79,NUMBER
41,87,NUMBER
41,),O
41,.,O
41,Previous,O
41,studies,O
41,conducted,O
41,in,O
41,Korea,COUNTRY
41,(,O
41,90.7,PERCENT
41,%,PERCENT
41,),O
41,and,O
41,China,COUNTRY
41,(,O
41,68.2,PERCENT
41,%,PERCENT
41,),O
41,warned,O
41,about,O
41,a,O
41,higher,O
41,prevalence,O
41,of,O
41,se,O
41,‐,O
41,vere,O
41,acute,O
41,respiratory,O
41,syndrome,O
41,caused,O
41,by,O
41,SARS,O
41,‐,O
41,CoV,O
41,‐,O
41,2,NUMBER
41,among,O
41,pa,O
41,‐,O
41,tients,O
41,with,O
41,comorbidities11,O
41,.14,O
41,.,O
41,They,O
41,also,O
41,point,O
41,hypertension,CAUSE_OF_DEATH
41,.,O
41,cardiovascular,CAUSE_OF_DEATH
41,diseases,CAUSE_OF_DEATH
41,.,O
41,and,O
41,diabetes,CAUSE_OF_DEATH
41,as,O
41,the,O
41,main,O
41,comorbidities,O
41,among,O
41,deaths,O
41,by,O
41,the,O
41,disease,CAUSE_OF_DEATH
41,.,O
41,Several,O
41,Deaths,O
41,by,O
41,studies,O
41,suggest,O
41,that,O
41,hypertension,CAUSE_OF_DEATH
41,is,O
41,the,O
41,most,O
41,common,O
41,comorbidity,O
41,in,O
41,COVID,O
41,‐,O
41,19,NUMBER
41,pa,O
41,‐,O
41,tients15,O
41,.,O
41,Likewise,O
41,.,O
41,a,O
41,metaanalysis,O
41,carried,O
41,out,O
41,recently,DATE
41,by,O
41,our,O
41,team,O
41,showed,O
41,that,O
41,hypertension,CAUSE_OF_DEATH
41,is,O
41,the,O
41,most,O
41,prevalent,O
41,comorbidity,O
41,among,O
41,deaths,O
41,from,O
41,COVID,O
41,‐,O
41,19,NUMBER
41,.,O
41,followed,O
41,by,O
41,diabetes,CAUSE_OF_DEATH
41,and,O
41,chronic,O
41,heart,CAUSE_OF_DEATH
41,diseases,CAUSE_OF_DEATH
41,ranking,O
41,third16,O
41,.,O
41,Now,DATE
41,.,O
41,in,O
41,Brazil,COUNTRY
41,we,O
41,found,O
41,that,O
41,the,O
41,main,O
41,comorbidities,O
41,among,O
41,deaths,O
41,are,O
41,chronic,O
41,heart,CAUSE_OF_DEATH
41,diseases,CAUSE_OF_DEATH
41,and,O
41,diabetes,CAUSE_OF_DEATH
41,.,O
41,The,O
41,third,ORDINAL
41,most,O
41,common,O
41,comorbidity,O
41,were,O
41,the,O
41,chronic,O
41,lung,O
41,diseases,CAUSE_OF_DEATH
41,.,O
41,followed,O
41,by,O
41,chronic,O
41,kidney,O
41,diseases,CAUSE_OF_DEATH
41,.,O
41,stroke,O
41,.,O
41,hyperten,O
41,‐,O
41,sion,O
41,.,O
41,obesity,O
41,and,O
41,immunosuppressive,O
41,diseases,CAUSE_OF_DEATH
41,which,O
41,may,O
41,include,O
41,HIV,CAUSE_OF_DEATH
41,infection,CAUSE_OF_DEATH
41,and,O
41,organ,O
41,transplant,O
41,patients,O
41,.,O
41,Pachiega,O
41,et,O
41,al,O
41,.,O
41,due,O
41,to,O
41,COVID,O
41,‐,O
41,19,NUMBER
41,from,O
41,May,DATE
41,9,DATE
41,to,O
41,20,NUMBER
41,.,O
41,2020,DATE
41,in,O
41,Brazil,COUNTRY
41,.,O
41,Chronic,O
41,Heart,O
41,Diseases,CAUSE_OF_DEATH
41,Chronic,O
41,Lung,O
41,Diseases,CAUSE_OF_DEATH
41,Chronic,O
41,Kidney,O
41,Diseases,CAUSE_OF_DEATH
41,Immunosup,O
41,‐,O
41,pressive,O
41,Diseases,CAUSE_OF_DEATH
41,Chronic,O
41,Liver,CAUSE_OF_DEATH
41,Diseases,CAUSE_OF_DEATH
41,Digestive,O
41,System,O
41,Dis,O
41,‐,O
41,eases,O
41,Hematological,O
41,diseases,CAUSE_OF_DEATH
41,Metabolic,O
41,Diseases,CAUSE_OF_DEATH
41,Smoking,CAUSE_OF_DEATH
41,habit,O
41,Source,O
41,:,O
41,Clinical,O
41,profiles,O
41,of,O
41,confirmed,O
41,and,O
41,deaths,O
41,cases,O
41,by,O
41,COVID,O
41,‐,O
41,19,NUMBER
41,.,O
41,were,O
41,obtained,O
41,through,O
41,the,O
41,bulletin,O
41,information,O
41,about,O
41,the,O
41,epidemiological,O
41,situation,O
41,of,O
41,COVID,O
41,‐,O
41,19,NUMBER
41,.,O
41,which,O
41,each,O
41,Brazilian,NATIONALITY
41,state,O
41,makes,O
41,available,O
41,on,O
41,its,O
41,official,O
41,websites,O
41,.,O
41,The,O
41,epidemiolog,O
41,‐,O
41,ical,O
41,bulletins,O
41,of,O
41,each,O
41,State,O
41,do,O
41,not,O
41,specify,O
41,what,O
41,were,O
41,the,O
41,chronic,O
41,heart,CAUSE_OF_DEATH
41,diseases,CAUSE_OF_DEATH
41,of,O
41,patients,O
41,who,O
41,died,O
41,from,O
41,COVID,O
41,‐,DATE
41,19,DATE
41,.,O
41,although,O
41,this,O
41,group,O
41,may,O
41,include,O
41,patients,O
41,with,O
41,coronary,O
41,heart,CAUSE_OF_DEATH
41,disease,CAUSE_OF_DEATH
41,.,O
41,arrhyth,O
41,‐,O
41,mias,O
41,.,O
41,infarction,O
41,.,O
41,patients,O
41,with,O
41,pacemakers,O
41,and,O
41,others,O
41,.,O
41,Our,O
41,re,O
41,‐,O
41,sults,O
41,showed,O
41,that,O
41,this,O
41,group,O
41,of,O
41,comorbidities,O
41,was,O
41,the,O
41,most,O
41,impor,O
41,‐,O
41,tant,O
41,in,O
41,the,O
41,population,O
41,studied,O
41,.,O
41,and,O
41,this,O
41,is,O
41,an,O
41,important,O
41,finding,O
41,.,O
41,because,O
41,the,O
41,Ministry,ORGANIZATION
41,of,ORGANIZATION
41,Health,ORGANIZATION
41,defends,O
41,the,O
41,use,O
41,of,O
41,hydroxychloro,O
41,‐,O
41,quine,O
41,for,O
41,treating,O
41,COVID,O
41,‐,O
41,19,NUMBER
41,.,O
41,A,O
41,recent,O
41,study,O
41,claims,O
41,that,O
41,some,O
41,cardiac,O
41,manifestations,O
41,.,O
41,such,O
41,as,O
41,cardiac,O
41,arrhythmias,O
41,.,O
41,and,O
41,even,O
41,conduction,O
41,disorders,O
41,without,O
41,repercussion,O
41,.,O
41,may,O
41,represent,O
41,the,O
41,ini,O
41,‐,O
41,tial,O
41,manifestations,O
41,of,O
41,toxicity,O
41,related,O
41,to,O
41,chloroquine,O
41,or,O
41,hydrox,O
41,‐,O
41,ychloroquine17,O
41,.,O
41,Therefore,O
41,.,O
41,the,O
41,use,O
41,of,O
41,these,O
41,drugs,CRIMINAL_CHARGE
41,can,O
41,lead,O
41,to,O
41,se,O
41,‐,O
41,rious,O
41,complications,CAUSE_OF_DEATH
41,and,O
41,even,O
41,death,O
41,in,O
41,patients,O
41,with,O
41,previous,O
41,heart,CAUSE_OF_DEATH
41,disease,CAUSE_OF_DEATH
41,.,O
41,On,O
41,the,O
41,other,O
41,hand,O
41,.,O
41,the,O
41,use,O
41,of,O
41,these,O
41,drugs,CRIMINAL_CHARGE
41,as,O
41,post,O
41,exposure,O
41,prophylaxis,O
41,(,O
41,PEP,O
41,),O
41,.,O
41,has,O
41,also,O
41,proved,O
41,unsuccessful18,O
41,.,O
41,Some,O
41,difficulties,O
41,to,O
41,develop,O
41,this,O
41,study,O
41,were,O
41,found,O
41,.,O
41,Firstly,O
41,.,O
41,not,O
41,ev,O
41,‐,O
41,ery,ORGANIZATION
41,Health,ORGANIZATION
41,Department,ORGANIZATION
41,updates,O
41,their,O
41,epidemiological,O
41,bulletins,O
41,daily,SET
41,.,O
41,so,O
41,the,O
41,updating,O
41,of,O
41,data,O
41,on,O
41,a,O
41,daily,SET
41,basis,O
41,was,O
41,unfeasible,O
41,.,O
41,Secondly,O
41,.,O
41,the,O
41,epidemiological,O
41,bulletins,O
41,were,O
41,not,O
41,standardized,O
41,.,O
41,not,O
41,all,O
41,of,O
41,them,O
41,provide,O
41,epidemiological,O
41,data,O
41,such,O
41,as,O
41,age,O
41,.,O
41,nor,O
41,clinical,O
41,data,O
41,such,O
41,as,O
41,the,O
41,presence,O
41,of,O
41,comorbidities,O
41,.,O
41,which,O
41,im,O
41,‐,O
41,paired,O
41,the,O
41,collection,O
41,of,O
41,complete,O
41,data,O
41,.,O
41,Thirdly,O
41,.,O
41,many,O
41,epidemio,O
41,‐,O
41,logical,O
41,bulletins,O
41,provide,O
41,information,O
41,only,O
41,as,O
41,graphics,O
41,and,O
41,the,O
41,absolute,O
41,numbers,O
41,were,O
41,lacking,O
41,.,O
41,hampering,O
41,data,O
41,replication,O
41,.,O
41,Final,O
41,‐,O
41,ly,O
41,.,O
41,each,O
41,Secretariat,ORGANIZATION
41,reported,O
41,different,O
41,age,O
41,groups,O
41,.,O
41,which,O
41,im,O
41,‐,O
41,paired,O
41,the,O
41,comparisons,O
41,among,O
41,them,O
41,.,O
41,We,O
41,concluded,O
41,that,O
41,there,O
41,is,O
41,a,O
41,high,O
41,prevalence,O
41,of,O
41,comorbidities,O
41,among,O
41,deaths,O
41,by,O
41,COVID,O
41,‐,O
41,19,NUMBER
41,.,O
41,af,O
41,‐,O
41,fecting,O
41,mainly,O
41,men,O
41,aged,O
41,over,O
41,60,DURATION
41,years,DURATION
41,.,O
41,The,O
41,group,O
41,of,O
41,chronic,O
41,heart,O
41,diseases,CAUSE_OF_DEATH
41,and,O
41,diabetes,CAUSE_OF_DEATH
41,were,O
41,the,O
41,main,O
41,comorbidities,O
41,among,O
41,these,O
41,pa,O
41,‐,O
41,tients,O
41,and,O
41,this,O
41,is,O
41,relevant,O
41,considering,O
41,the,O
41,possible,O
41,adverse,O
41,ef,O
41,‐,O
41,fects,O
41,produced,O
41,by,O
41,drugs,CRIMINAL_CHARGE
41,such,O
41,as,O
41,hydroxychloroquine,O
41,.,O
41,On,O
41,the,O
41,other,O
41,hand,O
41,.,O
41,we,O
41,recommend,O
41,conducting,O
41,studies,O
41,based,O
41,on,O
41,medical,O
41,records,O
41,analyzes,O
41,.,O
41,with,O
41,the,O
41,purpose,O
41,of,O
41,knowing,O
41,specifically,O
41,the,O
41,proportion,O
41,of,O
41,each,O
41,heart,CAUSE_OF_DEATH
41,disease,CAUSE_OF_DEATH
41,in,O
41,patients,O
41,affected,O
41,by,O
41,COVID,O
41,‐,O
41,19,NUMBER
41,.,O
41,Acknowl,O
41,‐,O
41,edging,O
41,such,O
41,factors,O
41,may,O
41,help,O
41,to,O
41,better,O
41,defining,O
41,the,O
41,risks,O
41,of,O
41,death,O
41,among,O
41,these,O
41,COVID,O
41,‐,O
41,19,NUMBER
41,patients,O
41,.,O
41,enabling,O
41,a,O
41,more,O
41,targeted,O
41,and,O
41,specific,O
41,approach,O
41,to,O
41,avoid,O
41,probable,O
41,deaths,O
41,.,O
41,In,O
41,a,O
41,scenario,O
41,without,O
41,effective,O
41,antivirals,O
41,or,O
41,vaccines,O
41,available,O
41,.,O
41,governments,O
41,should,O
41,apply,O
41,continuous,O
41,countermeasures,O
41,for,O
41,different,O
41,pandemic,O
41,situa,O
41,‐,O
41,tions,O
41,to,O
41,reduce,O
41,mortality,O
41,.,O
41,especially,O
41,in,O
41,States,LOCATION
41,with,O
41,high,O
41,per,O
41,‐,O
41,centages,O
41,of,O
41,ICU,O
41,hospitalization,O
41,and,O
41,deaths,O
41,.,O
41,AUTHORS,O
41,CONTRIBU,O
41,‐,O
41,TIONS,O
41,JP,O
41,.,O
41,AJSA,ORGANIZATION
41,.,O
41,GTS,O
41,.,O
41,BTA,ORGANIZATION
41,.,O
41,MSMA,ORGANIZATION
41,and,O
41,FGL,O
41,contributed,O
41,to,O
41,data,O
41,col,O
41,‐,O
41,lection,O
41,and,O
41,analysis,O
41,.,O
41,and,O
41,drafting,O
41,the,O
41,first,ORDINAL
41,version,O
41,conception,O
41,and,O
41,design,O
41,.,O
41,data,O
41,analysis,O
41,and,O
41,interpretation,O
41,.,O
41,themselves,O
41,respon,O
41,‐,O
41,sible,O
41,for,O
41,all,O
41,aspects,O
41,of,O
41,the,O
41,work,O
41,.,O
41,guaranteeing,O
41,their,O
41,accuracy,O
41,and,O
41,integrity,O
41,.,O
41,CONFLICT,O
41,OF,O
41,INTERESTS,O
41,1,NUMBER
41,.,O
41,World,O
41,Health,O
41,Organiza,O
41,‐,O
41,tion,O
41,.,O
41,Coronavirus,O
41,disease,CAUSE_OF_DEATH
41,2019,DATE
41,(,O
41,COVID,O
41,‐,O
41,19,NUMBER
41,),O
41,:,O
41,situation,O
41,report,O
41,124,NUMBER
41,.,O
41,[,O
41,cited,O
41,2020,DATE
41,Jun,DATE
41,22,DATE
41,],O
41,.,O
41,2,NUMBER
41,.,O
41,Gorbalenya,ORGANIZATION
41,AE,ORGANIZATION
41,.,O
41,Baker,PERSON
41,SC,STATE_OR_PROVINCE
41,.,O
41,Baric,PERSON
41,RS,O
41,.,O
41,de,O
41,Groot,O
41,RJ,O
41,.,O
41,Drosten,PERSON
41,C,O
41,.,O
41,Gulyaeva,O
41,AA,O
41,.,O
41,et,O
41,al,O
41,.,O
41,The,O
41,species,O
41,severe,O
41,acute,O
41,respiratory,O
41,Chronic,O
41,heart,CAUSE_OF_DEATH
41,diseases,CAUSE_OF_DEATH
41,as,O
41,the,O
41,most,O
41,prevalent,O
41,comor,O
41,‐,O
41,bidities,O
41,among,O
41,deaths,O
41,by,O
41,COVID,O
41,‐,O
41,19,NUMBER
41,in,O
41,Brazil,COUNTRY
41,syndrome,O
41,‐,O
41,related,O
41,coronavirus,O
41,:,O
41,classifying,O
41,2019,DATE
41,‐,O
41,nCoV,O
41,and,O
41,11,NUMBER
41,.,O
41,Korean,NATIONALITY
41,Society,O
41,of,O
41,In,O
41,‐,O
41,fectious,O
41,Diseases,CAUSE_OF_DEATH
41,.,O
41,Korea,ORGANIZATION
41,Centers,ORGANIZATION
41,for,O
41,naming,O
41,it,O
41,SARS,O
41,‐,O
41,CoV,O
41,‐,O
41,2,NUMBER
41,.,O
41,Nat,PERSON
41,Microbiol,O
41,.,O
41,2020,DATE
41,;,O
41,5:536,NUMBER
41,‐,O
41,44,NUMBER
41,.,O
41,Disease,ORGANIZATION
41,Control,ORGANIZATION
41,and,ORGANIZATION
41,Prevention,ORGANIZATION
41,.,O
41,Analy,O
41,‐,O
41,sis,O
41,on,O
41,54,NUMBER
41,mortality,O
41,3,NUMBER
41,.,O
41,Chan,RELIGION
41,JF,O
41,.,O
41,Yuan,PERSON
41,S,PERSON
41,.,O
41,Kok,PERSON
41,KH,O
41,.,O
41,To,ORGANIZATION
41,KK,ORGANIZATION
41,.,O
41,Chu,PERSON
41,H,PERSON
41,.,O
41,Yang,PERSON
41,J,PERSON
41,.,O
41,et,O
41,al,O
41,.,O
41,A,O
41,familial,O
41,cluster,O
41,of,O
41,pneumonia,CAUSE_OF_DEATH
41,associated,O
41,with,O
41,the,O
41,2019,DATE
41,novel,O
41,from,O
41,January,DATE
41,19,DATE
41,to,O
41,March,DATE
41,10,DATE
41,.,DATE
41,2020,DATE
41,.,O
41,J,O
41,Korean,NATIONALITY
41,Med,O
41,Sci,O
41,.,O
41,coronavirus,O
41,indicatingperson,O
41,‐,O
41,to,O
41,‐,O
41,person,O
41,transmission,O
41,:,O
41,a,O
41,study,O
41,of,O
41,a,O
41,family,O
41,cluster,O
41,.,O
41,Lancet,O
41,.,O
41,2020,DATE
41,;,O
41,395:514,NUMBER
41,‐,O
41,23,NUMBER
41,.,O
41,4,NUMBER
41,.,O
41,Cai,PERSON
41,H.,PERSON
41,Sex,O
41,difference,O
41,and,O
41,smoking,CAUSE_OF_DEATH
41,predisposition,O
41,in,O
41,patients,O
41,with,O
41,COVID,O
41,‐,O
41,19,NUMBER
41,.,O
41,Lancet,O
41,Respir,O
41,Med,O
41,.,O
41,2020,DATE
41,;,O
41,8,NUMBER
41,:,O
41,e20,O
41,.,O
41,5,NUMBER
41,.,O
41,Chen,O
41,N,O
41,.,O
41,Zhou,PERSON
41,M,PERSON
41,.,O
41,Dong,PERSON
41,X,O
41,.,O
41,Qu,O
41,J,O
41,.,O
41,Gong,O
41,F,O
41,.,O
41,Han,O
41,Y,O
41,.,O
41,et,O
41,al,O
41,.,O
41,Epidemiological,O
41,and,O
41,clinical,O
41,characteristics,O
41,of,O
41,99,NUMBER
41,cases,O
41,of,O
41,2019,DATE
41,novel,O
41,coronavirus,O
41,pneumonia,CAUSE_OF_DEATH
41,in,O
41,Wuhan,CITY
41,.,O
41,China,COUNTRY
41,:,O
41,a,O
41,descriptive,O
41,study,O
41,.,O
41,Lancet,O
41,.,O
41,2020,DATE
41,;,O
41,395:507,NUMBER
41,‐,O
41,13,NUMBER
41,.,O
41,6,NUMBER
41,.,O
41,Wang,PERSON
41,D,PERSON
41,.,O
41,Hu,O
41,B,O
41,.,O
41,Hu,O
41,C,O
41,.,O
41,Zhu,PERSON
41,F,PERSON
41,.,O
41,Liu,PERSON
41,X,PERSON
41,.,O
41,Zhang,PERSON
41,J,PERSON
41,.,O
41,et,O
41,al,O
41,.,O
41,Clinical,O
41,characteristics,O
41,of,O
41,138,NUMBER
41,hospitalized,O
41,patients,O
41,with,O
41,2019,DATE
41,novel,O
41,coronavirus,O
41,‐,O
41,infected,O
41,pneumonia,CAUSE_OF_DEATH
41,in,O
41,Wuhan,CITY
41,.,O
41,China,COUNTRY
41,.,O
41,JAMA,ORGANIZATION
41,.,O
41,7,NUMBER
41,.,O
41,Yang,PERSON
41,J,PERSON
41,.,O
41,Zheng,O
41,Y,O
41,.,O
41,Gou,PERSON
41,X,PERSON
41,.,O
41,Pu,PERSON
41,K,PERSON
41,.,O
41,Chen,PERSON
41,Z,PERSON
41,.,O
41,Guo,PERSON
41,Q,O
41,.,O
41,et,O
41,al,O
41,.,O
41,Prevalence,O
41,of,O
41,comor,O
41,‐,O
41,bidities,O
41,and,O
41,its,O
41,effects,O
41,in,O
41,coronavirus,O
41,disease,CAUSE_OF_DEATH
41,2019,DATE
41,8,DATE
41,.,O
41,Brasil,O
41,.,O
41,Ministrio,PERSON
41,da,PERSON
41,Sade,PERSON
41,.,O
41,Secretaria,O
41,de,O
41,Vigilncia,O
41,em,O
41,Sade,O
41,.,O
41,12,NUMBER
41,.,O
41,CDC,ORGANIZATION
41,COVID,O
41,‐,O
41,19,NUMBER
41,Response,O
41,Team,O
41,.,O
41,Preliminary,O
41,estimates,O
41,of,O
41,the,O
41,prevalence,O
41,of,O
41,selected,O
41,underlying,O
41,health,O
41,conditions,O
41,among,O
41,patients,O
41,with,O
41,coronavirus,O
41,disease,CAUSE_OF_DEATH
41,2019,DATE
41,‐,O
41,United,COUNTRY
41,States,COUNTRY
41,.,O
41,February,DATE
41,12,DATE
41,‐,O
41,March,DATE
41,28,DATE
41,.,O
41,2020,DATE
41,.,O
41,MMWR,O
41,Morb,O
41,Mortal,O
41,Wkly,O
41,13,NUMBER
41,.,O
41,Wang,PERSON
41,D,PERSON
41,.,O
41,Hu,O
41,B,O
41,.,O
41,Hu,O
41,C,O
41,.,O
41,Zhu,PERSON
41,F,O
41,.,O
41,Liu,PERSON
41,X,PERSON
41,.,O
41,Zhang,PERSON
41,J,PERSON
41,.,O
41,et,O
41,al,O
41,.,O
41,Clinical,O
41,characteristics,O
41,of,O
41,138,NUMBER
41,hospitalized,O
41,pa,O
41,‐,O
41,tients,O
41,with,O
41,2019,DATE
41,novel,O
41,coronavirus,O
41,‐,O
41,infected,O
41,pneumonia,CAUSE_OF_DEATH
41,in,O
41,Wuhan,CITY
41,.,O
41,China,COUNTRY
41,.,O
41,JAMA,ORGANIZATION
41,.,O
41,14,NUMBER
41,.,O
41,Du,O
41,Y,O
41,.,O
41,Tu,PERSON
41,L,PERSON
41,.,O
41,Zhu,PERSON
41,P,O
41,.,O
41,Mu,O
41,M,O
41,.,O
41,Wang,PERSON
41,R,PERSON
41,.,O
41,Yang,PERSON
41,P,O
41,.,O
41,et,O
41,al,O
41,.,O
41,Clinical,O
41,features,O
41,of,O
41,85,NUMBER
41,fatal,O
41,cases,O
41,of,O
41,COVID,O
41,‐,O
41,19,NUMBER
41,from,O
41,Wuhan,CITY
41,:,O
41,a,O
41,retrospective,O
41,observational,O
41,study,O
41,.,O
41,Am,O
41,J,O
41,Respir,O
41,Crit,O
41,Care,O
41,Med,O
41,.,O
41,15,NUMBER
41,.,O
41,Wang,PERSON
41,B,PERSON
41,.,O
41,Li,PERSON
41,R,PERSON
41,.,O
41,Lu,PERSON
41,Z,PERSON
41,.,O
41,Huang,PERSON
41,Y.,O
41,Does,O
41,comorbidity,O
41,increase,O
41,the,O
41,risk,O
41,of,O
41,patients,O
41,with,O
41,COVID,O
41,‐,O
41,19,NUMBER
41,:,O
41,evidence,O
41,from,O
41,meta,O
41,‐,O
41,analysis,O
41,.,O
41,Ag,O
41,‐,O
41,ing,O
41,(,O
41,Albany,CITY
41,NY,STATE_OR_PROVINCE
41,),O
41,.,O
41,2020,DATE
41,;,O
41,12:6049,NUMBER
41,‐,O
41,57,NUMBER
41,.,O
41,Boletim,PERSON
41,Epidemiolgico,PERSON
41,Especial,PERSON
41,COE,O
41,‐,O
41,COVID19,O
41,.,O
41,Braslia,O
41,:,O
41,16,NUMBER
41,.,O
41,Espinosa,ORGANIZATION
41,OA,ORGANIZATION
41,.,O
41,Zanetti,PERSON
41,AS,STATE_OR_PROVINCE
41,.,O
41,Antunes,PERSON
41,EF,O
41,.,O
41,Longhi,PERSON
41,FG,PERSON
41,.,O
41,Matos,ORGANIZATION
41,TA,ORGANIZATION
41,.,O
41,Ministrio,ORGANIZATION
41,da,ORGANIZATION
41,Sade,ORGANIZATION
41,;,O
41,2020,DATE
41,.,O
41,[,O
41,cited,O
41,2020,DATE
41,Jun,PERSON
41,22,NUMBER
41,],O
41,.,O
41,Available,O
41,Battaglini,PERSON
41,PF,O
41,.,O
41,Prevalence,O
41,of,O
41,comorbidities,O
41,in,O
41,pa,O
41,‐,O
41,tients,O
41,and,O
41,9,NUMBER
41,.,O
41,Du,PERSON
41,RH,PERSON
41,.,O
41,Liu,ORGANIZATION
41,LM,ORGANIZATION
41,.,O
41,Yin,PERSON
41,W,PERSON
41,.,O
41,Wang,PERSON
41,W,PERSON
41,.,O
41,Guan,O
41,LL,O
41,.,O
41,Yuan,O
41,ML,O
41,.,O
41,et,O
41,al,O
41,.,O
41,17,NUMBER
41,.,O
41,Chatre,O
41,C,O
41,.,O
41,Roubille,O
41,F,O
41,.,O
41,Vernhet,O
41,H,O
41,.,O
41,Jorgensen,PERSON
41,C,O
41,.,O
41,Pers,O
41,YM,O
41,.,O
41,Hospitalization,O
41,and,O
41,critical,O
41,care,O
41,of,O
41,109,NUMBER
41,decedents,O
41,with,O
41,Cardiac,O
41,complications,CAUSE_OF_DEATH
41,attributed,O
41,to,O
41,chloroquine,O
41,and,O
41,COVID,O
41,‐,O
41,19,NUMBER
41,pneumonia,CAUSE_OF_DEATH
41,in,O
41,Wuhan,CITY
41,.,O
41,China,COUNTRY
41,.,O
41,Ann,PERSON
41,Am,PERSON
41,Thorac,PERSON
41,Soc,PERSON
41,.,O
41,2020,DATE
41,In,O
41,Press,O
41,.,O
41,Drug,O
41,Saf,O
41,.,O
41,2018,DATE
41,;,O
41,41:919,NUMBER
41,‐,O
41,31,NUMBER
41,.,O
41,10,NUMBER
41,.,O
41,Chen,O
41,T,O
41,.,O
41,Dai,PERSON
41,Z,PERSON
41,.,O
41,Mo,PERSON
41,P,PERSON
41,.,O
41,Li,PERSON
41,X,PERSON
41,.,O
41,Ma,O
41,Z,O
41,.,O
41,Song,O
41,S,O
41,.,O
41,et,O
41,al,O
41,.,O
41,Clinical,O
41,18,NUMBER
41,.,O
41,Boulware,PERSON
41,DR,PERSON
41,.,O
41,Pullen,PERSON
41,MF,PERSON
41,.,O
41,Bangdiwala,ORGANIZATION
41,AS,ORGANIZATION
41,.,O
41,Pastick,PERSON
41,KA,O
41,.,O
41,characteristics,O
41,and,O
41,outcomes,O
41,of,O
41,older,O
41,patients,O
41,with,O
41,coron,O
41,‐,O
41,avirus,O
41,Lofgren,ORGANIZATION
41,SM,ORGANIZATION
41,.,O
41,Okafor,ORGANIZATION
41,EC,ORGANIZATION
41,.,O
41,et,O
41,al,O
41,.,O
41,A,O
41,randomized,O
41,trial,O
41,of,O
41,dis,O
41,‐,O
41,ease,O
41,2019,DATE
41,(,O
41,COVID,O
41,‐,O
41,19,NUMBER
41,),O
41,in,O
41,Wuhan,CITY
41,.,O
41,China,COUNTRY
41,(,O
41,2019,DATE
41,),O
41,:,O
41,a,O
41,single,O
41,‐,O
41,hydroxy,O
41,‐,O
41,chloroquine,O
41,as,O
41,postexposure,O
41,prophylaxis,O
41,for,O
41,Covid,O
41,‐,O
41,19,NUMBER
41,.,O
41,centered,O
41,.,O
41,retrospective,O
41,study,O
41,.,O
41,J,PERSON
41,Gerontol,PERSON
41,A,PERSON
41,Biol,PERSON
41,Sci,PERSON
41,Med,PERSON
41,Sci,PERSON
41,.,O
41,N,O
41,Engl,PERSON
41,J,PERSON
41,Med,O
41,.,O
41,2020,DATE
41,In,O
41,Press,O
41,.,O
41,2020,DATE
41,:,O
41,glaa089,NUMBER
41,In,O
41,Press,O
41,.,O
