55,Original,O
55,Research,O
55,Behavioral,O
55,Sciences,O
55,How,O
55,does,O
55,the,O
55,quarantine,O
55,re,O
55,‐,O
55,sulting,O
55,from,O
55,COVID,O
55,‐,O
55,19,NUMBER
55,impact,O
55,dental,O
55,appointments,O
55,and,O
55,patient,O
55,anx,O
55,‐,O
55,iety,O
55,levels,O
55,?,O
55,Renan,PERSON
55,Morais,PERSON
55,PELOSO,PERSON
55,(,O
55,a,O
55,),O
55,Nubia,PERSON
55,Inocencya,PERSON
55,Pavesi,PERSON
55,PI,O
55,‐,O
55,NI,MISC
55,(,O
55,b,O
55,),O
55,Daniel,PERSON
55,SUNDFELD,PERSON
55,NETO,PERSON
55,(,O
55,b,O
55,),O
55,Aline,PERSON
55,Akemi,PERSON
55,MORI,PERSON
55,(,O
55,b,O
55,),O
55,Renata,PERSON
55,Cristina,PERSON
55,Gobbi,PERSON
55,de,PERSON
55,Fabricio,PERSON
55,Pinelli,PERSON
55,VALARELLI,PERSON
55,(,O
55,a,O
55,),O
55,Karina,LOCATION
55,Maria,PERSON
55,Salvatore,PERSON
55,FREITAS,PERSON
55,(,O
55,a,O
55,),O
55,Centro,ORGANIZATION
55,Universitrio,ORGANIZATION
55,Ing,ORGANIZATION
55,Uning,ORGANIZATION
55,.,O
55,Or,O
55,‐,O
55,thodontics,O
55,.,O
55,Maring,PERSON
55,.,O
55,PR,STATE_OR_PROVINCE
55,.,O
55,Brazil,COUNTRY
55,.,O
55,of,O
55,Odontology,O
55,.,O
55,Department,O
55,of,O
55,Prosthetic,O
55,Dentistry,O
55,.,O
55,Maring,PERSON
55,.,O
55,PR,STATE_OR_PROVINCE
55,.,O
55,Brazil,COUNTRY
55,.,O
55,associative,O
55,interest,O
55,that,O
55,represents,O
55,a,O
55,conflict,O
55,Karina,PERSON
55,Maria,PERSON
55,Salvatore,PERSON
55,Freitas,PERSON
55,Ab,PERSON
55,‐,PERSON
55,stract,O
55,:,O
55,The,O
55,present,DATE
55,study,O
55,sought,O
55,to,O
55,evaluate,O
55,the,O
55,impact,O
55,of,O
55,quar,O
55,‐,O
55,antine,O
55,resulting,O
55,from,O
55,the,O
55,coronavirus,O
55,disease,CAUSE_OF_DEATH
55,2019,DATE
55,(,O
55,COVID,O
55,‐,O
55,19,NUMBER
55,),O
55,pandemic,O
55,on,O
55,dental,O
55,appointments,O
55,and,O
55,patients,O
55,positions,O
55,and,O
55,con,O
55,‐,O
55,cerns,O
55,regarding,O
55,their,O
55,ongoing,O
55,dental,O
55,treatment,O
55,.,O
55,Patients,O
55,from,O
55,re,O
55,‐,O
55,garding,O
55,their,O
55,treatment,O
55,.,O
55,availability,O
55,and,O
55,willingness,O
55,to,O
55,attend,O
55,dental,O
55,appointments,O
55,.,O
55,and,O
55,concerns,O
55,about,O
55,contamination,O
55,.,O
55,Descrip,O
55,‐,O
55,tive,O
55,statistics,O
55,of,O
55,the,O
55,responses,O
55,were,O
55,performed,O
55,with,O
55,percentages,O
55,and,O
55,responses,O
55,were,O
55,compared,O
55,between,O
55,sexes,O
55,.,O
55,regions,O
55,.,O
55,and,O
55,other,O
55,as,O
55,‐,O
55,pects,O
55,using,O
55,the,O
55,chi,O
55,‐,O
55,squared,O
55,test,O
55,.,O
55,Five,NUMBER
55,hundred,NUMBER
55,ninety,NUMBER
55,‐,O
55,five,NUMBER
55,pa,O
55,‐,O
55,tients,O
55,(,O
55,412,NUMBER
55,females,O
55,and,O
55,183,NUMBER
55,males,O
55,;,O
55,mean,O
55,age,O
55,:,O
55,38.21,DURATION
55,years,DURATION
55,),O
55,an,O
55,‐,O
55,swered,O
55,the,O
55,questionnaire,O
55,.,O
55,Most,O
55,patients,O
55,reported,O
55,they,O
55,were,O
55,re,O
55,‐,O
55,ceiving,O
55,dental,O
55,treatment,O
55,(,O
55,orthodontics,O
55,),O
55,and,O
55,would,O
55,attend,O
55,to,O
55,a,O
55,dental,O
55,appointment,O
55,;,O
55,meanwhile,O
55,.,O
55,those,O
55,patients,O
55,not,O
55,receiving,O
55,treatment,O
55,would,O
55,not,O
55,attend,O
55,or,O
55,would,O
55,visit,O
55,only,O
55,in,O
55,the,O
55,case,O
55,of,O
55,an,O
55,emergency,O
55,.,O
55,Males,O
55,reported,O
55,to,O
55,be,O
55,calmer,O
55,than,O
55,females,O
55,.,O
55,who,O
55,were,O
55,more,O
55,anxious,O
55,and,O
55,afraid,O
55,;,O
55,as,O
55,such,O
55,.,O
55,males,O
55,reported,O
55,more,O
55,willing,O
55,to,O
55,go,O
55,a,O
55,dental,O
55,appointment,O
55,while,O
55,.,O
55,in,O
55,general,TITLE
55,.,O
55,females,O
55,were,O
55,not,O
55,wor,O
55,‐,O
55,ried,O
55,about,O
55,how,O
55,quarantine,O
55,could,O
55,affect,O
55,dental,O
55,treatment,O
55,.,O
55,Patients,O
55,actively,O
55,undergoing,O
55,treatment,O
55,and,O
55,orthodontic,O
55,patients,O
55,were,O
55,more,O
55,concerned,O
55,about,O
55,a,O
55,delay,O
55,in,O
55,treatment,O
55,.,O
55,There,O
55,was,O
55,a,O
55,significant,O
55,as,O
55,‐,O
55,sociation,O
55,between,O
55,feelings,O
55,about,O
55,the,O
55,COVID,O
55,‐,O
55,19,NUMBER
55,pandemic,O
55,and,O
55,the,O
55,level,O
55,of,O
55,willingness,O
55,to,O
55,attend,O
55,a,O
55,dental,O
55,appointment,O
55,.,O
55,The,O
55,quaran,O
55,‐,O
55,tine,O
55,recommended,O
55,due,O
55,to,O
55,the,O
55,COVID,O
55,‐,O
55,19,NUMBER
55,pandemic,O
55,was,O
55,shown,O
55,to,O
55,have,O
55,an,O
55,impact,O
55,on,O
55,dental,O
55,appointments,O
55,and,O
55,the,O
55,anxiety,O
55,levels,O
55,of,O
55,pa,O
55,‐,O
55,tients,O
55,.,O
55,since,O
55,there,O
55,was,O
55,a,O
55,significant,O
55,association,O
55,between,O
55,pa,O
55,‐,O
55,tients,O
55,feelings,O
55,and,O
55,their,O
55,willingness,O
55,to,O
55,attend,O
55,a,O
55,dental,O
55,appoint,O
55,‐,O
55,ment,O
55,.,O
55,Overall,O
55,.,O
55,patients,O
55,undergoing,O
55,dental,O
55,treatment,O
55,and,O
55,orthodon,O
55,‐,O
55,tics,O
55,were,O
55,more,O
55,willing,O
55,to,O
55,attend,O
55,an,O
55,appointment,O
55,and,O
55,were,O
55,more,O
55,concerned,O
55,about,O
55,an,O
55,increase,O
55,in,O
55,treatment,O
55,duration,O
55,.,O
55,Keywords,O
55,:,O
55,COVID,O
55,‐,O
55,19,NUMBER
55,;,O
55,Coronavirus,O
55,;,O
55,Infections,CAUSE_OF_DEATH
55,;,O
55,Dental,O
55,Care,O
55,.,O
55,Submitted,O
55,:,O
55,May,DATE
55,1,NUMBER
55,.,O
55,2020,DATE
55,Last,O
55,revision,O
55,:,O
55,June,DATE
55,18,DATE
55,.,DATE
55,2020,DATE
55,The,O
55,severe,O
55,acute,O
55,respiratory,O
55,syndrome,O
55,coronavirus,O
55,2,NUMBER
55,(,O
55,SARS,O
55,‐,O
55,CoV,O
55,‐,O
55,2,NUMBER
55,),O
55,virus,O
55,.,O
55,responsible,O
55,now,DATE
55,for,O
55,coronavirus,O
55,disease,CAUSE_OF_DEATH
55,2019,DATE
55,(,O
55,COVID,O
55,‐,O
55,19,NUMBER
55,),O
55,cases,O
55,worldwide,O
55,.,O
55,originated,O
55,in,O
55,Wuhan,CITY
55,.,O
55,China,COUNTRY
55,.,O
55,in,O
55,late,DATE
55,2019,DATE
55,and,O
55,.,O
55,some,O
55,months,DATE
55,later,DATE
55,.,O
55,the,O
55,World,O
55,Health,ORGANIZATION
55,Organization,ORGANIZATION
55,(,O
55,WHO,O
55,),O
55,labeled,O
55,the,O
55,virus,O
55,spread,O
55,across,O
55,the,O
55,globe,O
55,as,O
55,a,O
55,pandemic,O
55,.,O
55,The,O
55,risk,O
55,assessment,O
55,according,O
55,to,O
55,the,O
55,Braz,O
55,.,O
55,Oral,O
55,Res,O
55,.,O
55,2020,DATE
55,;,O
55,34,NUMBER
55,:,O
55,e084,NUMBER
55,How,O
55,does,O
55,the,O
55,quarantine,O
55,resulting,O
55,from,O
55,COVID,O
55,‐,O
55,19,NUMBER
55,impact,O
55,dental,O
55,appointments,O
55,and,O
55,patient,O
55,anxiety,O
55,levels,O
55,?,O
55,WHO,O
55,for,O
55,COVID,O
55,‐,O
55,19,NUMBER
55,.,O
55,a,O
55,viral,O
55,infection,CAUSE_OF_DEATH
55,caused,O
55,by,O
55,SARS,O
55,‐,O
55,CoV,O
55,‐,O
55,2,NUMBER
55,.,O
55,is,O
55,very,O
55,high,O
55,.,O
55,with,O
55,a,O
55,global,O
55,impact,O
55,.,O
55,As,O
55,of,O
55,April,DATE
55,12,DATE
55,.,DATE
55,2020,DATE
55,.,O
55,there,O
55,were,O
55,1.696.588,NUMBER
55,confirmed,O
55,cases,O
55,of,O
55,COVID,O
55,‐,O
55,19,NUMBER
55,.,O
55,including,O
55,105.952,NUMBER
55,deaths,O
55,.,O
55,reported,O
55,by,O
55,the,O
55,WHO,O
55,.1,NUMBER
55,To,O
55,date,O
55,.,O
55,the,O
55,countries,O
55,that,O
55,have,O
55,suffered,O
55,the,O
55,most,O
55,from,O
55,the,O
55,COVID,O
55,‐,O
55,19,NUMBER
55,pandemic,O
55,include,O
55,China,COUNTRY
55,.,O
55,Italy,COUNTRY
55,.,O
55,Spain,COUNTRY
55,.,O
55,the,O
55,United,COUNTRY
55,Kingdom,COUNTRY
55,.,O
55,and,O
55,the,O
55,United,COUNTRY
55,States,COUNTRY
55,.,O
55,Infection,CAUSE_OF_DEATH
55,control,O
55,measures,O
55,are,O
55,being,O
55,designed,O
55,and,O
55,world,O
55,to,O
55,prevent,O
55,the,O
55,virus,O
55,from,O
55,further,O
55,spreading,O
55,and,O
55,to,O
55,help,O
55,in,O
55,controlling,O
55,the,O
55,pandemic,O
55,situa,O
55,‐,O
55,tion,O
55,.2,NUMBER
55,Many,O
55,of,O
55,these,O
55,countries,O
55,have,O
55,implemented,O
55,strategies,O
55,to,O
55,slow,O
55,the,O
55,expansion,O
55,and,O
55,infection,CAUSE_OF_DEATH
55,of,O
55,SARS,O
55,‐,O
55,CoV,O
55,‐,O
55,2,NUMBER
55,.,O
55,including,O
55,the,O
55,provision,O
55,of,O
55,virus,O
55,tests,O
55,.,O
55,extreme,O
55,social,O
55,isolation,O
55,.,O
55,localized,O
55,quarantines,O
55,.,O
55,and,O
55,the,O
55,monitoring,O
55,of,O
55,the,O
55,most,O
55,vulnerable,O
55,popula,O
55,‐,O
55,tions,O
55,;,O
55,the,O
55,measures,O
55,taken,O
55,are,O
55,largely,O
55,guided,O
55,by,O
55,the,O
55,official,O
55,WHO,O
55,website,O
55,based,O
55,on,O
55,the,O
55,number,O
55,of,O
55,cases,O
55,in,O
55,each,O
55,country,O
55,.3,NUMBER
55,Given,O
55,the,O
55,SARS,O
55,‐,O
55,CoV,O
55,‐,O
55,2,NUMBER
55,virus,O
55,may,O
55,easily,O
55,infect,O
55,an,O
55,individual,O
55,through,O
55,contact,O
55,with,O
55,secretions,O
55,or,O
55,aerosols,O
55,and,O
55,.,O
55,due,O
55,to,O
55,the,O
55,characteristics,O
55,of,O
55,dental,O
55,care,O
55,.,O
55,the,O
55,risk,O
55,of,O
55,cross,O
55,‐,O
55,infection,CAUSE_OF_DEATH
55,between,O
55,patients,O
55,and,O
55,dental,O
55,practitioners,O
55,is,O
55,high,O
55,.4,NUMBER
55,To,O
55,limit,O
55,the,O
55,advance,O
55,of,O
55,the,O
55,COVID,O
55,‐,O
55,19,NUMBER
55,.,O
55,the,O
55,adoption,O
55,of,O
55,strict,O
55,and,O
55,effective,O
55,infection,CAUSE_OF_DEATH
55,control,O
55,protocols,O
55,is,O
55,urgent,O
55,.,O
55,In,O
55,this,O
55,sense,O
55,.,O
55,besides,O
55,the,O
55,recommendations,O
55,for,O
55,good,O
55,hand,O
55,hygiene,O
55,and,O
55,the,O
55,importance,O
55,of,O
55,thorough,O
55,disinfection,O
55,of,O
55,all,O
55,surfaces,O
55,of,O
55,the,O
55,dental,O
55,clinics,O
55,.5.6,O
55,guidelines,O
55,and,O
55,recom,O
55,‐,O
55,mendations,O
55,for,O
55,the,O
55,management,O
55,of,O
55,dental,O
55,practitioners,O
55,and,O
55,stu,O
55,‐,O
55,dents,O
55,are,O
55,necessary,O
55,.4,NUMBER
55,In,O
55,many,O
55,places,O
55,at,O
55,this,O
55,time,O
55,.,O
55,dentists,O
55,are,O
55,not,O
55,allowed,O
55,to,O
55,provide,O
55,conventional,O
55,dental,O
55,treatment,O
55,.,O
55,being,O
55,in,O
55,‐,O
55,stead,O
55,restricted,O
55,to,O
55,only,O
55,handling,O
55,urgencies,O
55,a,O
55,nd,O
55,emergencies,O
55,.,O
55,Elsewhere,O
55,.,O
55,qua,O
55,ra,O
55,nt,O
55,i,O
55,ne,O
55,is,O
55,recommended,O
55,but,O
55,dental,O
55,offices,O
55,are,O
55,still,O
55,able,O
55,to,O
55,stay,O
55,open,O
55,while,O
55,following,O
55,the,O
55,recommendations,O
55,of,O
55,the,O
55,federal,O
55,board,O
55,of,O
55,dentistry,O
55,and,O
55,national,O
55,dental,O
55,associations,O
55,.7,NUMBER
55,Amid,O
55,this,O
55,situation,O
55,.,O
55,patients,O
55,remain,O
55,uncertain,O
55,about,O
55,whether,O
55,to,O
55,attend,O
55,their,O
55,dental,O
55,appointments,O
55,or,O
55,not,O
55,.,O
55,However,O
55,.,O
55,little,O
55,is,O
55,known,O
55,about,O
55,this,O
55,feeling,O
55,and,O
55,the,O
55,level,O
55,of,O
55,anxiety,O
55,experienced,O
55,by,O
55,pa,O
55,‐,O
55,tients,O
55,regarding,O
55,the,O
55,continuity,O
55,or,O
55,interruption,O
55,of,O
55,dental,O
55,treat,O
55,‐,O
55,ment,O
55,and,O
55,the,O
55,resulting,O
55,impact,O
55,.,O
55,as,O
55,we,O
55,are,O
55,facing,O
55,a,O
55,new,O
55,situation,O
55,not,O
55,experienced,O
55,previously,DATE
55,by,O
55,any,O
55,of,O
55,us,O
55,.,O
55,Braz,PERSON
55,.,O
55,Oral,O
55,Res,O
55,.,O
55,2020,DATE
55,;,O
55,34,NUMBER
55,:,O
55,e084,NUMBER
55,This,O
55,study,O
55,therefore,O
55,aimed,O
55,to,O
55,assess,O
55,the,O
55,impact,O
55,of,O
55,quarantine,O
55,due,O
55,to,O
55,the,O
55,COVID,O
55,‐,O
55,19,NUMBER
55,pandemic,O
55,on,O
55,dental,O
55,care,O
55,and,O
55,ap,O
55,‐,O
55,pointments,O
55,and,O
55,clarify,O
55,patients,O
55,positions,O
55,and,O
55,concerns,O
55,about,O
55,their,O
55,ongoing,O
55,dental,O
55,treatments,O
55,.,O
55,This,O
55,study,O
55,was,O
55,approved,O
55,by,O
55,the,O
55,Ethics,O
55,Research,O
55,A,O
55,sample,O
55,‐,O
55,size,O
55,calculation,O
55,for,O
55,the,O
55,included,O
55,survey,O
55,was,O
55,performed,O
55,considering,O
55,the,O
55,total,O
55,of,O
55,2.000,NUMBER
55,patients,O
55,of,O
55,five,NUMBER
55,private,O
55,dental,O
55,clinics,O
55,.,O
55,with,O
55,a,O
55,margin,O
55,of,O
55,error,O
55,of,O
55,5,PERCENT
55,%,PERCENT
55,and,O
55,a,O
55,confi,O
55,‐,O
55,dence,O
55,level,O
55,of,O
55,95,PERCENT
55,%,PERCENT
55,.,O
55,The,O
55,results,O
55,showed,O
55,the,O
55,need,O
55,for,O
55,at,O
55,least,O
55,323,NUMBER
55,responses,O
55,.,O
55,An,O
55,informative,O
55,survey,O
55,by,O
55,which,O
55,patients,O
55,could,O
55,report,O
55,how,O
55,they,O
55,were,O
55,feeling,O
55,about,O
55,the,O
55,pandemic,O
55,and,O
55,how,O
55,anxious,O
55,they,O
55,were,O
55,about,O
55,their,O
55,oral,O
55,health,O
55,and,O
55,dental,O
55,treatment,O
55,plan,O
55,was,O
55,devel,O
55,‐,O
55,oped,O
55,.,O
55,A,O
55,Google,ORGANIZATION
55,Forms,O
55,questionnaire,O
55,(,O
55,Google,ORGANIZATION
55,LLC,ORGANIZATION
55,.,O
55,Mountain,O
55,View,O
55,.,O
55,CA,STATE_OR_PROVINCE
55,.,O
55,USA,COUNTRY
55,),O
55,was,O
55,sent,O
55,to,O
55,1.000,NUMBER
55,randomly,O
55,selected,O
55,patients,O
55,of,O
55,private,O
55,dental,O
55,clinics,O
55,from,O
55,the,O
55,clinicians,O
55,A.,O
55,A.,O
55,M.,O
55,.,O
55,K.,PERSON
55,M.,PERSON
55,S.,PERSON
55,F.,PERSON
55,.,O
55,F.,PERSON
55,P.,PERSON
55,V.,O
55,.,O
55,N.,PERSON
55,I.,PERSON
55,P.,PERSON
55,P.,PERSON
55,.,O
55,and,O
55,R.,PERSON
55,C.,PERSON
55,G.,PERSON
55,O.,PERSON
55,.,O
55,located,O
55,mainly,O
55,in,O
55,three,NUMBER
55,metro,O
55,‐,O
55,politan,O
55,cities,O
55,of,O
55,three,NUMBER
55,different,O
55,regions,O
55,of,O
55,Brazil,COUNTRY
55,:,O
55,Maring,PERSON
55,.,O
55,Paran,O
55,(,O
55,in,O
55,the,O
55,south,O
55,),O
55,;,O
55,Bauru,CITY
55,.,O
55,So,O
55,Paulo,O
55,(,O
55,in,O
55,the,O
55,southeast,O
55,),O
55,;,O
55,and,O
55,Porto,CITY
55,Velho,CITY
55,.,O
55,Rondnia,PERSON
55,(,O
55,in,O
55,the,O
55,north,O
55,),O
55,.,O
55,The,O
55,link,O
55,with,O
55,the,O
55,question,O
55,‐,O
55,naire,O
55,was,O
55,sent,O
55,by,O
55,WhatsApp,PERSON
55,Messenger,PERSON
55,(,O
55,WhatsApp,ORGANIZATION
55,Inc.,ORGANIZATION
55,.,O
55,Menlo,CITY
55,Park,CITY
55,.,O
55,CA,STATE_OR_PROVINCE
55,.,O
55,USA,COUNTRY
55,),O
55,only,O
55,once,DATE
55,.,O
55,Patients,O
55,also,O
55,had,O
55,support,O
55,for,O
55,doubts,O
55,regard,O
55,‐,O
55,ing,O
55,the,O
55,questions,O
55,and,O
55,answers,O
55,.,O
55,if,O
55,needed,O
55,.,O
55,Patients,O
55,and,O
55,their,O
55,re,O
55,‐,O
55,spective,O
55,doctors,O
55,were,O
55,not,O
55,identified,O
55,.,O
55,Eligible,O
55,patients,O
55,were,O
55,those,O
55,older,O
55,than,O
55,18,DURATION
55,years,DURATION
55,of,O
55,age,O
55,and,O
55,who,O
55,agreed,O
55,to,O
55,participate,O
55,when,O
55,answering,O
55,the,O
55,questionnaire,O
55,.,O
55,Participants,O
55,answered,O
55,ques,O
55,‐,O
55,tions,O
55,about,O
55,their,O
55,age,O
55,.,O
55,sex,O
55,.,O
55,the,O
55,city,O
55,in,O
55,which,O
55,they,O
55,live,O
55,.,O
55,whether,O
55,they,O
55,had,O
55,any,O
55,symptoms,O
55,related,O
55,to,O
55,COVID,O
55,‐,O
55,19,NUMBER
55,.,O
55,and,O
55,whether,O
55,or,O
55,not,O
55,they,O
55,were,O
55,undergoing,O
55,dental,O
55,treatment,O
55,andif,O
55,yeswhich,O
55,specialty,O
55,(,O
55,e.g.,O
55,.,O
55,orthodontic,O
55,.,O
55,restorative,O
55,),O
55,.,O
55,In,O
55,addition,O
55,.,O
55,they,O
55,reported,O
55,whether,O
55,or,O
55,not,O
55,their,O
55,dentist,TITLE
55,had,O
55,gotten,O
55,in,O
55,touch,O
55,to,O
55,schedule,O
55,an,O
55,appointment,O
55,or,O
55,return,O
55,.,O
55,if,O
55,they,O
55,would,O
55,agree,O
55,to,O
55,go,O
55,.,O
55,or,O
55,if,O
55,they,O
55,would,O
55,only,O
55,go,O
55,in,O
55,the,O
55,case,O
55,of,O
55,an,O
55,emergency,O
55,and,O
55,what,O
55,were,O
55,their,O
55,concerns,O
55,both,O
55,about,O
55,attending,O
55,a,O
55,dental,O
55,appointment,O
55,and,O
55,how,O
55,quar,O
55,‐,O
55,antine,O
55,might,O
55,affect,O
55,their,O
55,dental,O
55,treatment,O
55,Peloso,O
55,RM,O
55,.,O
55,Pini,PERSON
55,NIP,O
55,.,O
55,Sundfeld,PERSON
55,Neto,PERSON
55,D,O
55,.,O
55,Mori,O
55,AA,O
55,.,O
55,Oliveria,ORGANIZATION
55,RCG,ORGANIZATION
55,.,O
55,Valarelli,ORGANIZATION
55,FP,ORGANIZATION
55,.,O
55,Freitas,PERSON
55,KMS,PERSON
55,The,O
55,questionnaire,O
55,was,O
55,available,O
55,for,O
55,use,O
55,for,O
55,only,O
55,48,DURATION
55,hours,DURATION
55,.,O
55,in,O
55,an,O
55,early,O
55,stage,O
55,of,O
55,the,O
55,pandemic,O
55,.,O
55,Responses,O
55,were,O
55,obtained,O
55,and,O
55,tabulat,O
55,‐,O
55,ed,O
55,in,O
55,Excel,O
55,(,O
55,Microsoft,ORGANIZATION
55,Corp.,ORGANIZATION
55,.,O
55,Redmond,PERSON
55,.,O
55,USA,COUNTRY
55,),O
55,for,O
55,statistical,O
55,anal,O
55,‐,O
55,ysis,O
55,.,O
55,Braz,PERSON
55,.,O
55,Oral,O
55,Res,O
55,.,O
55,2020,DATE
55,;,O
55,34,NUMBER
55,:,O
55,e084,NUMBER
55,How,O
55,does,O
55,the,O
55,quarantine,O
55,re,O
55,‐,O
55,sulting,O
55,from,O
55,COVID,O
55,‐,O
55,19,NUMBER
55,impact,O
55,dental,O
55,appointments,O
55,and,O
55,patient,O
55,anx,O
55,‐,O
55,iety,O
55,levels,O
55,?,O
55,To,O
55,test,O
55,the,O
55,reliability,O
55,of,O
55,the,O
55,answers,O
55,to,O
55,the,O
55,ques,O
55,‐,O
55,tionnaire,O
55,.,O
55,question,O
55,9,NUMBER
55,was,O
55,repeated,O
55,twice,O
55,in,O
55,the,O
55,survey,O
55,.,O
55,This,O
55,question,O
55,was,O
55,chosen,O
55,for,O
55,repetition,O
55,because,O
55,it,O
55,has,O
55,only,O
55,three,NUMBER
55,re,O
55,‐,O
55,sponses,O
55,.,O
55,including,O
55,yes,O
55,or,O
55,no,O
55,.,O
55,and,O
55,was,O
55,a,O
55,critical,O
55,and,O
55,important,O
55,question,O
55,in,O
55,the,O
55,survey,O
55,.,O
55,This,O
55,allowed,O
55,us,O
55,to,O
55,calculate,O
55,an,O
55,intra,O
55,‐,O
55,class,O
55,correlation,O
55,coefficient,O
55,of,O
55,0.86,NUMBER
55,.,O
55,suggesting,O
55,excellent,O
55,agreement,O
55,.,O
55,Statistical,O
55,analysis,O
55,Descriptive,O
55,statistics,O
55,of,O
55,the,O
55,responses,O
55,were,O
55,performed,O
55,.,O
55,with,O
55,percentages,O
55,.,O
55,Comparisons,O
55,of,O
55,pa,O
55,‐,O
55,tients,O
55,undergoing,O
55,dental,O
55,treatment,O
55,or,O
55,not,O
55,and,O
55,orthodontic,O
55,pa,O
55,‐,O
55,tients,O
55,versus,O
55,those,O
55,receiving,O
55,treatment,O
55,from,O
55,other,O
55,specialties,O
55,both,O
55,between,O
55,the,O
55,sexes,O
55,and,O
55,among,O
55,the,O
55,three,NUMBER
55,regions,O
55,where,O
55,the,O
55,pa,O
55,‐,O
55,tients,O
55,live,O
55,were,O
55,conducted,O
55,using,O
55,the,O
55,chi,O
55,‐,O
55,squared,O
55,test,O
55,.,O
55,To,O
55,check,O
55,the,O
55,presence,O
55,of,O
55,an,O
55,association,O
55,between,O
55,feelings,O
55,about,O
55,quarantine,O
55,and,O
55,the,O
55,COVID,O
55,‐,O
55,19,NUMBER
55,pandemic,O
55,and,O
55,willingness,O
55,to,O
55,go,O
55,to,O
55,a,O
55,dental,O
55,ap,O
55,‐,O
55,pointment,O
55,.,O
55,the,O
55,chi,O
55,‐,O
55,square,O
55,test,O
55,was,O
55,applied,O
55,.,O
55,Statistical,O
55,analysis,O
55,was,O
55,performed,O
55,with,O
55,the,O
55,Statistica,O
55,version,O
55,10.0,NUMBER
55,software,O
55,program,O
55,(,O
55,Statsoft,ORGANIZATION
55,.,ORGANIZATION
55,Inc.,ORGANIZATION
55,.,O
55,Tulsa,CITY
55,.,O
55,USA,COUNTRY
55,),O
55,and,O
55,the,O
55,results,O
55,were,O
55,stated,O
55,as,O
55,sig,O
55,‐,O
55,nificant,O
55,for,O
55,p,O
55,<,O
55,0.05,NUMBER
55,.,O
55,Five,NUMBER
55,hundred,NUMBER
55,ninety,NUMBER
55,‐,O
55,five,NUMBER
55,patients,O
55,an,O
55,‐,O
55,swered,O
55,the,O
55,questionnaire,O
55,.,O
55,The,O
55,response,O
55,rate,O
55,was,O
55,59.5,PERCENT
55,%,PERCENT
55,.,O
55,The,O
55,mean,O
55,age,O
55,of,O
55,the,O
55,participants,O
55,was,O
55,38.21,DURATION
55,years,DURATION
55,(,O
55,standard,O
55,deviation,O
55,:,O
55,13.94,DURATION
55,years,DURATION
55,),O
55,(,O
55,Q1,DATE
55,),O
55,.,O
55,Most,O
55,of,O
55,the,O
55,patients,O
55,were,O
55,female,O
55,(,O
55,412/595,NUMBER
55,;,O
55,69.2,PERCENT
55,%,PERCENT
55,),O
55,.,O
55,with,O
55,a,O
55,mean,O
55,age,O
55,of,O
55,38.53,DURATION
55,years,DURATION
55,(,O
55,standard,O
55,deviation,O
55,:,O
55,13.41,NUMBER
55,years,DURATION
55,),O
55,;,O
55,meanwhile,O
55,.,O
55,among,O
55,the,O
55,males,O
55,(,O
55,183/595,NUMBER
55,;,O
55,30.8,PERCENT
55,%,PERCENT
55,),O
55,.,O
55,the,O
55,mean,O
55,age,O
55,was,O
55,37.49,DURATION
55,years,DURATION
55,(,O
55,standard,O
55,deviation,O
55,:,O
55,15.07,NUMBER
55,),O
55,(,O
55,Q2,DATE
55,),O
55,.,O
55,Of,O
55,the,O
55,176,NUMBER
55,pa,O
55,‐,O
55,tients,O
55,were,O
55,from,O
55,the,O
55,southeast,O
55,(,O
55,29.6,PERCENT
55,%,PERCENT
55,),O
55,.,O
55,239,NUMBER
55,were,O
55,from,O
55,the,O
55,south,O
55,(,O
55,40.2,PERCENT
55,%,PERCENT
55,),O
55,.,O
55,and,O
55,180,NUMBER
55,were,O
55,from,O
55,the,O
55,north,O
55,(,O
55,30.2,PERCENT
55,%,PERCENT
55,),O
55,regions,O
55,.,O
55,respective,O
55,‐,O
55,ly,O
55,.,O
55,Only,O
55,six,NUMBER
55,respondents,O
55,(,O
55,1,PERCENT
55,%,PERCENT
55,),O
55,reported,O
55,having,O
55,symptoms,O
55,of,O
55,COVID,O
55,‐,O
55,19,NUMBER
55,(,O
55,Q3,DATE
55,and,O
55,Q4,DATE
55,),O
55,.,O
55,With,O
55,respect,O
55,to,O
55,the,O
55,quarantine,O
55,(,O
55,Q5,O
55,and,O
55,Q6,O
55,),O
55,.,O
55,78,PERCENT
55,%,PERCENT
55,(,O
55,464/595,NUMBER
55,),O
55,said,O
55,they,O
55,were,O
55,actively,O
55,going,O
55,out,O
55,in,O
55,public,O
55,only,O
55,when,O
55,needed,O
55,.,O
55,12.8,PERCENT
55,%,PERCENT
55,(,O
55,76/595,NUMBER
55,),O
55,were,O
55,not,O
55,leaving,O
55,home,O
55,at,O
55,all,O
55,.,O
55,and,O
55,4.5,PERCENT
55,%,PERCENT
55,(,O
55,27/595,NUMBER
55,),O
55,were,O
55,conducting,O
55,normal,O
55,activities,O
55,and,O
55,going,O
55,out,O
55,regularly,O
55,.,O
55,Only,O
55,4.7,PERCENT
55,%,PERCENT
55,Braz,O
55,.,O
55,Oral,O
55,Res,O
55,.,O
55,2020,DATE
55,;,O
55,34,NUMBER
55,:,O
55,e084,NUMBER
55,(,O
55,28/595,NUMBER
55,),O
55,of,O
55,re,O
55,‐,O
55,spondents,O
55,said,O
55,they,O
55,were,O
55,not,O
55,in,O
55,favor,O
55,of,O
55,the,O
55,quarantine,O
55,.,O
55,Most,O
55,pa,O
55,‐,O
55,tients,O
55,(,O
55,324/595,NUMBER
55,;,O
55,54.4,PERCENT
55,%,PERCENT
55,),O
55,reported,O
55,they,O
55,were,O
55,working,O
55,or,O
55,studying,O
55,at,O
55,home,O
55,.,O
55,while,O
55,27.7,PERCENT
55,%,PERCENT
55,(,O
55,165/595,NUMBER
55,),O
55,were,O
55,going,O
55,out,O
55,for,O
55,work,O
55,or,O
55,study,O
55,.,O
55,The,O
55,remaining,O
55,respondents,O
55,(,O
55,106/595,NUMBER
55,;,O
55,17.8,PERCENT
55,%,PERCENT
55,),O
55,were,O
55,not,O
55,conducting,O
55,any,O
55,work,O
55,or,O
55,study,O
55,.,O
55,Regarding,O
55,feelings,O
55,about,O
55,the,O
55,COVID,O
55,‐,O
55,19,NUMBER
55,pandemic,O
55,in,O
55,the,O
55,early,O
55,stage,O
55,(,O
55,Q7,O
55,),O
55,.,O
55,41.8,PERCENT
55,%,PERCENT
55,(,O
55,249/595,NUMBER
55,),O
55,of,O
55,the,O
55,patients,O
55,were,O
55,calm,O
55,.,O
55,28.6,PERCENT
55,%,PERCENT
55,(,O
55,170/595,NUMBER
55,),O
55,reported,O
55,experiencing,O
55,anxiety,O
55,.,O
55,23.2,PERCENT
55,%,PERCENT
55,(,O
55,138/595,NUMBER
55,),O
55,exhibited,O
55,fear,O
55,of,O
55,the,O
55,disease,CAUSE_OF_DEATH
55,.,O
55,2.2,PERCENT
55,%,PERCENT
55,(,O
55,13/595,NUMBER
55,),O
55,were,O
55,panicked,O
55,.,O
55,and,O
55,4.2,PERCENT
55,%,PERCENT
55,(,O
55,25/595,NUMBER
55,),O
55,difference,O
55,between,O
55,patients,O
55,under,O
55,treatment,O
55,or,O
55,not,O
55,with,O
55,regard,O
55,to,O
55,the,O
55,answer,O
55,to,O
55,this,O
55,question,O
55,.,O
55,More,O
55,patients,O
55,(,O
55,354/595,NUMBER
55,;,O
55,59.5,PERCENT
55,%,PERCENT
55,),O
55,were,O
55,undergoing,O
55,dental,O
55,treatment,O
55,when,O
55,the,O
55,ques,O
55,‐,O
55,tionnaire,O
55,was,O
55,answered,O
55,than,O
55,not,O
55,(,O
55,241/595,NUMBER
55,;,O
55,40.5,PERCENT
55,%,PERCENT
55,),O
55,(,O
55,Q8,O
55,),O
55,.,O
55,The,O
55,type,O
55,(,O
55,s,O
55,),O
55,of,O
55,treatment,O
55,(,O
55,Q8,O
55,),O
55,being,O
55,performed,O
55,included,O
55,orthodontic,O
55,(,O
55,263,NUMBER
55,;,O
55,74.3,PERCENT
55,%,PERCENT
55,),O
55,.,O
55,oral,O
55,rehabilitation,O
55,(,O
55,65,NUMBER
55,;,O
55,18.4,PERCENT
55,%,PERCENT
55,),O
55,.,O
55,or,O
55,restorative,O
55,or,O
55,other,O
55,(,O
55,26,NUMBER
55,;,O
55,7.3,PERCENT
55,%,PERCENT
55,),O
55,.,O
55,Among,O
55,the,O
55,patients,O
55,under,O
55,treatment,O
55,.,O
55,38.3,PERCENT
55,%,PERCENT
55,(,O
55,228/595,NUMBER
55,),O
55,stated,O
55,they,O
55,would,O
55,go,O
55,to,O
55,a,O
55,dental,O
55,appointment,O
55,if,O
55,the,O
55,dentist,TITLE
55,/,O
55,staff,O
55,called,O
55,to,O
55,schedule,O
55,.,O
55,44.2,PERCENT
55,%,PERCENT
55,(,O
55,263/595,NUMBER
55,),O
55,said,O
55,they,O
55,would,O
55,go,O
55,only,O
55,in,O
55,the,O
55,case,O
55,of,O
55,an,O
55,emergency,O
55,.,O
55,and,O
55,17.5,PERCENT
55,%,PERCENT
55,(,O
55,104/595,NUMBER
55,),O
55,said,O
55,they,O
55,would,O
55,significant,O
55,differences,O
55,between,O
55,the,O
55,patients,O
55,under,O
55,treatment,O
55,or,O
55,not,O
55,with,O
55,respect,O
55,to,O
55,the,O
55,answers,O
55,to,O
55,this,O
55,question,O
55,.,O
55,Most,O
55,patients,O
55,receiving,O
55,treatment,O
55,said,O
55,they,O
55,would,O
55,attend,O
55,a,O
55,clini,O
55,‐,O
55,cal,O
55,appointment,O
55,(,O
55,198/365,NUMBER
55,;,O
55,55.9,PERCENT
55,%,PERCENT
55,),O
55,.,O
55,while,O
55,most,O
55,of,O
55,the,O
55,patients,O
55,not,O
55,receiving,O
55,treatment,O
55,would,O
55,not,O
55,attend,O
55,or,O
55,would,O
55,only,O
55,go,O
55,in,O
55,the,O
55,case,O
55,of,O
55,an,O
55,Concerns,O
55,reported,O
55,among,O
55,the,O
55,respondents,O
55,about,O
55,attending,O
55,a,O
55,dental,O
55,appointment,O
55,(,O
55,Q10,O
55,),O
55,included,O
55,the,O
55,risk,O
55,of,O
55,getting,O
55,infected,O
55,and,O
55,/,O
55,or,O
55,contaminating,O
55,the,O
55,family,O
55,(,O
55,110/595,NUMBER
55,;,O
55,18.5,PERCENT
55,%,PERCENT
55,),O
55,;,O
55,while,O
55,only,O
55,5,PERCENT
55,%,PERCENT
55,(,O
55,30/595,NUMBER
55,),O
55,said,O
55,they,O
55,were,O
55,afraid,O
55,because,O
55,dentists,O
55,are,O
55,a,O
55,group,O
55,at,O
55,high,O
55,risk,O
55,of,O
55,contamination,O
55,.,O
55,Several,O
55,patients,O
55,answered,O
55,that,O
55,their,O
55,treatment,O
55,is,O
55,not,O
55,urgent,O
55,and,O
55,can,O
55,wait,O
55,(,O
55,120/595,NUMBER
55,;,O
55,20.2,PERCENT
55,%,PERCENT
55,),O
55,and,O
55,most,O
55,(,O
55,335/595,NUMBER
55,;,O
55,56.3,PERCENT
55,%,PERCENT
55,),O
55,showed,O
55,no,O
55,concern,O
55,in,O
55,answering,O
55,this,O
55,question,O
55,.,O
55,Considering,O
55,the,O
55,concerns,O
55,of,O
55,the,O
55,respondents,O
55,about,O
55,how,O
55,quarantine,O
55,might,O
55,affect,O
55,ongoing,O
55,dental,O
55,treatment,O
55,plans,O
55,(,O
55,Q11,O
55,),O
55,.,O
55,half,O
55,(,O
55,304/595,NUMBER
55,;,O
55,51.1,PERCENT
55,%,PERCENT
55,),O
55,were,O
55,not,O
55,concerned,O
55,and,O
55,31.3,PERCENT
55,%,PERCENT
55,(,O
55,186/595,NUMBER
55,),O
55,were,O
55,concerned,O
55,about,O
55,a,O
55,delay,O
55,in,O
55,treatment,O
55,as,O
55,they,O
55,were,O
55,anxious,O
55,Peloso,O
55,RM,O
55,.,O
55,Pini,PERSON
55,NIP,O
55,.,O
55,Sundfeld,PERSON
55,Neto,PERSON
55,D,O
55,.,O
55,Mori,O
55,AA,O
55,.,O
55,Oliveria,ORGANIZATION
55,RCG,ORGANIZATION
55,.,O
55,Valarelli,PERSON
55,FP,O
55,.,O
55,Fre,O
55,‐,O
55,itas,O
55,KMS,O
55,about,O
55,achieving,O
55,optimal,O
55,results,O
55,and,O
55,/,O
55,or,O
55,reaching,O
55,the,O
55,end,O
55,of,O
55,treatment,O
55,.,O
55,Some,O
55,patients,O
55,(,O
55,105/595,NUMBER
55,;,O
55,17.6,PERCENT
55,%,PERCENT
55,),O
55,were,O
55,afraid,O
55,that,O
55,the,O
55,state,O
55,of,O
55,their,O
55,mouth,O
55,and,O
55,/,O
55,or,O
55,teeth,O
55,would,O
55,worsen,O
55,or,O
55,were,O
55,concerned,O
55,about,O
55,losing,O
55,the,O
55,investment,O
55,(,O
55,time,O
55,and,O
55,money,O
55,),O
55,already,O
55,put,O
55,into,O
55,ex,O
55,‐,O
55,isted,O
55,between,O
55,patients,O
55,under,O
55,treatment,O
55,or,O
55,not,O
55,in,O
55,this,O
55,regard,O
55,.,O
55,showing,O
55,that,O
55,patients,O
55,receiving,O
55,treatment,O
55,were,O
55,more,O
55,worried,O
55,than,O
55,those,O
55,not,O
55,receiving,O
55,treatment,O
55,for,O
55,different,O
55,reasons,O
55,(,O
55,p,O
55,=,O
55,0.000,NUMBER
55,),O
55,.,O
55,Upon,O
55,comparing,O
55,the,O
55,results,O
55,between,O
55,sexes,O
55,calmer,O
55,than,O
55,females,O
55,(,O
55,p,O
55,=,O
55,0.001,NUMBER
55,),O
55,.,O
55,who,O
55,reported,O
55,feeling,O
55,more,O
55,anxious,O
55,and,O
55,afraid,O
55,with,O
55,respect,O
55,to,O
55,quarantine,O
55,a,O
55,),O
55,Feeling,O
55,about,O
55,the,O
55,quarantine,O
55,and,O
55,the,O
55,coronavirus,O
55,pandemic,O
55,were,O
55,more,O
55,willing,O
55,to,O
55,go,O
55,a,O
55,dental,O
55,appointment,O
55,than,O
55,fe,O
55,‐,O
55,males,O
55,(,O
55,p,O
55,=,O
55,0.000,NUMBER
55,),O
55,.,O
55,who,O
55,would,O
55,go,O
55,only,O
55,in,O
55,the,O
55,case,O
55,less,O
55,worried,O
55,about,O
55,how,O
55,quarantine,O
55,might,O
55,affect,O
55,their,O
55,Patients,O
55,undergoing,O
55,den,O
55,‐,O
55,tal,O
55,treatment,O
55,were,O
55,more,O
55,concerned,O
55,about,O
55,a,O
55,delay,O
55,in,O
55,finishing,O
55,the,O
55,treatment,O
55,(,O
55,153/354,NUMBER
55,;,O
55,43.2,PERCENT
55,%,PERCENT
55,),O
55,than,O
55,patients,O
55,with,O
55,no,O
55,ongoing,O
55,treat,O
55,‐,O
55,ment,O
55,(,O
55,20/241,NUMBER
55,;,O
55,8.3,PERCENT
55,%,PERCENT
55,),O
55,;,O
55,similarly,O
55,.,O
55,this,O
55,group,O
55,remained,O
55,mostly,O
55,unwor,O
55,‐,O
55,ried,O
55,about,O
55,how,O
55,quarantine,O
55,could,O
55,affect,O
55,Considering,O
55,those,O
55,patients,O
55,undergoing,O
55,active,O
55,dental,O
55,treatment,O
55,(,O
55,354/595,NUMBER
55,;,O
55,59.5,PERCENT
55,%,PERCENT
55,),O
55,.,O
55,most,O
55,were,O
55,receiving,O
55,b,O
55,),O
55,Would,O
55,you,O
55,go,O
55,to,O
55,an,O
55,appointment,O
55,?,O
55,c,O
55,),O
55,Concerns,O
55,about,O
55,quarantine,O
55,/,O
55,dental,O
55,treatment,O
55,Patients,O
55,under,O
55,treatment,O
55,Not,O
55,wor,O
55,‐,O
55,ried,O
55,Patients,O
55,under,O
55,no,O
55,treatment,O
55,Asterisks,O
55,indicate,O
55,significant,O
55,differences,O
55,between,O
55,patients,O
55,.,O
55,Statistical,O
55,data,O
55,:,O
55,(,O
55,a,O
55,),O
55,X2,O
55,=,O
55,6.98,NUMBER
55,.,O
55,DF,O
55,=,O
55,4,NUMBER
55,.,O
55,and,O
55,p,O
55,=,O
55,0.136,NUMBER
55,for,O
55,question,O
55,7,NUMBER
55,;,O
55,(,O
55,b,O
55,),O
55,X2,O
55,=,O
55,49.33,NUMBER
55,;,O
55,DF,O
55,=,O
55,2,NUMBER
55,.,O
55,and,O
55,p,O
55,=,O
55,0.000,NUMBER
55,for,O
55,question,O
55,9,NUMBER
55,;,O
55,and,O
55,(,O
55,c,O
55,),O
55,X2,O
55,=,O
55,92.76,NUMBER
55,.,O
55,DF,O
55,=,O
55,2,NUMBER
55,.,O
55,and,O
55,p,O
55,=,O
55,0.000,NUMBER
55,for,O
55,question,O
55,11,NUMBER
55,.,O
55,Feeling,O
55,about,O
55,the,O
55,quarantine,O
55,and,O
55,the,O
55,coron,O
55,‐,O
55,avirus,O
55,pandemic,O
55,c,O
55,),O
55,Concerns,O
55,about,O
55,quarantine,O
55,/,O
55,dental,O
55,treatment,O
55,Panic,O
55,Indifferent,O
55,b,O
55,),O
55,Would,O
55,you,O
55,go,O
55,to,O
55,an,O
55,appointment,O
55,?,O
55,Not,O
55,worried,O
55,Asterisks,O
55,indicate,O
55,significant,O
55,differences,O
55,between,O
55,the,O
55,sexes,O
55,.,O
55,Statistical,O
55,data,O
55,:,O
55,(,O
55,a,O
55,),O
55,X,O
55,=,O
55,17.24,NUMBER
55,.,O
55,DF,O
55,=,O
55,4,NUMBER
55,.,O
55,and,O
55,p,O
55,=,O
55,0.001,NUMBER
55,for,O
55,ques,O
55,‐,O
55,tion,O
55,7,NUMBER
55,;,O
55,(,O
55,b,O
55,),O
55,X2,O
55,=,O
55,23.93,NUMBER
55,.,O
55,DF,O
55,=,O
55,2,NUMBER
55,.,O
55,and,O
55,p,O
55,=,O
55,0.000,NUMBER
55,for,O
55,question,O
55,9,NUMBER
55,;,O
55,and,O
55,(,O
55,c,O
55,),O
55,X2,O
55,=,O
55,8.05,NUMBER
55,.,O
55,DF,O
55,=,O
55,2,NUMBER
55,.,O
55,and,O
55,p,O
55,=,O
55,0.017,NUMBER
55,for,O
55,question,O
55,11,NUMBER
55,.,O
55,Braz,PERSON
55,.,O
55,Oral,O
55,Res,O
55,.,O
55,2020,DATE
55,;,O
55,34,NUMBER
55,:,O
55,e084,NUMBER
55,How,O
55,does,O
55,the,O
55,quarantine,O
55,resulting,O
55,from,O
55,COVID,O
55,‐,O
55,19,NUMBER
55,impact,O
55,dental,O
55,appointments,O
55,and,O
55,patient,O
55,anxiety,O
55,levels,O
55,?,O
55,orthodon,O
55,‐,O
55,tic,O
55,treatment,O
55,(,O
55,263/354,NUMBER
55,;,O
55,66.7,PERCENT
55,%,PERCENT
55,),O
55,.,O
55,These,O
55,patients,O
55,answered,O
55,that,O
55,they,O
55,considered,O
55,themselves,O
55,calm,O
55,(,O
55,156/354,NUMBER
55,;,O
55,44,PERCENT
55,%,PERCENT
55,),O
55,.,O
55,followed,O
55,by,O
55,fearful,O
55,(,O
55,88/354,NUMBER
55,;,O
55,24.8,PERCENT
55,%,PERCENT
55,),O
55,significant,O
55,difference,O
55,according,O
55,to,O
55,the,O
55,type,O
55,of,O
55,dental,O
55,treatment,O
55,being,O
55,conducted,O
55,(,O
55,p,O
55,=,O
55,0.351,NUMBER
55,),O
55,.,O
55,Irrespective,O
55,of,O
55,this,O
55,finding,O
55,.,O
55,most,O
55,of,O
55,the,O
55,patients,O
55,said,O
55,they,O
55,would,O
55,patients,O
55,were,O
55,more,O
55,concerned,O
55,about,O
55,a,O
55,delay,O
55,in,O
55,their,O
55,treatment,O
55,(,O
55,128/263,NUMBER
55,;,O
55,48.7,PERCENT
55,%,PERCENT
55,),O
55,than,O
55,patients,O
55,those,O
55,receiving,O
55,other,O
55,specialties,O
55,of,O
55,dental,O
55,treat,O
55,‐,O
55,ment,O
55,(,O
55,25/91,NUMBER
55,;,O
55,27.4,PERCENT
55,%,PERCENT
55,),O
55,(,O
55,p,O
55,=,O
55,0.000,NUMBER
55,),O
55,.,O
55,including,O
55,42.9,PERCENT
55,%,PERCENT
55,(,O
55,39/91,NUMBER
55,),O
55,who,O
55,were,O
55,not,O
55,worried,O
55,at,O
55,all,O
55,about,O
55,the,O
55,impact,O
55,of,O
55,quarantine,O
55,on,O
55,a,O
55,),O
55,Feeling,O
55,about,O
55,the,O
55,quarantine,O
55,and,O
55,the,O
55,coronavirus,O
55,pandemic,O
55,There,O
55,were,O
55,sig,O
55,‐,O
55,nificant,O
55,differences,O
55,between,O
55,the,O
55,responses,O
55,to,O
55,questions,O
55,5,NUMBER
55,and,O
55,9,NUMBER
55,of,O
55,patients,O
55,from,O
55,the,O
55,felt,O
55,calm,O
55,in,O
55,the,O
55,north,O
55,region,O
55,than,O
55,in,O
55,the,O
55,other,O
55,two,NUMBER
55,regions,O
55,;,O
55,in,O
55,the,O
55,south,O
55,and,O
55,southeast,O
55,.,O
55,patients,O
55,reported,O
55,5a,O
55,),O
55,(,O
55,p,O
55,=,O
55,0.001,NUMBER
55,),O
55,.,O
55,Meanwhile,O
55,.,O
55,in,O
55,the,O
55,southeast,O
55,and,O
55,north,O
55,regions,O
55,.,O
55,more,O
55,patients,O
55,reported,O
55,that,O
55,would,O
55,go,O
55,to,O
55,a,O
55,dental,O
55,appointment,O
55,.,O
55,while,O
55,in,O
55,the,O
55,south,O
55,region,O
55,.,O
55,more,O
55,patients,O
55,reported,O
55,that,O
55,would,O
55,go,O
55,only,O
55,in,O
55,the,O
55,case,O
55,of,O
55,difference,O
55,was,O
55,observed,O
55,between,O
55,the,O
55,regions,O
55,when,O
55,considering,O
55,the,O
55,concerns,O
55,about,O
55,quarantine,O
55,/,O
55,dental,O
55,b,O
55,),O
55,Would,O
55,you,O
55,go,O
55,to,O
55,an,O
55,appointment,O
55,?,O
55,c,O
55,),O
55,Concerns,O
55,about,O
55,quarantine,O
55,/,O
55,dental,O
55,treatment,O
55,Not,O
55,worried,O
55,Other,O
55,specialties,O
55,Asterisks,O
55,indicate,O
55,sig,O
55,‐,O
55,nificant,O
55,differences,O
55,between,O
55,the,O
55,treatment,O
55,specialties,O
55,.,O
55,Statisti,O
55,‐,O
55,cal,O
55,data,O
55,:,O
55,(,O
55,a,O
55,),O
55,X2,O
55,=,O
55,4.42,NUMBER
55,.,O
55,DF,O
55,=,O
55,4,NUMBER
55,.,O
55,and,O
55,p,O
55,=,O
55,0.351,NUMBER
55,for,O
55,question,O
55,7,NUMBER
55,;,O
55,(,O
55,b,O
55,),O
55,X2,O
55,=,O
55,5.10,NUMBER
55,.,O
55,DF,O
55,=,O
55,2,NUMBER
55,.,O
55,and,O
55,p,O
55,=,O
55,0.078,NUMBER
55,for,O
55,question,O
55,9,NUMBER
55,;,O
55,and,O
55,(,O
55,c,O
55,),O
55,X2,O
55,=,O
55,14.23,NUMBER
55,.,O
55,DF,O
55,=,O
55,4,NUMBER
55,.,O
55,and,O
55,p,O
55,=,O
55,0.000,NUMBER
55,for,O
55,question,O
55,11,NUMBER
55,.,O
55,a,O
55,),O
55,Feeling,O
55,about,O
55,the,O
55,quarantine,O
55,and,O
55,the,O
55,coronavirus,O
55,pandemic,O
55,b,O
55,),O
55,Would,O
55,you,O
55,go,O
55,to,O
55,an,O
55,appointment,O
55,?,O
55,Panic,O
55,Indifferent,O
55,c,O
55,),O
55,Concerns,O
55,about,O
55,quarantine,O
55,/,O
55,dental,O
55,treatment,O
55,Not,O
55,worried,O
55,Asterisks,O
55,indicate,O
55,significant,O
55,dif,O
55,‐,O
55,ferences,O
55,between,O
55,the,O
55,regions,O
55,.,O
55,Statistical,O
55,data,O
55,:,O
55,(,O
55,a,O
55,),O
55,X2,O
55,=,O
55,25.54,NUMBER
55,.,O
55,DF,O
55,=,O
55,8,NUMBER
55,.,O
55,and,O
55,p,O
55,=,O
55,0.001,NUMBER
55,for,O
55,question,O
55,7,NUMBER
55,;,O
55,(,O
55,b,O
55,),O
55,X2,O
55,=,O
55,10.96,NUMBER
55,.,O
55,DF,O
55,=,O
55,4,NUMBER
55,.,O
55,and,O
55,p,O
55,=,O
55,0.027,NUMBER
55,for,O
55,question,O
55,9,NUMBER
55,;,O
55,and,O
55,(,O
55,c,O
55,),O
55,X2,O
55,=,O
55,9.39,NUMBER
55,.,O
55,DF,O
55,=,O
55,4,NUMBER
55,.,O
55,and,O
55,p,O
55,=,O
55,0.052,NUMBER
55,for,O
55,question,O
55,11,NUMBER
55,.,O
55,Braz,PERSON
55,.,O
55,Oral,O
55,Res,O
55,.,O
55,2020,DATE
55,;,O
55,34,NUMBER
55,:,O
55,e084,NUMBER
55,Peloso,O
55,RM,O
55,.,O
55,Pini,PERSON
55,NIP,O
55,.,O
55,Sundfeld,PERSON
55,Neto,PERSON
55,D,O
55,.,O
55,Mori,O
55,AA,O
55,.,O
55,Oliveria,ORGANIZATION
55,RCG,ORGANIZATION
55,.,O
55,Valarelli,PERSON
55,FP,O
55,.,O
55,Freitas,O
55,KMS,O
55,Calm,O
55,n,O
55,=,O
55,249,NUMBER
55,Anxious,O
55,n,O
55,=,O
55,170,NUMBER
55,Fear,O
55,n,O
55,=,O
55,138,NUMBER
55,Panic,O
55,n,O
55,=,O
55,13,NUMBER
55,Indifferent,O
55,n,O
55,=,O
55,25,NUMBER
55,Yes,O
55,.,O
55,if,O
55,emergency,O
55,*,O
55,Statistically,O
55,significant,O
55,for,O
55,p,O
55,<,O
55,0.05,NUMBER
55,;,O
55,Chi,O
55,‐,O
55,square,O
55,test,O
55,.,O
55,There,O
55,was,O
55,a,O
55,statistically,O
55,signif,O
55,‐,O
55,icant,O
55,association,O
55,between,O
55,the,O
55,feelings,O
55,reported,O
55,concerning,O
55,quar,O
55,‐,O
55,antine,O
55,and,O
55,the,O
55,COVID,O
55,‐,O
55,19,NUMBER
55,pandemic,O
55,and,O
55,the,O
55,willingness,O
55,were,O
55,calm,O
55,or,O
55,indifferent,O
55,were,O
55,more,O
55,willing,O
55,to,O
55,attend,O
55,an,O
55,appointment,O
55,(,O
55,60.2,PERCENT
55,%,PERCENT
55,and,O
55,68,PERCENT
55,%,PERCENT
55,.,O
55,respectively,O
55,),O
55,than,O
55,those,O
55,that,O
55,reported,O
55,being,O
55,anxious,O
55,.,O
55,afraid,O
55,.,O
55,or,O
55,panicked,O
55,(,O
55,35.3,PERCENT
55,%,PERCENT
55,.,O
55,25.3,PERCENT
55,%,PERCENT
55,.,O
55,and,O
55,7.7,PERCENT
55,%,PERCENT
55,.,O
55,respectively,O
55,),O
55,were,O
55,anxious,O
55,.,O
55,afraid,O
55,.,O
55,or,O
55,panicked,O
55,would,O
55,go,O
55,attend,O
55,an,O
55,appointment,O
55,in,O
55,the,O
55,case,O
55,of,O
55,an,O
55,emergency,O
55,(,O
55,47.1,PERCENT
55,%,PERCENT
55,.,O
55,46.4,PERCENT
55,%,PERCENT
55,.,O
55,and,O
55,62.5,PERCENT
55,%,PERCENT
55,.,O
55,respectively,O
55,),O
55,.,O
55,Only,O
55,42,NUMBER
55,patients,O
55,(,O
55,14,NUMBER
55,males,O
55,and,O
55,28,NUMBER
55,females,O
55,;,O
55,7.1,PERCENT
55,%,PERCENT
55,),O
55,were,O
55,older,O
55,than,O
55,60,DURATION
55,years,DURATION
55,of,O
55,age,O
55,(,O
55,mean,O
55,age,O
55,:,O
55,64.83,DURATION
55,years,DURATION
55,.,O
55,standard,O
55,deviation,O
55,:,O
55,5.21,NUMBER
55,years,DURATION
55,),O
55,.,O
55,considered,O
55,a,O
55,highrisk,O
55,group,O
55,for,O
55,COVID,O
55,‐,O
55,19,NUMBER
55,.,O
55,Of,O
55,this,O
55,group,O
55,.,O
55,27,NUMBER
55,were,O
55,actively,O
55,undergoing,O
55,dental,O
55,treatment,O
55,and,O
55,15,NUMBER
55,were,O
55,not,O
55,.,O
55,Seventeen,NUMBER
55,said,O
55,they,O
55,would,O
55,only,O
55,go,O
55,to,O
55,a,O
55,dentist,TITLE
55,in,O
55,the,O
55,case,O
55,of,O
55,an,O
55,emergency,O
55,.,O
55,14,NUMBER
55,said,O
55,they,O
55,would,O
55,attend,O
55,appointments,O
55,normally,O
55,.,O
55,and,O
55,11,NUMBER
55,said,O
55,they,O
55,would,O
55,not,O
55,With,O
55,regard,O
55,to,O
55,precautionary,O
55,measures,O
55,tak,O
55,‐,O
55,en,O
55,to,O
55,avoid,O
55,contamination,O
55,during,O
55,this,O
55,phase,O
55,(,O
55,Q12,O
55,),O
55,.,O
55,patients,O
55,found,O
55,it,O
55,important,O
55,that,O
55,dentists,O
55,use,O
55,disposable,O
55,laboratory,O
55,coats,O
55,(,O
55,380/595,NUMBER
55,;,O
55,63.9,PERCENT
55,%,PERCENT
55,),O
55,and,O
55,disposable,O
55,masks,O
55,(,O
55,401/595,NUMBER
55,;,O
55,67.4,PERCENT
55,%,PERCENT
55,),O
55,.,O
55,Having,O
55,alcohol,O
55,gel,O
55,at,O
55,reception,O
55,was,O
55,the,O
55,most,O
55,frequently,O
55,suggested,O
55,mea,O
55,‐,O
55,sure,O
55,(,O
55,508/595,NUMBER
55,;,O
55,85.4,PERCENT
55,%,PERCENT
55,),O
55,.,O
55,Meanwhile,O
55,.,O
55,avoiding,O
55,close,O
55,contact,O
55,with,O
55,other,O
55,patients,O
55,at,O
55,reception,O
55,(,O
55,378/595,NUMBER
55,;,O
55,63.5,PERCENT
55,%,PERCENT
55,),O
55,was,O
55,considered,O
55,im,O
55,‐,O
55,portant,O
55,.,O
55,while,O
55,a,O
55,portion,O
55,of,O
55,respondents,O
55,also,O
55,No,O
55,treatment,O
55,receiv,O
55,‐,O
55,ing,O
55,dental,O
55,treatment,O
55,at,O
55,the,O
55,moment,O
55,.,O
55,suggested,O
55,having,O
55,personal,O
55,protective,O
55,equipment,O
55,for,O
55,patients,O
55,(,O
55,249/595,NUMBER
55,;,O
55,41.8,PERCENT
55,%,PERCENT
55,),O
55,.,O
55,Beginning,O
55,with,O
55,the,O
55,release,O
55,of,O
55,first,ORDINAL
55,impressions,O
55,of,O
55,epidemiological,O
55,data,O
55,concerning,O
55,the,O
55,COVID19,O
55,pandemic,O
55,.8.9,O
55,the,O
55,conduct,O
55,of,O
55,studies,O
55,about,O
55,how,O
55,this,O
55,global,O
55,event,O
55,may,O
55,impact,O
55,mental,O
55,health,O
55,have,O
55,been,O
55,recom,O
55,‐,O
55,mended,O
55,.10,NUMBER
55,When,O
55,the,O
55,questionnaire,O
55,in,O
55,this,O
55,study,O
55,was,O
55,deployed,O
55,(,O
55,April,DATE
55,2020,DATE
55,),O
55,the,O
55,pandemic,O
55,was,O
55,still,O
55,in,O
55,a,O
55,very,O
55,early,O
55,stage,O
55,in,O
55,Brazil,COUNTRY
55,and,O
55,relatively,O
55,under,O
55,control,O
55,in,O
55,comparison,O
55,with,O
55,in,O
55,other,O
55,countries,O
55,.,O
55,with,O
55,less,O
55,than,O
55,1.000,NUMBER
55,deaths,O
55,due,O
55,to,O
55,COVID,O
55,‐,O
55,19,NUMBER
55,and,O
55,about,O
55,17.000,NUMBER
55,confirmed,O
55,cases,O
55,reported,O
55,.11,NUMBER
55,According,O
55,to,O
55,experts,O
55,.,O
55,at,O
55,the,O
55,moment,O
55,of,O
55,Braz,PERSON
55,.,O
55,Oral,O
55,Res,O
55,.,O
55,2020,DATE
55,;,O
55,34,NUMBER
55,:,O
55,e084,NUMBER
55,How,O
55,does,O
55,the,O
55,quarantine,O
55,resulting,O
55,from,O
55,COVID,O
55,‐,O
55,19,NUMBER
55,impact,O
55,dental,O
55,appointments,O
55,and,O
55,patient,O
55,anxiety,O
55,levels,O
55,?,O
55,the,O
55,survey,O
55,.,O
55,the,O
55,COVID,O
55,‐,O
55,19,NUMBER
55,infection,CAUSE_OF_DEATH
55,curve,O
55,was,O
55,still,O
55,rising,O
55,and,O
55,was,O
55,far,O
55,from,O
55,reaching,O
55,its,O
55,peak,O
55,in,O
55,Brazil,COUNTRY
55,.,O
55,Since,O
55,infections,CAUSE_OF_DEATH
55,were,O
55,actively,O
55,spreading,O
55,;,O
55,12,NUMBER
55,however,O
55,.,O
55,some,O
55,control,O
55,mea,O
55,‐,O
55,sures,O
55,.,O
55,such,O
55,as,O
55,quarantine,O
55,.,O
55,were,O
55,recommended,O
55,.,O
55,When,O
55,the,O
55,question,O
55,‐,O
55,naire,O
55,in,O
55,this,O
55,study,O
55,was,O
55,sent,O
55,to,O
55,prospective,O
55,respondents,O
55,.,O
55,quaran,O
55,‐,O
55,tine,O
55,had,O
55,been,O
55,recommended,O
55,for,O
55,about,DURATION
55,three,DURATION
55,weeks,DURATION
55,in,O
55,all,O
55,cities,O
55,of,O
55,the,O
55,patients,O
55,selected,O
55,for,O
55,inclusion,O
55,.,O
55,Some,O
55,impacts,O
55,.,O
55,such,O
55,as,O
55,in,O
55,‐,O
55,creased,O
55,stress,O
55,about,O
55,behaviors,O
55,that,O
55,may,O
55,lead,O
55,to,O
55,contamination,O
55,and,O
55,greater,O
55,levels,O
55,of,O
55,depression,O
55,attributed,O
55,to,O
55,social,O
55,distancing,O
55,and,O
55,isolation,O
55,.,O
55,are,O
55,related,O
55,to,O
55,increased,O
55,vulnerability,O
55,of,O
55,mental,O
55,health,O
55,.10,NUMBER
55,As,O
55,such,O
55,.,O
55,while,O
55,the,O
55,primary,O
55,intention,O
55,of,O
55,this,O
55,survey,O
55,was,O
55,to,O
55,evaluate,O
55,the,O
55,effects,O
55,of,O
55,quarantine,O
55,on,O
55,dental,O
55,treatments,O
55,.,O
55,this,O
55,study,O
55,also,O
55,provide,O
55,some,O
55,insights,O
55,about,O
55,the,O
55,level,O
55,of,O
55,awareness,O
55,.,O
55,perceptions,O
55,.,O
55,and,O
55,attitudes,O
55,of,O
55,patients,O
55,in,O
55,response,O
55,to,O
55,this,O
55,pan,O
55,‐,O
55,demic,O
55,.,O
55,The,O
55,survey,O
55,results,O
55,in,O
55,this,O
55,study,O
55,revealed,O
55,that,O
55,most,O
55,pa,O
55,‐,O
55,tients,O
55,(,O
55,78,PERCENT
55,%,PERCENT
55,),O
55,were,O
55,respecting,O
55,the,O
55,quarantine,O
55,and,O
55,going,O
55,out,O
55,only,O
55,when,O
55,really,O
55,necessary,O
55,.,O
55,such,O
55,as,O
55,to,O
55,buy,O
55,food,O
55,and,O
55,medicine,O
55,.,O
55,and,O
55,many,O
55,(,O
55,54.55,PERCENT
55,%,PERCENT
55,),O
55,were,O
55,working,O
55,from,O
55,home,O
55,.,O
55,Patients,O
55,were,O
55,largely,O
55,aware,O
55,of,O
55,the,O
55,seriousness,O
55,of,O
55,the,O
55,COVID,O
55,‐,O
55,19,NUMBER
55,pandemic,O
55,and,O
55,reported,O
55,concerns,O
55,.,O
55,even,O
55,though,O
55,this,O
55,study,O
55,was,O
55,conducted,O
55,at,O
55,an,O
55,early,O
55,stage,O
55,of,O
55,the,O
55,pandemic,O
55,in,O
55,Brazil,COUNTRY
55,.,O
55,However,O
55,.,O
55,even,O
55,then,O
55,.,O
55,most,O
55,patients,O
55,reported,O
55,not,O
55,feeling,O
55,calm,O
55,in,O
55,relation,O
55,to,O
55,the,O
55,situation,O
55,:,O
55,28.6,PERCENT
55,%,PERCENT
55,reported,O
55,ex,O
55,‐,O
55,periencing,O
55,anxiety,O
55,and,O
55,23.2,PERCENT
55,%,PERCENT
55,felt,O
55,scared,O
55,.,O
55,This,DATE
55,may,DATE
55,be,O
55,due,O
55,to,O
55,the,O
55,availability,O
55,of,O
55,media,O
55,reports,O
55,from,O
55,around,O
55,the,O
55,world,O
55,by,O
55,means,O
55,of,O
55,television,O
55,and,O
55,the,O
55,Internet,MISC
55,.,O
55,The,O
55,purpose,O
55,of,O
55,this,O
55,study,O
55,was,O
55,not,O
55,to,O
55,discuss,O
55,the,O
55,effectiveness,O
55,of,O
55,the,O
55,quarantine,O
55,.,O
55,In,O
55,Brazil,COUNTRY
55,.,O
55,the,O
55,government,O
55,suggested,O
55,starting,O
55,quarantine,O
55,early,O
55,.,O
55,about,DURATION
55,four,DURATION
55,weeks,DURATION
55,before,O
55,the,O
55,application,O
55,of,O
55,this,O
55,survey,O
55,.,O
55,when,O
55,the,O
55,first,ORDINAL
55,cases,O
55,of,O
55,COVID,O
55,‐,O
55,19,NUMBER
55,were,O
55,confirmed,O
55,in,O
55,the,O
55,country,O
55,and,O
55,before,O
55,the,O
55,virus,O
55,had,O
55,spread,O
55,significantly,O
55,.,O
55,Elective,O
55,dental,O
55,treatments,O
55,.,O
55,such,O
55,as,O
55,or,O
55,‐,O
55,thodontic,O
55,and,O
55,esthetic,O
55,procedures,O
55,.,O
55,were,O
55,not,O
55,deemed,O
55,essential,O
55,and,O
55,were,O
55,postponed,O
55,.,O
55,Following,O
55,the,O
55,WHO,ORGANIZATION
55,recommendations,O
55,.,O
55,dental,O
55,treat,O
55,‐,O
55,ments,O
55,were,O
55,restricted,O
55,to,O
55,conduct,O
55,only,O
55,in,O
55,emergency,O
55,situations,O
55,.13,NUMBER
55,The,O
55,focus,O
55,of,O
55,the,O
55,present,DATE
55,study,O
55,was,O
55,therefore,O
55,to,O
55,assess,O
55,the,O
55,de,O
55,‐,O
55,grees,O
55,of,O
55,anxiety,O
55,and,O
55,concern,O
55,among,O
55,patients,O
55,.,O
55,especially,O
55,with,O
55,re,O
55,‐,O
55,gard,O
55,to,O
55,ongoing,O
55,dental,O
55,treatments,O
55,deemed,O
55,to,O
55,be,O
55,elective,O
55,in,O
55,na,O
55,‐,O
55,ture,O
55,.,O
55,Braz,PERSON
55,.,O
55,Oral,O
55,Res,O
55,.,O
55,2020,DATE
55,;,O
55,34,NUMBER
55,:,O
55,e084,O
55,Of,O
55,all,O
55,the,O
55,patients,O
55,who,O
55,an,O
55,‐,O
55,swered,O
55,the,O
55,questionnaire,O
55,.,O
55,38.3,PERCENT
55,%,PERCENT
55,reported,O
55,they,O
55,would,O
55,attend,O
55,a,O
55,den,O
55,‐,O
55,tal,O
55,appointment,O
55,if,O
55,the,O
55,dentist,TITLE
55,/,O
55,staff,O
55,called,O
55,to,O
55,schedule,O
55,and,O
55,44.2,PERCENT
55,%,PERCENT
55,reported,O
55,they,O
55,would,O
55,go,O
55,only,O
55,in,O
55,the,O
55,case,O
55,of,O
55,an,O
55,emergency,O
55,.,O
55,Howev,O
55,‐,O
55,er,O
55,.,O
55,when,O
55,only,O
55,patients,O
55,actively,O
55,undergoing,O
55,dental,O
55,treatment,O
55,were,O
55,considered,O
55,.,O
55,the,O
55,percentage,O
55,that,O
55,would,O
55,attend,O
55,an,O
55,appointment,O
55,in,O
55,‐,O
55,creased,O
55,to,O
55,55.9,PERCENT
55,%,PERCENT
55,in,O
55,contrast,O
55,with,O
55,27,PERCENT
55,%,PERCENT
55,of,O
55,the,O
55,patients,O
55,who,O
55,were,O
55,not,O
55,receiving,O
55,active,O
55,treatment,O
55,.,O
55,Most,O
55,respondents,O
55,who,O
55,were,O
55,not,O
55,re,O
55,‐,O
55,ceiving,O
55,active,O
55,treatment,O
55,(,O
55,51.4,PERCENT
55,%,PERCENT
55,),O
55,answered,O
55,that,O
55,they,O
55,would,O
55,attend,O
55,an,O
55,appointment,O
55,only,O
55,if,O
55,it,O
55,was,O
55,an,O
55,emergency,O
55,.,O
55,This,O
55,indicates,O
55,.,O
55,in,O
55,a,O
55,certain,O
55,way,O
55,.,O
55,that,O
55,patients,O
55,in,O
55,the,O
55,middle,O
55,of,O
55,a,O
55,course,O
55,of,O
55,therapy,O
55,show,O
55,greater,O
55,care,O
55,and,O
55,attention,O
55,regarding,O
55,their,O
55,treatment,O
55,and,O
55,probably,O
55,would,O
55,not,O
55,miss,O
55,an,O
55,appointment,O
55,to,O
55,avoid,O
55,impairing,O
55,the,O
55,outcome,O
55,of,O
55,their,O
55,treatment,O
55,.,O
55,This,O
55,is,O
55,clearly,O
55,evidenced,O
55,in,O
55,the,O
55,re,O
55,‐,O
55,sults,O
55,that,O
55,show,O
55,that,O
55,patients,O
55,under,O
55,treatment,O
55,are,O
55,more,O
55,worried,O
55,than,O
55,patients,O
55,not,O
55,under,O
55,treatment,O
55,.,O
55,When,O
55,comparing,O
55,the,O
55,sexes,O
55,.,O
55,wom,O
55,‐,O
55,en,O
55,were,O
55,less,O
55,worried,O
55,about,O
55,a,O
55,delay,O
55,in,O
55,reaching,O
55,the,O
55,end,O
55,Patients,O
55,undergoing,O
55,dental,O
55,treatment,O
55,were,O
55,more,O
55,concerned,O
55,about,O
55,an,O
55,increase,O
55,in,O
55,the,O
55,duration,O
55,of,O
55,their,O
55,treatment,O
55,(,O
55,43.2,PERCENT
55,%,PERCENT
55,),O
55,than,O
55,those,O
55,under,O
55,no,O
55,treatment,O
55,more,O
55,concerned,O
55,about,O
55,a,O
55,delay,O
55,(,O
55,48.7,PERCENT
55,%,PERCENT
55,),O
55,than,O
55,those,O
55,This,O
55,concern,O
55,among,O
55,orthodontic,O
55,patients,O
55,regarding,O
55,finishing,O
55,their,O
55,treatment,O
55,is,O
55,justifiable,O
55,since,O
55,orthodontic,O
55,treatments,O
55,usually,O
55,last,O
55,longer,O
55,than,O
55,most,O
55,dental,O
55,treatments,O
55,.14.15,NUMBER
55,Besides,O
55,.,O
55,each,O
55,missed,O
55,appointment,O
55,tends,O
55,to,O
55,increase,O
55,the,O
55,orthodontic,O
55,treatment,O
55,time,O
55,on,O
55,average,O
55,by,O
55,1.09,DURATION
55,months,DURATION
55,.16,NUMBER
55,Considering,O
55,insights,O
55,into,O
55,re,O
55,‐,O
55,spondents,O
55,feelings,O
55,about,O
55,quarantine,O
55,.,O
55,it,O
55,can,O
55,be,O
55,considered,O
55,that,O
55,most,O
55,of,O
55,the,O
55,patients,O
55,.,O
55,regardless,O
55,of,O
55,being,O
55,under,O
55,treatment,O
55,or,O
55,not,O
55,.,O
55,shared,O
55,that,O
55,they,O
55,were,O
55,anxious,O
55,or,O
55,scared,O
55,in,O
55,were,O
55,more,O
55,anxious,O
55,and,O
55,afraid,O
55,than,O
55,men,O
55,.,O
55,who,O
55,were,O
55,Despite,O
55,the,O
55,literature,O
55,suggesting,O
55,that,O
55,.,O
55,under,O
55,normal,O
55,situations,O
55,.,O
55,women,O
55,are,O
55,more,O
55,compliant,O
55,with,O
55,dental,O
55,treatment,O
55,than,O
55,men,O
55,.17,O
55,their,O
55,feelings,O
55,of,O
55,anxiety,O
55,and,O
55,fear,O
55,in,O
55,this,O
55,study,O
55,affected,O
55,their,O
55,willingness,O
55,to,O
55,attend,O
55,a,O
55,dental,O
55,appointment,O
55,.,O
55,Probably,O
55,.,O
55,women,O
55,felt,O
55,safer,O
55,Peloso,O
55,RM,O
55,.,O
55,Pini,PERSON
55,NIP,O
55,.,O
55,Sundfeld,PERSON
55,Neto,PERSON
55,D,O
55,.,O
55,Mori,O
55,AA,O
55,.,O
55,Oliveria,ORGANIZATION
55,RCG,ORGANIZATION
55,.,O
55,Valarelli,ORGANIZATION
55,FP,ORGANIZATION
55,.,O
55,Freitas,PERSON
55,KMS,O
55,staying,O
55,at,O
55,home,O
55,or,O
55,going,O
55,to,O
55,the,O
55,dentist,TITLE
55,only,O
55,in,O
55,the,O
55,case,O
55,of,O
55,an,O
55,emergency,O
55,.,O
55,These,O
55,results,O
55,corroborate,O
55,with,O
55,several,O
55,findings,O
55,that,O
55,females,O
55,are,O
55,more,O
55,emotionally,O
55,affected,O
55,by,O
55,difficult,O
55,situations,O
55,and,O
55,are,O
55,more,O
55,likely,O
55,than,O
55,men,O
55,to,O
55,report,O
55,symptoms,O
55,of,O
55,stress,O
55,and,O
55,anxiety,O
55,.18,NUMBER
55,This,O
55,was,O
55,re,O
55,‐,O
55,inforced,O
55,when,O
55,women,O
55,reported,O
55,they,O
55,were,O
55,less,O
55,worried,O
55,about,O
55,delays,O
55,in,O
55,dental,O
55,treatment,O
55,than,O
55,men,O
55,.,O
55,This,DATE
55,may,DATE
55,be,O
55,possibly,O
55,explained,O
55,by,O
55,the,O
55,fact,O
55,that,O
55,women,O
55,are,O
55,more,O
55,worried,O
55,about,O
55,the,O
55,situation,O
55,of,O
55,the,O
55,COVID,O
55,‐,O
55,19,NUMBER
55,pandemic,O
55,outbreak,O
55,and,O
55,concerned,O
55,about,O
55,other,O
55,problems,O
55,re,O
55,‐,O
55,lating,O
55,to,O
55,health,O
55,.,O
55,financial,O
55,/,O
55,economic,O
55,aspects,O
55,.,O
55,and,O
55,social,O
55,distanc,O
55,‐,O
55,ing,O
55,.,O
55,among,O
55,others,O
55,.,O
55,Dental,O
55,treatments,O
55,are,O
55,mostly,O
55,nonessential,O
55,and,O
55,can,O
55,wait,O
55,until,O
55,the,O
55,situation,O
55,normalizes,O
55,.,O
55,The,O
55,comparisons,O
55,between,O
55,select,O
55,regions,O
55,of,O
55,Brazil,COUNTRY
55,revealed,O
55,some,O
55,differences,O
55,.,O
55,In,O
55,general,TITLE
55,.,O
55,respondents,O
55,in,O
55,the,O
55,south,O
55,region,O
55,reported,O
55,greater,O
55,levels,O
55,of,O
55,anxi,O
55,‐,O
55,ety,O
55,and,O
55,fear,O
55,and,O
55,most,O
55,patients,O
55,from,O
55,this,O
55,area,O
55,would,O
55,go,O
55,to,O
55,a,O
55,den,O
55,‐,O
55,tal,O
55,appointment,O
55,only,O
55,in,O
55,case,O
55,of,O
55,an,O
55,emergency,O
55,.,O
55,Those,O
55,in,O
55,the,O
55,north,O
55,were,O
55,the,O
55,least,O
55,affected,O
55,among,O
55,residents,O
55,of,O
55,the,O
55,three,NUMBER
55,regions,O
55,when,O
55,the,O
55,survey,O
55,was,O
55,applied,O
55,and,O
55,this,O
55,is,O
55,probably,O
55,why,O
55,patients,O
55,from,O
55,this,O
55,region,O
55,were,O
55,calmer,O
55,and,O
55,more,O
55,willing,O
55,to,O
55,go,O
55,to,O
55,a,O
55,dental,O
55,ap,O
55,‐,O
55,pointment,O
55,.,O
55,Regardless,O
55,of,O
55,sex,O
55,or,O
55,region,O
55,.,O
55,however,O
55,.,O
55,the,O
55,feelings,O
55,about,O
55,quarantine,O
55,and,O
55,the,O
55,COVID,O
55,‐,O
55,19,NUMBER
55,pandemic,O
55,were,O
55,significantly,O
55,as,O
55,‐,O
55,sociated,O
55,with,O
55,the,O
55,willingness,O
55,to,O
55,go,O
55,to,O
55,a,O
55,dental,O
55,appointment,O
55,.,O
55,Calm,O
55,or,O
55,indifferent,O
55,patients,O
55,were,O
55,more,O
55,willing,O
55,to,O
55,attend,O
55,an,O
55,appoint,O
55,‐,O
55,ment,O
55,.,O
55,while,O
55,most,O
55,of,O
55,the,O
55,patients,O
55,who,O
55,reported,O
55,feeling,O
55,anxious,O
55,.,O
55,afraid,O
55,.,O
55,or,O
55,panicked,O
55,said,O
55,they,O
55,would,O
55,go,O
55,only,O
55,in,O
55,the,O
55,As,O
55,the,O
55,pandem,O
55,‐,O
55,ic,O
55,is,O
55,still,O
55,not,O
55,under,O
55,control,O
55,.,O
55,dentists,O
55,are,O
55,advised,O
55,to,O
55,contact,O
55,patients,O
55,ongoing,O
55,dental,O
55,treatment,O
55,regularly,O
55,and,O
55,.,O
55,if,O
55,possible,O
55,.,O
55,re,O
55,‐,O
55,lay,O
55,instructions,O
55,about,O
55,oral,O
55,health,O
55,maintenance,O
55,and,O
55,emergency,O
55,han,O
55,‐,O
55,dling,O
55,.13.19,NUMBER
55,The,O
55,COVID,O
55,‐,O
55,19,NUMBER
55,pandemic,O
55,has,O
55,driven,O
55,an,O
55,increase,O
55,in,O
55,tele,O
55,‐,O
55,dentistry20,O
55,as,O
55,well,O
55,as,O
55,telemedicine,O
55,and,O
55,telepsychiatry,O
55,.21,O
55,where,O
55,dentists,O
55,can,O
55,use,O
55,information,O
55,and,O
55,communication,O
55,technology,O
55,to,O
55,their,O
55,advantage,O
55,.,O
55,assisting,O
55,and,O
55,advising,O
55,patients,O
55,.,O
55,reducing,O
55,their,O
55,anxiety,O
55,about,O
55,the,O
55,treatment,O
55,duration,O
55,.,O
55,and,O
55,supporting,O
55,good,O
55,out,O
55,‐,O
55,comes,O
55,and,O
55,oral,O
55,health,O
55,and,O
55,care,O
55,.,O
55,However,O
55,.,O
55,there,O
55,are,O
55,situations,O
55,in,O
55,which,O
55,a,O
55,dental,O
55,appointment,O
55,is,O
55,necessary,O
55,.,O
55,In,O
55,these,O
55,cases,O
55,.,O
55,guide,TITLE
55,‐,O
55,lines,O
55,from,O
55,the,O
55,Centers,ORGANIZATION
55,for,ORGANIZATION
55,Disease,ORGANIZATION
55,Control,ORGANIZATION
55,and,ORGANIZATION
55,Prevention,ORGANIZATION
55,.,O
55,the,O
55,American,ORGANIZATION
55,Dental,ORGANIZATION
55,Association,ORGANIZATION
55,.,O
55,and,O
55,the,O
55,WHO,ORGANIZATION
55,should,O
55,be,O
55,fol,O
55,‐,O
55,lowed,O
55,.13.22.23,O
55,Besides,O
55,the,O
55,abovementioned,O
55,recommendations,O
55,.,O
55,exten,O
55,‐,O
55,sive,O
55,care,O
55,concerning,O
55,disinfection,O
55,and,O
55,sanitization,O
55,methods,O
55,of,O
55,the,O
55,clinical,O
55,environment,O
55,have,O
55,been,O
55,suggested,O
55,.19,NUMBER
55,The,O
55,results,O
55,of,O
55,this,O
55,study,O
55,revealed,O
55,that,O
55,patients,O
55,.,O
55,undergoing,O
55,treatment,O
55,or,O
55,not,O
55,.,O
55,are,O
55,interested,O
55,in,O
55,this,O
55,.24,NUMBER
55,The,O
55,data,O
55,of,O
55,this,O
55,survey,O
55,are,O
55,important,O
55,to,O
55,show,O
55,that,O
55,the,O
55,patients,O
55,are,O
55,aware,O
55,and,O
55,that,O
55,following,O
55,available,O
55,recommendations,O
55,is,O
55,important,O
55,to,O
55,maintain,O
55,their,O
55,confidence,O
55,in,O
55,health,O
55,care,O
55,professionals,O
55,and,O
55,their,O
55,compliance,O
55,with,O
55,dental,O
55,treat,O
55,‐,O
55,ment,O
55,both,O
55,now,DATE
55,and,O
55,when,O
55,the,O
55,quarantine,O
55,ends,O
55,.,O
55,A,O
55,limitation,O
55,of,O
55,this,O
55,survey,O
55,is,O
55,the,O
55,moderate,O
55,range,O
55,and,O
55,limited,O
55,coverage,O
55,of,O
55,the,O
55,countrys,O
55,entire,O
55,population,O
55,.,O
55,However,O
55,.,O
55,up,O
55,until,O
55,now,DATE
55,.,O
55,data,O
55,like,O
55,these,O
55,were,O
55,reported,O
55,in,O
55,the,O
55,literature,O
55,only,O
55,using,O
55,an,O
55,orthodontic,O
55,sample,O
55,.24,O
55,due,O
55,to,O
55,the,O
55,singularity,O
55,of,O
55,the,O
55,actual,O
55,moment,O
55,.,O
55,which,O
55,.,O
55,for,O
55,sure,O
55,.,O
55,will,O
55,imply,O
55,permanent,O
55,modifications,O
55,in,O
55,several,O
55,health,O
55,treatment,O
55,areas,O
55,.,O
55,including,O
55,dentistry,O
55,.,O
55,The,O
55,sample,O
55,was,O
55,nonprobabilistic,O
55,and,O
55,did,O
55,not,O
55,allow,O
55,for,O
55,population,O
55,generalization,O
55,;,O
55,however,O
55,.,O
55,this,O
55,study,O
55,still,O
55,provides,O
55,a,O
55,quick,O
55,overview,O
55,of,O
55,the,O
55,concerns,O
55,and,O
55,positions,O
55,of,O
55,patients,O
55,during,O
55,quarantine,O
55,in,O
55,Brazil,COUNTRY
55,.,O
55,Further,O
55,.,O
55,while,O
55,the,O
55,conclu,O
55,‐,O
55,sions,O
55,are,O
55,pertinent,O
55,to,O
55,Brazil,COUNTRY
55,.,O
55,this,O
55,survey,O
55,brings,O
55,useful,O
55,informa,O
55,‐,O
55,tion,O
55,.,O
55,particularly,O
55,as,O
55,many,O
55,dental,O
55,offices,O
55,may,O
55,soon,O
55,reopen,O
55,after,O
55,spending,O
55,some,O
55,time,O
55,closed,O
55,and,O
55,dentists,O
55,should,O
55,know,O
55,what,O
55,they,O
55,can,O
55,expect,O
55,regarding,O
55,patients,O
55,anxiety,O
55,and,O
55,concerns,O
55,.,O
55,The,O
55,quarantine,O
55,recommended,O
55,due,O
55,to,O
55,the,O
55,COVID19,O
55,pandemic,O
55,was,O
55,shown,O
55,to,O
55,have,O
55,an,O
55,im,O
55,‐,O
55,pact,O
55,on,O
55,dental,O
55,appointments,O
55,and,O
55,patients,O
55,anxiety,O
55,since,O
55,there,O
55,was,O
55,a,O
55,significant,O
55,association,O
55,found,O
55,between,O
55,patients,O
55,feelings,O
55,and,O
55,their,O
55,willingness,O
55,to,O
55,attend,O
55,a,O
55,dental,O
55,appointment,O
55,.,O
55,Ongoing,O
55,dental,O
55,treatment,O
55,is,O
55,a,O
55,factor,O
55,leading,O
55,patients,O
55,to,O
55,be,O
55,more,O
55,willing,O
55,to,O
55,at,O
55,‐,O
55,tend,O
55,an,O
55,appointment,O
55,.,O
55,Patients,O
55,undergoing,O
55,treatment,O
55,were,O
55,more,O
55,concerned,O
55,about,O
55,the,O
55,increase,O
55,in,O
55,treatment,O
55,duration,O
55,.,O
55,while,O
55,pa,O
55,‐,O
55,tients,O
55,with,O
55,no,O
55,active,O
55,treatment,O
55,plan,O
55,were,O
55,mostly,O
55,not,O
55,worried,O
55,.,O
55,Or,O
55,‐,O
55,thodontic,O
55,patients,O
55,were,O
55,more,O
55,concerned,O
55,than,O
55,patients,O
55,undergoing,O
55,dental,O
55,treatment,O
55,by,O
55,other,O
55,specialties,O
55,about,O
55,the,O
55,delay,O
55,in,O
55,finish,O
55,‐,O
55,ing,O
55,.,O
55,Braz,PERSON
55,.,O
55,Oral,O
55,Res,O
55,.,O
55,2020,DATE
55,;,O
55,34,NUMBER
55,:,O
55,e084,NUMBER
55,How,O
55,does,O
55,the,O
55,quarantine,O
55,re,O
55,‐,O
55,sulting,O
55,from,O
55,COVID,O
55,‐,O
55,19,NUMBER
55,impact,O
55,dental,O
55,appointments,O
55,and,O
55,patient,O
55,anx,O
55,‐,O
55,iety,O
55,levels,O
55,?,O
55,Patients,O
55,who,O
55,were,O
55,calm,O
55,or,O
55,indifferent,O
55,were,O
55,more,O
55,willing,O
55,to,O
55,go,O
55,to,O
55,an,O
55,appointment,O
55,.,O
55,while,O
55,most,O
55,of,O
55,the,O
55,patients,O
55,who,O
55,reported,O
55,feeling,O
55,anxious,O
55,.,O
55,afraid,O
55,.,O
55,or,O
55,panicked,O
55,would,O
55,go,O
55,only,O
55,in,O
55,the,O
55,case,O
55,of,O
55,an,O
55,emergency,O
55,.,O
55,1,NUMBER
55,.,O
55,World,ORGANIZATION
55,Health,ORGANIZATION
55,Organization,ORGANIZATION
55,WHO,ORGANIZATION
55,.,O
55,Coronavirus,O
55,disease,CAUSE_OF_DEATH
55,2019,DATE
55,(,O
55,COVID,O
55,‐,O
55,19,NUMBER
55,),O
55,:,O
55,situation,O
55,report,O
55,83,NUMBER
55,.,O
55,2020,DATE
55,Apr,DATE
55,12,DATE
55,[,O
55,access,O
55,2020,DATE
55,2,NUMBER
55,.,O
55,Anderson,ORGANIZATION
55,RM,ORGANIZATION
55,.,O
55,Heesterbeek,PERSON
55,H,PERSON
55,.,O
55,Klinkenberg,PERSON
55,D,O
55,.,O
55,Hollingsworth,PERSON
55,TD,O
55,.,O
55,How,O
55,will,O
55,country,O
55,‐,O
55,based,O
55,mitigation,O
55,measures,O
55,in,O
55,‐,O
55,fluence,O
55,the,O
55,course,O
55,of,O
55,the,O
55,3,NUMBER
55,.,O
55,World,ORGANIZATION
55,Health,ORGANIZATION
55,Organization,ORGANIZATION
55,WHO,ORGANIZATION
55,.,O
55,Critical,O
55,preparedness,O
55,.,O
55,readiness,O
55,and,O
55,response,O
55,actions,O
55,for,O
55,COVID,O
55,‐,O
55,19,NUMBER
55,.,O
55,Geneva,CITY
55,:,O
55,World,O
55,Health,O
55,4,NUMBER
55,.,O
55,Meng,PERSON
55,L,PERSON
55,.,O
55,Hua,PERSON
55,F,O
55,.,O
55,Bian,PERSON
55,Z.,PERSON
55,Coron,PERSON
55,‐,O
55,avirus,O
55,disease,CAUSE_OF_DEATH
55,2019,DATE
55,(,O
55,COVID,O
55,‐,O
55,19,NUMBER
55,),O
55,:,O
55,emerging,O
55,and,O
55,future,DATE
55,challenges,O
55,for,O
55,dental,O
55,and,O
55,oral,O
55,medicine,O
55,.,O
55,5,NUMBER
55,.,O
55,Larson,ORGANIZATION
55,EL,ORGANIZATION
55,.,O
55,Early,O
55,E,O
55,.,O
55,Cloonan,PERSON
55,P,O
55,.,O
55,Sugrue,PERSON
55,S,O
55,.,O
55,Parides,O
55,M,O
55,.,O
55,An,O
55,organizational,O
55,climate,O
55,intervention,O
55,asso,O
55,‐,O
55,ciated,O
55,with,O
55,increased,O
55,handwashing,O
55,and,O
55,6,NUMBER
55,.,O
55,World,O
55,Health,O
55,Organiza,O
55,‐,O
55,tion,O
55,WHO,O
55,.,O
55,Questions,O
55,and,O
55,answers,O
55,on,O
55,coronaviruses,O
55,.,O
55,Geneva,CITY
55,:,O
55,World,O
55,Health,ORGANIZATION
55,Organization,ORGANIZATION
55,;,O
55,7,NUMBER
55,.,O
55,Khader,O
55,Y,O
55,.,O
55,Al,PERSON
55,Nsour,PERSON
55,M,O
55,.,O
55,Al,PERSON
55,‐,PERSON
55,Batayneh,PERSON
55,OB,PERSON
55,.,O
55,Saadeh,PERSON
55,R,PERSON
55,.,O
55,Bashier,PERSON
55,H,PERSON
55,.,O
55,Alfaqih,PERSON
55,M,O
55,.,O
55,et,O
55,al,O
55,.,O
55,Dentists,O
55,awareness,O
55,.,O
55,per,O
55,‐,O
55,ception,O
55,.,O
55,and,O
55,attitude,O
55,regarding,O
55,COVID,O
55,‐,O
55,19,NUMBER
55,and,O
55,infection,CAUSE_OF_DEATH
55,control,O
55,:,O
55,a,O
55,cross,O
55,‐,O
55,sectional,O
55,study,O
55,among,O
55,Jordanian,NATIONALITY
55,dentists,O
55,.,O
55,JMIR,PERSON
55,Public,PERSON
55,Health,O
55,Surveill,O
55,.,O
55,2020,DATE
55,Apr,DATE
55,;,O
55,6,NUMBER
55,(,O
55,2,NUMBER
55,),O
55,:,O
55,e18798,O
55,.,O
55,8,NUMBER
55,.,O
55,Livingston,PERSON
55,E,O
55,.,O
55,Bucher,PERSON
55,K.,O
55,Coronavirus,O
55,disease,CAUSE_OF_DEATH
55,2019,DATE
55,(,O
55,COVID,O
55,‐,O
55,19,NUMBER
55,),O
55,in,O
55,Italy,COUNTRY
55,.,O
55,JAMA,ORGANIZATION
55,.,O
55,2020,DATE
55,Mar,DATE
55,;,O
55,323,NUMBER
55,(,O
55,14,NUMBER
55,),O
55,:,O
55,1335,DATE
55,.,O
55,9,NUMBER
55,.,O
55,Ng,PERSON
55,OT,O
55,.,O
55,Marimuthu,PERSON
55,K,PERSON
55,.,O
55,Chia,PERSON
55,PY,PERSON
55,.,O
55,Koh,PERSON
55,V,PERSON
55,.,O
55,Chiew,PERSON
55,CJ,O
55,.,O
55,De,PERSON
55,Wang,PERSON
55,L,PERSON
55,.,O
55,et,O
55,al,O
55,.,O
55,SARS,O
55,‐,O
55,CoV,O
55,‐,O
55,2,NUMBER
55,infection,CAUSE_OF_DEATH
55,among,O
55,travelers,O
55,re,O
55,‐,O
55,turning,O
55,from,O
55,Wuhan,CITY
55,.,O
55,China,COUNTRY
55,.,O
55,10,NUMBER
55,.,O
55,Vahia,O
55,IV,O
55,.,O
55,Blazer,ORGANIZATION
55,DG,ORGANIZATION
55,.,O
55,Smith,ORGANIZATION
55,GS,ORGANIZATION
55,.,O
55,Karp,ORGANIZATION
55,JF,ORGANIZATION
55,.,O
55,Steffens,PERSON
55,DC,STATE_OR_PROVINCE
55,.,O
55,Forester,TITLE
55,BP,O
55,.,O
55,et,O
55,al,O
55,.,O
55,COVID,O
55,‐,O
55,19,NUMBER
55,.,O
55,mental,O
55,health,O
55,and,O
55,aging,O
55,:,O
55,a,O
55,need,O
55,for,O
55,new,O
55,knowledge,O
55,11,NUMBER
55,.,O
55,Ministry,ORGANIZATION
55,of,ORGANIZATION
55,Health,ORGANIZATION
55,.,O
55,Brasil,O
55,registra,O
55,17.857,NUMBER
55,casos,O
55,confirmados,O
55,de,O
55,coronavrus,O
55,e,O
55,941,NUMBER
55,mortes,O
55,.,O
55,2020,DATE
55,Apr,DATE
55,9,DATE
55,[,O
55,access,O
55,2020,DATE
55,Apr,DATE
55,9,DATE
55,],O
55,.,O
55,Available,O
55,13,NUMBER
55,.,O
55,American,NATIONALITY
55,Dental,ORGANIZATION
55,Association,ORGANIZATION
55,ADA,ORGANIZATION
55,.,O
55,Coronavirus,O
55,frequently,O
55,asked,O
55,questions,O
55,.,O
55,2020,DATE
55,[,O
55,citted,O
55,2020,DATE
55,Mar,DATE
55,16,DATE
55,],O
55,.,O
55,Available,O
55,from,O
55,:,O
55,14,NUMBER
55,.,O
55,Faruqui,PERSON
55,S,PERSON
55,.,O
55,Fida,PERSON
55,M,O
55,.,O
55,Shaikh,O
55,A.,O
55,Factors,O
55,affecting,O
55,treatment,O
55,duration,O
55,:,O
55,a,O
55,dilemma,O
55,in,O
55,or,O
55,‐,O
55,thodontics,O
55,.,O
55,J,PERSON
55,Ayub,PERSON
55,Med,PERSON
55,Coll,PERSON
55,Abbottabad,PERSON
55,.,O
55,16,NUMBER
55,.,O
55,Beckwith,PERSON
55,FR,O
55,.,O
55,Acker,PERSON
55,‐,O
55,man,O
55,RJ,PERSON
55,Jr,PERSON
55,.,O
55,Cobb,ORGANIZATION
55,CM,ORGANIZATION
55,.,O
55,Tira,O
55,DE,STATE_OR_PROVINCE
55,.,O
55,An,O
55,evaluation,O
55,of,O
55,factors,O
55,affecting,O
55,duration,O
55,of,O
55,orthodontic,O
55,treatment,O
55,.,O
55,Am,O
55,J,O
55,Orthod,O
55,17,NUMBER
55,.,O
55,Demetriou,PERSON
55,N,O
55,.,O
55,Tsami,MISC
55,‐,MISC
55,Pandi,MISC
55,A,MISC
55,.,O
55,Parashis,O
55,A.,O
55,Compliance,O
55,with,O
55,supportive,O
55,periodontal,O
55,treatment,O
55,in,O
55,private,O
55,periodontal,O
55,practice,O
55,.,O
55,18,NUMBER
55,.,O
55,Moser,ORGANIZATION
55,JS,ORGANIZATION
55,.,O
55,Moran,PERSON
55,TP,O
55,.,O
55,Kneip,PERSON
55,C,O
55,.,O
55,Schroder,ORGANIZATION
55,HS,ORGANIZATION
55,.,O
55,Larson,PERSON
55,MJ,PERSON
55,.,O
55,Sex,O
55,moderates,O
55,the,O
55,associa,O
55,‐,O
55,tion,O
55,between,O
55,symptoms,O
55,of,O
55,anxiety,O
55,.,O
55,19,NUMBER
55,.,O
55,Ather,O
55,A,O
55,.,O
55,Patel,PERSON
55,B,O
55,.,O
55,Ruparel,PERSON
55,NB,STATE_OR_PROVINCE
55,.,O
55,Diogenes,PERSON
55,A,O
55,.,O
55,Hargreaves,PERSON
55,KM,O
55,.,O
55,Coronavirus,O
55,disease,CAUSE_OF_DEATH
55,19,NUMBER
55,(,O
55,COVID,O
55,‐,O
55,19,NUMBER
55,),O
55,:,O
55,implications,O
55,for,O
55,clinical,O
55,dental,O
55,care,O
55,.,O
55,20,NUMBER
55,.,O
55,Kravitz,PERSON
55,ND,PERSON
55,.,O
55,Burris,PERSON
55,B,O
55,.,O
55,Butler,PERSON
55,D,O
55,.,O
55,Dabney,PERSON
55,CW,PERSON
55,.,O
55,Teledentistry,O
55,.,O
55,do,O
55,‐,O
55,it,O
55,‐,O
55,yourself,O
55,orthodontics,O
55,.,O
55,and,O
55,remote,O
55,treatment,O
55,monitoring,O
55,.,O
55,J,PERSON
55,Clin,PERSON
55,Orthod,PERSON
55,.,O
55,21,NUMBER
55,.,O
55,Hollander,PERSON
55,JE,O
55,.,O
55,Carr,ORGANIZATION
55,BG,ORGANIZATION
55,.,O
55,Virtually,O
55,perfect,O
55,?,O
55,Telemedicine,O
55,for,O
55,Covid,O
55,‐,O
55,19,NUMBER
55,.,O
55,N,O
55,Engl,O
55,J,O
55,Med,O
55,.,O
55,2020,DATE
55,Apr,DATE
55,;,O
55,382,NUMBER
55,(,O
55,18,NUMBER
55,),O
55,:,O
55,1679,DATE
55,‐,O
55,81,NUMBER
55,.,O
55,Braz,PERSON
55,.,O
55,Oral,O
55,Res,O
55,.,O
55,2020,DATE
55,;,O
55,34,NUMBER
55,:,O
55,e084,NUMBER
55,Peloso,O
55,RM,O
55,.,O
55,Pini,PERSON
55,NIP,O
55,.,O
55,Sundfeld,PERSON
55,Neto,PERSON
55,D,O
55,.,O
55,Mori,O
55,AA,O
55,.,O
55,Oliveria,PERSON
55,RCG,PERSON
55,.,O
55,Valarelli,ORGANIZATION
55,FP,ORGANIZATION
55,.,O
55,Freitas,PERSON
55,KMS,O
55,22,NUMBER
55,.,O
55,Centers,O
55,for,O
55,Disease,CAUSE_OF_DEATH
55,Control,O
55,and,O
55,Prevention,O
55,CDC,ORGANIZATION
55,.,O
55,CDC,ORGANIZATION
55,recommendation,O
55,:,O
55,postpone,O
55,non,O
55,‐,O
55,urgent,O
55,dental,O
55,procedures,O
55,.,O
55,surgeries,O
55,.,O
55,2020,DATE
55,23,NUMBER
55,.,O
55,World,ORGANIZATION
55,Health,ORGANIZATION
55,Organization,ORGANIZATION
55,WHO,ORGANIZATION
55,.,O
55,Clinical,O
55,management,O
55,of,O
55,severe,O
55,acute,O
55,respiratory,CAUSE_OF_DEATH
55,infection,CAUSE_OF_DEATH
55,when,O
55,COVID,O
55,‐,O
55,19,NUMBER
55,is,O
55,suspected,O
55,.,O
55,24,NUMBER
55,.,O
55,Cotrin,ORGANIZATION
55,PP,ORGANIZATION
55,.,O
55,Peloso,PERSON
55,RM,PERSON
55,.,O
55,Oliveira,PERSON
55,RC,O
55,.,O
55,Oliveira,PERSON
55,RC,O
55,.,O
55,Pini,ORGANIZATION
55,NI,ORGANIZATION
55,.,O
55,Valarelli,ORGANIZATION
55,FP,ORGANIZATION
55,.,O
55,et,O
55,al,O
55,.,O
55,Impact,O
55,of,O
55,coronavirus,O
55,pandemic,O
55,in,O
55,appointments,O
55,and,O
55,anxiety,O
55,/,O
55,concerns,O
55,of,O
55,patients,O
55,regard,O
55,‐,O
55,ing,O
55,orthodontic,O
55,treatment,O
55,.,O
55,Orthod,ORGANIZATION
55,Craniofac,ORGANIZATION
55,Res,ORGANIZATION
55,.,O
55,2020,DATE
55,May,DATE
55,.,O
55,Forth,O
55,‐,O
55,coming,O
55,.,O
55,Braz,PERSON
55,.,O
55,Oral,O
55,Res,O
55,.,O
55,2020,DATE
55,;,O
55,34,NUMBER
55,:,O
55,e084,NUMBER
