52,Open,MISC
52,Access,MISC
52,Case,MISC
52,Coronavirus,MISC
52,(,O
52,COVID,O
52,‐,O
52,19,NUMBER
52,),O
52,Fulminant,O
52,Myopericarditis,O
52,and,O
52,Acute,O
52,Respiratory,O
52,Distress,O
52,Syndrome,O
52,(,O
52,ARDS,ORGANIZATION
52,),O
52,in,O
52,a,O
52,Middle,O
52,‐,O
52,Aged,O
52,Male,O
52,Patient,O
52,Hussain,PERSON
52,Hussain,PERSON
52,1,NUMBER
52,.,O
52,Aya,ORGANIZATION
52,Fadel,ORGANIZATION
52,2,NUMBER
52,.,O
52,Haidar,PERSON
52,Alwaeli,PERSON
52,3,NUMBER
52,.,O
52,Victor,PERSON
52,Guardiola,PERSON
52,4,NUMBER
52,1,NUMBER
52,.,O
52,Internal,ORGANIZATION
52,Medicine,ORGANIZATION
52,.,ORGANIZATION
52,Cardiology,ORGANIZATION
52,Clinic,ORGANIZATION
52,.,O
52,Pasadena,CITY
52,.,O
52,USA,ORGANIZATION
52,2,NUMBER
52,.,O
52,Internal,ORGANIZATION
52,Medicine,ORGANIZATION
52,.,O
52,Florida,STATE_OR_PROVINCE
52,International,LOCATION
52,York,CITY
52,.,O
52,USA,ORGANIZATION
52,4,NUMBER
52,.,O
52,Oncology,O
52,.,O
52,Baptist,RELIGION
52,Health,O
52,South,O
52,Florida,STATE_OR_PROVINCE
52,.,O
52,Miami,CITY
52,.,O
52,USA,COUNTRY
52,My,O
52,‐,O
52,opericarditis,O
52,remains,O
52,a,O
52,prominent,O
52,infectious,O
52,inflammatory,O
52,disor,O
52,‐,O
52,der,O
52,throughout,O
52,a,O
52,patients,O
52,lifetime,O
52,.,O
52,Moreover,O
52,.,O
52,viral,O
52,pathogens,O
52,have,O
52,been,O
52,proven,O
52,to,O
52,be,O
52,the,O
52,leading,O
52,contributors,O
52,to,O
52,myopericardi,O
52,‐,O
52,tis,O
52,in,O
52,the,O
52,pediatric,O
52,and,O
52,adult,O
52,populations,O
52,.,O
52,Despite,O
52,the,O
52,current,DATE
52,comprehensive,O
52,knowledge,O
52,of,O
52,myocardial,O
52,injury,O
52,in,O
52,viral,O
52,and,O
52,post,O
52,‐,O
52,viral,O
52,myopericarditis,O
52,.,O
52,the,O
52,cellular,O
52,and,O
52,molecular,O
52,mechanisms,O
52,of,O
52,SARS,O
52,‐,O
52,CoV,O
52,‐,O
52,2,NUMBER
52,‐,O
52,induced,O
52,myopericarditis,O
52,are,O
52,poorly,O
52,understood,O
52,.,O
52,This,O
52,report,O
52,presents,O
52,a,O
52,case,O
52,of,O
52,coronavirus,O
52,(,O
52,COVID,O
52,‐,O
52,19,NUMBER
52,),O
52,fulminant,O
52,my,O
52,‐,O
52,opericarditis,O
52,and,O
52,acute,O
52,respiratory,O
52,distress,O
52,syndrome,O
52,(,O
52,ARDS,O
52,),O
52,in,O
52,a,O
52,middle,O
52,‐,O
52,aged,O
52,male,O
52,patient,O
52,:,O
52,a,O
52,51,NUMBER
52,‐,O
52,year,DURATION
52,‐,O
52,old,O
52,man,O
52,with,O
52,a,O
52,history,O
52,of,O
52,hy,O
52,‐,O
52,pertension,O
52,who,O
52,arrived,O
52,to,O
52,the,O
52,emergency,O
52,department,O
52,with,O
52,a,O
52,dry,O
52,cough,O
52,.,O
52,fatigue,O
52,.,O
52,dyspnea,O
52,.,O
52,and,O
52,a,O
52,fever,CAUSE_OF_DEATH
52,.,O
52,A,O
52,real,O
52,‐,O
52,time,O
52,reverse,O
52,tran,O
52,‐,O
52,scriptase,O
52,‐,O
52,polymerase,O
52,chain,O
52,reaction,O
52,(,O
52,RT,O
52,‐,O
52,PCR,O
52,),O
52,assay,O
52,confirmed,O
52,a,O
52,diagnosis,O
52,of,O
52,COVID,O
52,‐,O
52,19,NUMBER
52,infection,CAUSE_OF_DEATH
52,.,O
52,resulting,O
52,in,O
52,the,O
52,patients,O
52,admis,O
52,‐,O
52,sion,O
52,to,O
52,the,O
52,airborne,O
52,isolation,O
52,unit,O
52,for,O
52,clinical,O
52,observation,O
52,.,O
52,When,O
52,his,O
52,condition,O
52,began,O
52,to,O
52,deteriorate,O
52,.,O
52,the,O
52,patient,O
52,was,O
52,trans,O
52,‐,O
52,ferred,O
52,to,O
52,the,O
52,cardiac,O
52,care,O
52,unit,O
52,after,O
52,electrocardiography,O
52,detect,O
52,‐,O
52,ed,O
52,cardiac,O
52,injury,O
52,.,O
52,demonstrating,O
52,diffuse,O
52,ST,O
52,‐,O
52,segment,O
52,elevation,O
52,.,O
52,Laboratory,O
52,evaluations,O
52,revealed,O
52,elevated,O
52,troponin,O
52,T,O
52,and,O
52,BNP,ORGANIZATION
52,.,O
52,with,O
52,an,O
52,echocardiogram,O
52,indicating,O
52,global,O
52,left,O
52,ventricular,O
52,hypokinesia,O
52,and,O
52,a,O
52,reduced,O
52,ejection,O
52,fraction,O
52,.,O
52,The,O
52,patient,O
52,was,O
52,treated,O
52,with,O
52,hy,O
52,‐,O
52,droxychloroquine,O
52,.,O
52,azithromycin,O
52,.,O
52,dobutamine,O
52,.,O
52,remdesivir,O
52,.,O
52,and,O
52,ven,O
52,‐,O
52,tilatory,O
52,support,O
52,.,O
52,This,O
52,specific,O
52,case,O
52,highlights,O
52,the,O
52,severity,O
52,and,O
52,complications,CAUSE_OF_DEATH
52,that,O
52,may,O
52,arise,O
52,as,O
52,a,O
52,direct,O
52,result,O
52,of,O
52,COVID,O
52,‐,O
52,19,NUMBER
52,in,O
52,‐,O
52,fection,O
52,.,O
52,Categories,O
52,:,O
52,Cardiology,O
52,.,O
52,Infectious,CAUSE_OF_DEATH
52,Disease,CAUSE_OF_DEATH
52,.,O
52,Pulmonology,O
52,Keywords,O
52,:,O
52,coronavirus,O
52,disease,CAUSE_OF_DEATH
52,(,O
52,covid,O
52,‐,O
52,19,NUMBER
52,),O
52,.,O
52,diffuse,O
52,st,O
52,elevation,O
52,.,O
52,myocarditis,CAUSE_OF_DEATH
52,.,O
52,sars,O
52,‐,O
52,cov,O
52,‐,O
52,2,NUMBER
52,(,O
52,severe,O
52,acute,O
52,respiratory,O
52,syndrome,O
52,coron,O
52,‐,O
52,avirus,O
52,‐,O
52,2,NUMBER
52,),O
52,.,O
52,ards,O
52,.,O
52,myopericarditis,O
52,Hussain,PERSON
52,et,O
52,al,O
52,.,O
52,This,O
52,is,O
52,an,O
52,open,O
52,access,O
52,unrestricted,O
52,use,O
52,.,O
52,distribution,O
52,.,O
52,and,O
52,reproduction,O
52,in,O
52,any,O
52,medium,O
52,.,O
52,provided,O
52,Coronavirus,MISC
52,disease,CAUSE_OF_DEATH
52,2019,DATE
52,(,O
52,COVID,O
52,‐,O
52,19,NUMBER
52,),O
52,.,O
52,a,O
52,viral,O
52,respiratory,CAUSE_OF_DEATH
52,disease,CAUSE_OF_DEATH
52,of,O
52,possible,O
52,zoonotic,O
52,origin,O
52,that,O
52,surfaced,O
52,in,O
52,2019,DATE
52,.,O
52,is,O
52,caused,O
52,by,O
52,severe,O
52,acute,O
52,respiratory,O
52,syndrome,O
52,coronavirus,O
52,2,NUMBER
52,(,O
52,SARSCoV,O
52,‐,O
52,2,NUMBER
52,),O
52,[,O
52,1,NUMBER
52,],O
52,.,O
52,Patients,O
52,with,O
52,confirmed,O
52,severe,O
52,acute,O
52,respira,O
52,‐,O
52,tory,O
52,syndrome,O
52,coronavirus,O
52,SARS,O
52,‐,O
52,CoV,O
52,‐,O
52,2,NUMBER
52,infection,CAUSE_OF_DEATH
52,can,O
52,present,DATE
52,with,O
52,flu,CAUSE_OF_DEATH
52,‐,O
52,like,O
52,symptoms,O
52,that,O
52,may,O
52,include,O
52,a,O
52,fever,CAUSE_OF_DEATH
52,.,O
52,lethargy,O
52,.,O
52,anosmia,O
52,.,O
52,ageusia,O
52,.,O
52,rhinorrhea,O
52,.,O
52,myalgia,O
52,.,O
52,a,O
52,dry,O
52,cough,O
52,.,O
52,a,O
52,sore,O
52,throat,O
52,.,O
52,and,O
52,other,O
52,nonspecific,O
52,symptoms,O
52,such,O
52,as,O
52,diarrhea,O
52,or,O
52,abdominal,O
52,pain,O
52,[,O
52,1,NUMBER
52,],O
52,.,O
52,Severe,O
52,complications,CAUSE_OF_DEATH
52,of,O
52,COVID,O
52,‐,O
52,19,NUMBER
52,infection,CAUSE_OF_DEATH
52,include,O
52,pneumo,O
52,‐,O
52,nia,O
52,.,O
52,respiratory,CAUSE_OF_DEATH
52,failure,CAUSE_OF_DEATH
52,from,O
52,acute,O
52,respiratory,O
52,distress,O
52,syndrome,O
52,(,O
52,ARDS,O
52,),O
52,.,O
52,septic,O
52,shock,O
52,.,O
52,and,O
52,acute,O
52,myopericarditis,O
52,[,O
52,1,NUMBER
52,‐,O
52,2,NUMBER
52,],O
52,.,O
52,This,O
52,re,O
52,‐,O
52,port,O
52,presents,O
52,a,O
52,middle,O
52,‐,O
52,aged,O
52,male,O
52,patient,O
52,diagnosed,O
52,with,O
52,COVID,O
52,‐,O
52,19,NUMBER
52,who,O
52,.,O
52,unfortunately,O
52,.,O
52,did,O
52,not,O
52,survive,O
52,.,O
52,addressing,O
52,the,O
52,data,O
52,from,O
52,the,O
52,patients,O
52,admission,O
52,until,O
52,his,O
52,expiration,O
52,.,O
52,Hussain,PERSON
52,H,PERSON
52,.,O
52,Fadel,PERSON
52,A,PERSON
52,.,O
52,Al,PERSON
52,‐,PERSON
52,waeli,O
52,H,O
52,.,O
52,et,O
52,al.,O
52,(,O
52,June,DATE
52,24,DATE
52,.,DATE
52,2020,DATE
52,),O
52,Coronavirus,O
52,(,O
52,COVID,O
52,‐,O
52,19,NUMBER
52,),O
52,Fulminant,O
52,Myopericarditis,O
52,and,O
52,Acute,O
52,Respiratory,O
52,Distress,O
52,Syndrome,O
52,(,O
52,ARDS,O
52,),O
52,in,O
52,a,O
52,Middle,MISC
52,‐,MISC
52,Aged,MISC
52,Male,MISC
52,Patient,O
52,.,O
52,Cureus,O
52,12,NUMBER
52,(,O
52,6,NUMBER
52,),O
52,:,O
52,e8808,O
52,.,O
52,Case,O
52,Presenta,O
52,‐,O
52,tion,O
52,Clinical,O
52,history,O
52,A,O
52,51,NUMBER
52,‐,O
52,year,DURATION
52,‐,O
52,old,O
52,middle,O
52,‐,O
52,aged,O
52,Italian,NATIONALITY
52,man,O
52,with,O
52,a,O
52,history,O
52,of,O
52,hypertension,CAUSE_OF_DEATH
52,presented,O
52,to,O
52,the,O
52,emergency,O
52,department,O
52,with,O
52,a,O
52,dry,O
52,cough,O
52,.,O
52,fatigue,O
52,.,O
52,dyspnea,O
52,.,O
52,and,O
52,a,O
52,fever,CAUSE_OF_DEATH
52,.,O
52,He,O
52,denied,O
52,having,O
52,any,O
52,travel,O
52,history,O
52,.,O
52,chills,O
52,.,O
52,diaphoresis,O
52,.,O
52,chest,O
52,pain,O
52,.,O
52,or,O
52,change,O
52,in,O
52,bowel,O
52,or,O
52,urinary,O
52,habits,O
52,.,O
52,He,O
52,also,O
52,reported,O
52,having,O
52,multiple,O
52,episodes,O
52,of,O
52,epigastric,O
52,pain,O
52,and,O
52,nausea,O
52,that,O
52,had,O
52,partially,O
52,im,O
52,‐,O
52,proved,O
52,with,O
52,omeprazole,O
52,treatment,O
52,two,DURATION
52,days,DURATION
52,prior,O
52,to,O
52,hospitaliza,O
52,‐,O
52,tion,O
52,.,O
52,Upon,O
52,his,O
52,arrival,O
52,to,O
52,the,O
52,emergency,O
52,department,O
52,.,O
52,a,O
52,physical,O
52,examination,O
52,revealed,O
52,a,O
52,body,O
52,temperature,O
52,of,O
52,39.6,NUMBER
52,C,O
52,.,O
52,a,O
52,respiratory,O
52,rate,O
52,of,O
52,26,NUMBER
52,breaths,O
52,/,O
52,min,DURATION
52,.,O
52,a,O
52,blood,O
52,pressure,O
52,of,O
52,141/89,NUMBER
52,mmHg,O
52,.,O
52,a,O
52,heart,O
52,rate,O
52,of,O
52,97,NUMBER
52,beats,O
52,/,O
52,min,DURATION
52,.,O
52,and,O
52,an,O
52,oxygen,O
52,saturation,O
52,of,O
52,91,PERCENT
52,%,PERCENT
52,(,O
52,>,O
52,95,PERCENT
52,%,PERCENT
52,),O
52,while,O
52,the,O
52,patient,O
52,was,O
52,breathing,O
52,ambient,O
52,air,O
52,.,O
52,An,O
52,arterial,O
52,gas,O
52,analysis,O
52,indicated,O
52,a,O
52,pH,COUNTRY
52,of,O
52,7.44,NUMBER
52,(,O
52,7.36,NUMBER
52,‐,O
52,7.44,NUMBER
52,),O
52,.,O
52,an,O
52,oxygen,O
52,partial,O
52,pressure,O
52,of,O
52,79,NUMBER
52,mmHg,O
52,(,O
52,75,NUMBER
52,‐,O
52,100,NUMBER
52,mmHg,O
52,),O
52,.,O
52,and,O
52,a,O
52,carbon,O
52,dioxide,O
52,partial,O
52,pressure,O
52,of,O
52,39,NUMBER
52,mmHg,O
52,(,O
52,35,NUMBER
52,‐,O
52,45,NUMBER
52,mmHg,O
52,),O
52,.,O
52,Auscultation,O
52,of,O
52,the,O
52,chest,O
52,un,O
52,‐,O
52,covered,O
52,bilateral,O
52,wheezing,O
52,and,O
52,rhonchi,O
52,.,O
52,Agonal,O
52,respiration,O
52,and,O
52,a,O
52,symmetrical,O
52,decrease,O
52,in,O
52,chest,O
52,expansion,O
52,were,O
52,noted,O
52,as,O
52,well,O
52,.,O
52,The,O
52,complete,O
52,blood,O
52,count,TITLE
52,test,O
52,findings,O
52,were,O
52,normal,O
52,.,O
52,except,O
52,for,O
52,lym,O
52,‐,O
52,phopenia,O
52,(,O
52,920,NUMBER
52,lymphocytes,O
52,/,O
52,microliter,O
52,),O
52,.,O
52,Since,O
52,pneumonia,CAUSE_OF_DEATH
52,was,O
52,sus,O
52,‐,O
52,pected,O
52,.,O
52,the,O
52,patient,O
52,was,O
52,started,O
52,on,O
52,oxygen,O
52,therapy,O
52,.,O
52,continuous,O
52,electronic,O
52,vital,O
52,signs,O
52,monitoring,O
52,.,O
52,an,O
52,acetaminophen,O
52,intravenous,O
52,(,O
52,IV,O
52,),O
52,drip,O
52,.,O
52,ceftriaxone,O
52,.,O
52,and,O
52,vancomycin,O
52,.,O
52,A,O
52,nasopharyngeal,O
52,swab,O
52,was,O
52,collected,O
52,and,O
52,tested,O
52,for,O
52,severe,O
52,acute,O
52,respiratory,O
52,syndrome,O
52,(,O
52,SARS,O
52,),O
52,associated,O
52,coronavirus,O
52,using,O
52,the,O
52,reverse,O
52,transcriptase,O
52,polymerase,O
52,chain,O
52,reaction,O
52,(,O
52,RT,O
52,‐,O
52,PCR,O
52,),O
52,method,O
52,.,O
52,and,O
52,a,O
52,positive,O
52,result,O
52,was,O
52,ob,O
52,‐,O
52,tained,O
52,.,O
52,In,O
52,coordination,O
52,with,O
52,emergency,O
52,medical,O
52,services,O
52,.,O
52,hospital,O
52,leadership,O
52,and,O
52,staff,O
52,decided,O
52,to,O
52,discontinue,O
52,the,O
52,patients,O
52,antibi,O
52,‐,O
52,otic,O
52,treatments,O
52,.,O
52,The,O
52,patient,O
52,was,O
52,then,O
52,transferred,O
52,to,O
52,the,O
52,airborne,O
52,isolation,O
52,unit,O
52,for,O
52,clinical,O
52,observation,O
52,.,O
52,On,O
52,the,O
52,first,ORDINAL
52,night,TIME
52,of,O
52,admission,O
52,.,O
52,the,O
52,patients,O
52,condition,O
52,continued,O
52,to,O
52,worsen,O
52,.,O
52,and,O
52,he,O
52,re,O
52,‐,O
52,ceived,O
52,a,O
52,more,O
52,comprehensive,O
52,evaluation,O
52,.,O
52,His,O
52,physical,O
52,examination,O
52,revealed,O
52,a,O
52,respiratory,O
52,rate,O
52,of,O
52,29,NUMBER
52,breaths,O
52,/,O
52,min,DURATION
52,.,O
52,a,O
52,blood,O
52,pressure,O
52,of,O
52,134/87,NUMBER
52,mmHg,O
52,.,O
52,a,O
52,heart,O
52,rate,O
52,of,O
52,120,NUMBER
52,beats,O
52,/,O
52,min,DURATION
52,.,O
52,and,O
52,an,O
52,oxygen,O
52,sat,O
52,‐,O
52,uration,O
52,of,O
52,84,PERCENT
52,%,PERCENT
52,.,O
52,The,O
52,patient,O
52,was,O
52,started,O
52,on,O
52,continuous,O
52,positive,O
52,airway,O
52,pressure,O
52,and,O
52,the,O
52,antiviral,O
52,drug,O
52,remdesivir,O
52,to,O
52,improve,O
52,his,O
52,oxygen,O
52,saturation,O
52,and,O
52,halt,O
52,the,O
52,progression,O
52,of,O
52,the,O
52,During,O
52,his,O
52,sec,DURATION
52,‐,O
52,ond,O
52,day,DURATION
52,of,O
52,hospitalization,O
52,.,O
52,the,O
52,patient,O
52,remained,O
52,febrile,O
52,(,O
52,a,O
52,body,O
52,temperature,O
52,of,O
52,39.1,NUMBER
52,C,O
52,),O
52,and,O
52,hypoxemic,O
52,(,O
52,an,O
52,oxygen,O
52,saturation,O
52,of,O
52,81,PERCENT
52,%,PERCENT
52,),O
52,and,O
52,required,O
52,mechanical,O
52,ventilation,O
52,.,O
52,A,O
52,posteroanterior,O
52,chest,O
52,X,O
52,‐,O
52,ray,O
52,exposed,O
52,bilateral,O
52,and,O
52,peripheral,O
52,ground,O
52,‐,O
52,glass,O
52,and,O
52,consol,O
52,‐,O
52,idative,O
52,pulmonary,O
52,opacities,O
52,.,O
52,These,O
52,radiographic,O
52,findings,O
52,explain,O
52,the,O
52,progressive,IDEOLOGY
52,deterioration,O
52,in,O
52,the,O
52,electrocardiography,O
52,.,O
52,tro,O
52,‐,O
52,ponin,O
52,.,O
52,and,O
52,creatine,O
52,kinase,O
52,myocardial,O
52,band,O
52,(,O
52,CK,O
52,‐,O
52,MB,STATE_OR_PROVINCE
52,),O
52,tests,O
52,provided,O
52,normal,O
52,results,O
52,.,O
52,with,O
52,coronavirus,O
52,infection,CAUSE_OF_DEATH
52,establishing,O
52,severe,O
52,ARDS,O
52,.,O
52,CT,STATE_OR_PROVINCE
52,:,O
52,Computer,O
52,Tomography,O
52,;,O
52,IV,NUMBER
52,:,O
52,Intravenous,O
52,;,O
52,ARDS,O
52,:,O
52,Acute,O
52,Res,O
52,‐,O
52,piratory,O
52,Distress,O
52,Syndrome,O
52,.,O
52,PA,STATE_OR_PROVINCE
52,:,O
52,Posteroanterior,ORGANIZATION
52,;,O
52,ARDS,O
52,:,O
52,Acute,O
52,Respiratory,O
52,Distress,O
52,Syndrome,O
52,.,O
52,The,DATE
52,following,DATE
52,day,DATE
52,.,O
52,the,O
52,patients,O
52,condition,O
52,continued,O
52,to,O
52,deteriorate,O
52,.,O
52,and,O
52,no,O
52,improvements,O
52,were,O
52,not,O
52,‐,O
52,ed,O
52,.,O
52,On,O
52,examination,O
52,.,O
52,he,O
52,appeared,O
52,unwell,O
52,:,O
52,his,O
52,vital,O
52,signs,O
52,revealed,O
52,a,O
52,body,O
52,temperature,O
52,of,O
52,37.8,NUMBER
52,C,O
52,.,O
52,a,O
52,blood,O
52,pressure,O
52,of,O
52,138/93,NUMBER
52,mmHg,O
52,.,O
52,a,O
52,heart,O
52,rate,O
52,of,O
52,93,NUMBER
52,beats,O
52,/,O
52,min,DURATION
52,.,O
52,and,O
52,an,O
52,oxygen,O
52,saturation,O
52,of,O
52,83,PERCENT
52,%,PERCENT
52,while,O
52,he,O
52,was,O
52,on,O
52,a,O
52,ventilator,TITLE
52,.,O
52,Additional,O
52,medical,O
52,therapies,O
52,were,O
52,initi,O
52,‐,O
52,ated,O
52,based,O
52,on,O
52,existing,O
52,practice,O
52,guidelines,O
52,.,O
52,The,O
52,patients,O
52,medica,O
52,‐,O
52,tions,O
52,were,O
52,reconciled,O
52,.,O
52,and,O
52,hydroxychloroquine,O
52,and,O
52,azithromycin,O
52,were,O
52,added,O
52,.,O
52,No,O
52,significant,O
52,improvements,O
52,were,O
52,noted,O
52,on,O
52,the,O
52,follow,O
52,‐,O
52,ing,O
52,day,DURATION
52,.,O
52,On,O
52,the,DATE
52,fifth,DATE
52,day,DATE
52,of,O
52,admission,O
52,.,O
52,a,O
52,comprehensive,O
52,physical,O
52,examination,O
52,presented,O
52,normal,O
52,vital,O
52,sign,O
52,findings,O
52,.,O
52,except,O
52,for,O
52,an,O
52,oxygen,O
52,saturation,O
52,of,O
52,87,PERCENT
52,%,PERCENT
52,and,O
52,a,O
52,respiratory,O
52,rate,O
52,of,O
52,26,NUMBER
52,breaths,O
52,/,O
52,min,DURATION
52,.,O
52,Interestingly,O
52,.,O
52,the,O
52,continuous,O
52,electronic,O
52,vital,O
52,signs,O
52,monitor,O
52,revealed,O
52,an,O
52,extensive,O
52,and,O
52,diffuse,O
52,ST,O
52,‐,O
52,segment,O
52,eleva,O
52,‐,O
52,tion,O
52,finding,O
52,.,O
52,which,O
52,prompted,O
52,the,O
52,medical,O
52,team,O
52,to,O
52,order,O
52,electro,O
52,‐,O
52,cardiography,O
52,.,O
52,coronary,O
52,angiography,O
52,.,O
52,and,O
52,echocardiography,O
52,.,O
52,Coro,O
52,‐,O
52,nary,O
52,angiography,O
52,confirmed,O
52,a,O
52,normal,O
52,supply,O
52,of,O
52,blood,O
52,to,O
52,the,O
52,heart,O
52,and,O
52,no,O
52,signs,O
52,of,O
52,any,O
52,arterial,O
52,obstruction,O
52,.,O
52,However,O
52,.,O
52,an,O
52,echocardio,O
52,‐,O
52,graphy,O
52,indicated,O
52,an,O
52,enlarged,O
52,heart,O
52,with,O
52,a,O
52,marked,O
52,decrease,O
52,in,O
52,ven,O
52,‐,O
52,tricular,O
52,systolic,O
52,function,O
52,and,O
52,an,O
52,ejection,O
52,fraction,O
52,of,O
52,20,PERCENT
52,%,PERCENT
52,.,O
52,Fur,O
52,‐,O
52,thermore,O
52,.,O
52,elevated,O
52,levels,O
52,of,O
52,troponin,O
52,(,O
52,0.29,NUMBER
52,ng,O
52,/,O
52,mL,O
52,),O
52,.,O
52,creatine,O
52,ki,O
52,‐,O
52,nase,O
52,myocardial,O
52,band,O
52,(,O
52,CK,O
52,‐,O
52,MB,STATE_OR_PROVINCE
52,),O
52,(,O
52,20.1,NUMBER
52,ng,O
52,/,O
52,mL,O
52,),O
52,and,O
52,N,O
52,‐,O
52,terminal,O
52,pro,O
52,‐,O
52,hor,O
52,‐,O
52,mone,O
52,brain,O
52,natriuretic,O
52,peptide,O
52,(,O
52,NT,STATE_OR_PROVINCE
52,‐,O
52,proBNP,O
52,),O
52,.,O
52,(,O
52,BNP,ORGANIZATION
52,;,O
52,1.287,NUMBER
52,pg,O
52,/,O
52,mL,O
52,),O
52,were,O
52,detected,O
52,.,O
52,These,O
52,findings,O
52,suggested,O
52,acute,O
52,myopericarditis,O
52,.,O
52,and,O
52,inotropic,O
52,support,O
52,(,O
52,dobutamine,O
52,),O
52,was,O
52,thus,O
52,initiated,O
52,.,O
52,EKG,O
52,:,O
52,Electrocardiography,O
52,;,O
52,ST,O
52,:,O
52,ST,O
52,segment,O
52,.,O
52,improvement,O
52,.,O
52,Physical,O
52,exam,O
52,findings,O
52,confirmed,O
52,bilateral,O
52,lower,O
52,extremity,O
52,pitting,O
52,edema,O
52,.,O
52,a,O
52,blood,O
52,pressure,O
52,of,O
52,130/83,NUMBER
52,mmHg,O
52,.,O
52,a,O
52,heart,O
52,rate,O
52,of,O
52,88,NUMBER
52,beats,O
52,/,O
52,minute,DURATION
52,.,O
52,and,O
52,an,O
52,oxygen,O
52,saturation,O
52,of,O
52,89,PERCENT
52,%,PERCENT
52,.,O
52,The,O
52,patient,O
52,remained,O
52,on,O
52,continu,O
52,‐,O
52,ous,O
52,mechanical,O
52,ventilation,O
52,and,O
52,his,O
52,current,DATE
52,medications,O
52,.,O
52,Addi,O
52,‐,O
52,tionally,O
52,.,O
52,he,O
52,was,O
52,started,O
52,on,O
52,a,O
52,nonsteroidal,O
52,anti,O
52,‐,O
52,inflammatory,O
52,drug,O
52,(,O
52,NSAID,O
52,;,O
52,indomethacin,LOCATION
52,.,O
52,50,NUMBER
52,mg,O
52,t.d.s.,O
52,),O
52,on,O
52,the,DATE
52,seventh,DATE
52,day,DATE
52,of,O
52,hospi,O
52,‐,O
52,talization,O
52,to,O
52,treat,O
52,acute,O
52,myopericarditis,O
52,.,O
52,Overall,O
52,.,O
52,the,O
52,patients,O
52,medical,O
52,condition,O
52,deteriorated,O
52,over,O
52,the,DATE
52,following,DATE
52,days,DATE
52,of,O
52,his,O
52,hospitalization,O
52,.,O
52,suggesting,O
52,no,O
52,dramatic,O
52,response,O
52,to,O
52,his,O
52,current,DATE
52,therapy,O
52,.,O
52,His,O
52,EKGs,O
52,also,O
52,continued,O
52,to,O
52,demonstrate,O
52,diffuse,O
52,ST,O
52,‐,O
52,seg,O
52,‐,O
52,ment,O
52,elevation,O
52,.,O
52,and,O
52,pericardial,O
52,friction,O
52,rub,O
52,was,O
52,audible,O
52,upon,O
52,cardiac,O
52,auscultation,O
52,.,O
52,A,O
52,cardiac,O
52,biomarkers,O
52,laboratory,O
52,test,O
52,re,O
52,‐,O
52,vealed,O
52,an,O
52,increase,O
52,in,O
52,troponin,O
52,(,O
52,18,NUMBER
52,ng,O
52,/,O
52,mL,O
52,),O
52,and,O
52,creatine,O
52,kinase,O
52,my,O
52,‐,O
52,ocardial,O
52,band,O
52,(,O
52,CK,O
52,‐,O
52,MB,STATE_OR_PROVINCE
52,),O
52,was,O
52,14.7,NUMBER
52,ng,O
52,/,O
52,mL,O
52,.,O
52,indicating,O
52,myocardial,O
52,in,O
52,‐,O
52,jury,O
52,and,O
52,recurrent,O
52,myopericarditis,O
52,.,O
52,Intravenous,O
52,methylpred,O
52,‐,O
52,nisolone,O
52,and,O
52,colchicine,O
52,were,O
52,therefore,O
52,added,O
52,to,O
52,the,O
52,current,DATE
52,treatment,O
52,plan,O
52,.,O
52,Repeated,O
52,echocardiogram,O
52,exposed,O
52,a,O
52,marked,O
52,decrease,O
52,in,O
52,ejection,O
52,fraction,O
52,(,O
52,23,PERCENT
52,%,PERCENT
52,),O
52,but,O
52,no,O
52,evidence,O
52,of,O
52,cardiac,O
52,tamponade,O
52,.,O
52,Chest,O
52,radiography,O
52,suggested,O
52,worsening,O
52,of,O
52,the,O
52,underlying,O
52,ARDS,O
52,with,O
52,bilateral,O
52,pleural,O
52,effusion,O
52,.,O
52,The,O
52,patient,O
52,continued,O
52,to,O
52,be,O
52,managed,O
52,with,O
52,aggressive,O
52,intravenous,O
52,fluid,O
52,resuscitation,O
52,.,O
52,dobutamine,O
52,.,O
52,NSAIDs,MISC
52,.,O
52,antibiotics,O
52,.,O
52,and,O
52,antiviral,O
52,medications,O
52,.,O
52,illnesses,O
52,.,O
52,from,O
52,the,O
52,common,CAUSE_OF_DEATH
52,cold,CAUSE_OF_DEATH
52,to,O
52,more,O
52,severe,O
52,respiratory,CAUSE_OF_DEATH
52,diseases,CAUSE_OF_DEATH
52,.,O
52,Found,O
52,in,O
52,various,O
52,species,O
52,.,O
52,coronaviruses,O
52,can,O
52,produce,O
52,assorted,O
52,pathological,O
52,presentations,O
52,in,O
52,each,O
52,species,O
52,.,O
52,All,O
52,coronavirus,O
52,subgroups,O
52,have,O
52,unique,O
52,antigenic,O
52,determinants,O
52,.,O
52,culturing,O
52,requirements,O
52,.,O
52,and,O
52,anti,O
52,‐,O
52,genic,O
52,crossreactions,O
52,between,O
52,each,O
52,group,O
52,.,O
52,which,O
52,ensure,O
52,the,O
52,viruss,O
52,survival,O
52,and,O
52,aid,O
52,in,O
52,its,O
52,transmission,O
52,and,O
52,proliferation,O
52,[,O
52,1,NUMBER
52,],O
52,.,O
52,shape,O
52,of,O
52,Coronaviridae,O
52,with,O
52,the,O
52,spikes,O
52,.,O
52,Credit,O
52,:,O
52,NIAID,ORGANIZATION
52,(,O
52,yellow,O
52,),O
52,emerging,O
52,from,O
52,the,O
52,surface,O
52,of,O
52,the,O
52,cell,O
52,(,O
52,blue,O
52,/,O
52,pink,O
52,),O
52,.,O
52,Credit,O
52,:,O
52,NIAID,ORGANIZATION
52,second,ORDINAL
52,are,O
52,known,O
52,for,O
52,their,O
52,ability,O
52,to,O
52,infect,O
52,humans,O
52,and,O
52,pigs,O
52,.,O
52,whereas,O
52,the,O
52,third,ORDINAL
52,is,O
52,detected,O
52,primarily,O
52,in,O
52,birds,O
52,[,O
52,2,NUMBER
52,],O
52,.,O
52,The,O
52,first,ORDINAL
52,two,NUMBER
52,subgroups,O
52,of,O
52,the,O
52,human,O
52,coronavirus,O
52,contain,O
52,four,NUMBER
52,of,O
52,the,O
52,six,NUMBER
52,virus,O
52,strains,O
52,that,O
52,infect,O
52,humans,O
52,.,O
52,including,O
52,229E,O
52,.,O
52,NL63,O
52,.,O
52,OC43,O
52,.,O
52,and,O
52,HKU1,O
52,.,O
52,all,O
52,of,O
52,which,O
52,are,O
52,responsible,O
52,for,O
52,most,O
52,coronavirus,O
52,‐,O
52,related,O
52,pneumonia,CAUSE_OF_DEATH
52,and,O
52,common,CAUSE_OF_DEATH
52,cold,CAUSE_OF_DEATH
52,symptoms,O
52,.,O
52,Severe,O
52,acute,O
52,respiratory,O
52,syn,O
52,‐,O
52,drome,O
52,coronavirus,O
52,(,O
52,SARS,O
52,‐,O
52,CoV,O
52,),O
52,and,O
52,Middle,LOCATION
52,East,LOCATION
52,respiratory,O
52,syndrome,O
52,coronavirus,O
52,(,O
52,MERS,O
52,‐,O
52,CoV,O
52,),O
52,are,O
52,responsible,O
52,for,O
52,human,O
52,‐,O
52,related,O
52,coron,O
52,‐,O
52,avirus,O
52,infections,CAUSE_OF_DEATH
52,less,O
52,often,O
52,but,O
52,cause,O
52,a,O
52,more,O
52,profound,O
52,and,O
52,devas,O
52,‐,O
52,tating,O
52,outcome,O
52,[,O
52,2,NUMBER
52,],O
52,.,O
52,Moreover,O
52,.,O
52,coronavirus,O
52,is,O
52,an,O
52,enveloped,O
52,.,O
52,posi,O
52,‐,O
52,tive,O
52,‐,O
52,stranded,O
52,RNA,O
52,about,O
52,80,NUMBER
52,‐,O
52,120,NUMBER
52,mm,O
52,in,O
52,diameter,O
52,.,O
52,The,O
52,membrane,O
52,of,O
52,the,O
52,virus,O
52,consists,O
52,of,O
52,four,NUMBER
52,main,O
52,types,O
52,of,O
52,structural,O
52,proteins,O
52,.,O
52,The,O
52,spike,O
52,(,O
52,S,O
52,),O
52,in,O
52,N,O
52,‐,O
52,linked,O
52,glycosylated,O
52,protein,O
52,is,O
52,responsible,O
52,for,O
52,the,O
52,fusion,O
52,and,O
52,mediation,O
52,of,O
52,the,O
52,host,TITLE
52,cell,O
52,receptors,O
52,attachment,O
52,.,O
52,In,O
52,addition,O
52,.,O
52,the,O
52,membrane,O
52,(,O
52,M,O
52,),O
52,protein,O
52,is,O
52,the,O
52,most,O
52,abundant,O
52,struc,O
52,‐,O
52,tural,O
52,protein,O
52,that,O
52,surrounds,O
52,the,O
52,membrane,O
52,multiple,O
52,times,O
52,;,O
52,it,O
52,has,O
52,an,O
52,N,O
52,‐,O
52,terminal,O
52,ectodomain,O
52,and,O
52,a,O
52,cytoplasmic,O
52,tail,O
52,that,O
52,aids,O
52,in,O
52,mem,O
52,‐,O
52,brane,O
52,curvature,O
52,and,O
52,nucleocapsid,O
52,binding,O
52,.,O
52,The,O
52,membrane,O
52,(,O
52,E,O
52,),O
52,pro,O
52,‐,O
52,tein,PERSON
52,is,O
52,a,O
52,highly,O
52,hydrophobic,O
52,protein,O
52,responsible,O
52,for,O
52,providing,O
52,a,O
52,dense,O
52,protective,O
52,barrier,O
52,that,O
52,facilitates,O
52,the,O
52,assembly,O
52,and,O
52,re,O
52,‐,O
52,lease,O
52,of,O
52,virions,O
52,.,O
52,Finally,O
52,.,O
52,the,O
52,nucleocapsid,O
52,(,O
52,N,O
52,),O
52,protein,O
52,is,O
52,a,O
52,heavily,O
52,phosphorylated,O
52,protein,O
52,responsible,O
52,for,O
52,binding,O
52,to,O
52,the,O
52,vi,O
52,‐,O
52,ral,O
52,genome,O
52,and,O
52,forming,O
52,the,O
52,so,O
52,‐,O
52,called,O
52,beads,O
52,on,O
52,a,O
52,string,O
52,structure,O
52,within,O
52,the,O
52,viral,O
52,membrane,O
52,[,O
52,2,NUMBER
52,],O
52,.,O
52,internal,O
52,helical,O
52,ribonucleic,O
52,acid,O
52,(,O
52,RNA,O
52,),O
52,‐,O
52,protein,O
52,nucleocapsid,O
52,surrounded,O
52,by,O
52,an,O
52,envelope,O
52,containing,O
52,viral,O
52,glycoproteins,O
52,.,O
52,Nucleocapsid,O
52,(,O
52,N,O
52,),O
52,protein,O
52,is,O
52,a,O
52,phosphopro,O
52,‐,O
52,tein,O
52,that,O
52,is,O
52,complexed,O
52,with,O
52,genome,O
52,RNA,O
52,to,O
52,form,O
52,the,O
52,nucleocapsid,O
52,.,O
52,Spike,O
52,glycoprotein,O
52,(,O
52,S,O
52,),O
52,forms,O
52,the,O
52,large,O
52,glycosylated,O
52,peplomers,O
52,that,O
52,are,O
52,characteristic,O
52,of,O
52,coronaviruses,O
52,.,O
52,M,O
52,.,O
52,the,O
52,transmembrane,O
52,protein,O
52,.,O
52,is,O
52,highly,O
52,hydrophobic,O
52,and,O
52,spans,O
52,the,O
52,membrane,O
52,multiple,O
52,times,O
52,.,O
52,E,O
52,.,O
52,a,O
52,membrane,O
52,‐,O
52,spanning,O
52,protein,O
52,.,O
52,is,O
52,a,O
52,minor,O
52,component,O
52,of,O
52,the,O
52,membrane,O
52,.,O
52,Some,O
52,group,O
52,II,NUMBER
52,viruses,O
52,express,O
52,another,O
52,glycoprotein,O
52,.,O
52,hemagglutinin,O
52,‐,O
52,esterase,O
52,(,O
52,HE,O
52,),O
52,.,O
52,which,O
52,forms,O
52,smaller,O
52,spikes,O
52,on,O
52,viri,O
52,‐,O
52,ons,O
52,.,O
52,Image,O
52,reproduction,O
52,approved,O
52,by,O
52,Scientific,ORGANIZATION
52,Animation,ORGANIZATION
52,spike,O
52,protein,O
52,[,O
52,3,NUMBER
52,],O
52,.,O
52,After,O
52,the,O
52,attachment,O
52,process,O
52,is,O
52,completed,O
52,.,O
52,a,O
52,series,O
52,of,O
52,conformational,O
52,changes,O
52,in,O
52,the,O
52,spike,O
52,proteins,O
52,structure,O
52,medi,O
52,‐,O
52,ates,O
52,the,O
52,fusion,O
52,between,O
52,the,O
52,virus,O
52,and,O
52,the,O
52,cell,O
52,membrane,O
52,.,O
52,which,O
52,eventually,O
52,leads,O
52,to,O
52,the,O
52,release,O
52,of,O
52,the,O
52,nucleocapsids,O
52,into,O
52,the,O
52,cell,O
52,.,O
52,Once,DATE
52,the,O
52,viral,O
52,entry,O
52,process,O
52,is,O
52,achieved,O
52,.,O
52,the,O
52,viral,O
52,genomic,O
52,RNA,O
52,begins,O
52,the,O
52,translation,O
52,process,O
52,by,O
52,utilizing,O
52,viral,O
52,replicas,O
52,polyproteins,O
52,pp1a,O
52,and,O
52,pp1ab,O
52,[,O
52,3,NUMBER
52,],O
52,.,O
52,These,O
52,sets,O
52,of,O
52,proteins,O
52,are,O
52,then,O
52,cleaved,O
52,into,O
52,small,O
52,subunits,O
52,with,O
52,the,O
52,help,O
52,of,O
52,viral,O
52,proteinase,O
52,en,O
52,‐,O
52,zymes,O
52,.,O
52,Polymerase,O
52,enzymes,O
52,simultaneously,O
52,generate,O
52,several,O
52,mRNA,O
52,products,O
52,through,O
52,discontinuous,O
52,transcription,O
52,to,O
52,prepare,O
52,for,O
52,the,O
52,translation,O
52,phase,O
52,.,O
52,Viral,O
52,proteins,O
52,and,O
52,genomic,O
52,RNA,O
52,are,O
52,subsequent,O
52,‐,O
52,ly,O
52,assembled,O
52,and,O
52,packaged,O
52,into,O
52,virions,O
52,in,O
52,the,O
52,endoplasmic,O
52,reticu,O
52,‐,O
52,lum,O
52,and,O
52,the,O
52,Golgi,PERSON
52,apparatus,O
52,of,O
52,the,O
52,cells,O
52,.,O
52,Finally,O
52,.,O
52,virions,O
52,are,O
52,transported,O
52,out,O
52,of,O
52,the,O
52,cells,O
52,by,O
52,utilizing,O
52,the,O
52,vesicular,O
52,trans,O
52,‐,O
52,portation,O
52,system,O
52,[,O
52,3,NUMBER
52,],O
52,.,O
52,coronavirus,O
52,attaches,O
52,to,O
52,the,O
52,hosts,O
52,an,O
52,‐,O
52,giotensin,O
52,converting,O
52,enzyme,O
52,(,O
52,ACE2,O
52,),O
52,cell,O
52,receptor,O
52,.,O
52,Furthermore,O
52,.,O
52,it,O
52,highlights,O
52,the,O
52,different,O
52,steps,O
52,in,O
52,the,O
52,replication,O
52,.,O
52,translation,O
52,processes,O
52,and,O
52,the,O
52,mechanism,O
52,of,O
52,the,O
52,drugs,CRIMINAL_CHARGE
52,that,O
52,have,O
52,been,O
52,used,O
52,re,O
52,‐,O
52,cently,O
52,.,O
52,These,O
52,important,O
52,steps,O
52,occur,O
52,with,O
52,the,O
52,assistance,O
52,of,O
52,the,O
52,hosts,O
52,RNA,O
52,polymerase,O
52,enzymes,O
52,.,O
52,The,O
52,products,O
52,are,O
52,then,O
52,packaged,O
52,in,O
52,‐,O
52,side,O
52,the,O
52,cellular,O
52,compartments,O
52,known,O
52,as,O
52,the,O
52,endoplasmic,O
52,reticulum,O
52,and,O
52,the,O
52,Golgi,PERSON
52,apparatus,O
52,.,O
52,After,O
52,this,O
52,process,O
52,is,O
52,completed,O
52,.,O
52,the,O
52,replicated,O
52,virus,O
52,utilizes,O
52,the,O
52,vesicle,O
52,trafficking,O
52,system,O
52,to,O
52,un,O
52,‐,O
52,dergo,O
52,exocytosis,O
52,and,O
52,infect,O
52,other,O
52,host,TITLE
52,cells,O
52,.,O
52,RNA,O
52,:,O
52,Ribonucleic,O
52,acid,O
52,Image,O
52,reproduction,O
52,by,O
52,Gene,PERSON
52,Tex,PERSON
52,Credit,PERSON
52,:,O
52,Gene,PERSON
52,Tex,PERSON
52,The,O
52,virions,O
52,that,O
52,escape,O
52,the,O
52,local,O
52,immunological,O
52,defense,O
52,system,O
52,result,O
52,in,O
52,a,O
52,disseminated,O
52,using,O
52,fine,O
52,branching,O
52,blood,O
52,vessel,O
52,networks,O
52,known,O
52,as,O
52,capillaries,O
52,.,O
52,The,O
52,virus,O
52,then,O
52,utilizes,O
52,the,O
52,bodys,O
52,natural,O
52,defense,O
52,system,O
52,to,O
52,transmit,O
52,respiratory,CAUSE_OF_DEATH
52,infections,CAUSE_OF_DEATH
52,to,O
52,a,O
52,potential,O
52,host,TITLE
52,through,O
52,droplets,O
52,produced,O
52,by,O
52,exhaling,O
52,.,O
52,sneezing,O
52,.,O
52,and,O
52,coughing,O
52,[,O
52,4,NUMBER
52,],O
52,.,O
52,Patients,O
52,infected,O
52,with,O
52,coronavirus,O
52,most,O
52,often,O
52,present,DATE
52,with,O
52,various,O
52,symptoms,O
52,.,O
52,including,O
52,a,O
52,high,O
52,spiking,O
52,fever,CAUSE_OF_DEATH
52,.,O
52,a,O
52,dry,O
52,cough,O
52,.,O
52,a,O
52,runny,O
52,nose,O
52,.,O
52,and,O
52,fatigue,O
52,[,O
52,4,NUMBER
52,],O
52,.,O
52,Other,O
52,less,O
52,common,O
52,but,O
52,more,O
52,severe,O
52,symptoms,O
52,include,O
52,dyspnea,O
52,.,O
52,headaches,O
52,.,O
52,chest,O
52,pain,O
52,.,O
52,confusion,O
52,.,O
52,cyanosis,O
52,.,O
52,and,O
52,restlessness,O
52,.,O
52,Patients,O
52,can,O
52,also,O
52,present,DATE
52,with,O
52,non,O
52,‐,O
52,specific,O
52,symptoms,O
52,.,O
52,such,O
52,as,O
52,epigastric,O
52,pain,O
52,.,O
52,diarrhea,O
52,.,O
52,nausea,O
52,.,O
52,or,O
52,palpitations,O
52,.,O
52,On,O
52,rare,O
52,occasions,O
52,.,O
52,coronaviruses,O
52,can,O
52,lead,O
52,to,O
52,death,O
52,by,O
52,directly,O
52,affecting,O
52,the,O
52,cardiovascular,O
52,system,O
52,.,O
52,inducing,O
52,my,O
52,‐,O
52,opericarditis,O
52,.,O
52,altering,O
52,myocardial,O
52,contractility,O
52,.,O
52,and,O
52,leading,O
52,to,O
52,a,O
52,drastic,O
52,reduction,O
52,in,O
52,ejection,O
52,fraction,O
52,[,O
52,4,NUMBER
52,],O
52,.,O
52,The,O
52,first,ORDINAL
52,coron,O
52,‐,O
52,avirus,O
52,subtype,O
52,that,O
52,had,O
52,a,O
52,destructive,O
52,effect,O
52,on,O
52,the,O
52,respiratory,O
52,system,O
52,is,O
52,known,O
52,as,O
52,severe,O
52,acute,O
52,respiratory,O
52,syndrome,O
52,(,O
52,SARS,O
52,‐,O
52,CoV,O
52,),O
52,which,O
52,impacted,O
52,most,O
52,countries,O
52,around,O
52,the,O
52,world,O
52,in,O
52,2002,DATE
52,[,O
52,5,NUMBER
52,],O
52,.,O
52,Other,O
52,form,O
52,of,O
52,coronaviruses,O
52,includes,O
52,Middle,O
52,East,O
52,respiratory,O
52,syndrome,O
52,(,O
52,MERS,O
52,‐,O
52,CoV,O
52,),O
52,which,O
52,began,O
52,in,O
52,Saudi,COUNTRY
52,Arabia,COUNTRY
52,and,O
52,later,O
52,spread,O
52,to,O
52,other,O
52,countries,O
52,[,O
52,6,NUMBER
52,],O
52,.,O
52,Severe,O
52,acute,O
52,respiratory,O
52,coronavirus,O
52,2,NUMBER
52,(,O
52,COVID,O
52,‐,O
52,19,NUMBER
52,),O
52,.,O
52,which,O
52,initially,O
52,began,O
52,in,O
52,China,COUNTRY
52,.,O
52,now,DATE
52,has,O
52,been,O
52,able,O
52,to,O
52,spread,O
52,and,O
52,expand,O
52,at,O
52,an,O
52,astonishing,O
52,rate,O
52,[,O
52,7,NUMBER
52,],O
52,.,O
52,However,O
52,.,O
52,the,O
52,most,O
52,common,O
52,cause,O
52,of,O
52,death,O
52,in,O
52,patients,O
52,with,O
52,COVD,O
52,‐,O
52,19,NUMBER
52,infection,CAUSE_OF_DEATH
52,is,O
52,ARDS,O
52,[,O
52,8,NUMBER
52,],O
52,.,O
52,A,O
52,life,O
52,‐,O
52,threatening,O
52,lung,O
52,injury,O
52,.,O
52,ARDS,ORGANIZATION
52,is,O
52,caused,O
52,by,O
52,a,O
52,disruption,O
52,in,O
52,the,O
52,hyaline,O
52,membrane,O
52,and,O
52,diffuse,O
52,alveolar,O
52,damage,O
52,.,O
52,This,O
52,vascular,O
52,dis,O
52,‐,O
52,ruption,O
52,results,O
52,in,O
52,the,O
52,leakage,O
52,of,O
52,plasma,O
52,into,O
52,alveolar,O
52,spaces,O
52,and,O
52,causes,O
52,the,O
52,extravasation,O
52,of,O
52,the,O
52,capillaries,O
52,that,O
52,surround,O
52,the,O
52,alveoli,O
52,of,O
52,the,O
52,lungs,O
52,other,O
52,respiratory,O
52,symptoms,O
52,[,O
52,9,NUMBER
52,],O
52,.,O
52,Additional,O
52,risk,O
52,factors,O
52,for,O
52,ARDS,O
52,include,O
52,infections,CAUSE_OF_DEATH
52,.,O
52,trauma,O
52,.,O
52,pancreatitis,CAUSE_OF_DEATH
52,.,O
52,sepsis,CAUSE_OF_DEATH
52,.,O
52,fat,O
52,embolism,CAUSE_OF_DEATH
52,.,O
52,amniotic,O
52,fluid,O
52,embolism,CAUSE_OF_DEATH
52,.,O
52,drug,CAUSE_OF_DEATH
52,overdose,CAUSE_OF_DEATH
52,.,O
52,and,O
52,inhaling,O
52,toxic,O
52,substances,O
52,[,O
52,9,NUMBER
52,],O
52,.,O
52,(,O
52,ARDS,ORGANIZATION
52,),O
52,in,O
52,the,O
52,alveoli,O
52,.,O
52,Image,O
52,re,O
52,‐,O
52,production,O
52,approved,O
52,by,O
52,Health,ORGANIZATION
52,Save,ORGANIZATION
52,Blog,ORGANIZATION
52,Credit,ORGANIZATION
52,:,O
52,Health,O
52,Save,O
52,Blog,O
52,Unfortunately,O
52,.,O
52,the,O
52,mortality,O
52,rate,O
52,is,O
52,alarmingly,O
52,high,O
52,(,O
52,globally,O
52,.,O
52,yet,O
52,more,O
52,than,O
52,6.759.210,NUMBER
52,infected,O
52,.,O
52,395.331,NUMBER
52,death,O
52,/,O
52,and,O
52,2.760.840,NUMBER
52,/,O
52,recovered,O
52,),O
52,for,O
52,individuals,O
52,with,O
52,coronavirus,O
52,‐,O
52,induced,O
52,ARDS,O
52,due,O
52,to,O
52,the,O
52,complexity,O
52,of,O
52,the,O
52,disease,CAUSE_OF_DEATH
52,and,O
52,its,O
52,difficulty,O
52,to,O
52,treat,O
52,[,O
52,9,NUMBER
52,],O
52,.,O
52,A,O
52,minuscule,O
52,proportion,O
52,of,O
52,patients,O
52,with,O
52,ARDS,ORGANIZATION
52,will,O
52,suc,O
52,‐,O
52,cumb,O
52,to,O
52,it,O
52,on,O
52,account,O
52,of,O
52,respiratory,CAUSE_OF_DEATH
52,failure,CAUSE_OF_DEATH
52,alone,O
52,.,O
52,Acute,O
52,respi,O
52,‐,O
52,ratory,O
52,distress,O
52,syndrome,O
52,generally,O
52,causes,O
52,secondary,O
52,complications,CAUSE_OF_DEATH
52,such,O
52,as,O
52,sepsis,CAUSE_OF_DEATH
52,or,O
52,multiorgan,O
52,system,O
52,failure,O
52,.,O
52,Although,O
52,no,O
52,specific,O
52,treatments,O
52,for,O
52,this,O
52,disease,CAUSE_OF_DEATH
52,exist,O
52,.,O
52,physicians,O
52,should,O
52,provide,O
52,sup,O
52,‐,O
52,portive,O
52,care,O
52,therapy,O
52,to,O
52,treat,O
52,it,O
52,appropriately,O
52,[,O
52,9,NUMBER
52,],O
52,.,O
52,Patients,O
52,with,O
52,COVID,O
52,‐,O
52,19induced,O
52,ARDS,O
52,require,O
52,precise,O
52,and,O
52,scrupulous,O
52,care,O
52,.,O
52,which,O
52,includes,O
52,the,O
52,meticulous,O
52,use,O
52,of,O
52,sedative,O
52,and,O
52,neuromuscular,O
52,block,O
52,‐,O
52,ing,O
52,agents,O
52,.,O
52,personalized,O
52,hemodynamic,O
52,management,O
52,.,O
52,nutritional,O
52,sup,O
52,‐,O
52,port,O
52,.,O
52,prophylactic,O
52,measures,O
52,for,O
52,nosocomial,O
52,infections,CAUSE_OF_DEATH
52,.,O
52,and,O
52,deep,O
52,venous,O
52,thrombosis,CAUSE_OF_DEATH
52,prophylaxis,O
52,and,O
52,gastrointestinal,CAUSE_OF_DEATH
52,hemorrhage,CAUSE_OF_DEATH
52,[,O
52,9,NUMBER
52,],O
52,.,O
52,As,O
52,a,O
52,rule,O
52,.,O
52,the,O
52,first,ORDINAL
52,step,O
52,in,O
52,managing,O
52,COVID,O
52,‐,O
52,19,NUMBER
52,patients,O
52,with,O
52,ARDS,ORGANIZATION
52,is,O
52,providing,O
52,proper,O
52,airway,O
52,management,O
52,;,O
52,patients,O
52,are,O
52,first,ORDINAL
52,provided,O
52,with,O
52,non,O
52,‐,O
52,invasive,O
52,ventilation,O
52,support,O
52,.,O
52,such,O
52,as,O
52,continu,O
52,‐,O
52,ous,O
52,positive,O
52,airway,O
52,pressure,O
52,(,O
52,CPAP,MISC
52,),O
52,or,O
52,bilevel,O
52,positive,O
52,airway,O
52,pressure,O
52,(,O
52,BiPAP,O
52,),O
52,to,O
52,avoid,O
52,the,O
52,complications,CAUSE_OF_DEATH
52,associated,O
52,with,O
52,inva,O
52,‐,O
52,sive,O
52,methods,O
52,of,O
52,airway,O
52,management,O
52,.,O
52,such,O
52,as,O
52,barotrauma,O
52,.,O
52,atelec,O
52,‐,O
52,trauma,O
52,.,O
52,and,O
52,volutrauma,O
52,.,O
52,Most,O
52,patients,O
52,are,O
52,expected,O
52,to,O
52,require,O
52,in,O
52,‐,O
52,vasive,O
52,forms,O
52,of,O
52,ventilation,O
52,.,O
52,such,O
52,as,O
52,intubation,O
52,and,O
52,mechanical,O
52,ventilation,O
52,.,O
52,to,O
52,control,O
52,their,O
52,respiratory,O
52,decline,O
52,and,O
52,failure,O
52,.,O
52,A,O
52,prone,O
52,position,O
52,and,O
52,extracorporeal,O
52,membrane,O
52,oxygenation,O
52,have,O
52,re,O
52,‐,O
52,cently,O
52,been,O
52,advocated,O
52,as,O
52,a,O
52,form,O
52,of,O
52,salvage,O
52,therapy,O
52,for,O
52,refractory,O
52,hypoxemic,O
52,ARDS,O
52,[,O
52,9,NUMBER
52,],O
52,.,O
52,While,O
52,managing,O
52,patients,O
52,with,O
52,COVID,O
52,‐,O
52,19,NUMBER
52,infec,O
52,‐,O
52,tion,O
52,is,O
52,an,O
52,important,O
52,component,O
52,.,O
52,it,O
52,is,O
52,critical,O
52,to,O
52,use,O
52,the,O
52,appro,O
52,‐,O
52,priate,O
52,diagnostic,O
52,measures,O
52,.,O
52,The,O
52,diagnosis,O
52,of,O
52,COVID,O
52,‐,O
52,19,NUMBER
52,is,O
52,con,O
52,‐,O
52,firmed,O
52,with,O
52,a,O
52,reverse,O
52,transcriptase,O
52,polymerase,O
52,chain,O
52,reaction,O
52,(,O
52,RT,O
52,‐,O
52,PCR,O
52,),O
52,diagnostic,O
52,test,O
52,.,O
52,a,O
52,nuclear,O
52,‐,O
52,derived,O
52,method,O
52,utilized,O
52,to,O
52,detect,O
52,a,O
52,specific,O
52,genetic,O
52,material,O
52,from,O
52,a,O
52,specific,O
52,pathogen,O
52,.,O
52,A,O
52,sample,O
52,is,O
52,collected,O
52,from,O
52,parts,O
52,of,O
52,the,O
52,body,O
52,where,O
52,the,O
52,coronavirus,O
52,generally,O
52,resides,O
52,.,O
52,most,O
52,commonly,O
52,the,O
52,nasopharynx,O
52,[,O
52,10,NUMBER
52,],O
52,.,O
52,Other,O
52,di,O
52,‐,O
52,agnostic,RELIGION
52,methods,O
52,.,O
52,including,O
52,C,O
52,‐,O
52,reactive,O
52,protein,O
52,(,O
52,CRP,O
52,),O
52,tests,O
52,.,O
52,ery,O
52,‐,O
52,throcyte,O
52,sedimentation,O
52,rates,O
52,.,O
52,complete,O
52,blood,O
52,counts,O
52,.,O
52,comprehen,O
52,‐,O
52,sive,O
52,metabolic,O
52,panels,O
52,.,O
52,lactate,O
52,dehydrogenase,O
52,tests,O
52,.,O
52,D,O
52,‐,O
52,dimer,O
52,tests,O
52,.,O
52,serum,O
52,albumin,O
52,tests,O
52,.,O
52,creatinine,O
52,tests,O
52,.,O
52,cardiac,O
52,enzyme,O
52,tests,O
52,.,O
52,partial,O
52,thrombin,O
52,and,O
52,partial,O
52,thromboplastin,O
52,time,O
52,tests,O
52,.,O
52,liver,O
52,function,O
52,tests,O
52,.,O
52,chest,O
52,X,O
52,‐,O
52,rays,O
52,.,O
52,and,O
52,chest,O
52,CT,STATE_OR_PROVINCE
52,scans,O
52,are,O
52,used,O
52,to,O
52,not,O
52,only,O
52,identify,O
52,the,O
52,diagnosis,O
52,but,O
52,also,O
52,predict,O
52,the,O
52,progres,O
52,‐,O
52,sion,O
52,of,O
52,the,O
52,disease,CAUSE_OF_DEATH
52,and,O
52,prognostic,O
52,outcomes,O
52,[,O
52,11,NUMBER
52,],O
52,.,O
52,Lastly,O
52,.,O
52,many,O
52,drugs,CRIMINAL_CHARGE
52,have,O
52,been,O
52,used,O
52,in,O
52,the,O
52,treatment,O
52,of,O
52,COVID,O
52,‐,O
52,19,NUMBER
52,infection,CAUSE_OF_DEATH
52,in,O
52,‐,O
52,cluding,O
52,remdesivir,O
52,.,O
52,chloroquine,O
52,.,O
52,lopiavir,O
52,.,O
52,ritonavir,O
52,.,O
52,favilavir,O
52,.,O
52,hydroxychloroquine,O
52,.,O
52,azithromycin,O
52,.,O
52,fingolimod,O
52,and,O
52,others,O
52,but,O
52,none,O
52,of,O
52,them,O
52,has,O
52,been,O
52,showing,O
52,a,O
52,drastic,O
52,response,O
52,.,O
52,There,O
52,are,O
52,varying,O
52,degrees,O
52,of,O
52,quarantine,O
52,amongst,O
52,countries,O
52,[,O
52,12,NUMBER
52,],O
52,.,O
52,As,O
52,this,O
52,case,O
52,of,O
52,a,O
52,middle,O
52,‐,O
52,aged,O
52,male,O
52,patient,O
52,demonstrates,O
52,.,O
52,COVID,O
52,‐,O
52,19,NUMBER
52,infection,CAUSE_OF_DEATH
52,can,O
52,cause,O
52,nonspecific,O
52,gastrointestinal,O
52,symptoms,O
52,.,O
52,life,O
52,‐,O
52,threatening,O
52,ARDS,ORGANIZATION
52,.,O
52,and,O
52,myopericarditis,O
52,.,O
52,The,O
52,diagnosis,O
52,of,O
52,COVID,O
52,‐,O
52,19,NUMBER
52,was,O
52,con,O
52,‐,O
52,firmed,O
52,with,O
52,the,O
52,help,O
52,of,O
52,an,O
52,RT,O
52,‐,O
52,PCR,O
52,.,O
52,Additionally,O
52,.,O
52,abnormal,O
52,elec,O
52,‐,O
52,trocardiography,O
52,and,O
52,echocardiography,O
52,changes,O
52,validated,O
52,the,O
52,diag,O
52,‐,O
52,nosis,O
52,of,O
52,myopericarditis,O
52,.,O
52,Unlike,O
52,other,O
52,coronavirus,O
52,infections,CAUSE_OF_DEATH
52,that,O
52,mainly,O
52,cause,O
52,pulmonary,O
52,infections,CAUSE_OF_DEATH
52,.,O
52,this,O
52,case,O
52,of,O
52,coronavirus,O
52,infection,CAUSE_OF_DEATH
52,led,O
52,to,O
52,profound,O
52,cardiac,O
52,damage,O
52,.,O
52,Although,O
52,no,O
52,specific,O
52,treatments,O
52,are,O
52,currently,DATE
52,available,O
52,.,O
52,strong,O
52,evidence,O
52,suggests,O
52,that,O
52,social,O
52,distancing,O
52,.,O
52,quarantine,O
52,.,O
52,and,O
52,isolation,O
52,produce,O
52,a,O
52,drastic,O
52,reduction,O
52,in,O
52,viral,O
52,transmission,O
52,.,O
52,as,O
52,some,O
52,of,O
52,epidemiologic,O
52,studies,O
52,have,O
52,Additional,O
52,Information,O
52,Human,O
52,subjects,O
52,:,O
52,Consent,O
52,was,O
52,obtained,O
52,by,O
52,all,O
52,participants,O
52,in,O
52,this,O
52,study,O
52,.,O
52,Conflicts,O
52,of,O
52,interest,O
52,:,O
52,that,O
52,they,O
52,have,O
52,no,O
52,financial,O
52,relationships,O
52,at,O
52,present,DATE
52,or,O
52,within,O
52,the,O
52,previous,DATE
52,three,DATE
52,years,DATE
52,with,O
52,any,O
52,organizations,O
52,that,O
52,might,O
52,have,O
52,an,O
52,interest,O
52,in,O
52,the,O
52,submitted,O
52,work,O
52,.,O
52,Other,O
52,relationships,O
52,:,O
52,All,O
52,have,O
52,in,O
52,‐,O
52,fluenced,O
52,the,O
52,submitted,O
52,work,O
52,.,O
52,Tyrrell,ORGANIZATION
52,DAJ,ORGANIZATION
52,.,O
52,Myint,PERSON
52,SH,O
52,:,O
52,Coronavirus,O
52,‐,O
52,es,O
52,.,O
52,Medical,O
52,Microbiology,O
52,.,O
52,4th,ORDINAL
52,edition,O
52,.,O
52,Baron,PERSON
52,S,PERSON
52,(,O
52,ed,O
52,),O
52,:,O
52,Weiss,PERSON
52,SR,O
52,.,O
52,Navas,PERSON
52,‐,O
52,Martin,PERSON
52,S,O
52,:,O
52,Coronavirus,O
52,pathogenesis,O
52,and,O
52,the,O
52,emerging,O
52,pathogen,O
52,severe,O
52,acute,O
52,respiratory,O
52,syndrome,O
52,coronavirus,O
52,.,O
52,Microbiol,PERSON
52,Mol,O
52,Biol,O
52,Rev.,TITLE
52,2005,DATE
52,.,O
52,69:635,NUMBER
52,‐,O
52,664,NUMBER
52,.,O
52,Jiang,PERSON
52,S,PERSON
52,.,O
52,Lu,PERSON
52,L,PERSON
52,.,O
52,Liu,PERSON
52,Q,O
52,.,O
52,Xu,PERSON
52,W,PERSON
52,.,O
52,Du,PERSON
52,L,O
52,:,O
52,Receptor,O
52,‐,O
52,binding,O
52,domains,O
52,of,O
52,spike,O
52,proteins,O
52,of,O
52,emerging,O
52,or,O
52,re,O
52,‐,O
52,emerging,O
52,viruses,O
52,as,O
52,targets,O
52,for,O
52,development,O
52,of,O
52,antiviral,O
52,vac,O
52,‐,O
52,cines,O
52,.,O
52,Emerg,O
52,Microbes,O
52,Infect,O
52,.,O
52,Hunt,O
52,R,O
52,:,O
52,Corona,PERSON
52,viruses,O
52,:,O
52,colds,O
52,.,O
52,SARS,O
52,.,O
52,MERS,O
52,and,O
52,COVID,O
52,‐,O
52,19,NUMBER
52,.,O
52,Microbiology,O
52,and,O
52,Immunology,O
52,.,O
52,Sever,O
52,acute,O
52,respiratory,O
52,syndrome,O
52,(,O
52,SARS,O
52,),O
52,.,O
52,(,O
52,2017,DATE
52,),O
52,.,O
52,Accessed,O
52,:,O
52,May,DATE
52,20,DATE
52,.,O
52,2017,DATE
52,:,O
52,Middle,LOCATION
52,East,LOCATION
52,respiratory,O
52,syndrome,O
52,.,O
52,(,O
52,2012,DATE
52,),O
52,.,O
52,Accessed,O
52,:,O
52,Janu,PERSON
52,‐,PERSON
52,ary,O
52,21,NUMBER
52,.,O
52,2012,DATE
52,:,O
52,Coronavirus,O
52,disease,CAUSE_OF_DEATH
52,2019,DATE
52,(,O
52,COVID,O
52,‐,O
52,19,NUMBER
52,),O
52,.,O
52,(,O
52,2020,DATE
52,),O
52,.,O
52,Ac,O
52,‐,O
52,cessed,O
52,:,O
52,March,DATE
52,27,DATE
52,.,DATE
52,2020,DATE
52,:,O
52,Coronavirus,O
52,and,O
52,COVID,O
52,‐,O
52,19,NUMBER
52,:,O
52,what,O
52,you,O
52,should,O
52,know,O
52,.,O
52,(,O
52,2020,DATE
52,),O
52,.,O
52,Accessed,O
52,:,O
52,March,DATE
52,20,DATE
52,.,DATE
52,2020,DATE
52,:,O
52,Diamond,O
52,M,O
52,.,O
52,Peniston,PERSON
52,Fe,PERSON
52,‐,PERSON
52,liciano,O
52,HL,O
52,.,O
52,Sanghavi,PERSON
52,D,PERSON
52,.,O
52,Mahapatra,PERSON
52,S,O
52,:,O
52,Acute,O
52,Respiratory,O
52,Distress,O
52,CDC,ORGANIZATION
52,diagnostic,O
52,test,O
52,for,O
52,COVID,O
52,‐,O
52,19,NUMBER
52,.,O
52,(,O
52,2020,DATE
52,),O
52,.,O
52,Accessed,O
52,:,O
52,January,DATE
52,21,DATE
52,.,O
52,2020,DATE
52,:,O
52,Lippi,PERSON
52,G,PERSON
52,.,O
52,Plebbani,O
52,M,O
52,:,O
52,Laboratory,O
52,abnormalities,O
52,in,O
52,patients,O
52,with,O
52,COVID,O
52,‐,O
52,19,NUMBER
52,infection,CAUSE_OF_DEATH
52,.,O
52,Clin,ORGANIZATION
52,Chem,ORGANIZATION
52,Lab,ORGANIZATION
52,Med,ORGANIZATION
52,.,O
52,2020,TIME
52,.,TIME
52,10:10,TIME
52,‐,O
52,15,NUMBER
52,.,O
52,10.1515,NUMBER
52,/,O
52,cclm,O
52,‐,O
52,2020,DATE
52,‐,O
52,0198,DATE
52,COVID,O
52,‐,O
52,19,NUMBER
52,prevention,O
52,and,O
52,investigational,O
52,treatments,O
52,.,O
52,(,O
52,2020,DATE
52,),O
52,.,O
52,Accessed,O
52,:,O
52,March,DATE
52,26,DATE
52,.,DATE
52,2020,DATE
52,:,O
