10,Eurasian,MISC
10,J,O
10,Med,O
10,2020,DATE
10,;,O
10,52,NUMBER
10,(,O
10,2,NUMBER
10,),O
10,:,O
10,191,NUMBER
10,‐,O
10,6,NUMBER
10,Aycan,O
10,Yuksel1,O
10,.,O
10,Dilek,PERSON
10,Karado,PERSON
10,‐,O
10,gan2,O
10,.,O
10,Canan,PERSON
10,Gunduz,PERSON
10,Gurkan3,PERSON
10,.,O
10,Fatma,PERSON
10,Tokgoz,PERSON
10,Akyil4,PERSON
10,.,O
10,Zehra,PERSON
10,Nur,PERSON
10,Toreyin5,O
10,.,O
10,Feride,O
10,Marim6,O
10,.,O
10,Huseyin,PERSON
10,Arikan7,PERSON
10,.,O
10,Tugba,PERSON
10,Sismanlar,PERSON
10,Eyuboglu8,O
10,.,O
10,Nagehan,PERSON
10,Emiralioglu9,PERSON
10,.,O
10,Irem,O
10,Serifoglu10,O
10,.,O
10,Elif,PERSON
10,De,PERSON
10,‐,PERSON
10,veli11,O
10,.,O
10,Selman,PERSON
10,Celik12,O
10,.,O
10,Umran,PERSON
10,Ozden,PERSON
10,Sertcelik13,O
10,.,O
10,Tugba,PERSON
10,Ramasli,PERSON
10,Gursoy8,O
10,.,O
10,Mehmet,PERSON
10,Fatih,PERSON
10,Elversli14,PERSON
10,.,O
10,Asli,O
10,Oncel13,O
10,.,O
10,Berrin,PERSON
10,Er15,O
10,.,O
10,Ali,PERSON
10,Firincioglulari16,PERSON
10,.,O
10,Fatma,PERSON
10,Esra,PERSON
10,Gunaydin17,PERSON
10,.,O
10,Hilal,PERSON
10,Ozakinci18,PERSON
10,.,O
10,Neslihan,PERSON
10,Ozcelik2,PERSON
10,.,O
10,Dorina,PERSON
10,Esendagli19,PERSON
10,.,O
10,Asena,O
10,Aydin20,O
10,.,O
10,Nesli,O
10,‐,O
10,han,O
10,Kose21,O
10,.,O
10,Merve,PERSON
10,Ercelik22,PERSON
10,.,O
10,Pinar,PERSON
10,Yildiz,PERSON
10,Gulhan22,O
10,.,O
10,Ethem,PERSON
10,Yildiz23,O
10,.,O
10,Ilim,O
10,Irmak13,O
10,.,O
10,Bilge,PERSON
10,Yilmaz,PERSON
10,Kara2,O
10,.,O
10,Selcuk,PERSON
10,Gurz24,PERSON
10,.,O
10,Fatma,PERSON
10,Gulsum,PERSON
10,Karakas25,PERSON
10,.,O
10,Metin,PERSON
10,Akgun26,O
10,To,O
10,know,O
10,what,O
10,you,O
10,know,O
10,and,O
10,what,O
10,you,O
10,do,O
10,not,O
10,know,O
10,.,O
10,that,O
10,is,O
10,true,O
10,knowledge,O
10,Eurasian,MISC
10,J,O
10,Med,O
10,2020,DATE
10,;,O
10,52,NUMBER
10,(,O
10,2,NUMBER
10,),O
10,:,O
10,191,NUMBER
10,‐,O
10,6,NUMBER
10,.,O
10,Department,O
10,of,O
10,Chest,O
10,Diseases,CAUSE_OF_DEATH
10,.,O
10,Recep,PERSON
10,Tayyip,PERSON
10,Depart,PERSON
10,‐,PERSON
10,ment,O
10,of,O
10,Chest,O
10,Diseases,CAUSE_OF_DEATH
10,.,O
10,Sureyyapasa,ORGANIZATION
10,Chest,ORGANIZATION
10,Diseases,ORGANIZATION
10,and,O
10,Thoracic,O
10,Surgery,ORGANIZATION
10,Training,ORGANIZATION
10,and,ORGANIZATION
10,Research,ORGANIZATION
10,Hospital,ORGANIZATION
10,.,O
10,Istanbul,CITY
10,.,O
10,Turkey,COUNTRY
10,Depart,O
10,‐,O
10,ment,O
10,of,O
10,Chest,O
10,Diseases,CAUSE_OF_DEATH
10,.,O
10,Yedikule,ORGANIZATION
10,Chest,ORGANIZATION
10,Diseases,ORGANIZATION
10,and,O
10,Thoracic,O
10,Surgery,ORGANIZATION
10,Training,ORGANIZATION
10,and,ORGANIZATION
10,Research,ORGANIZATION
10,Hospital,ORGANIZATION
10,.,O
10,Istanbul,CITY
10,.,O
10,Turkey,COUNTRY
10,Depart,O
10,‐,O
10,ment,O
10,of,O
10,Occupational,ORGANIZATION
10,Health,ORGANIZATION
10,and,O
10,Diseases,CAUSE_OF_DEATH
10,.,O
10,Adana,ORGANIZATION
10,City,ORGANIZATION
10,Research,ORGANIZATION
10,and,O
10,Training,ORGANIZATION
10,Hospital,ORGANIZATION
10,.,O
10,Adana,CITY
10,.,O
10,Turkey,COUNTRY
10,Department,O
10,of,O
10,Chest,O
10,Diseases,CAUSE_OF_DEATH
10,.,O
10,Kutahya,CITY
10,Kutahya,CITY
10,.,O
10,Turkey,COUNTRY
10,Center,LOCATION
10,.,O
10,Internal,ORGANIZATION
10,Medicine,ORGANIZATION
10,Intensive,ORGANIZATION
10,Care,ORGANIZATION
10,Unit,O
10,.,O
10,Van,PERSON
10,.,O
10,Turkey,ORGANIZATION
10,Department,ORGANIZATION
10,of,ORGANIZATION
10,Pediatric,ORGANIZATION
10,Pulmonology,ORGANIZATION
10,.,O
10,Gazi,PERSON
10,De,PERSON
10,‐,PERSON
10,partment,O
10,of,O
10,Pediatric,ORGANIZATION
10,Pulmonology,ORGANIZATION
10,.,O
10,Hacettepe,ORGANIZATION
10,Department,ORGANIZATION
10,of,ORGANIZATION
10,Chest,ORGANIZATION
10,Diseases,CAUSE_OF_DEATH
10,Kirikhan,LOCATION
10,State,LOCATION
10,Hospital,LOCATION
10,.,O
10,Hatay,LOCATION
10,.,O
10,Turkey,COUNTRY
10,Department,O
10,of,O
10,Physiotherapy,O
10,and,O
10,Rehabilitation,O
10,.,O
10,Istanbul,CITY
10,.,O
10,Turkey,COUNTRY
10,Department,O
10,of,O
10,Nursing,O
10,and,O
10,Health,ORGANIZATION
10,Services,ORGANIZATION
10,.,O
10,Istanbul,CITY
10,.,O
10,Turkey,COUNTRY
10,Department,LOCATION
10,of,LOCATION
10,Chest,LOCATION
10,Diseases,CAUSE_OF_DEATH
10,.,O
10,Hacettepe,ORGANIZATION
10,Department,ORGANIZATION
10,of,ORGANIZATION
10,Chest,ORGANIZATION
10,Diseases,ORGANIZATION
10,.,O
10,Unye,O
10,State,O
10,Hos,O
10,‐,O
10,pital,O
10,.,O
10,Ordu,ORGANIZATION
10,.,O
10,Turkey,COUNTRY
10,Scientists,O
10,from,O
10,all,O
10,over,O
10,the,O
10,world,O
10,have,O
10,been,O
10,intensively,O
10,working,O
10,to,O
10,discover,O
10,different,O
10,aspects,O
10,of,O
10,Coronavirus,O
10,disease,CAUSE_OF_DEATH
10,2019,DATE
10,(,O
10,COVID,O
10,‐,O
10,19,NUMBER
10,),O
10,since,O
10,the,O
10,first,ORDINAL
10,cluster,O
10,of,O
10,cases,O
10,was,O
10,re,O
10,‐,O
10,ported,O
10,in,O
10,China,COUNTRY
10,.,O
10,Herein,O
10,.,O
10,we,O
10,aimed,O
10,to,O
10,investigate,O
10,unclear,O
10,issues,O
10,related,O
10,to,O
10,transmission,O
10,and,O
10,pathogenesis,O
10,of,O
10,disease,CAUSE_OF_DEATH
10,as,O
10,well,O
10,as,O
10,accuracy,O
10,of,O
10,diagnostic,O
10,the,O
10,asymptomatic,O
10,phase,O
10,of,O
10,infection,CAUSE_OF_DEATH
10,.,O
10,and,O
10,viral,O
10,load,O
10,was,O
10,suggested,O
10,to,O
10,be,O
10,a,O
10,useful,O
10,marker,TITLE
10,to,O
10,assess,O
10,disease,CAUSE_OF_DEATH
10,severity,O
10,.,O
10,In,O
10,contrast,O
10,to,O
10,immune,O
10,response,O
10,against,O
10,viral,O
10,infec,O
10,‐,O
10,tions,O
10,.,O
10,cytotoxic,O
10,T,O
10,lymphocytes,O
10,decline,O
10,in,O
10,SARSCoV,O
10,‐,O
10,2,NUMBER
10,infection,CAUSE_OF_DEATH
10,.,O
10,which,O
10,can,O
10,be,O
10,partially,O
10,explained,O
10,by,O
10,direct,O
10,invasion,O
10,of,O
10,T,O
10,lympho,O
10,‐,O
10,cytes,O
10,or,O
10,apoptosis,O
10,activated,O
10,by,O
10,SARS,O
10,‐,O
10,CoV,O
10,‐,O
10,2,NUMBER
10,.,O
10,Dysregulation,O
10,of,O
10,the,O
10,urokinase,O
10,pathway,O
10,.,O
10,cleavage,O
10,of,O
10,the,O
10,SARS,O
10,‐,O
10,CoV,O
10,‐,O
10,2,NUMBER
10,Spike,O
10,protein,O
10,by,O
10,FXa,O
10,and,O
10,FIIa,O
10,.,O
10,and,O
10,consumption,O
10,coagulopathy,O
10,were,O
10,the,O
10,proposed,O
10,mechanisms,O
10,of,O
10,the,O
10,coagulation,O
10,dysfunction,O
10,in,O
10,COVID,O
10,‐,O
10,19,NUMBER
10,.,O
10,False,O
10,‐,O
10,neg,O
10,‐,O
10,ative,O
10,rates,O
10,of,O
10,reverse,O
10,transcriptase,O
10,polymerase,O
10,chain,O
10,reaction,O
10,varied,O
10,between,O
10,3,PERCENT
10,%,PERCENT
10,and,O
10,41,PERCENT
10,%,PERCENT
10,across,O
10,studies,O
10,.,O
10,The,O
10,probability,O
10,of,O
10,the,O
10,positive,O
10,test,O
10,was,O
10,proposed,O
10,to,O
10,decrease,O
10,with,O
10,the,O
10,number,O
10,of,O
10,days,DURATION
10,past,DATE
10,from,O
10,symptom,O
10,onset,O
10,.,O
10,Safety,O
10,issues,O
10,related,O
10,to,O
10,infection,CAUSE_OF_DEATH
10,spread,O
10,limit,O
10,the,O
10,use,O
10,of,O
10,high,O
10,flow,O
10,nasal,O
10,oxygen,O
10,(,O
10,HFNO,O
10,),O
10,and,O
10,contin,O
10,‐,O
10,uous,O
10,positive,O
10,airway,O
10,pressure,O
10,(,O
10,CPAP,O
10,),O
10,in,O
10,hypoxic,O
10,patients,O
10,.,O
10,Further,O
10,studies,O
10,are,O
10,required,O
10,to,O
10,elucidate,O
10,the,O
10,challenging,O
10,issues,O
10,.,O
10,thus,O
10,enhancing,O
10,the,O
10,management,O
10,of,O
10,COVID,O
10,‐,O
10,19,NUMBER
10,patients,O
10,.,O
10,Keywords,O
10,:,O
10,Coron,PERSON
10,‐,O
10,avirus,O
10,.,O
10,pathogenesis,O
10,.,O
10,transmission,O
10,.,O
10,venous,O
10,thromboembolism,O
10,Coron,O
10,‐,O
10,avirus,O
10,disease,CAUSE_OF_DEATH
10,2019,DATE
10,(,O
10,COVID,O
10,‐,O
10,19,NUMBER
10,),O
10,is,O
10,an,O
10,infectious,CAUSE_OF_DEATH
10,disease,CAUSE_OF_DEATH
10,mostly,O
10,effects,O
10,the,O
10,lungs,O
10,caused,O
10,by,O
10,a,O
10,novel,O
10,betacoronavirus,O
10,.,O
10,SARS,O
10,‐,O
10,CoV,O
10,‐,O
10,2,NUMBER
10,.,O
10,which,O
10,was,O
10,first,ORDINAL
10,described,O
10,in,O
10,December,DATE
10,2019,DATE
10,.,O
10,in,O
10,China,COUNTRY
10,.,O
10,and,O
10,was,O
10,later,O
10,declared,O
10,as,O
10,the,O
10,cause,O
10,of,O
10,a,O
10,pandemic,O
10,.,O
10,Despite,O
10,the,O
10,similarity,O
10,of,O
10,the,O
10,genetic,O
10,sequencing,O
10,of,O
10,the,O
10,novel,O
10,coronavirus,O
10,with,O
10,the,O
10,SARS,O
10,virus,O
10,.,O
10,the,O
10,management,O
10,of,O
10,this,O
10,unknown,O
10,disease,CAUSE_OF_DEATH
10,with,O
10,non,O
10,‐,O
10,specific,O
10,manifestations,O
10,is,O
10,still,O
10,very,O
10,challenging,O
10,for,O
10,the,O
10,physicians,MISC
10,[,O
10,1,NUMBER
10,],O
10,.,O
10,Patients,O
10,with,O
10,COVID,O
10,‐,O
10,19,NUMBER
10,present,DATE
10,with,O
10,a,O
10,variety,O
10,of,O
10,incubation,O
10,peri,O
10,‐,O
10,od,O
10,as,O
10,well,O
10,as,O
10,clinical,O
10,course,O
10,of,O
10,the,O
10,disease,CAUSE_OF_DEATH
10,.,O
10,COVID19,O
10,pneumonia,CAUSE_OF_DEATH
10,may,O
10,lead,O
10,to,O
10,shock,O
10,and,O
10,multiple,O
10,organ,O
10,failure,O
10,.,O
10,In,O
10,most,O
10,cases,O
10,.,O
10,res,O
10,‐,O
10,piratory,O
10,failure,O
10,accounts,O
10,for,O
10,the,O
10,actual,O
10,cause,O
10,of,O
10,death,O
10,.,O
10,The,O
10,es,O
10,‐,O
10,timated,O
10,global,O
10,mortality,O
10,rate,O
10,is,O
10,approximately,O
10,2,PERCENT
10,%,PERCENT
10,.,O
10,but,O
10,it,O
10,varies,O
10,according,O
10,to,O
10,age,O
10,[,O
10,1,NUMBER
10,],O
10,.,O
10,It,O
10,is,O
10,important,O
10,to,O
10,define,O
10,the,O
10,severity,O
10,of,O
10,the,O
10,disease,CAUSE_OF_DEATH
10,since,O
10,severe,O
10,patients,O
10,experience,O
10,worse,O
10,outcomes,O
10,.,O
10,Al,O
10,‐,O
10,though,O
10,scientists,O
10,from,O
10,all,O
10,over,O
10,the,O
10,world,O
10,have,O
10,been,O
10,trying,O
10,to,O
10,un,O
10,‐,O
10,ravel,O
10,the,O
10,complexity,O
10,of,O
10,COVID,O
10,‐,O
10,19,NUMBER
10,.,O
10,yet,O
10,much,O
10,remains,O
10,to,O
10,be,O
10,learned,O
10,in,O
10,regards,O
10,to,O
10,pathogenesis,O
10,of,O
10,the,O
10,disease,CAUSE_OF_DEATH
10,.,O
10,accuracy,O
10,of,O
10,diagnostic,O
10,tests,O
10,and,O
10,treatment,O
10,modalities,O
10,.,O
10,The,O
10,present,DATE
10,of,O
10,Medical,O
10,Subject,O
10,Headings,O
10,(,O
10,MeSH,O
10,),O
10,search,O
10,terms,O
10,Coronavirus,O
10,.,O
10,Coronavirus,O
10,Infections,CAUSE_OF_DEATH
10,.,O
10,192,NUMBER
10,Yuksel,PERSON
10,et,O
10,al,O
10,.,O
10,The,O
10,Unknowns,O
10,of,O
10,COVID,O
10,‐,O
10,19,NUMBER
10,Eurasian,O
10,J,O
10,Med,O
10,2020,DATE
10,;,O
10,52,NUMBER
10,(,O
10,2,NUMBER
10,),O
10,:,O
10,191,NUMBER
10,‐,O
10,6,NUMBER
10,Novel,O
10,coronavirus,O
10,pneumonia,CAUSE_OF_DEATH
10,.,O
10,COVID,O
10,.,O
10,Acute,O
10,Respirato,O
10,‐,O
10,ry,O
10,Syndrome,O
10,.,O
10,SARS,O
10,‐,O
10,CoV,O
10,‐,O
10,2,NUMBER
10,.,O
10,Reference,O
10,lists,O
10,of,O
10,the,O
10,studies,O
10,were,O
10,al,O
10,‐,O
10,so,O
10,checked,O
10,through,O
10,to,O
10,find,O
10,more,O
10,studies,O
10,that,O
10,are,O
10,pertinent,O
10,than,O
10,English,NATIONALITY
10,were,O
10,excluded,O
10,.,O
10,Pathogenesis,O
10,of,O
10,COVID,O
10,‐,O
10,19,NUMBER
10,infection,CAUSE_OF_DEATH
10,re,O
10,‐,O
10,mains,O
10,unclear,O
10,.,O
10,a,O
10,variety,O
10,of,O
10,potential,O
10,pathogenic,O
10,mechanisms,O
10,in,O
10,‐,O
10,cluding,O
10,coagulopathy,O
10,.,O
10,thrombotic,O
10,microangiopathy,O
10,restricted,O
10,to,O
10,lungs,O
10,.,O
10,endothelial,O
10,dysfunction,O
10,.,O
10,excessive,O
10,release,O
10,of,O
10,pro,O
10,‐,O
10,inflam,O
10,‐,O
10,matory,O
10,cytokines,O
10,are,O
10,being,O
10,investigated,O
10,.,O
10,The,O
10,endothelial,O
10,dysfunc,O
10,‐,O
10,tion,O
10,caused,O
10,by,O
10,infection,CAUSE_OF_DEATH
10,activates,O
10,an,O
10,excessive,O
10,thrombin,O
10,genera,O
10,‐,O
10,tion,O
10,and,O
10,inhibits,O
10,fibrinolysis,O
10,.,O
10,which,O
10,indicates,O
10,hypercoagulabili,O
10,‐,O
10,ty,O
10,[,O
10,2,NUMBER
10,],O
10,.,O
10,For,O
10,instance,O
10,.,O
10,lung,O
10,dissection,O
10,of,O
10,a,O
10,deceased,O
10,patient,O
10,with,O
10,COVID,O
10,‐,O
10,19,NUMBER
10,pneumonia,CAUSE_OF_DEATH
10,showed,O
10,blockage,O
10,and,O
10,establishment,O
10,of,O
10,small,O
10,thrombosis,CAUSE_OF_DEATH
10,in,O
10,pulmonary,O
10,microvasculature,O
10,[,O
10,3,NUMBER
10,],O
10,.,O
10,Coagulopathy,O
10,and,O
10,thrombotic,O
10,microangiopathy,O
10,will,O
10,be,O
10,discussed,O
10,in,O
10,detail,O
10,below,O
10,in,O
10,subsection,O
10,of,O
10,Coagulation,O
10,dysfunction,O
10,and,O
10,venous,O
10,thromboembolism,O
10,in,O
10,patients,O
10,with,O
10,COVID,O
10,‐,O
10,19,NUMBER
10,.,O
10,Internal,ORGANIZATION
10,Medicine,ORGANIZATION
10,Intensive,ORGANIZATION
10,Care,ORGANIZATION
10,Unit,O
10,.,O
10,Hacettepe,ORGANIZATION
10,Health,ORGANIZATION
10,Sciences,ORGANIZATION
10,.,O
10,Ankara,CITY
10,Ataturk,O
10,Chest,O
10,Diseases,CAUSE_OF_DEATH
10,and,O
10,Thoracic,ORGANIZATION
10,Surgery,ORGANIZATION
10,Training,ORGANIZATION
10,and,ORGANIZATION
10,Research,ORGANIZATION
10,Hospital,ORGANIZATION
10,.,O
10,Ankara,CITY
10,.,O
10,Tur,O
10,‐,O
10,key,O
10,Department,ORGANIZATION
10,of,ORGANIZATION
10,Allergy,ORGANIZATION
10,and,ORGANIZATION
10,Immunology,ORGANIZATION
10,.,O
10,Uludag,ORGANIZATION
10,Department,ORGANIZATION
10,of,O
10,Chest,O
10,Diseases,CAUSE_OF_DEATH
10,.,O
10,Kestel,ORGANIZATION
10,State,ORGANIZATION
10,Hospital,ORGANIZATION
10,.,O
10,Bursa,CITY
10,.,O
10,Turkey,COUNTRY
10,Department,LOCATION
10,of,O
10,Chest,O
10,Diseases,CAUSE_OF_DEATH
10,.,O
10,Bilecik,ORGANIZATION
10,State,ORGANIZATION
10,Hospital,ORGANIZATION
10,.,O
10,Bilecik,PERSON
10,.,O
10,Turkey,COUNTRY
10,De,O
10,‐,O
10,partment,O
10,of,O
10,Chest,O
10,Diseases,CAUSE_OF_DEATH
10,.,O
10,Bingol,CITY
10,State,LOCATION
10,Hopital,LOCATION
10,.,O
10,Bingl,LOCATION
10,.,O
10,Turkey,COUNTRY
10,Department,O
10,of,O
10,Thoracic,O
10,Surgery,CAUSE_OF_DEATH
10,.,O
10,Ondokuz,PERSON
10,Mayis,PERSON
10,Department,PERSON
10,of,PERSON
10,Chest,PERSON
10,Diseases,CAUSE_OF_DEATH
10,.,O
10,Istanbul,CITY
10,Medicine,LOCATION
10,.,O
10,Istanbul,CITY
10,.,O
10,Turkey,COUNTRY
10,Correspondence,O
10,to,O
10,:,O
10,Dilek,PERSON
10,Karadogan,PERSON
10,SARS,O
10,‐,O
10,CoV,O
10,‐,O
10,2,NUMBER
10,enters,O
10,target,O
10,cells,O
10,with,O
10,the,O
10,spike,O
10,(,O
10,S,O
10,),O
10,protein,O
10,engaging,O
10,angiotensin,O
10,converting,O
10,enzyme,O
10,‐,O
10,2,NUMBER
10,(,O
10,ACE2,O
10,),O
10,receptor,O
10,[,O
10,4,NUMBER
10,],O
10,.,O
10,The,O
10,virus,O
10,will,O
10,proliferate,O
10,and,O
10,cause,O
10,destruction,O
10,of,O
10,the,O
10,tis,O
10,‐,O
10,sues,O
10,which,O
10,have,O
10,high,O
10,ACE2,O
10,expression,O
10,including,O
10,lungs,O
10,.,O
10,intestines,O
10,.,O
10,kidneys,O
10,when,O
10,protective,O
10,immune,O
10,response,O
10,is,O
10,impaired,O
10,.,O
10,The,O
10,major,O
10,‐,O
10,histocompatibility,O
10,‐,O
10,complex,O
10,antigen,O
10,loci,O
10,(,O
10,HLA,O
10,),O
10,seem,O
10,to,O
10,be,O
10,respon,O
10,‐,O
10,sible,O
10,for,O
10,predisposition,O
10,to,O
10,infections,CAUSE_OF_DEATH
10,.,O
10,For,O
10,instance,O
10,.,O
10,some,O
10,murine,O
10,MHC,O
10,class,O
10,II,NUMBER
10,haplotypes,O
10,are,O
10,related,O
10,to,O
10,predisposition,O
10,with,O
10,in,O
10,‐,O
10,fluenza,O
10,.,O
10,HLA,O
10,‐,O
10,A,O
10,*,O
10,11,NUMBER
10,.,O
10,HLA,O
10,‐,O
10,B,O
10,*,O
10,35,NUMBER
10,.,O
10,and,O
10,HLADRB1,O
10,*,O
10,10,NUMBER
10,make,O
10,males,O
10,vulnerable,O
10,to,O
10,H1N1,O
10,[,O
10,5,NUMBER
10,],O
10,.,O
10,During,O
10,the,O
10,incubation,O
10,and,O
10,early,O
10,phase,O
10,of,O
10,the,O
10,dis,O
10,‐,O
10,ease,O
10,.,O
10,a,O
10,specific,O
10,adaptive,O
10,immune,O
10,response,O
10,may,O
10,stop,O
10,SARS,O
10,‐,O
10,CoV,O
10,‐,O
10,2,NUMBER
10,and,O
10,prevent,O
10,worsening,O
10,[,O
10,6,NUMBER
10,],O
10,.,O
10,The,O
10,cellular,O
10,immunity,O
10,.,O
10,T,O
10,lymphocytes,O
10,are,O
10,major,O
10,players,O
10,in,O
10,virus,O
10,clearance,O
10,after,O
10,viral,O
10,infections,CAUSE_OF_DEATH
10,.,O
10,Lym,O
10,‐,O
10,phopenia,O
10,is,O
10,one,NUMBER
10,of,O
10,the,O
10,most,O
10,prominent,O
10,characteristics,O
10,of,O
10,COVID,O
10,‐,O
10,19,NUMBER
10,[,O
10,7.8.9,NUMBER
10,],O
10,.,O
10,and,O
10,might,O
10,be,O
10,explained,O
10,by,O
10,the,O
10,impaired,O
10,innate,O
10,and,O
10,adap,O
10,‐,O
10,tive,O
10,immune,O
10,responses,O
10,.,O
10,In,O
10,contrast,O
10,to,O
10,the,O
10,immune,O
10,response,O
10,against,O
10,viral,O
10,infections,CAUSE_OF_DEATH
10,.,O
10,cytotoxic,O
10,T,O
10,lymphocytes,O
10,decline,O
10,sharply,O
10,in,O
10,SARSCoV,O
10,‐,O
10,2,NUMBER
10,infection,CAUSE_OF_DEATH
10,[,O
10,10,NUMBER
10,],O
10,.,O
10,A,O
10,study,O
10,demonstrated,O
10,that,O
10,reduction,O
10,of,O
10,CD3,O
10,+,O
10,.,O
10,CD4,O
10,+,O
10,and,O
10,CD8,O
10,+,O
10,T,O
10,lymphocytes,O
10,were,O
10,related,O
10,to,O
10,the,O
10,course,O
10,of,O
10,COVID,O
10,‐,O
10,19,NUMBER
10,pneumonia,CAUSE_OF_DEATH
10,.,O
10,especially,O
10,in,O
10,severe,O
10,cases,O
10,[,O
10,11,NUMBER
10,],O
10,.,O
10,The,O
10,mecha,O
10,‐,O
10,nism,O
10,of,O
10,the,O
10,reduction,O
10,of,O
10,T,O
10,lymphocytes,O
10,may,O
10,be,O
10,a,O
10,result,O
10,of,O
10,the,O
10,di,O
10,‐,O
10,rect,O
10,assault,CRIMINAL_CHARGE
10,of,O
10,SARS,O
10,‐,O
10,COV,O
10,‐,O
10,2,NUMBER
10,or,O
10,induction,O
10,of,O
10,apoptosis,O
10,by,O
10,SARCoV,O
10,‐,O
10,2,NUMBER
10,like,O
10,MERS,O
10,‐,O
10,CoV,O
10,[,O
10,12,NUMBER
10,],O
10,.,O
10,In,O
10,addi,O
10,‐,O
10,tion,O
10,.,O
10,SARS,O
10,‐,O
10,CoV,O
10,‐,O
10,2,DATE
10,may,DATE
10,modify,O
10,role,O
10,of,O
10,antigen,O
10,presenting,O
10,cells,O
10,.,O
10,dendritic,O
10,cells,O
10,.,O
10,and,O
10,cytokines,O
10,(,O
10,TNF,O
10,‐,O
10,al,O
10,‐,O
10,fa,O
10,and,O
10,IL,STATE_OR_PROVINCE
10,‐,O
10,4,NUMBER
10,),O
10,which,O
10,regulate,O
10,the,O
10,function,O
10,of,O
10,T,O
10,lymphocytes,O
10,[,O
10,13.14,NUMBER
10,],O
10,.,O
10,The,O
10,immune,O
10,status,O
10,differs,O
10,significantly,O
10,between,O
10,severe,O
10,and,O
10,nonsevere,O
10,COVID,O
10,‐,O
10,19,NUMBER
10,patients,O
10,[,O
10,15,NUMBER
10,],O
10,.,O
10,The,O
10,reduction,O
10,of,O
10,T,O
10,‐,O
10,Cells,O
10,correlates,O
10,with,O
10,disease,CAUSE_OF_DEATH
10,severity,O
10,.,O
10,May,O
10,here,O
10,lies,O
10,the,O
10,answer,O
10,of,O
10,the,O
10,question,O
10,of,O
10,why,O
10,some,O
10,patients,O
10,experience,O
10,severe,O
10,disease,CAUSE_OF_DEATH
10,.,O
10,while,O
10,the,O
10,others,O
10,show,O
10,mild,O
10,symptoms,O
10,.,O
10,The,O
10,complement,O
10,system,O
10,is,O
10,a,O
10,crucial,O
10,piece,O
10,of,O
10,host,TITLE
10,defence,O
10,against,O
10,infections,CAUSE_OF_DEATH
10,.,O
10,has,O
10,potent,O
10,pro,O
10,‐,O
10,inflam,O
10,‐,O
10,matory,O
10,properties,O
10,and,O
10,can,O
10,aggravate,O
10,lung,O
10,injury,O
10,.,O
10,and,O
10,may,O
10,play,O
10,a,O
10,part,O
10,in,O
10,COVID,O
10,‐,O
10,19,NUMBER
10,pneumonia,CAUSE_OF_DEATH
10,.,O
10,Complement,O
10,activation,O
10,in,O
10,the,O
10,patho,O
10,‐,O
10,genesis,O
10,of,O
10,SARS,O
10,had,O
10,been,O
10,shown,O
10,before,O
10,[,O
10,16,NUMBER
10,],O
10,.,O
10,and,O
10,a,O
10,recent,O
10,study,O
10,revealed,O
10,that,O
10,complement,O
10,C3,O
10,was,O
10,remarkably,O
10,elevated,O
10,in,O
10,serious,O
10,cases,O
10,of,O
10,COVID,O
10,‐,O
10,19,NUMBER
10,pneumonia,CAUSE_OF_DEATH
10,than,O
10,that,O
10,in,O
10,non,O
10,‐,O
10,serious,O
10,cases,O
10,[,O
10,11,NUMBER
10,],O
10,.,O
10,The,O
10,cytokine,O
10,release,O
10,syndrome,O
10,(,O
10,CRS,O
10,),O
10,may,O
10,play,O
10,a,O
10,major,O
10,role,O
10,in,O
10,pa,O
10,‐,O
10,tients,O
10,with,O
10,severe,O
10,COVID,O
10,‐,O
10,19,NUMBER
10,as,O
10,in,O
10,ARDS,O
10,.,O
10,Pro,O
10,‐,O
10,inflammatory,O
10,cy,O
10,‐,O
10,tokines,O
10,that,O
10,drive,O
10,progression,O
10,of,O
10,the,O
10,disease,CAUSE_OF_DEATH
10,including,O
10,IL2,O
10,.,O
10,IL6,O
10,.,O
10,IL7,O
10,.,O
10,IL10,O
10,.,O
10,GCSF,ORGANIZATION
10,.,O
10,IP10,O
10,.,O
10,MCP1,O
10,.,O
10,MIP1,O
10,.,O
10,and,O
10,TNF,O
10,are,O
10,reported,O
10,high,O
10,in,O
10,severe,O
10,COVID,O
10,‐,O
10,19,NUMBER
10,patients,O
10,especially,O
10,requiring,O
10,the,O
10,intensive,O
10,care,O
10,unit,O
10,(,O
10,ICU,O
10,),O
10,[,O
10,7,NUMBER
10,],O
10,.,O
10,The,O
10,pathological,O
10,characteristics,O
10,of,O
10,COVID,O
10,‐,O
10,19,NUMBER
10,re,O
10,‐,O
10,lated,O
10,ARDS,O
10,are,O
10,diffuse,O
10,alveolar,O
10,damage,O
10,with,O
10,hyaline,O
10,membrane,O
10,for,O
10,‐,O
10,mation,O
10,with,O
10,fibrin,O
10,deposition,O
10,and,O
10,a,O
10,few,O
10,multinucleated,O
10,enlarged,O
10,cells,O
10,[,O
10,17,NUMBER
10,],O
10,.,O
10,A,O
10,robust,O
10,immune,O
10,response,O
10,and,O
10,epithelial,O
10,regeneration,O
10,is,O
10,essential,O
10,for,O
10,recovery,O
10,and,O
10,may,O
10,lead,O
10,aberrant,O
10,wound,O
10,healing,O
10,which,O
10,can,O
10,cause,O
10,more,O
10,severe,O
10,fibrosis,O
10,than,O
10,other,O
10,causes,O
10,of,O
10,ARDS,O
10,.,O
10,The,O
10,function,O
10,of,O
10,hyaluronic,O
10,acid,O
10,(,O
10,HA,O
10,),O
10,is,O
10,insufficient,O
10,in,O
10,patients,O
10,with,O
10,influenza,CAUSE_OF_DEATH
10,.,O
10,therefore,O
10,.,O
10,COVID,O
10,‐,O
10,19,NUMBER
10,related,O
10,ARDS,O
10,has,O
10,been,O
10,thought,O
10,to,O
10,be,O
10,associated,O
10,with,O
10,HA,O
10,[,O
10,18,NUMBER
10,],O
10,.,O
10,Chen,O
10,et,O
10,al.,O
10,[,O
10,19,NUMBER
10,],O
10,demonstrated,O
10,that,O
10,the,O
10,hemoglobin,O
10,decreases,O
10,.,O
10,whereas,O
10,serum,O
10,ferritin,O
10,.,O
10,erythro,O
10,‐,O
10,cyte,O
10,sedimentation,O
10,rate,O
10,.,O
10,C,O
10,‐,O
10,reactive,O
10,protein,O
10,(,O
10,CRP,O
10,),O
10,.,O
10,and,O
10,lactate,O
10,dehydrogenase,O
10,increase,O
10,significantly,O
10,in,O
10,most,O
10,COVID,O
10,‐,O
10,19,NUMBER
10,cases,O
10,.,O
10,A,O
10,molecular,O
10,study,O
10,reported,O
10,genomic,O
10,structures,O
10,of,O
10,the,O
10,virus,O
10,inter,O
10,‐,O
10,feres,O
10,with,O
10,the,O
10,heme,O
10,on,O
10,the,O
10,1,NUMBER
10,‐,O
10,beta,O
10,chain,O
10,of,O
10,hemoglobin,O
10,to,O
10,seperate,O
10,the,O
10,iron,O
10,as,O
10,a,O
10,result,O
10,forming,O
10,porphyrin,O
10,[,O
10,20,NUMBER
10,],O
10,.,O
10,This,O
10,inhibits,O
10,normal,O
10,metabolic,O
10,pathway,O
10,of,O
10,heme,O
10,.,O
10,and,O
10,cause,O
10,hemoglobin,O
10,carry,O
10,less,O
10,oxy,O
10,‐,O
10,gen.,TITLE
10,Alveolocapillary,O
10,units,O
10,have,O
10,become,O
10,inable,O
10,to,O
10,transfer,O
10,carbon,O
10,dioxide,O
10,and,O
10,oxygen,O
10,.,O
10,Coagulation,O
10,Dysfunction,O
10,and,O
10,Venous,O
10,Throm,O
10,‐,O
10,boembolism,O
10,in,O
10,Patients,O
10,with,O
10,COVID,O
10,‐,O
10,19,NUMBER
10,As,O
10,clinicians,O
10,we,O
10,have,O
10,to,O
10,identify,O
10,the,O
10,variables,O
10,that,O
10,drive,O
10,mortality,O
10,early,O
10,.,O
10,Considering,O
10,current,DATE
10,data,O
10,.,O
10,we,O
10,have,O
10,to,O
10,focus,O
10,on,O
10,three,NUMBER
10,important,O
10,Yuksel,PERSON
10,et,O
10,al,O
10,.,O
10,The,O
10,Unknowns,O
10,of,O
10,COVID,O
10,‐,O
10,19,NUMBER
10,Eurasian,O
10,J,O
10,Med,O
10,2020,DATE
10,;,O
10,52,NUMBER
10,(,O
10,2,NUMBER
10,),O
10,:,O
10,191,NUMBER
10,‐,O
10,6,NUMBER
10,points,O
10,:,O
10,older,O
10,age,O
10,.,O
10,increased,O
10,value,O
10,of,O
10,D,O
10,‐,O
10,dimer,O
10,(,O
10,>,O
10,1g,NUMBER
10,/,O
10,ml,O
10,),O
10,.,O
10,and,O
10,pres,O
10,‐,O
10,ence,O
10,of,O
10,co,O
10,‐,O
10,morbidities,O
10,[,O
10,21,NUMBER
10,],O
10,.,O
10,The,O
10,role,O
10,of,O
10,coagulopathy,O
10,in,O
10,COVID,O
10,‐,O
10,19,NUMBER
10,needs,O
10,to,O
10,be,O
10,clarified,O
10,.,O
10,In,O
10,a,O
10,previous,O
10,study,O
10,.,O
10,it,O
10,was,O
10,sug,O
10,‐,O
10,gested,O
10,that,O
10,impairment,O
10,of,O
10,the,O
10,urokinase,O
10,pathway,O
10,promotes,O
10,to,O
10,lung,O
10,involvement,O
10,whereas,O
10,plasminogen,O
10,activator,O
10,inhibitor,O
10,‐,O
10,1,NUMBER
10,defends,O
10,against,O
10,SARS,O
10,[,O
10,22,NUMBER
10,],O
10,.,O
10,Moreover,O
10,.,O
10,Beri,PERSON
10,et,O
10,al.,O
10,revealed,O
10,that,O
10,fibrinoly,O
10,‐,O
10,sis,O
10,activated,O
10,by,O
10,plasminogen,O
10,aggravates,O
10,inflammation,O
10,caused,O
10,by,O
10,influenza,CAUSE_OF_DEATH
10,[,O
10,23,NUMBER
10,],O
10,.,O
10,Abnormal,O
10,coagulation,O
10,results,O
10,are,O
10,associated,O
10,with,O
10,poor,O
10,prognosis,O
10,.,O
10,Disseminated,O
10,intravascular,O
10,coagulation,O
10,(,O
10,DIC,O
10,),O
10,is,O
10,common,O
10,in,O
10,deceased,O
10,COVID,O
10,‐,O
10,19,NUMBER
10,patients,O
10,.,O
10,In,O
10,a,O
10,study,O
10,.,O
10,D,O
10,‐,O
10,dimer,O
10,.,O
10,fib,O
10,‐,O
10,rin,O
10,/,O
10,fibrinogen,O
10,degradation,O
10,products,O
10,(,O
10,FDP,O
10,),O
10,and,O
10,fibrinogen,O
10,levels,O
10,were,O
10,higher,O
10,in,O
10,patients,O
10,with,O
10,COVID,O
10,‐,O
10,19,NUMBER
10,than,O
10,those,O
10,in,O
10,healthy,O
10,con,O
10,‐,O
10,trols,O
10,.,O
10,while,O
10,antithrombin,O
10,level,O
10,was,O
10,lower,O
10,[,O
10,24,NUMBER
10,],O
10,.,O
10,In,O
10,addition,O
10,.,O
10,lev,O
10,‐,O
10,els,O
10,of,O
10,D,O
10,‐,O
10,dimer,O
10,and,O
10,FDP,ORGANIZATION
10,in,O
10,cases,O
10,with,O
10,severe,O
10,COVID,O
10,‐,O
10,19,NUMBER
10,were,O
10,higher,O
10,than,O
10,cases,O
10,with,O
10,mild,O
10,disease,CAUSE_OF_DEATH
10,.,O
10,A,O
10,study,O
10,compared,O
10,the,O
10,coagulation,O
10,parameters,O
10,between,O
10,patients,O
10,with,O
10,severe,O
10,pneumonia,CAUSE_OF_DEATH
10,caused,O
10,by,O
10,SARS,O
10,‐,O
10,CoV2,O
10,and,O
10,nonSARS,O
10,‐,O
10,CoV2,O
10,.,O
10,and,O
10,also,O
10,evaluated,O
10,whether,O
10,cases,O
10,with,O
10,high,O
10,levels,O
10,of,O
10,D,O
10,‐,O
10,dimer,O
10,could,O
10,benefit,O
10,from,O
10,anticoagulants,O
10,[,O
10,25,NUMBER
10,],O
10,.,O
10,The,O
10,28,NUMBER
10,‐,O
10,day,DURATION
10,mortality,O
10,was,O
10,approximately,O
10,twice,O
10,fold,O
10,higher,O
10,in,O
10,patients,O
10,with,O
10,COVID,O
10,‐,O
10,19,NUMBER
10,compared,O
10,to,O
10,non,O
10,‐,O
10,COVID,O
10,cases,O
10,.,O
10,COVID,O
10,‐,O
10,19,NUMBER
10,cases,O
10,had,O
10,higher,O
10,platelet,O
10,counts,O
10,.,O
10,The,O
10,28,NUMBER
10,‐,O
10,day,DURATION
10,mortality,O
10,in,O
10,COVID,O
10,‐,O
10,19,NUMBER
10,pa,O
10,‐,O
10,tients,O
10,with,O
10,D,O
10,‐,O
10,dimer,O
10,>,O
10,3.0,NUMBER
10,g,O
10,/,O
10,mL,O
10,.,O
10,who,O
10,received,O
10,anticoagulants,O
10,were,O
10,lower,O
10,than,O
10,who,O
10,did,O
10,not,O
10,receive,O
10,and,O
10,cases,O
10,with,O
10,high,O
10,levels,O
10,of,O
10,D,O
10,‐,O
10,dimer,O
10,could,O
10,benefit,O
10,from,O
10,anticoagulants,O
10,.,O
10,A,O
10,study,O
10,from,O
10,China,COUNTRY
10,demonstrated,O
10,that,O
10,D,O
10,‐,O
10,dimer,O
10,and,O
10,FDP,O
10,levels,O
10,.,O
10,prothrombin,O
10,time,O
10,and,O
10,activated,O
10,partial,O
10,thromboplastin,O
10,time,O
10,are,O
10,significantly,O
10,higher,O
10,in,O
10,deceased,O
10,patients,O
10,with,O
10,COVD,O
10,‐,O
10,19,NUMBER
10,compared,O
10,to,O
10,survivors,O
10,;,O
10,and,O
10,71.4,PERCENT
10,%,PERCENT
10,of,O
10,non,O
10,‐,O
10,survivors,O
10,met,O
10,the,O
10,criteria,O
10,of,O
10,DIC,ORGANIZATION
10,whereas,O
10,only,O
10,0.6,PERCENT
10,%,PERCENT
10,of,O
10,survivors,O
10,did,O
10,[,O
10,25,NUMBER
10,],O
10,.,O
10,Development,O
10,of,O
10,consumption,O
10,coagulopathy,O
10,.,O
10,es,O
10,‐,O
10,pecially,O
10,DIC,O
10,.,O
10,may,O
10,worsen,O
10,the,O
10,clinical,O
10,course,O
10,in,O
10,patients,O
10,with,O
10,COVID,O
10,‐,O
10,19,NUMBER
10,.,O
10,DIC,ORGANIZATION
10,is,O
10,not,O
10,so,O
10,rare,O
10,in,O
10,patients,O
10,with,O
10,severe,O
10,SARS,O
10,‐,O
10,Cov,O
10,‐,O
10,2,NUMBER
10,infection,CAUSE_OF_DEATH
10,.,O
10,and,O
10,the,O
10,rate,O
10,of,O
10,DIC,ORGANIZATION
10,in,O
10,deceased,O
10,patients,O
10,was,O
10,reported,O
10,71.4,NUMBER
10,[,O
10,26,NUMBER
10,],O
10,.,O
10,Monitoring,O
10,of,O
10,coagulation,O
10,parameters,O
10,may,O
10,help,O
10,to,O
10,pre,O
10,‐,O
10,dict,O
10,deterioration,O
10,of,O
10,the,O
10,disease,CAUSE_OF_DEATH
10,and,O
10,establish,O
10,an,O
10,accurate,O
10,ther,O
10,‐,O
10,apeutic,O
10,strategy,O
10,.,O
10,Severe,O
10,COVID,O
10,‐,O
10,19,NUMBER
10,can,O
10,progress,O
10,to,O
10,sepsis,CAUSE_OF_DEATH
10,which,O
10,also,O
10,a,O
10,common,O
10,cause,O
10,of,O
10,DIC,ORGANIZATION
10,.,O
10,through,O
10,inflammatory,O
10,cytokines,O
10,such,O
10,as,O
10,IL,STATE_OR_PROVINCE
10,‐,O
10,6,NUMBER
10,.,O
10,IL,STATE_OR_PROVINCE
10,‐,O
10,8,NUMBER
10,.,O
10,TNF,O
10,‐,O
10,.,O
10,Prevalence,O
10,of,O
10,venous,O
10,thromboembolism,O
10,(,O
10,VTE,O
10,),O
10,in,O
10,patients,O
10,with,O
10,SARS,O
10,‐,O
10,CoV,O
10,‐,O
10,2,NUMBER
10,infection,CAUSE_OF_DEATH
10,remains,O
10,unclear,O
10,.,O
10,The,O
10,inci,O
10,‐,O
10,dence,O
10,of,O
10,VTE,O
10,in,O
10,patients,O
10,with,O
10,severe,O
10,COVID,O
10,‐,O
10,19,NUMBER
10,who,O
10,were,O
10,admitted,O
10,to,O
10,ICUs,O
10,was,O
10,found,O
10,to,O
10,be,O
10,25,PERCENT
10,%,PERCENT
10,in,O
10,a,O
10,retrospective,O
10,study,O
10,analyzing,O
10,ultrasound,O
10,of,O
10,lower,O
10,extremity,O
10,vein,O
10,[,O
10,27,NUMBER
10,],O
10,.,O
10,Antiphospholipid,O
10,anti,O
10,‐,O
10,bodies,O
10,are,O
10,detected,O
10,in,O
10,high,O
10,titers,O
10,in,O
10,antiphospholipid,O
10,syndrome,O
10,;,O
10,however,O
10,.,O
10,they,O
10,can,O
10,also,O
10,appear,O
10,temporarily,O
10,in,O
10,critical,O
10,patients,O
10,.,O
10,Zhang,PERSON
10,et,O
10,al.,O
10,[,O
10,28,NUMBER
10,],O
10,described,O
10,three,NUMBER
10,patients,O
10,with,O
10,SARS,O
10,‐,O
10,CoV,O
10,‐,O
10,2,NUMBER
10,infec,O
10,‐,O
10,tion,O
10,who,O
10,had,O
10,coagulation,O
10,dysregulation,O
10,and,O
10,antiphospholipid,O
10,anti,O
10,‐,O
10,bodies,O
10,.,O
10,including,O
10,anticardiolipin,O
10,IgA,O
10,.,O
10,anti,O
10,‐,O
10,2,NUMBER
10,‐,O
10,glycoprotein,O
10,I,O
10,IgA,O
10,.,O
10,and,O
10,IgG,O
10,antibodies,O
10,.,O
10,and,O
10,also,O
10,intracerebral,O
10,infarcts,O
10,.,O
10,A,O
10,post,O
10,‐,O
10,mortem,O
10,study,O
10,reported,O
10,COVID,O
10,‐,O
10,19,NUMBER
10,associated,O
10,cardiopulmonary,O
10,changes,O
10,as,O
10,follows,O
10,[,O
10,29,NUMBER
10,],O
10,:,O
10,The,O
10,main,O
10,pulmonary,O
10,arteries,O
10,were,O
10,free,O
10,of,O
10,thromboemboli,O
10,;,O
10,hyaline,O
10,membranes,O
10,consistent,O
10,with,O
10,diffuse,O
10,alveolar,O
10,damage,O
10,with,O
10,mild,O
10,‐,O
10,to,O
10,‐,O
10,moderate,O
10,lymphocytic,O
10,infiltrates,O
10,(,O
10,CD4,O
10,im,O
10,‐,O
10,munostain,O
10,pozitive,O
10,),O
10,;,O
10,fibrin,O
10,thrombi,O
10,and,O
10,megakaryocytes,O
10,in,O
10,capil,O
10,‐,O
10,laries,O
10,and,O
10,small,O
10,vessels,O
10,;,O
10,cardiomegaly,O
10,.,O
10,and,O
10,right,O
10,ventricular,O
10,di,O
10,‐,O
10,latation,O
10,.,O
10,There,O
10,are,O
10,nor,O
10,thrombus,O
10,in,O
10,coronary,O
10,arteries,O
10,neither,O
10,lymphocytic,O
10,infiltrate,O
10,in,O
10,myocard,O
10,suggestive,O
10,of,O
10,viral,O
10,myocardi,O
10,‐,O
10,tis,O
10,.,O
10,The,O
10,dominant,O
10,processes,O
10,seem,O
10,to,O
10,be,O
10,diffuse,O
10,alveolar,O
10,damage,O
10,.,O
10,CD4,O
10,+,O
10,mononuclear,O
10,cell,O
10,infiltration,O
10,around,O
10,occluded,O
10,small,O
10,vessels,O
10,by,O
10,microthrombi,O
10,.,O
10,and,O
10,pulmonary,O
10,hemorrhage,CAUSE_OF_DEATH
10,.,O
10,Thrombotic,O
10,microan,O
10,‐,O
10,giopathy,O
10,is,O
10,considered,O
10,restricted,O
10,to,O
10,the,O
10,lungs,O
10,.,O
10,Coagulopathy,O
10,be,O
10,‐,O
10,comes,O
10,more,O
10,prominent,O
10,on,O
10,the,DATE
10,seventh,DATE
10,day,DATE
10,of,O
10,viremia,O
10,.,O
10,One,NUMBER
10,theory,O
10,suggests,O
10,that,O
10,anticoagulants,O
10,could,O
10,block,O
10,SARS,O
10,‐,O
10,CoV,O
10,‐,O
10,2,NUMBER
10,replication,O
10,through,O
10,inhibiting,O
10,cleavage,O
10,of,O
10,the,O
10,S,O
10,protein,O
10,by,O
10,FXa,O
10,and,O
10,FIIa,O
10,.,O
10,Low,O
10,molecular,O
10,weight,O
10,heparins,O
10,(,O
10,LMWHs,O
10,),O
10,are,O
10,suggested,O
10,in,O
10,treatment,O
10,of,O
10,hospitalized,O
10,adult,O
10,patients,O
10,with,O
10,COVID,O
10,‐,O
10,19,NUMBER
10,.,O
10,The,O
10,International,O
10,So,O
10,‐,O
10,ciety,O
10,on,O
10,Thrombosis,CAUSE_OF_DEATH
10,and,O
10,Haemostasis,O
10,(,O
10,ISTH,O
10,),O
10,recently,DATE
10,recommended,O
10,that,O
10,all,O
10,hospitalized,O
10,COVID,O
10,‐,O
10,19,NUMBER
10,patients,O
10,.,O
10,even,O
10,those,O
10,not,O
10,in,O
10,the,O
10,ICU,O
10,.,O
10,should,O
10,receive,O
10,standard,O
10,prophylactic,O
10,anticoagulation,O
10,with,O
10,LMWH,ORGANIZATION
10,in,O
10,the,O
10,absence,O
10,of,O
10,any,O
10,contraindications,O
10,.,O
10,Early,O
10,application,O
10,of,O
10,anticoagulants,O
10,is,O
10,being,O
10,advocated,O
10,for,O
10,better,O
10,disease,CAUSE_OF_DEATH
10,course,O
10,in,O
10,severe,O
10,COVID,O
10,‐,O
10,19,NUMBER
10,.,O
10,however,O
10,.,O
10,it,O
10,remains,O
10,unclear,O
10,whether,O
10,we,O
10,should,O
10,use,O
10,specific,O
10,inclusion,O
10,or,O
10,exclusion,O
10,criteria,O
10,.,O
10,ISTH,ORGANIZATION
10,has,O
10,defined,O
10,a,O
10,new,O
10,and,O
10,earlier,O
10,phase,O
10,of,O
10,sepsis,CAUSE_OF_DEATH
10,‐,O
10,associated,O
10,DIC,ORGANIZATION
10,.,O
10,called,O
10,sepsis,CAUSE_OF_DEATH
10,‐,O
10,in,O
10,‐,O
10,duced,O
10,coagulopathy,O
10,(,O
10,SIC,O
10,),O
10,[,O
10,30,NUMBER
10,],O
10,.,O
10,Preliminary,O
10,data,O
10,from,O
10,Wuhan,CITY
10,sug,O
10,‐,O
10,gest,O
10,that,O
10,anticoagulation,O
10,may,O
10,be,O
10,beneficial,O
10,in,O
10,severe,O
10,COVID,O
10,‐,O
10,19,NUMBER
10,cases,O
10,with,O
10,D,O
10,‐,O
10,dimer,O
10,levels,O
10,>,O
10,6,NUMBER
10,times,O
10,the,O
10,upper,O
10,limit,O
10,of,O
10,normal,O
10,[,O
10,31,NUMBER
10,],O
10,.,O
10,On,O
10,contrary,O
10,.,O
10,Harvard,ORGANIZATION
10,Brigham,ORGANIZATION
10,and,O
10,Womens,ORGANIZATION
10,Hospital,ORGANIZATION
10,guidance,O
10,suggests,O
10,initiating,O
10,prophylactic,O
10,anticoagulation,O
10,therapy,O
10,for,O
10,all,O
10,patients,O
10,with,O
10,COVID19,O
10,in,O
10,absence,O
10,of,O
10,any,O
10,contraindications,O
10,.,O
10,Oral,O
10,anticoagulants,O
10,should,O
10,be,O
10,switched,O
10,to,O
10,LMWH,O
10,or,O
10,unfractionated,O
10,hep,O
10,‐,O
10,arin,O
10,.,O
10,However,O
10,.,O
10,whether,O
10,anticoagulants,O
10,are,O
10,only,O
10,useful,O
10,in,O
10,patients,O
10,meeting,O
10,SIC,O
10,criteria,O
10,or,O
10,with,O
10,markedly,O
10,elevated,O
10,D,O
10,‐,O
10,dimer,O
10,but,O
10,not,O
10,in,O
10,unselected,O
10,patients,O
10,remains,O
10,to,O
10,be,O
10,unclear,O
10,.,O
10,A,O
10,small,O
10,case,O
10,series,O
10,suggested,O
10,that,O
10,dipyridamole,O
10,could,O
10,be,O
10,used,O
10,.,O
10,although,O
10,anticoagulant,O
10,and,O
10,antiplatelet,O
10,agents,O
10,need,O
10,further,O
10,investigation,O
10,for,O
10,their,O
10,therapeutic,O
10,activities,O
10,[,O
10,32,NUMBER
10,],O
10,.,O
10,Viral,O
10,Transmission,O
10,SARS,O
10,‐,O
10,CoV,O
10,‐,O
10,2,NUMBER
10,cause,O
10,rapid,O
10,spread,O
10,[,O
10,33,NUMBER
10,.,O
10,34,NUMBER
10,],O
10,.,O
10,even,O
10,among,O
10,asymptomatic,O
10,or,O
10,minimally,O
10,symp,O
10,‐,O
10,tomatic,O
10,carriers,O
10,[,O
10,35,NUMBER
10,.,O
10,36,NUMBER
10,],O
10,.,O
10,A,O
10,study,O
10,reported,O
10,that,O
10,mean,O
10,nasopharyn,O
10,‐,O
10,geal,O
10,swab,O
10,viral,O
10,load,O
10,of,O
10,severe,O
10,cases,O
10,was,O
10,60,NUMBER
10,‐,O
10,fold,O
10,higher,O
10,than,O
10,that,O
10,of,O
10,mild,O
10,cases,O
10,.,O
10,which,O
10,suggests,O
10,that,O
10,the,O
10,higher,O
10,the,O
10,viral,O
10,load,O
10,the,O
10,more,O
10,severe,O
10,the,O
10,disease,CAUSE_OF_DEATH
10,[,O
10,37,NUMBER
10,],O
10,.,O
10,Viral,O
10,negative,O
10,conversion,O
10,seems,O
10,to,O
10,occur,O
10,early,O
10,in,O
10,mild,O
10,cases,O
10,.,O
10,a,O
10,study,O
10,revealed,O
10,that,O
10,90,PERCENT
10,%,PERCENT
10,of,O
10,mild,O
10,group,O
10,have,O
10,negative,O
10,RT,O
10,‐,O
10,PCR,O
10,results,O
10,after,O
10,10,DURATION
10,days,DURATION
10,whereas,O
10,all,O
10,se,O
10,‐,O
10,vere,O
10,cases,O
10,yet,O
10,tested,O
10,positive,O
10,over,O
10,day,DURATION
10,10,NUMBER
10,[,O
10,37,NUMBER
10,],O
10,.,O
10,Asymptomatic,O
10,transmission,O
10,of,O
10,SARS,O
10,‐,O
10,CoV,O
10,‐,O
10,2,DATE
10,may,DATE
10,cause,O
10,challenges,O
10,for,O
10,disease,CAUSE_OF_DEATH
10,con,O
10,‐,O
10,trol,O
10,.,O
10,Presymptomatic,O
10,transmission,O
10,can,O
10,happen,O
10,through,O
10,formation,O
10,of,O
10,respiratory,O
10,droplets,O
10,or,O
10,indirect,O
10,transmission,O
10,.,O
10,Vocal,O
10,activi,O
10,‐,O
10,ties,O
10,including,O
10,speech,O
10,.,O
10,laughing,O
10,.,O
10,singing,O
10,have,O
10,been,O
10,showed,O
10,Envi,O
10,‐,O
10,ronmental,O
10,contamination,O
10,with,O
10,SARS,O
10,‐,O
10,CoV,O
10,‐,O
10,2,NUMBER
10,can,O
10,occur,O
10,via,O
10,droplet,O
10,dispersion,O
10,or,O
10,touching,O
10,with,O
10,an,O
10,infected,O
10,persons,O
10,contaminated,O
10,hands,O
10,[,O
10,39,NUMBER
10,],O
10,.,O
10,Duration,O
10,of,O
10,contagiuous,O
10,phase,O
10,while,O
10,a,O
10,patient,O
10,is,O
10,presymptomatic,O
10,is,O
10,still,O
10,unknown,O
10,.,O
10,A,O
10,study,O
10,demonstrated,O
10,that,O
10,1,NUMBER
10,‐,O
10,3,NUMBER
10,days,DURATION
10,prior,O
10,to,O
10,initiation,O
10,of,O
10,symptoms,O
10,.,O
10,presymptomatic,O
10,spread,O
10,expo,O
10,‐,O
10,sure,O
10,occurred,O
10,[,O
10,40,NUMBER
10,],O
10,.,O
10,Tranmission,O
10,and,O
10,viability,O
10,of,O
10,SARS,O
10,and,O
10,in,O
10,‐,O
10,fluenza,O
10,on,O
10,surfaces,O
10,were,O
10,shown,O
10,to,O
10,decrease,O
10,at,O
10,higher,O
10,tempera,O
10,‐,O
10,tures,O
10,.,O
10,Regard,O
10,to,O
10,this,O
10,.,O
10,higher,O
10,temperatures,O
10,were,O
10,proposed,O
10,to,O
10,may,O
10,have,O
10,a,O
10,protecting,O
10,impact,O
10,towards,O
10,SARS,O
10,‐,O
10,CoV,O
10,‐,O
10,2,NUMBER
10,infection,CAUSE_OF_DEATH
10,.,O
10,In,O
10,a,O
10,study,O
10,.,O
10,it,O
10,was,O
10,found,O
10,that,O
10,an,O
10,increase,O
10,in,O
10,temperature,O
10,from,O
10,1C,O
10,to,O
10,9C,O
10,.,O
10,and,O
10,from,O
10,10C,O
10,to,O
10,19C,O
10,was,O
10,associated,O
10,with,O
10,a,O
10,decrease,O
10,in,O
10,case,O
10,numbers,O
10,from,O
10,24,NUMBER
10,to,NUMBER
10,19,NUMBER
10,.,O
10,and,O
10,from,O
10,18,NUMBER
10,to,NUMBER
10,7,NUMBER
10,.,O
10,respectively,O
10,[,O
10,41,NUMBER
10,],O
10,.,O
10,Con,O
10,‐,O
10,trarily,O
10,.,O
10,results,O
10,of,O
10,another,O
10,report,O
10,did,O
10,not,O
10,favour,O
10,the,O
10,postulation,O
10,that,O
10,elevated,O
10,temperature,O
10,and,O
10,UV,O
10,radiation,O
10,can,O
10,decrease,O
10,the,O
10,spread,O
10,of,O
10,COVID,O
10,‐,O
10,19,NUMBER
10,[,O
10,42,NUMBER
10,],O
10,.,O
10,It,O
10,was,O
10,proposed,O
10,that,O
10,difference,O
10,in,O
10,mor,O
10,‐,O
10,tality,O
10,of,O
10,SARS,O
10,‐,O
10,CoV,O
10,‐,O
10,2,NUMBER
10,infection,CAUSE_OF_DEATH
10,among,O
10,countries,O
10,could,O
10,be,O
10,elucidat,O
10,‐,O
10,ed,O
10,by,O
10,Bacillus,O
10,Calmette,O
10,‐,O
10,Gurin,PERSON
10,(,O
10,BCG,O
10,),O
10,vaccination,O
10,status,O
10,.,O
10,55,NUMBER
10,high,O
10,income,O
10,countries,O
10,with,O
10,current,DATE
10,BCG,ORGANIZATION
10,policy,O
10,had,O
10,0.780.40,NUMBER
10,deaths,O
10,per,O
10,million,NUMBER
10,people,O
10,;,O
10,contrarily,O
10,.,O
10,countries,O
10,that,O
10,never,O
10,had,O
10,a,O
10,BCG,O
10,policy,O
10,including,O
10,Italy,COUNTRY
10,.,O
10,Netherlands,COUNTRY
10,.,O
10,Belgium,COUNTRY
10,.,O
10,USA,COUNTRY
10,.,O
10,Lebanon,COUNTRY
10,had,O
10,a,O
10,higher,O
10,mortality,O
10,rate,O
10,.,O
10,with,O
10,16.397.33,NUMBER
10,deaths,O
10,per,O
10,million,NUMBER
10,people,O
10,[,O
10,43,NUMBER
10,],O
10,.,O
10,Besides,O
10,.,O
10,it,O
10,is,O
10,unknown,O
10,whether,O
10,BCG,ORGANIZATION
10,vaccination,O
10,at,O
10,old,O
10,age,O
10,would,O
10,boost,O
10,defenses,O
10,in,O
10,elderly,O
10,.,O
10,194,NUMBER
10,Yuksel,PERSON
10,et,O
10,al,O
10,.,O
10,The,O
10,Unknowns,O
10,of,O
10,COVID,O
10,‐,O
10,19,NUMBER
10,Accuracy,O
10,of,O
10,Diagnostic,O
10,Tests,O
10,Test,O
10,designs,O
10,vary,O
10,whether,O
10,the,O
10,test,O
10,detects,O
10,infection,CAUSE_OF_DEATH
10,directly,O
10,(,O
10,such,O
10,as,O
10,the,O
10,virus,O
10,itself,O
10,),O
10,or,O
10,indirectly,O
10,(,O
10,such,O
10,as,O
10,host,TITLE
10,antibodies,O
10,),O
10,.,O
10,Countries,O
10,have,O
10,used,O
10,differ,O
10,‐,O
10,ent,O
10,testing,O
10,approaches,O
10,depending,O
10,on,O
10,their,O
10,testing,O
10,capacities,O
10,.,O
10,Current,DATE
10,casefatality,O
10,rate,O
10,ranges,O
10,from,O
10,0.6,PERCENT
10,%,PERCENT
10,to,O
10,7.2,PERCENT
10,%,PERCENT
10,by,O
10,region,O
10,[,O
10,44,NUMBER
10,‐,O
10,46,NUMBER
10,],O
10,.,O
10,In,O
10,a,O
10,couple,O
10,countries,O
10,.,O
10,nation,O
10,‐,O
10,wide,O
10,utilization,O
10,of,O
10,diag,O
10,‐,O
10,nostic,O
10,testing,O
10,became,O
10,a,O
10,mainstay,O
10,of,O
10,effective,O
10,confinement,O
10,ap,O
10,‐,O
10,proaches,O
10,.,O
10,For,O
10,example,O
10,.,O
10,in,O
10,Germany,COUNTRY
10,and,O
10,South,COUNTRY
10,Korea,COUNTRY
10,.,O
10,the,O
10,case,O
10,‐,O
10,fa,O
10,‐,O
10,tality,O
10,rates,O
10,are,O
10,less,O
10,than,O
10,0.5,PERCENT
10,%,PERCENT
10,.,O
10,probably,O
10,because,O
10,extensive,O
10,test,O
10,‐,O
10,ing,O
10,revealed,O
10,a,O
10,large,O
10,group,O
10,of,O
10,mild,O
10,cases,O
10,[,O
10,47,NUMBER
10,],O
10,.,O
10,Nucleic,O
10,acid,O
10,am,O
10,‐,O
10,plification,O
10,time,O
10,of,O
10,symptom,O
10,onset,O
10,when,O
10,viral,O
10,shedding,O
10,and,O
10,trans,O
10,‐,O
10,mission,O
10,risk,O
10,is,O
10,highest,O
10,[,O
10,48,NUMBER
10,],O
10,.,O
10,Real,O
10,‐,O
10,time,O
10,reverse,O
10,transcriptase,O
10,polymerase,O
10,chain,O
10,reaction,O
10,(,O
10,RT,O
10,‐,O
10,PCR,O
10,),O
10,based,O
10,assay,O
10,on,O
10,respiratory,O
10,specimens,O
10,performed,O
10,in,O
10,laboratory,O
10,is,O
10,the,O
10,reference,O
10,standard,O
10,test,O
10,for,O
10,COVID,O
10,‐,O
10,19,NUMBER
10,diagnosis,O
10,.,O
10,Detection,O
10,of,O
10,host,TITLE
10,‐,O
10,derived,O
10,antibodies,O
10,di,O
10,‐,O
10,rected,O
10,against,O
10,SARSCoV,O
10,‐,O
10,2,NUMBER
10,are,O
10,crucial,O
10,for,O
10,surveillance,O
10,.,O
10,determina,O
10,‐,O
10,tion,O
10,of,O
10,SARS,O
10,‐,O
10,CoV,O
10,‐,O
10,2,NUMBER
10,immunity,O
10,.,O
10,and,O
10,potentially,O
10,for,O
10,risk,O
10,assessment,O
10,of,O
10,health,O
10,care,O
10,workers,O
10,.,O
10,The,O
10,utility,O
10,of,O
10,antibody,O
10,detection,O
10,assays,O
10,for,O
10,diagnosing,O
10,acute,O
10,infections,CAUSE_OF_DEATH
10,is,O
10,probably,O
10,limited,O
10,around,O
10,the,O
10,time,O
10,of,O
10,symptom,O
10,onset,O
10,[,O
10,48,NUMBER
10,],O
10,.,O
10,Serologic,MISC
10,assays,O
10,might,O
10,be,O
10,useful,O
10,in,O
10,scenarios,O
10,in,O
10,which,O
10,patients,O
10,present,DATE
10,with,O
10,late,O
10,complications,CAUSE_OF_DEATH
10,of,O
10,disease,CAUSE_OF_DEATH
10,.,O
10,and,O
10,RT,O
10,‐,O
10,PCR,O
10,is,O
10,false,O
10,negative,O
10,due,O
10,to,O
10,reduction,O
10,in,O
10,viral,O
10,shedding,O
10,over,O
10,time,O
10,.,O
10,The,O
10,Center,ORGANIZATION
10,for,ORGANIZATION
10,Disease,ORGANIZATION
10,Control,ORGANIZATION
10,(,O
10,CDC,ORGANIZATION
10,),O
10,current,DATE
10,‐,O
10,ly,O
10,recommends,O
10,priority,O
10,for,O
10,testing,O
10,three,NUMBER
10,groups,O
10,:,O
10,hospitalized,O
10,pa,O
10,‐,O
10,tients,O
10,with,O
10,presentations,O
10,compatible,O
10,with,O
10,COVID,O
10,‐,O
10,19,NUMBER
10,.,O
10,other,O
10,sympto,O
10,‐,O
10,matic,O
10,persons,O
10,at,O
10,risk,O
10,for,O
10,poor,O
10,outcomes,O
10,.,O
10,and,O
10,persons,O
10,who,O
10,had,O
10,close,O
10,contact,O
10,with,O
10,someone,O
10,with,O
10,suspected,O
10,or,O
10,confirmed,O
10,COVID,O
10,‐,O
10,19,NUMBER
10,within,O
10,14,DURATION
10,days,DURATION
10,of,O
10,illness,CAUSE_OF_DEATH
10,onset,O
10,[,O
10,49,NUMBER
10,],O
10,.,O
10,The,O
10,CDC,ORGANIZATION
10,does,O
10,not,O
10,recommend,O
10,testing,O
10,asymptomatic,O
10,persons,O
10,.,O
10,A,O
10,nasopharyngeal,O
10,specimen,O
10,is,O
10,the,O
10,preferred,O
10,choice,O
10,for,O
10,swab,O
10,‐,O
10,based,O
10,testing,O
10,.,O
10,but,O
10,samples,O
10,taken,O
10,from,O
10,sputum,O
10,.,O
10,endotracheal,O
10,aspirates,O
10,.,O
10,and,O
10,bronchoalveolar,O
10,lavage,O
10,have,O
10,greater,O
10,sensitivity,O
10,than,O
10,upper,O
10,respiratory,O
10,tract,O
10,specimens,O
10,[,O
10,50,NUMBER
10,],O
10,.,O
10,Inadequate,O
10,sample,O
10,collection,O
10,may,O
10,result,O
10,false,O
10,negative,O
10,.,O
10,A,O
10,study,O
10,identified,O
10,that,O
10,the,O
10,likelihood,O
10,of,O
10,a,O
10,positive,O
10,RT,O
10,‐,O
10,PCR,O
10,test,O
10,reduces,O
10,with,O
10,time,O
10,following,O
10,initiation,O
10,of,O
10,symptoms,O
10,.,O
10,and,O
10,nasal,O
10,swabs,O
10,are,O
10,better,O
10,at,O
10,diagnostic,O
10,yield,O
10,than,O
10,throat,O
10,swabs,O
10,[,O
10,51,NUMBER
10,],O
10,.,O
10,Previous,O
10,stud,O
10,‐,O
10,ies,O
10,have,O
10,reported,O
10,rates,O
10,of,O
10,false,O
10,‐,O
10,negative,O
10,RT,O
10,‐,O
10,PCR,O
10,results,O
10,at,O
10,symp,O
10,‐,O
10,tom,O
10,onset,O
10,between,O
10,3,NUMBER
10,‐,O
10,41,PERCENT
10,%,PERCENT
10,[,O
10,52,NUMBER
10,.,O
10,53,NUMBER
10,],O
10,.,O
10,Initial,O
10,sensitivity,O
10,of,O
10,RT,O
10,‐,O
10,PCR,O
10,to,O
10,identify,O
10,SARS,O
10,‐,O
10,CoV,O
10,‐,O
10,2,NUMBER
10,infected,O
10,patients,O
10,was,O
10,found,O
10,approximately,O
10,71,PERCENT
10,%,PERCENT
10,in,O
10,two,NUMBER
10,different,O
10,studies,O
10,[,O
10,54,NUMBER
10,.,O
10,55,NUMBER
10,],O
10,.,O
10,Meanwhile,O
10,positive,O
10,test,O
10,rates,O
10,were,O
10,found,O
10,to,O
10,be,O
10,lower,O
10,for,O
10,throat,O
10,samples,O
10,in,O
10,comparison,O
10,with,O
10,nasal,O
10,samples,O
10,(,O
10,24,PERCENT
10,%,PERCENT
10,Eurasian,O
10,J,O
10,Med,O
10,2020,DATE
10,;,O
10,52,NUMBER
10,(,O
10,2,NUMBER
10,),O
10,:,O
10,191,NUMBER
10,‐,O
10,6,NUMBER
10,vs.,O
10,57,PERCENT
10,%,PERCENT
10,respectively,O
10,),O
10,[,O
10,56,NUMBER
10,],O
10,.,O
10,Likelihood,O
10,of,O
10,positivity,O
10,reduces,O
10,with,O
10,time,O
10,past,DATE
10,after,O
10,initiation,O
10,of,O
10,symptoms,O
10,;,O
10,the,O
10,chance,O
10,of,O
10,a,O
10,positive,O
10,test,O
10,with,O
10,nasal,O
10,swab,O
10,declines,O
10,from,O
10,94.39,PERCENT
10,%,PERCENT
10,on,O
10,day,DURATION
10,0,NUMBER
10,to,O
10,67.15,PERCENT
10,%,PERCENT
10,by,O
10,day,DURATION
10,10,NUMBER
10,.,O
10,and,O
10,there,O
10,is,O
10,only,O
10,a,O
10,2.38,PERCENT
10,%,PERCENT
10,chance,O
10,of,O
10,a,O
10,positive,O
10,test,O
10,by,O
10,day,DURATION
10,31,NUMBER
10,.,O
10,(,O
10,positive,O
10,rates,O
10,for,O
10,throat,O
10,swabs,O
10,:,O
10,88,PERCENT
10,%,PERCENT
10,.,O
10,47.11,PERCENT
10,%,PERCENT
10,.,O
10,and,O
10,1.05,PERCENT
10,%,PERCENT
10,for,O
10,day,DURATION
10,0,NUMBER
10,.,O
10,10,NUMBER
10,and,O
10,31,NUMBER
10,respectively,O
10,),O
10,[,O
10,51,NUMBER
10,],O
10,.,O
10,Guidelines,O
10,from,O
10,the,O
10,WHO,O
10,and,O
10,the,O
10,European,ORGANIZATION
10,Centre,ORGANIZATION
10,for,ORGANIZATION
10,Disease,ORGANIZATION
10,Control,ORGANIZATION
10,noted,O
10,that,O
10,a,O
10,sole,O
10,nega,O
10,‐,O
10,tive,O
10,result,O
10,is,O
10,inadequate,O
10,to,O
10,exclude,O
10,disease,CAUSE_OF_DEATH
10,.,O
10,After,O
10,a,O
10,patient,O
10,has,O
10,had,O
10,a,O
10,positive,O
10,test,O
10,result,O
10,.,O
10,various,O
10,experts,O
10,have,O
10,advised,O
10,get,O
10,‐,O
10,ting,O
10,minimum,O
10,2,NUMBER
10,negative,O
10,upper,O
10,respiratory,O
10,tract,O
10,samples,O
10,.,O
10,obtained,O
10,at,O
10,periods,O
10,of,O
10,24,DURATION
10,hours,DURATION
10,or,O
10,longer,O
10,.,O
10,to,O
10,document,O
10,SARS,O
10,‐,O
10,CoV,O
10,‐,O
10,2,NUMBER
10,clear,O
10,‐,O
10,ance,O
10,[,O
10,57,NUMBER
10,.,O
10,58,NUMBER
10,],O
10,.,O
10,Compared,O
10,with,O
10,serial,O
10,nasopharyngeal,O
10,sampling,O
10,.,O
10,chest,O
10,computed,O
10,tomography,O
10,(,O
10,CT,STATE_OR_PROVINCE
10,),O
10,may,O
10,be,O
10,more,O
10,sensitive,O
10,than,O
10,an,O
10,RT,O
10,‐,O
10,PCR,O
10,test,O
10,at,O
10,a,O
10,single,O
10,time,O
10,point,O
10,for,O
10,the,O
10,diagnosis,O
10,of,O
10,COVID,O
10,‐,O
10,19,NUMBER
10,[,O
10,5254,NUMBER
10,],O
10,.,O
10,However,O
10,.,O
10,CT,STATE_OR_PROVINCE
10,findings,O
10,are,O
10,not,O
10,completely,O
10,specific,O
10,to,O
10,COVID,O
10,‐,O
10,19,NUMBER
10,and,O
10,do,O
10,not,O
10,exclude,O
10,a,O
10,coinfection,O
10,or,O
10,an,O
10,alternative,O
10,diag,O
10,‐,O
10,nosis,O
10,[,O
10,59,NUMBER
10,],O
10,.,O
10,Clinical,O
10,Course,O
10,COVID,O
10,‐,O
10,19,NUMBER
10,can,O
10,be,O
10,divided,O
10,into,O
10,three,NUMBER
10,different,O
10,clinical,O
10,stages,O
10,[,O
10,60,NUMBER
10,],O
10,:,O
10,Asymptomatic,O
10,stage,O
10,(,O
10,First,ORDINAL
10,1,NUMBER
10,‐,O
10,2,NUMBER
10,days,DURATION
10,),O
10,:,O
10,SARS,O
10,‐,O
10,CoV,O
10,‐,O
10,2,NUMBER
10,enters,O
10,upper,O
10,airways,O
10,and,O
10,binds,O
10,to,O
10,epithelial,O
10,cells,O
10,.,O
10,There,O
10,is,O
10,local,O
10,propagation,O
10,of,O
10,the,O
10,virus,O
10,despite,O
10,a,O
10,limited,O
10,innate,O
10,immune,O
10,response,O
10,.,O
10,Individuals,O
10,can,O
10,spread,O
10,infection,CAUSE_OF_DEATH
10,and,O
10,virus,O
10,can,O
10,be,O
10,detected,O
10,in,O
10,the,O
10,upper,O
10,airways,O
10,at,O
10,this,O
10,stage,O
10,.,O
10,Con,O
10,‐,O
10,ducting,O
10,airway,O
10,immune,O
10,response,O
10,(,O
10,Next,DATE
10,few,DATE
10,days,DATE
10,),O
10,:,O
10,The,O
10,virus,O
10,moves,O
10,down,O
10,through,O
10,airways,O
10,.,O
10,innate,O
10,immune,O
10,response,O
10,is,O
10,triggered,O
10,.,O
10,and,O
10,the,O
10,disease,CAUSE_OF_DEATH
10,clinically,O
10,manifest,O
10,.,O
10,Approximately,O
10,80,PERCENT
10,%,PERCENT
10,of,O
10,the,O
10,cases,O
10,.,O
10,the,O
10,disease,CAUSE_OF_DEATH
10,is,O
10,restricted,O
10,to,O
10,this,O
10,stage,O
10,and,O
10,clinical,O
10,course,O
10,will,O
10,be,O
10,mild,O
10,.,O
10,Respiratory,CAUSE_OF_DEATH
10,failure,CAUSE_OF_DEATH
10,and,O
10,progression,O
10,to,O
10,ARDS,O
10,:,O
10,About,O
10,20,PERCENT
10,%,PERCENT
10,of,O
10,the,O
10,patients,O
10,will,O
10,progress,O
10,to,O
10,stage,O
10,3,NUMBER
10,.,O
10,The,O
10,virus,O
10,reaches,O
10,the,O
10,gas,O
10,exchange,O
10,units,O
10,of,O
10,the,O
10,lung,O
10,and,O
10,develop,O
10,pulmonary,O
10,infiltrates,O
10,.,O
10,SARS,O
10,‐,O
10,CoV,O
10,‐,O
10,2,NUMBER
10,exhibited,O
10,neurotropic,O
10,features,O
10,.,O
10,cases,O
10,with,O
10,COVID,O
10,‐,O
10,19,NUMBER
10,may,O
10,have,O
10,neurological,O
10,manifestations,O
10,comprising,O
10,headache,O
10,.,O
10,altered,O
10,consciousness,O
10,.,O
10,and,O
10,paresthesia,O
10,[,O
10,61,NUMBER
10,],O
10,.,O
10,In,O
10,addition,O
10,.,O
10,increasing,O
10,num,O
10,‐,O
10,bers,O
10,of,O
10,cases,O
10,present,DATE
10,with,O
10,anosmia,O
10,[,O
10,62,NUMBER
10,],O
10,.,O
10,SARS,O
10,‐,O
10,CoV,O
10,‐,O
10,2,NUMBER
10,was,O
10,detected,O
10,in,O
10,the,O
10,brain,O
10,or,O
10,cerebrospinal,O
10,fluid,O
10,[,O
10,63,NUMBER
10,],O
10,.,O
10,Neuronal,O
10,degeneration,O
10,and,O
10,intracranial,O
10,edema,O
10,was,O
10,shown,O
10,in,O
10,autopsies,O
10,[,O
10,64,NUMBER
10,],O
10,.,O
10,Neurologic,O
10,involvement,O
10,of,O
10,coronaviruses,O
10,manifests,O
10,in,O
10,three,NUMBER
10,categories,O
10,:,O
10,Viral,O
10,encephalitis,O
10,.,O
10,infectious,O
10,toxic,O
10,encephalopathy,O
10,.,O
10,and,O
10,acute,O
10,cere,O
10,‐,O
10,brovascular,O
10,disease,CAUSE_OF_DEATH
10,[,O
10,65,NUMBER
10,],O
10,.,O
10,The,O
10,mechanism,O
10,of,O
10,neuroinvasion,O
10,is,O
10,still,O
10,unknown,O
10,.,O
10,Possible,O
10,pathways,O
10,are,O
10,proposed,O
10,:,O
10,1,NUMBER
10,.,O
10,Direct,O
10,infection,CAUSE_OF_DEATH
10,in,O
10,‐,O
10,jury,O
10,.,O
10,2,NUMBER
10,.,O
10,Hypoxia,O
10,injury,O
10,.,O
10,3,NUMBER
10,.,O
10,Immune,O
10,injury,O
10,.,O
10,4,NUMBER
10,.,O
10,ACE2,O
10,related,O
10,in,O
10,‐,O
10,jury,O
10,.,O
10,Use,O
10,of,O
10,Noninvasive,O
10,Mechanical,O
10,Ventilation,O
10,HFNO,O
10,can,O
10,be,O
10,used,O
10,in,O
10,COVID,O
10,‐,O
10,19,NUMBER
10,patients,O
10,.,O
10,but,O
10,infection,CAUSE_OF_DEATH
10,spread,O
10,is,O
10,a,O
10,real,O
10,concern,O
10,in,O
10,this,O
10,method,O
10,.,O
10,Spread,O
10,of,O
10,virus,O
10,may,O
10,reduce,O
10,with,O
10,putting,O
10,‐,O
10,on,O
10,a,O
10,surgi,O
10,‐,O
10,cal,O
10,mask,O
10,above,O
10,high,O
10,flow,O
10,nasal,O
10,cannula,O
10,.,O
10,CPAP,O
10,must,O
10,be,O
10,first,ORDINAL
10,choice,O
10,of,O
10,non,O
10,‐,O
10,invasive,O
10,ventilation,O
10,for,O
10,COVID,O
10,‐,O
10,19,NUMBER
10,patients,O
10,with,O
10,hy,O
10,‐,O
10,poxemic,O
10,respiratory,CAUSE_OF_DEATH
10,failure,CAUSE_OF_DEATH
10,.,O
10,CPAP,ORGANIZATION
10,response,O
10,must,O
10,be,O
10,assessed,O
10,with,O
10,‐,O
10,in,O
10,half,O
10,an,DURATION
10,hour,DURATION
10,.,O
10,and,O
10,unless,O
10,it,O
10,is,O
10,adequate,O
10,.,O
10,early,O
10,intubation,O
10,and,O
10,invasive,O
10,mechanical,O
10,ventilation,O
10,(,O
10,IMV,O
10,),O
10,should,O
10,be,O
10,applied,O
10,.,O
10,CPAP,O
10,must,O
10,be,O
10,continued,O
10,if,O
10,clinical,O
10,findings,O
10,of,O
10,the,O
10,patient,O
10,are,O
10,improv,O
10,‐,O
10,ing,O
10,.,O
10,and,O
10,a,O
10,trial,O
10,of,O
10,weaning,O
10,CPAP,MISC
10,should,O
10,be,O
10,considered,O
10,when,O
10,oxygen,O
10,concentration,O
10,<,O
10,40,PERCENT
10,%,PERCENT
10,[,O
10,66,NUMBER
10,],O
10,.,O
10,The,O
10,peripheral,O
10,oxygen,O
10,saturation,O
10,(,O
10,SpO2,O
10,),O
10,monitoring,O
10,is,O
10,generally,O
10,sufficient,O
10,[,O
10,66,NUMBER
10,],O
10,.,O
10,Arterial,O
10,blood,O
10,gas,O
10,mon,DATE
10,‐,O
10,itoring,O
10,is,O
10,not,O
10,necessary,O
10,unless,O
10,PaCO2,O
10,is,O
10,elevated,O
10,at,O
10,presenta,O
10,‐,O
10,tion,O
10,.,O
10,Target,O
10,level,O
10,of,O
10,SpO2,O
10,is,O
10,92,NUMBER
10,‐,O
10,96,PERCENT
10,%,PERCENT
10,.,O
10,and,O
10,for,O
10,patients,O
10,with,O
10,chronic,O
10,type,O
10,II,NUMBER
10,respiratory,CAUSE_OF_DEATH
10,failure,CAUSE_OF_DEATH
10,is,O
10,88,NUMBER
10,‐,O
10,92,PERCENT
10,%,PERCENT
10,[,O
10,66,NUMBER
10,],O
10,.,O
10,Bilevel,O
10,NIV,O
10,(,O
10,BiPAP,O
10,),O
10,should,O
10,be,O
10,considered,O
10,for,O
10,clinical,O
10,deteriorating,O
10,patients,O
10,despite,O
10,adequate,O
10,CPAP,O
10,support,O
10,or,O
10,for,O
10,patients,O
10,with,O
10,hypercapnic,O
10,respiratory,CAUSE_OF_DEATH
10,failure,CAUSE_OF_DEATH
10,.,O
10,Location,O
10,of,O
10,NIV,ORGANIZATION
10,treatment,O
10,is,O
10,an,O
10,important,O
10,issue,O
10,in,O
10,COVID,O
10,‐,O
10,19,NUMBER
10,pandemic,O
10,to,O
10,be,O
10,able,O
10,to,O
10,protect,O
10,the,O
10,healthcare,O
10,workers,O
10,(,O
10,HCWs,O
10,),O
10,because,O
10,of,O
10,the,O
10,high,O
10,spread,O
10,rate,O
10,of,O
10,the,O
10,disease,CAUSE_OF_DEATH
10,.,O
10,It,O
10,is,O
10,recommended,O
10,that,O
10,NIV,ORGANIZATION
10,is,O
10,delivered,O
10,in,O
10,a,O
10,negative,O
10,pressure,O
10,room,O
10,with,O
10,air,O
10,exchanges,O
10,greater,O
10,than,O
10,10,NUMBER
10,cycles,O
10,per,O
10,hour,DURATION
10,in,O
10,order,O
10,to,O
10,avoid,O
10,virus,O
10,spread,O
10,and,O
10,to,O
10,protect,O
10,HCWs,O
10,.,O
10,However,O
10,.,O
10,if,O
10,a,O
10,negative,O
10,pressure,O
10,room,O
10,is,O
10,not,O
10,available,O
10,because,O
10,of,O
10,insufficient,O
10,number,O
10,of,O
10,ICU,O
10,beds,O
10,.,O
10,respiratory,O
10,intermediate,O
10,units,O
10,with,O
10,opportunity,O
10,of,O
10,air,O
10,exchange,O
10,(,O
10,big,O
10,windows,O
10,that,O
10,can,O
10,be,O
10,opened,O
10,periodically,O
10,making,O
10,pos,O
10,‐,O
10,sible,O
10,to,O
10,change,O
10,air,O
10,at,O
10,least,O
10,at,O
10,a,O
10,rate,O
10,of,O
10,160L,O
10,/,O
10,h,O
10,),O
10,are,O
10,suggested,O
10,to,O
10,deliver,O
10,respiratory,O
10,support,O
10,to,O
10,entire,O
10,patients,O
10,[,O
10,67,NUMBER
10,],O
10,.,O
10,First,ORDINAL
10,recommended,O
10,interface,O
10,for,O
10,NIV,ORGANIZATION
10,is,O
10,a,O
10,full,O
10,‐,O
10,face,O
10,non,O
10,‐,O
10,vented,O
10,mask,O
10,with,O
10,expiratory,O
10,viral,O
10,filter,O
10,;,O
10,after,O
10,that,O
10,a,O
10,helmet,O
10,preferably,O
10,with,O
10,air,O
10,cushion,O
10,.,O
10,a,O
10,standard,O
10,face,O
10,mask,O
10,must,O
10,be,O
10,last,O
10,choice,O
10,.,O
10,A,O
10,viral,O
10,/,O
10,bacte,O
10,‐,O
10,rial,O
10,filter,O
10,should,O
10,be,O
10,placed,O
10,in,O
10,the,O
10,circuit,O
10,between,O
10,the,O
10,mask,O
10,and,O
10,the,O
10,oxygen,O
10,and,O
10,exhalation,O
10,ports,O
10,and,O
10,should,O
10,be,O
10,changed,O
10,every,O
10,24,NUMBER
10,hours,DURATION
10,.,O
10,An,O
10,external,O
10,humidifier,O
10,should,O
10,be,O
10,avoided,O
10,.,O
10,Contamination,O
10,risk,O
10,of,O
10,HCWs,O
10,during,O
10,NIV,O
10,is,O
10,supposed,O
10,to,O
10,be,O
10,low,O
10,when,O
10,staff,O
10,is,O
10,equipped,O
10,with,O
10,proper,O
10,personal,O
10,protective,O
10,equipments,O
10,which,O
10,are,O
10,a,O
10,FFP3,O
10,respirator,O
10,.,O
10,double,O
10,non,O
10,‐,O
10,sterile,O
10,gloves,O
10,.,O
10,long,O
10,‐,O
10,sleeved,O
10,water,O
10,‐,O
10,resistant,O
10,gown,O
10,.,O
10,goggles,O
10,or,O
10,face,O
10,shield,O
10,.,O
10,Anecdotal,O
10,observations,O
10,in,O
10,field,O
10,have,O
10,noted,O
10,that,O
10,patients,O
10,with,O
10,COVID,O
10,‐,O
10,19,NUMBER
10,‐,O
10,related,O
10,respira,O
10,‐,O
10,tory,O
10,failure,O
10,respond,O
10,well,O
10,to,O
10,prone,O
10,positioning,O
10,with,O
10,NIV,ORGANIZATION
10,.,O
10,espe,O
10,‐,O
10,cially,O
10,in,O
10,those,O
10,who,O
10,had,O
10,posterior,O
10,subplevral,O
10,dominant,O
10,opacities,O
10,in,O
10,their,O
10,lung,O
10,CT,O
10,.,O
10,The,O
10,Yuksel,PERSON
10,et,O
10,al,O
10,.,O
10,The,O
10,Unknowns,O
10,of,O
10,COVID,O
10,‐,O
10,19,NUMBER
10,Eurasian,MISC
10,J,O
10,Med,O
10,2020,DATE
10,;,O
10,52,NUMBER
10,(,O
10,2,NUMBER
10,),O
10,:,O
10,191,NUMBER
10,‐,O
10,6,NUMBER
10,care,O
10,should,O
10,be,O
10,taken,O
10,to,O
10,avoid,O
10,ventilator,TITLE
10,disconnections,O
10,during,O
10,proning,O
10,and,O
10,the,O
10,number,O
10,of,O
10,staff,O
10,should,O
10,be,O
10,minimalized,O
10,for,O
10,turning,O
10,.,O
10,Optimal,O
10,timing,O
10,and,O
10,criteria,O
10,for,O
10,prone,O
10,ventilation,O
10,with,O
10,NIV,ORGANIZATION
10,is,O
10,unclear,O
10,and,O
10,should,O
10,be,O
10,performed,O
10,on,O
10,an,O
10,individualized,O
10,basis,O
10,.,O
10,Use,O
10,of,O
10,Steroids,O
10,.,O
10,Nonsteroidal,O
10,Anti,O
10,‐,O
10,inflammatory,O
10,Drugs,CRIMINAL_CHARGE
10,.,O
10,and,O
10,Vitamin,ORGANIZATION
10,C,ORGANIZATION
10,Current,ORGANIZATION
10,WHO,ORGANIZATION
10,recommendations,O
10,ad,O
10,‐,O
10,vise,O
10,against,O
10,routine,O
10,use,O
10,of,O
10,prednisolone,O
10,in,O
10,the,O
10,management,O
10,of,O
10,COVID,O
10,‐,O
10,19,NUMBER
10,[,O
10,1,NUMBER
10,],O
10,.,O
10,Corticosteroids,O
10,have,O
10,shown,O
10,to,O
10,be,O
10,failed,O
10,against,O
10,respiratory,O
10,tract,O
10,viruses,O
10,including,O
10,MERS,O
10,.,O
10,SARS,O
10,.,O
10,and,O
10,influenza,CAUSE_OF_DEATH
10,in,O
10,various,O
10,studies,O
10,.,O
10,and,O
10,have,O
10,serious,O
10,adverse,O
10,effects,O
10,including,O
10,psy,O
10,‐,O
10,chosis,O
10,.,O
10,diabetes,CAUSE_OF_DEATH
10,.,O
10,avascular,O
10,necrosis,O
10,.,O
10,Corticosteroid,O
10,which,O
10,can,O
10,repress,O
10,cell,O
10,‐,O
10,mediated,O
10,immunity,O
10,.,O
10,stimulate,O
10,the,O
10,reduction,O
10,of,O
10,T,O
10,lym,O
10,‐,O
10,phocyte,O
10,.,O
10,and,O
10,postpone,O
10,the,O
10,virus,O
10,clearance,O
10,[,O
10,68,NUMBER
10,],O
10,.,O
10,may,O
10,worsen,O
10,the,O
10,defective,O
10,function,O
10,of,O
10,lymphocytes,O
10,in,O
10,patients,O
10,with,O
10,SARSCoV,O
10,‐,O
10,2,NUMBER
10,.,O
10,However,O
10,.,O
10,a,O
10,retrospective,O
10,study,O
10,reported,O
10,that,O
10,application,O
10,of,O
10,steroids,O
10,was,O
10,attributed,O
10,to,O
10,decreased,O
10,mortality,O
10,in,O
10,patients,O
10,with,O
10,COVID,O
10,‐,O
10,19,NUMBER
10,associated,O
10,ARDS,ORGANIZATION
10,[,O
10,69,NUMBER
10,],O
10,.,O
10,Hence,O
10,.,O
10,the,O
10,use,O
10,of,O
10,corticosteroids,O
10,should,O
10,be,O
10,careful,O
10,in,O
10,severe,O
10,patients,O
10,with,O
10,COVID,O
10,‐,O
10,19,NUMBER
10,pneumonia,CAUSE_OF_DEATH
10,.,O
10,and,O
10,the,O
10,time,O
10,of,O
10,corticosteroid,O
10,prescription,O
10,merit,O
10,additional,O
10,investi,O
10,‐,O
10,gation,O
10,.,O
10,Although,O
10,the,O
10,use,O
10,of,O
10,NSAIDs,MISC
10,in,O
10,COVID,O
10,‐,O
10,19,NUMBER
10,has,O
10,also,O
10,been,O
10,a,O
10,controversial,O
10,issue,O
10,.,O
10,it,O
10,was,O
10,clarified,O
10,by,O
10,WHO,O
10,that,O
10,avoiding,O
10,NSAIDs,O
10,was,O
10,not,O
10,recommended,O
10,since,O
10,it,O
10,was,O
10,not,O
10,associated,O
10,with,O
10,worse,O
10,prog,O
10,‐,O
10,nosis,O
10,as,O
10,previously,DATE
10,claimed,O
10,[,O
10,1,NUMBER
10,],O
10,.,O
10,Vitamin,O
10,C,O
10,has,O
10,been,O
10,suggested,O
10,as,O
10,a,O
10,therapeutic,O
10,option,O
10,for,O
10,COVID,O
10,‐,O
10,19,NUMBER
10,based,O
10,on,O
10,a,O
10,prospective,O
10,random,O
10,‐,O
10,ized,O
10,trial,O
10,of,O
10,intravenous,O
10,vitamin,O
10,C,O
10,in,O
10,patients,O
10,with,O
10,sepsis,CAUSE_OF_DEATH
10,and,O
10,ARDS,ORGANIZATION
10,[,O
10,70,NUMBER
10,],O
10,.,O
10,In,O
10,that,O
10,trial,O
10,.,O
10,there,O
10,was,O
10,no,O
10,difference,O
10,in,O
10,the,O
10,sequen,O
10,‐,O
10,tial,O
10,organ,O
10,failure,O
10,assessment,O
10,(,O
10,SOFA,O
10,),O
10,score,O
10,and,O
10,28,NUMBER
10,‐,O
10,day,DURATION
10,mortality,O
10,between,O
10,the,O
10,vitamin,O
10,C,O
10,and,O
10,placebo,O
10,groups,O
10,.,O
10,There,O
10,is,O
10,no,O
10,evidence,O
10,to,O
10,support,O
10,use,O
10,of,O
10,vitamin,O
10,C,O
10,in,O
10,patients,O
10,with,O
10,SARS,O
10,‐,O
10,CoV,O
10,‐,O
10,2,NUMBER
10,infection,CAUSE_OF_DEATH
10,.,O
10,however,O
10,there,O
10,is,O
10,an,O
10,ongoing,O
10,clinical,O
10,trial,O
10,for,O
10,high,O
10,‐,O
10,dose,O
10,vitamin,O
10,C,O
10,in,O
10,China,COUNTRY
10,(,O
10,NCT04264533,O
10,),O
10,.,O
10,Despite,O
10,significant,O
10,progresses,O
10,achieved,O
10,globally,O
10,in,O
10,the,O
10,struggle,O
10,with,O
10,the,O
10,COVID,O
10,‐,O
10,19,NUMBER
10,pandemic,O
10,;,O
10,there,O
10,are,O
10,still,O
10,many,O
10,conflicting,O
10,and,O
10,unclear,O
10,issues,O
10,particularly,O
10,regarding,O
10,pathogenesis,O
10,.,O
10,clinical,O
10,course,O
10,.,O
10,diagnosis,O
10,and,O
10,treatment,O
10,strategies,O
10,.,O
10,Further,O
10,studies,O
10,are,O
10,required,O
10,to,O
10,elucidate,O
10,these,O
10,challenging,O
10,issues,O
10,.,O
10,thus,O
10,to,O
10,enhance,O
10,the,O
10,management,O
10,of,O
10,COVID,O
10,‐,O
10,19,NUMBER
10,patients,O
10,.,O
10,‐,O
10,A.Y.,O
10,.,O
10,D.K.,O
10,;,O
10,Supervision,O
10,‐,O
10,A.Y.,O
10,.,O
10,D.K.,LOCATION
10,.,O
10,M.A.,O
10,;,O
10,Re,O
10,‐,O
10,sources,O
10,A.Y.,PERSON
10,.,O
10,F.T.A.,O
10,.,O
10,F.M.,O
10,;,O
10,Materials,O
10,‐,O
10,A.Y.,O
10,.,O
10,D.K.,O
10,.,O
10,C.G.G.,O
10,.,O
10,Z.N.T.,O
10,.,O
10,I.S.,O
10,;,O
10,Data,O
10,Collection,O
10,and,O
10,/,O
10,or,O
10,Processing,O
10,‐,O
10,A.Y.,O
10,.,O
10,D.K.,LOCATION
10,.,O
10,T.S.E.,O
10,.,O
10,N.E.,LOCATION
10,.,O
10,E.D.,LOCATION
10,.,O
10,S.C.,STATE_OR_PROVINCE
10,.,O
10,U.O.S.,LOCATION
10,.,O
10,T.R.G.,O
10,.,O
10,M.F.E.,O
10,.,O
10,A.O.,O
10,.,O
10,B.E.,O
10,.,O
10,A.F.,PERSON
10,.,O
10,F.E.G.,O
10,.,O
10,H.O.,O
10,.,O
10,N.O.,O
10,.,O
10,D.E.,LOCATION
10,.,O
10,A.A.,LOCATION
10,.,O
10,N.K.,LOCATION
10,.,O
10,M.E.,O
10,.,O
10,P.Y.G.,O
10,.,O
10,E.Y.,O
10,.,O
10,I.I.,PERSON
10,.,O
10,B.Y.K.,LOCATION
10,.,O
10,S.G.,LOCATION
10,;,O
10,Analysis,O
10,and,O
10,/,O
10,or,O
10,Interpretation,O
10,‐,O
10,A.Y.,O
10,.,O
10,D.K.,O
10,;,O
10,Literature,O
10,Search,O
10,‐,O
10,A.Y.,O
10,.,O
10,D.K.,LOCATION
10,.,O
10,C.G.G.,O
10,.,O
10,Z.N.T.,O
10,.,O
10,I.S.,O
10,.,O
10,T.S.E.,O
10,.,O
10,N.E.,LOCATION
10,.,O
10,E.D.,LOCATION
10,.,O
10,S.C.,STATE_OR_PROVINCE
10,.,O
10,U.O.S.,LOCATION
10,.,O
10,T.R.G.,O
10,.,O
10,M.F.E.,O
10,.,O
10,A.O.,O
10,.,O
10,B.E.,LOCATION
10,.,O
10,A.F.,O
10,.,O
10,F.E.G.,O
10,.,O
10,H.O.,O
10,.,O
10,N.O.,O
10,.,O
10,D.E.,LOCATION
10,.,O
10,A.A.,LOCATION
10,.,O
10,N.K.,LOCATION
10,.,O
10,M.E.,O
10,.,O
10,P.Y.G.,O
10,.,O
10,E.Y.,O
10,.,O
10,Ac,O
10,‐,O
10,knowledgements,O
10,:,O
10,This,O
10,study,O
10,was,O
10,supported,O
10,by,O
10,Turkish,NATIONALITY
10,Thoracic,O
10,So,O
10,‐,O
10,ciety,O
10,(,O
10,TTS,O
10,),O
10,and,O
10,is,O
10,a,O
10,product,O
10,of,O
10,the,O
10,collaboration,O
10,of,O
10,TTS,O
10,Early,O
10,Career,ORGANIZATION
10,Members,ORGANIZATION
10,Taskforce,ORGANIZATION
10,Group,ORGANIZATION
10,.,O
10,interest,O
10,to,O
10,declare,O
10,.,O
10,study,O
10,has,O
10,received,O
10,no,O
10,financial,O
10,support,O
10,.,O
10,WHO,O
10,‐,O
10,Clinical,O
10,management,O
10,of,O
10,se,O
10,‐,O
10,vere,O
10,acute,O
10,respiratory,CAUSE_OF_DEATH
10,infection,CAUSE_OF_DEATH
10,(,O
10,SARI,O
10,),O
10,when,O
10,COVID,O
10,‐,O
10,19,NUMBER
10,disease,CAUSE_OF_DEATH
10,is,O
10,suspected,O
10,:,O
10,Interim,O
10,guidance,O
10,.,O
10,Available,O
10,2,NUMBER
10,.,O
10,Gupta,PERSON
10,N,O
10,.,O
10,Zhao,PERSON
10,YY,PERSON
10,.,O
10,Evans,PERSON
10,CE,O
10,.,O
10,The,O
10,stimulation,O
10,of,O
10,thrombosis,CAUSE_OF_DEATH
10,by,O
10,hypoxia,O
10,.,O
10,Thromb,O
10,Res,O
10,2019,DATE
10,;,O
10,181,NUMBER
10,:,O
10,3,NUMBER
10,.,O
10,Luo,PERSON
10,W,PERSON
10,.,O
10,Yu,PERSON
10,H,PERSON
10,.,O
10,Gou,PERSON
10,J,PERSON
10,.,O
10,et,O
10,al,O
10,.,O
10,Clinical,O
10,Pathology,O
10,of,O
10,Critical,O
10,Patient,O
10,with,O
10,Novel,O
10,Coronavirus,O
10,Pneumonia,CAUSE_OF_DEATH
10,(,O
10,COVID,O
10,‐,O
10,19,NUMBER
10,),O
10,.,O
10,Preprints,O
10,2020,DATE
10,;,O
10,2020020407,NUMBER
10,.,O
10,4,NUMBER
10,.,O
10,Wrapp,O
10,D,O
10,.,O
10,Wang,PERSON
10,N,PERSON
10,.,O
10,Corbett,ORGANIZATION
10,KS,ORGANIZATION
10,.,O
10,et,O
10,al,O
10,.,O
10,Cryo,O
10,‐,O
10,EM,O
10,structure,O
10,of,O
10,the,O
10,2019,DATE
10,‐,O
10,nCoV,O
10,spike,O
10,in,O
10,the,O
10,prefusion,O
10,conformation,O
10,.,O
10,Science,O
10,2020,DATE
10,;,O
10,367,NUMBER
10,:,O
10,1260,DATE
10,‐,O
10,3,NUMBER
10,.,O
10,5,NUMBER
10,.,O
10,Dutta,PERSON
10,M,O
10,.,O
10,Dutta,PERSON
10,P,PERSON
10,.,O
10,Medhi,PERSON
10,S,PERSON
10,.,O
10,Borkakoty,O
10,B,O
10,.,O
10,Biswas,PERSON
10,D.,O
10,Polymorphism,O
10,of,O
10,HLA,O
10,class,O
10,I,NUMBER
10,and,O
10,class,O
10,II,NUMBER
10,alleles,O
10,in,O
10,influenza,CAUSE_OF_DEATH
10,A,O
10,(,O
10,H1N1,O
10,),O
10,pdm09,O
10,virus,O
10,infected,O
10,population,O
10,of,O
10,Assam,LOCATION
10,.,O
10,Northeast,LOCATION
10,India,COUNTRY
10,.,O
10,J,O
10,Med,O
10,Virol,O
10,2018,DATE
10,;,O
10,90,NUMBER
10,:,O
10,854,NUMBER
10,‐,O
10,60,NUMBER
10,.,O
10,[,O
10,Crossref,O
10,],O
10,6,NUMBER
10,.,O
10,Shi,O
10,Y,O
10,.,O
10,Wang,O
10,Y,O
10,.,O
10,Shao,PERSON
10,C,PERSON
10,.,O
10,et,O
10,al,O
10,.,O
10,Cell,O
10,Death,O
10,Differ,O
10,.,O
10,COVID,O
10,‐,O
10,19,NUMBER
10,in,O
10,‐,O
10,fection,O
10,:,O
10,the,O
10,perspectives,O
10,on,O
10,immune,O
10,responses,O
10,.,O
10,Cell,O
10,Death,O
10,Differ,O
10,2020,DATE
10,;,O
10,27,NUMBER
10,:,O
10,7,NUMBER
10,.,O
10,Guan,O
10,W,O
10,.,O
10,Ni,MISC
10,Z,O
10,.,O
10,Hu,O
10,Y,O
10,et,O
10,al,O
10,.,O
10,Clinical,O
10,Characteristics,O
10,of,O
10,Coronavirus,O
10,Disease,CAUSE_OF_DEATH
10,2019,DATE
10,in,O
10,China,COUNTRY
10,.,O
10,N,O
10,Engl,O
10,J,O
10,Med,O
10,2020,DATE
10,;,O
10,382,NUMBER
10,:,O
10,1708,DATE
10,‐,O
10,20,NUMBER
10,.,O
10,[,O
10,Crossref,O
10,],O
10,8,NUMBER
10,.,O
10,Huang,PERSON
10,C,PERSON
10,.,O
10,Wang,O
10,Y,O
10,.,O
10,Li,PERSON
10,X,PERSON
10,.,O
10,et,O
10,al,O
10,.,O
10,Clinical,O
10,features,O
10,of,O
10,patients,O
10,infected,O
10,with,O
10,2019,DATE
10,novel,O
10,coronavirus,O
10,in,O
10,Wuhan,CITY
10,.,O
10,China,COUNTRY
10,.,O
10,Lancet,O
10,2020,DATE
10,;,O
10,395,NUMBER
10,:,O
10,497,NUMBER
10,‐,O
10,506,NUMBER
10,.,O
10,9,NUMBER
10,.,O
10,Wang,PERSON
10,D,PERSON
10,.,O
10,Hu,O
10,B,O
10,.,O
10,Hu,O
10,C,O
10,.,O
10,et,O
10,al,O
10,.,O
10,Clinical,O
10,Characteristics,O
10,of,O
10,138,NUMBER
10,Hospitalized,O
10,Patients,O
10,With,O
10,2019,DATE
10,Novel,MISC
10,Coronavirus,MISC
10,‐,MISC
10,Infected,MISC
10,Pneumonia,CAUSE_OF_DEATH
10,in,O
10,Wuhan,CITY
10,.,O
10,China,COUNTRY
10,.,O
10,JAMA,PERSON
10,2020,DATE
10,;,O
10,323,NUMBER
10,:,O
10,1061,DATE
10,‐,O
10,9,NUMBER
10,.,O
10,[,O
10,Crossref,O
10,],O
10,10,NUMBER
10,.,O
10,Qin,PERSON
10,C,O
10,.,O
10,Zhou,PERSON
10,L,PERSON
10,.,O
10,Hu,O
10,Z,O
10,.,O
10,et,O
10,al,O
10,.,O
10,Dysregulation,O
10,of,O
10,immune,O
10,response,O
10,in,O
10,patients,O
10,with,O
10,COVID,O
10,‐,O
10,19,DATE
10,11,DATE
10,.,O
10,He,O
10,R,O
10,.,O
10,Lu,PERSON
10,Z,PERSON
10,.,O
10,Zhang,PERSON
10,L,PERSON
10,.,O
10,et,O
10,al,O
10,.,O
10,The,O
10,clinical,O
10,course,O
10,and,O
10,its,O
10,correlated,O
10,immune,O
10,status,O
10,in,O
10,COVID,O
10,‐,O
10,19,NUMBER
10,pneumonia,CAUSE_OF_DEATH
10,.,O
10,J,PERSON
10,Clin,PERSON
10,Virol,PERSON
10,2020,DATE
10,;,O
10,127,NUMBER
10,:,O
10,104361,NUMBER
10,.,O
10,12,NUMBER
10,.,O
10,Chu,PERSON
10,H,PERSON
10,.,O
10,Zhou,PERSON
10,J,PERSON
10,.,O
10,Wong,PERSON
10,BH,O
10,‐,O
10,Y,O
10,.,O
10,et,O
10,al,O
10,.,O
10,Middle,O
10,East,O
10,Respi,O
10,‐,O
10,ratory,O
10,Syndrome,O
10,Coronavirus,O
10,Efficiently,O
10,Infects,O
10,Human,O
10,Primary,O
10,T,O
10,Lymphocytes,O
10,and,O
10,Activates,MISC
10,the,MISC
10,Extrinsic,MISC
10,and,O
10,Intrinsic,O
10,Apoptosis,O
10,Pathways,O
10,.,O
10,J,O
10,Infect,O
10,Dis,O
10,2015,DATE
10,;,O
10,213,NUMBER
10,:,O
10,904,NUMBER
10,‐,O
10,14,NUMBER
10,.,O
10,[,O
10,Crossref,O
10,],O
10,13,NUMBER
10,.,O
10,Yoshikawa,PERSON
10,T,O
10,.,O
10,Hill,PERSON
10,T,PERSON
10,.,O
10,Li,PERSON
10,K,PERSON
10,.,O
10,Peters,ORGANIZATION
10,CJ,ORGANIZATION
10,.,O
10,Tseng,PERSON
10,C,O
10,‐,O
10,TK,O
10,.,O
10,Severe,O
10,Acute,O
10,Respiratory,O
10,Syndrome,O
10,(,O
10,SARS,O
10,),O
10,Coronavirus,O
10,‐,O
10,Induced,O
10,Lung,O
10,Epithelial,O
10,Cytokines,O
10,Exacerbate,O
10,SARS,O
10,Pathogenesis,O
10,by,O
10,Modulating,O
10,Intrinsic,O
10,Functions,O
10,of,O
10,Monocyte,O
10,‐,O
10,Derived,O
10,Macrophages,O
10,and,O
10,Dendritic,O
10,Cells,O
10,.,O
10,J,O
10,Virol,O
10,2009,DATE
10,;,O
10,83,NUMBER
10,:,O
10,14,NUMBER
10,.,O
10,Zhao,PERSON
10,J,PERSON
10,.,O
10,Zhao,PERSON
10,J,PERSON
10,.,O
10,Van,PERSON
10,Rooijen,PERSON
10,N,O
10,.,O
10,Perlman,PERSON
10,S.,PERSON
10,Evasion,O
10,by,O
10,Stealth,O
10,:,O
10,Inefficient,O
10,Immune,O
10,Activation,O
10,Underlies,O
10,Poor,O
10,T,O
10,Cell,O
10,Response,O
10,and,O
10,Severe,O
10,Disease,CAUSE_OF_DEATH
10,in,O
10,SARS,O
10,‐,O
10,CoV,O
10,‐,O
10,Infected,O
10,Mice,O
10,.,O
10,Gale,O
10,M,O
10,.,O
10,ed,O
10,.,O
10,PLoS,O
10,Pathog,O
10,2009,DATE
10,;,O
10,5,NUMBER
10,:,O
10,e1000636,O
10,.,O
10,[,O
10,Crossref,O
10,],O
10,15,NUMBER
10,.,O
10,Khanahmad,PERSON
10,H,PERSON
10,.,O
10,Kouhpayeh,PERSON
10,S,PERSON
10,.,O
10,Rahimmanes,O
10,I,O
10,.,O
10,The,O
10,conceptual,O
10,framework,O
10,for,O
10,SARS,O
10,‐,O
10,CoV,O
10,‐,O
10,2,NUMBER
10,16,NUMBER
10,.,O
10,Gralinski,PERSON
10,LE,PERSON
10,.,O
10,Sheahan,PERSON
10,TP,O
10,.,O
10,Morrison,ORGANIZATION
10,TE,ORGANIZATION
10,.,O
10,et,O
10,al,O
10,.,O
10,Complement,O
10,Activation,O
10,Contributes,O
10,to,O
10,Severe,O
10,Acute,O
10,Respiratory,O
10,Syndrome,O
10,Coronavirus,O
10,Pathogenesis,O
10,.,O
10,mBio,O
10,2018,DATE
10,;,O
10,9,NUMBER
10,:,O
10,e01753,NUMBER
10,‐,O
10,18,NUMBER
10,.,O
10,[,O
10,Crossref,O
10,],O
10,17,NUMBER
10,.,O
10,Xu,PERSON
10,Z,PERSON
10,.,O
10,Shi,PERSON
10,L,PERSON
10,.,O
10,Wang,O
10,Y,O
10,.,O
10,et,O
10,al,O
10,.,O
10,Pathological,O
10,findings,O
10,of,O
10,COVID,O
10,‐,O
10,19,NUMBER
10,associated,O
10,with,O
10,acute,O
10,respiratory,O
10,distress,O
10,syndrome,O
10,.,O
10,Lancet,O
10,Respir,O
10,Med,O
10,2020,DATE
10,;,O
10,8,NUMBER
10,:,O
10,18,NUMBER
10,.,O
10,Bell,ORGANIZATION
10,TJ,ORGANIZATION
10,.,O
10,Brand,ORGANIZATION
10,OJ,ORGANIZATION
10,.,O
10,Morgan,ORGANIZATION
10,DJ,ORGANIZATION
10,.,O
10,et,O
10,al,O
10,.,O
10,Defective,O
10,lung,O
10,function,O
10,following,O
10,influenza,CAUSE_OF_DEATH
10,virus,O
10,is,O
10,due,O
10,to,O
10,prolonged,O
10,.,O
10,reversible,O
10,hyaluronan,O
10,synthesis,O
10,.,O
10,Matrix,O
10,Biol,O
10,2018,DATE
10,;,O
10,80,NUMBER
10,:,O
10,14,NUMBER
10,‐,O
10,28,NUMBER
10,.,O
10,[,O
10,Crossref,O
10,],O
10,19,NUMBER
10,.,O
10,Chen,O
10,N,O
10,.,O
10,Zhou,PERSON
10,M,O
10,.,O
10,Dong,PERSON
10,X,PERSON
10,et,O
10,al,O
10,.,O
10,Epidemiologi,O
10,‐,O
10,cal,O
10,and,O
10,clinical,O
10,characteristics,O
10,of,O
10,99,NUMBER
10,cases,O
10,of,O
10,2019,DATE
10,novel,O
10,coron,O
10,‐,O
10,avirus,O
10,pneumonia,CAUSE_OF_DEATH
10,in,O
10,Wuhan,CITY
10,.,O
10,China,COUNTRY
10,:,O
10,a,O
10,descriptive,O
10,study,O
10,.,O
10,Lancet,O
10,2020,DATE
10,;,O
10,395,NUMBER
10,:,O
10,507,NUMBER
10,‐,O
10,13,NUMBER
10,.,O
10,20,NUMBER
10,.,O
10,Wenzhong,PERSON
10,L,PERSON
10,.,O
10,Hualan,PERSON
10,L.,PERSON
10,COVID,PERSON
10,‐,O
10,19,NUMBER
10,:,O
10,Attacks,CAUSE_OF_DEATH
10,the,O
10,1,NUMBER
10,‐,O
10,Beta,O
10,Chain,O
10,of,O
10,Hemoglobin,O
10,and,O
10,Captures,O
10,the,O
10,Porphyrin,O
10,to,O
10,In,O
10,‐,O
10,hibit,O
10,Human,O
10,Heme,O
10,Metabolism,O
10,.,O
10,21,NUMBER
10,.,O
10,Zhou,PERSON
10,F,PERSON
10,.,O
10,Yu,PERSON
10,T,PERSON
10,.,O
10,Du,PERSON
10,R,PERSON
10,.,O
10,et,O
10,al,O
10,.,O
10,Clinical,O
10,course,O
10,and,O
10,risk,O
10,factors,O
10,for,O
10,mortality,O
10,of,O
10,adult,O
10,inpa,O
10,‐,O
10,tients,O
10,with,O
10,COVID,O
10,‐,O
10,19,NUMBER
10,in,O
10,Wuhan,CITY
10,.,O
10,China,COUNTRY
10,:,O
10,a,O
10,retrospective,O
10,cohort,O
10,study,O
10,.,O
10,Lancet,O
10,2020,DATE
10,;,O
10,395,NUMBER
10,:,O
10,1054,DATE
10,‐,O
10,62,NUMBER
10,.,O
10,[,O
10,Crossref,O
10,],O
10,22,NUMBER
10,.,O
10,Gralinski,PERSON
10,LE,PERSON
10,.,O
10,Bankhead,PERSON
10,A,O
10,3rd,ORDINAL
10,.,O
10,Jeng,PERSON
10,S,PERSON
10,.,O
10,et,O
10,al,O
10,.,O
10,Mechanisms,O
10,of,O
10,severe,O
10,acute,O
10,respi,O
10,‐,O
10,ratory,O
10,syndrome,O
10,coronavirus,O
10,‐,O
10,induced,O
10,acute,O
10,lung,O
10,injury,O
10,.,O
10,mBio,O
10,2013,DATE
10,;,O
10,4,NUMBER
10,:,O
10,e00271,NUMBER
10,‐,O
10,e313,NUMBER
10,.,O
10,[,O
10,Crossref,O
10,],O
10,23,NUMBER
10,.,O
10,Berri,PERSON
10,F,O
10,.,O
10,Rimmelzwaan,PERSON
10,GF,PERSON
10,.,O
10,Hanss,O
10,M,O
10,.,O
10,et,O
10,al,O
10,.,O
10,Plasminogen,O
10,controls,O
10,inflammation,O
10,and,O
10,pathogenesis,O
10,of,O
10,in,O
10,‐,O
10,fluenza,O
10,virus,O
10,infections,CAUSE_OF_DEATH
10,via,O
10,fibrinolysis,O
10,.,O
10,PLoS,O
10,Pathog,O
10,2013,DATE
10,;,O
10,9,NUMBER
10,:,O
10,e1003229,O
10,.,O
10,[,O
10,Crossref,O
10,],O
10,24,NUMBER
10,.,O
10,Hana,PERSON
10,H,PERSON
10,.,O
10,Yanga,CITY
10,L,O
10,.,O
10,Liu,PERSON
10,R,PERSON
10,.,O
10,et,O
10,al,O
10,.,O
10,Prominent,O
10,changes,O
10,25,NUMBER
10,.,O
10,Yin,PERSON
10,S,PERSON
10,.,O
10,Huang,PERSON
10,M,O
10,.,O
10,Li,PERSON
10,D,PERSON
10,.,O
10,Tang,PERSON
10,N.,PERSON
10,Difference,PERSON
10,of,O
10,coagula,O
10,‐,O
10,tion,O
10,features,O
10,between,O
10,severe,O
10,pneumonia,CAUSE_OF_DEATH
10,induced,O
10,by,O
10,SARS,O
10,‐,O
10,CoV2,O
10,and,O
10,non,O
10,‐,O
10,SARS,O
10,‐,O
10,CoV2,O
10,.,O
10,J,O
10,Thromb,O
10,Thrombolysis,O
10,2020,DATE
10,;,O
10,1,NUMBER
10,‐,O
10,4,NUMBER
10,.,O
10,[,O
10,Crossref,O
10,],O
10,26,NUMBER
10,.,O
10,Tang,O
10,N,O
10,.,O
10,Li,PERSON
10,D,PERSON
10,.,O
10,Wang,PERSON
10,X,PERSON
10,.,O
10,Sun,O
10,Z.,O
10,Abnormal,O
10,coagulation,O
10,parameters,O
10,are,O
10,associated,O
10,with,O
10,poor,O
10,prognosis,O
10,in,O
10,patients,O
10,with,O
10,novel,O
10,coronavirus,O
10,196,NUMBER
10,Yuksel,PERSON
10,et,O
10,al,O
10,.,O
10,The,O
10,Unknowns,O
10,of,O
10,COVID,O
10,‐,O
10,19,NUMBER
10,pneumonia,CAUSE_OF_DEATH
10,.,O
10,J,PERSON
10,Thromb,PERSON
10,Haemost,O
10,2020,DATE
10,;,O
10,18,NUMBER
10,:,O
10,844,NUMBER
10,‐,O
10,7,NUMBER
10,.,O
10,Cui,PERSON
10,S,PERSON
10,.,O
10,Chen,PERSON
10,S,PERSON
10,.,O
10,L,O
10,X,O
10,.,O
10,Liu,PERSON
10,S,O
10,.,O
10,Wang,PERSON
10,F.,PERSON
10,Prevalence,O
10,of,O
10,venous,O
10,thromboembolism,O
10,in,O
10,patients,O
10,with,O
10,severe,O
10,nov,DATE
10,‐,O
10,el,O
10,coronavirus,O
10,pneumonia,CAUSE_OF_DEATH
10,.,O
10,J,PERSON
10,Thromb,PERSON
10,Zhang,PERSON
10,T,PERSON
10,.,O
10,Xiao,PERSON
10,M,O
10,.,O
10,Zhang,PERSON
10,S,PERSON
10,.,O
10,et,O
10,al,O
10,.,O
10,Coagulopathy,O
10,and,O
10,Antiphospholipid,O
10,Antibodies,O
10,in,O
10,Patients,O
10,with,O
10,Covid,O
10,‐,O
10,19,NUMBER
10,.,O
10,N,O
10,Engl,O
10,J,O
10,Med,O
10,2020,DATE
10,;,O
10,382,NUMBER
10,:,O
10,e38,O
10,.,O
10,Fox,O
10,SE,O
10,.,O
10,Akmatbekov,PERSON
10,A,O
10,.,O
10,Harbert,PERSON
10,JL,O
10,.,O
10,Li,PERSON
10,G,PERSON
10,.,O
10,Brown,PERSON
10,JQ,PERSON
10,.,O
10,Vander,PERSON
10,Heide,PERSON
10,RS,O
10,.,O
10,Pulmonary,O
10,and,O
10,Car,O
10,‐,O
10,diac,O
10,Iba,O
10,T,O
10,.,O
10,Levy,ORGANIZATION
10,JH,ORGANIZATION
10,.,O
10,Warkentin,ORGANIZATION
10,TE,ORGANIZATION
10,.,O
10,et,O
10,al,O
10,.,O
10,Diagnosis,O
10,and,O
10,manage,O
10,‐,O
10,ment,O
10,of,O
10,sepsis,CAUSE_OF_DEATH
10,‐,O
10,induced,O
10,coagulopathy,O
10,and,O
10,disseminated,O
10,intravascu,O
10,‐,O
10,lar,O
10,coagulation,O
10,.,O
10,J,O
10,Thromb,O
10,Haemost,O
10,2019,DATE
10,;,O
10,17,NUMBER
10,:,O
10,1989,DATE
10,‐,O
10,94,NUMBER
10,.,O
10,[,O
10,Crossref,O
10,],O
10,Tang,O
10,N,O
10,.,O
10,Bai,PERSON
10,H,O
10,.,O
10,Chen,PERSON
10,X,PERSON
10,.,O
10,Gong,O
10,J,O
10,.,O
10,Li,PERSON
10,D,PERSON
10,.,O
10,Sun,PERSON
10,Z.,PERSON
10,Anticoagulant,PERSON
10,treat,O
10,‐,O
10,ment,O
10,is,O
10,associated,O
10,with,O
10,decreased,O
10,mortality,O
10,in,O
10,severe,O
10,coronavirus,O
10,disease,CAUSE_OF_DEATH
10,2019,DATE
10,patients,O
10,with,O
10,coagulopathy,O
10,.,O
10,J,PERSON
10,Thromb,PERSON
10,Haemost,PERSON
10,Liu,PERSON
10,X,PERSON
10,.,O
10,Li,PERSON
10,Z,PERSON
10,.,O
10,Liu,PERSON
10,S,O
10,et,O
10,al,O
10,.,O
10,Therapeutic,O
10,effects,O
10,of,O
10,Li,O
10,Q,O
10,.,O
10,Guan,O
10,X,O
10,.,O
10,Wu,PERSON
10,P,O
10,.,O
10,et,O
10,al,O
10,.,O
10,Early,O
10,transmission,O
10,dynamics,O
10,in,O
10,Wuhan,CITY
10,.,O
10,China,COUNTRY
10,.,O
10,of,O
10,novel,O
10,coron,O
10,‐,O
10,avirusinfected,O
10,pneumonia,CAUSE_OF_DEATH
10,.,O
10,N,O
10,Engl,O
10,J,O
10,Med,O
10,2020,DATE
10,;,O
10,382,NUMBER
10,:,O
10,Mizumoto,PERSON
10,K,PERSON
10,.,O
10,Ka,O
10,‐,O
10,gaya,O
10,K,O
10,.,O
10,Chowell,PERSON
10,G.,PERSON
10,Early,PERSON
10,epidemiological,O
10,assessment,O
10,of,O
10,the,O
10,trans,O
10,‐,O
10,mission,O
10,potential,O
10,and,O
10,virulence,O
10,of,O
10,coronavirus,O
10,disease,CAUSE_OF_DEATH
10,2019,DATE
10,(,O
10,COVID,O
10,‐,O
10,19,NUMBER
10,),O
10,in,O
10,Wuhan,CITY
10,City,LOCATION
10,:,O
10,China,COUNTRY
10,.,O
10,January,DATE
10,‐,O
10,February,DATE
10,.,O
10,Bai,PERSON
10,Y,PERSON
10,.,O
10,Yao,PERSON
10,L,PERSON
10,.,O
10,Wei,PERSON
10,T,PERSON
10,.,O
10,et,O
10,al,O
10,.,O
10,Presumed,O
10,asymptomatic,O
10,carrier,O
10,transmission,O
10,of,O
10,COVID,O
10,‐,O
10,19,NUMBER
10,.,O
10,JAMA,O
10,2020,DATE
10,;,O
10,Li,PERSON
10,R,PERSON
10,.,O
10,Pei,PERSON
10,S,O
10,.,O
10,Chen,PERSON
10,B,PERSON
10,.,O
10,et,O
10,al,O
10,.,O
10,Substantial,O
10,un,O
10,‐,O
10,documented,O
10,infection,CAUSE_OF_DEATH
10,facilitates,O
10,the,O
10,rapid,O
10,dissemination,O
10,of,O
10,novel,O
10,coronavirus,O
10,(,O
10,SARS,O
10,‐,O
10,CoV2,O
10,),O
10,.,O
10,Science,O
10,Liu,PERSON
10,EY,PERSON
10,.,O
10,Yan,PERSON
10,L,PERSON
10,.,O
10,Wan,O
10,L,O
10,.,O
10,et,O
10,al,O
10,.,O
10,Vi,PERSON
10,‐,O
10,ral,O
10,dynamics,O
10,in,O
10,mild,O
10,and,O
10,severe,O
10,cases,O
10,of,O
10,COVID,O
10,‐,O
10,19,NUMBER
10,.,O
10,Lancet,O
10,Infect,O
10,Dis,PERSON
10,Asadi,PERSON
10,S,PERSON
10,.,O
10,Wexler,PERSON
10,AS,STATE_OR_PROVINCE
10,.,O
10,Cappa,PERSON
10,CD,O
10,.,O
10,Barreda,PERSON
10,S,O
10,.,O
10,Bouvier,ORGANIZATION
10,NM,ORGANIZATION
10,.,O
10,Risten,O
10,‐,O
10,part,O
10,WD,O
10,.,O
10,Aerosol,O
10,emission,O
10,and,O
10,superemission,O
10,during,O
10,human,O
10,speech,O
10,increase,O
10,with,O
10,voice,O
10,loudness,O
10,.,O
10,Sci,MISC
10,Rep,TITLE
10,2019,DATE
10,;,O
10,9,NUMBER
10,:,O
10,2348,DATE
10,.,O
10,[,O
10,Crossref,O
10,],O
10,Ong,O
10,SWX,O
10,.,O
10,Tan,O
10,YK,O
10,.,O
10,Chia,PERSON
10,PY,PERSON
10,.,O
10,et,O
10,al,O
10,.,O
10,Air,O
10,.,O
10,surface,O
10,environmental,O
10,.,O
10,and,O
10,personal,O
10,protective,O
10,equipment,O
10,contamination,O
10,by,O
10,severe,O
10,acute,O
10,res,O
10,‐,O
10,piratory,O
10,syndrome,O
10,coronavirus,O
10,2,NUMBER
10,(,O
10,SARS,O
10,‐,O
10,CoV,O
10,‐,O
10,2,NUMBER
10,),O
10,from,O
10,a,O
10,symptomatic,O
10,patient,O
10,.,O
10,JAMA,O
10,2020,DATE
10,;,O
10,23,NUMBER
10,:,O
10,1610,DATE
10,‐,O
10,2,NUMBER
10,.,O
10,[,O
10,Crossref,O
10,],O
10,Wei,O
10,WE,O
10,.,O
10,Li,PERSON
10,Z,PERSON
10,.,O
10,Chiew,PERSON
10,CJ,O
10,.,O
10,Yong,PERSON
10,SE,PERSON
10,.,O
10,Toh,PERSON
10,MP,O
10,.,O
10,Lee,PERSON
10,VJ,O
10,.,O
10,Presymptomatic,O
10,Transmission,O
10,of,O
10,SARSCoV,O
10,‐,O
10,2,NUMBER
10,‐,O
10,Singapore,COUNTRY
10,.,O
10,January,DATE
10,23,DATE
10,‐,O
10,March,DATE
10,16,DATE
10,.,DATE
10,2020,DATE
10,.,O
10,MMWR,O
10,Morb,O
10,Mor,O
10,‐,O
10,tal,O
10,Wkly,O
10,Rep,TITLE
10,2020,DATE
10,;,O
10,69,NUMBER
10,:,O
10,4115,DATE
10,.,O
10,[,O
10,Crossref,O
10,],O
10,Bannister,PERSON
10,‐,O
10,Tyrrell,O
10,M,O
10,.,O
10,Mey,PERSON
10,‐,PERSON
10,er,O
10,A,O
10,.,O
10,Faverjon,O
10,C,O
10,.,O
10,et,O
10,al,O
10,.,O
10,Preliminary,O
10,evidence,O
10,that,O
10,higher,O
10,tem,O
10,‐,O
10,peratures,O
10,are,O
10,associated,O
10,with,O
10,lower,O
10,incidence,O
10,of,O
10,COVID,O
10,‐,O
10,19,NUMBER
10,.,O
10,Eurasian,MISC
10,J,O
10,Med,O
10,2020,DATE
10,;,O
10,52,NUMBER
10,(,O
10,2,NUMBER
10,),O
10,:,O
10,191,NUMBER
10,‐,O
10,6,NUMBER
10,for,O
10,cases,O
10,reported,O
10,globally,O
10,up,O
10,to,O
10,29th,DATE
10,February,DATE
10,Yao,O
10,Y,O
10,.,O
10,Pan,PERSON
10,J,PERSON
10,.,O
10,Liu,PERSON
10,Z,PERSON
10,.,O
10,et,O
10,al,O
10,.,O
10,No,O
10,Association,O
10,of,O
10,COVID,O
10,‐,O
10,19,NUMBER
10,transmission,O
10,with,O
10,temperature,O
10,or,O
10,UV,O
10,radiation,O
10,in,O
10,Chinese,NATIONALITY
10,cities,O
10,.,O
10,Eur,O
10,Respir,O
10,J,O
10,2020,DATE
10,;,O
10,55,NUMBER
10,:,O
10,Miller,PERSON
10,A,O
10,.,O
10,Reandelar,ORGANIZATION
10,MJ,ORGANIZATION
10,.,O
10,Fas,O
10,‐,O
10,ciglione,O
10,K,O
10,.,O
10,et,O
10,al,O
10,.,O
10,Correlation,O
10,between,O
10,universal,O
10,BCG,O
10,vaccination,O
10,policy,O
10,and,O
10,reduced,O
10,morbidity,O
10,and,O
10,mortality,O
10,for,O
10,COVID,O
10,‐,O
10,19,NUMBER
10,:,O
10,an,O
10,epi,O
10,‐,O
10,demiological,O
10,study,O
10,.,O
10,medRxiv,O
10,Onder,O
10,G,O
10,.,O
10,Rezza,PERSON
10,G,PERSON
10,.,O
10,Brusaferro,O
10,S.,O
10,Case,O
10,‐,O
10,fatality,O
10,Wilson,PERSON
10,N,O
10,.,O
10,Kvalsvig,PERSON
10,A,O
10,.,O
10,Barnard,ORGANIZATION
10,LT,ORGANIZATION
10,.,O
10,et,O
10,al,O
10,.,O
10,Casefatality,PERSON
10,risk,O
10,estimates,O
10,for,O
10,COVID,O
10,‐,O
10,19,NUMBER
10,calculated,O
10,by,O
10,using,O
10,a,O
10,lag,O
10,time,O
10,for,O
10,fatality,O
10,.,O
10,Emerg,O
10,Infect,O
10,Dis,PERSON
10,Dong,PERSON
10,E,PERSON
10,.,O
10,Du,PERSON
10,H,PERSON
10,.,O
10,Gardner,PERSON
10,L,O
10,.,O
10,An,O
10,interac,O
10,‐,O
10,tive,O
10,webbased,O
10,dashboard,O
10,to,O
10,track,O
10,COVID,O
10,‐,O
10,19,NUMBER
10,in,O
10,real,O
10,time,O
10,[,O
10,Letter,O
10,],O
10,.,O
10,Lancet,O
10,Infect,O
10,Dis,O
10,2020,DATE
10,;,O
10,20,NUMBER
10,:,O
10,533,NUMBER
10,‐,O
10,4,NUMBER
10,.,O
10,Cheng,PERSON
10,MP,O
10,.,O
10,Papenburg,PERSON
10,J,PERSON
10,.,O
10,Des,O
10,‐,O
10,jardins,O
10,M,O
10,.,O
10,et,O
10,al,O
10,.,O
10,Diagnostic,O
10,Testing,O
10,for,O
10,Severe,O
10,Acute,O
10,Respiratory,O
10,Syndrome,O
10,‐,O
10,Related,O
10,Coronavirus,O
10,‐,O
10,2,NUMBER
10,:,O
10,A,O
10,Narrative,O
10,Centers,O
10,for,O
10,Disease,CAUSE_OF_DEATH
10,Control,O
10,and,O
10,Prevention,O
10,.,O
10,Evaluating,O
10,and,O
10,Testing,O
10,Persons,O
10,for,O
10,Coro,O
10,‐,O
10,navirus,O
10,Disease,CAUSE_OF_DEATH
10,2019,DATE
10,(,O
10,COVID,O
10,‐,O
10,19,NUMBER
10,),O
10,.,O
10,Available,O
10,from,O
10,:,O
10,Wang,PERSON
10,W,PERSON
10,.,O
10,Xu,O
10,Y,O
10,.,O
10,Gao,PERSON
10,R,PERSON
10,.,O
10,et,O
10,al,O
10,.,O
10,Detection,O
10,of,O
10,SARSCoV,O
10,‐,O
10,2,NUMBER
10,in,O
10,different,O
10,types,O
10,of,O
10,clini,O
10,‐,O
10,cal,O
10,specimens,O
10,.,O
10,JAMA,O
10,2020,DATE
10,;,O
10,323,NUMBER
10,:,O
10,1843,DATE
10,‐,O
10,4,NUMBER
10,.,O
10,[,O
10,Crossref,O
10,],O
10,Wikramaratna,PERSON
10,P,O
10,.,O
10,Paton,PERSON
10,RS,O
10,.,O
10,Ghafari,PERSON
10,M,O
10,.,O
10,Loureno,O
10,J.,O
10,Estimating,O
10,false,O
10,‐,O
10,negative,O
10,de,O
10,‐,O
10,tection,O
10,rate,O
10,of,O
10,Xie,PERSON
10,X,PERSON
10,.,O
10,Zhong,PERSON
10,Z,PERSON
10,.,O
10,Zhao,PERSON
10,W,PERSON
10,.,O
10,Zheng,PERSON
10,C,PERSON
10,.,O
10,Wang,PERSON
10,F,PERSON
10,.,O
10,Liu,PERSON
10,J.,PERSON
10,Chest,O
10,CT,STATE_OR_PROVINCE
10,for,O
10,Typical,O
10,2019,DATE
10,‐,O
10,nCoV,O
10,Pneumonia,CAUSE_OF_DEATH
10,:,O
10,Relationship,O
10,to,O
10,Nega,O
10,‐,O
10,tive,O
10,RT,O
10,‐,O
10,PCR,O
10,Testing,O
10,.,O
10,Radiology,O
10,2020,DATE
10,;,O
10,200343,NUMBER
10,.,O
10,[,O
10,Crossref,O
10,],O
10,Ai,O
10,T,O
10,.,O
10,Yang,O
10,Z,O
10,.,O
10,Hou,PERSON
10,H,PERSON
10,.,O
10,et,O
10,al,O
10,.,O
10,Correlation,O
10,of,O
10,Chest,O
10,CT,STATE_OR_PROVINCE
10,and,O
10,RT,O
10,‐,O
10,PCR,O
10,Testing,O
10,in,O
10,Coronavirus,O
10,Disease,CAUSE_OF_DEATH
10,2019,DATE
10,(,O
10,COVID,O
10,‐,O
10,19,NUMBER
10,),O
10,in,O
10,China,COUNTRY
10,:,O
10,A,O
10,Report,O
10,of,O
10,1014,DATE
10,Cases,O
10,.,O
10,Radiology,O
10,2020,DATE
10,;,O
10,200642,NUMBER
10,.,O
10,[,O
10,Crossref,O
10,],O
10,Fang,O
10,Y,O
10,.,O
10,Zhang,PERSON
10,H,PERSON
10,.,O
10,Xie,PERSON
10,J,PERSON
10,.,O
10,et,O
10,al,O
10,.,O
10,Sensitivity,O
10,of,O
10,Chest,O
10,CT,STATE_OR_PROVINCE
10,for,O
10,COVID,O
10,‐,O
10,19,NUMBER
10,:,O
10,Comparison,O
10,to,O
10,RT,O
10,‐,O
10,PCR,O
10,.,O
10,Radiology,O
10,2020,DATE
10,;,O
10,200432,NUMBER
10,.,O
10,[,O
10,Crossref,O
10,],O
10,Luo,PERSON
10,L,PERSON
10,.,O
10,Liu,PERSON
10,D,O
10,.,O
10,Liao,PERSON
10,XL,O
10,.,O
10,et,O
10,al,O
10,.,O
10,Modes,O
10,of,O
10,contact,O
10,and,O
10,risk,O
10,of,O
10,transmission,O
10,in,O
10,COVID,O
10,‐,O
10,19,NUMBER
10,Yang,O
10,Y,O
10,.,O
10,Yang,O
10,M,O
10,.,O
10,Shen,O
10,C,O
10,.,O
10,et,O
10,al,O
10,.,O
10,Evaluating,O
10,the,O
10,accuracy,O
10,of,O
10,different,O
10,res,O
10,‐,O
10,piratory,O
10,specimens,O
10,in,O
10,the,O
10,laboratory,O
10,diagnosis,O
10,and,O
10,monitoring,O
10,the,O
10,viral,O
10,shedding,O
10,of,O
10,2019,DATE
10,‐,O
10,nCoV,O
10,infections,CAUSE_OF_DEATH
10,.,O
10,medRxiv,O
10,57,NUMBER
10,.,O
10,European,NATIONALITY
10,Cen,MISC
10,‐,O
10,tre,O
10,for,O
10,Disease,CAUSE_OF_DEATH
10,Prevention,O
10,and,O
10,pdf,O
10,on,O
10,4,DATE
10,April,DATE
10,2020,DATE
10,.,O
10,58,NUMBER
10,.,O
10,Centers,O
10,for,O
10,Disease,ORGANIZATION
10,Control,ORGANIZATION
10,and,ORGANIZATION
10,Prevention,ORGANIZATION
10,.,O
10,Discontinuation,O
10,of,O
10,Transmis,O
10,‐,O
10,sion,O
10,‐,O
10,Based,O
10,Precautions,O
10,and,O
10,Disposition,O
10,of,O
10,Patients,O
10,with,O
10,COVID,O
10,‐,O
10,19,NUMBER
10,in,O
10,Healthcare,O
10,Settings,O
10,(,O
10,Interim,O
10,Guidance,O
10,),O
10,.,O
10,Available,O
10,from,O
10,:,O
10,59,NUMBER
10,.,O
10,Wu,PERSON
10,X,O
10,.,O
10,Cai,O
10,Y,O
10,.,O
10,Huang,PERSON
10,X,PERSON
10,.,O
10,et,O
10,al,O
10,.,O
10,Co,O
10,‐,O
10,infection,CAUSE_OF_DEATH
10,with,O
10,SARS,O
10,‐,O
10,CoV,O
10,‐,O
10,2,NUMBER
10,and,O
10,in,O
10,‐,O
10,fluenza,O
10,A,O
10,virus,O
10,in,O
10,patient,O
10,with,O
10,pneumonia,CAUSE_OF_DEATH
10,.,O
10,China,COUNTRY
10,.,O
10,Emerg,O
10,Infect,O
10,Dis,O
10,2020,DATE
10,;,O
10,60,NUMBER
10,.,O
10,Wu,O
10,Z,O
10,.,O
10,McGoogan,PERSON
10,JM,PERSON
10,.,O
10,Characteristics,O
10,of,O
10,and,O
10,Important,O
10,Lessons,O
10,From,O
10,the,O
10,Coronavirus,O
10,Disease,CAUSE_OF_DEATH
10,2019,DATE
10,(,O
10,COVID,O
10,‐,O
10,19,NUMBER
10,),O
10,Outbreak,O
10,in,O
10,China,COUNTRY
10,:,O
10,Summary,O
10,of,O
10,a,O
10,Report,O
10,of,O
10,72314,NUMBER
10,Cases,O
10,From,O
10,the,O
10,Chinese,NATIONALITY
10,Center,O
10,for,O
10,Disease,ORGANIZATION
10,Control,ORGANIZATION
10,and,ORGANIZATION
10,Prevention,ORGANIZATION
10,.,O
10,JAMA,O
10,2020,DATE
10,;,O
10,61,NUMBER
10,.,O
10,Mao,PERSON
10,L,PERSON
10,.,O
10,Wang,PERSON
10,MD,STATE_OR_PROVINCE
10,.,O
10,Chen,PERSON
10,SH,PERSON
10,.,O
10,et,O
10,al,O
10,.,O
10,Neurological,O
10,manifestations,O
10,of,O
10,hospitalized,O
10,patients,O
10,with,O
10,62,NUMBER
10,.,O
10,Giacomelli,PERSON
10,A,O
10,.,O
10,Pezzati,PERSON
10,L,PERSON
10,.,O
10,Conti,PERSON
10,F,O
10,.,O
10,et,O
10,al,O
10,.,O
10,Self,O
10,‐,O
10,reported,O
10,Olfactory,O
10,and,O
10,Taste,O
10,Disorders,O
10,in,O
10,SARSCoV,O
10,‐,O
10,2,NUMBER
10,Patients,O
10,:,O
10,A,O
10,Cross,O
10,‐,O
10,Sectional,O
10,Study,O
10,.,O
10,Clin,O
10,Infect,O
10,Dis,O
10,2020,DATE
10,;,O
10,ciaa330,O
10,.,O
10,63,NUMBER
10,.,O
10,Xiang,PERSON
10,P,O
10,.,O
10,Xu,PERSON
10,XM,PERSON
10,.,O
10,Gao,PERSON
10,LL,PERSON
10,.,O
10,et,O
10,al,O
10,.,O
10,First,ORDINAL
10,case,O
10,of,O
10,2019,DATE
10,novel,O
10,coronavirus,O
10,disease,CAUSE_OF_DEATH
10,with,O
10,Encephalitis,MISC
10,.,O
10,ChinaXiv,O
10,T202003,TIME
10,.,O
10,00015,NUMBER
10,.,O
10,64,NUMBER
10,.,O
10,Xu,PERSON
10,Z,PERSON
10,.,O
10,Shi,O
10,L,O
10,.,O
10,Wang,O
10,Y,O
10,.,O
10,et,O
10,al,O
10,.,O
10,Pathological,O
10,findings,O
10,of,O
10,COVID,O
10,‐,O
10,19,NUMBER
10,associat,O
10,‐,O
10,ed,O
10,with,O
10,acute,O
10,respiratory,O
10,distress,O
10,syndrome,O
10,.,O
10,Lancet,O
10,Respir,O
10,Med,O
10,2020,DATE
10,;,O
10,8,NUMBER
10,:,O
10,65,NUMBER
10,.,O
10,Wu,O
10,Y,O
10,.,O
10,Xu,PERSON
10,X,PERSON
10,.,O
10,Chen,PERSON
10,Z,PERSON
10,.,O
10,et,O
10,al,O
10,.,O
10,Nervous,O
10,system,O
10,involve,O
10,‐,O
10,ment,O
10,after,O
10,infection,CAUSE_OF_DEATH
10,with,O
10,COVID,O
10,‐,O
10,19,NUMBER
10,and,O
10,other,O
10,coronaviruses,O
10,.,O
10,Brain,O
10,Behav,O
10,Immun,O
10,2020,DATE
10,;,O
10,S0889,O
10,‐,O
10,1591,DATE
10,(,O
10,20,NUMBER
10,),O
10,30357,NUMBER
10,‐,O
10,3,NUMBER
10,.,O
10,[,O
10,Crossref,O
10,],O
10,66,NUMBER
10,.,O
10,Guidance,O
10,for,O
10,the,O
10,role,O
10,and,O
10,use,O
10,of,O
10,non,O
10,‐,O
10,invasive,O
10,respiratory,O
10,support,O
10,in,O
10,adult,O
10,patients,O
10,with,O
10,COVID,O
10,‐,O
10,19,NUMBER
10,(,O
10,confirmed,O
10,or,O
10,suspected,O
10,),O
10,6,DATE
10,April,DATE
10,2020,DATE
10,.,O
10,67,NUMBER
10,.,O
10,Vitacca,PERSON
10,M,O
10,.,O
10,Nava,PERSON
10,S,O
10,.,O
10,Santus,O
10,P,O
10,.,O
10,et,O
10,al,O
10,.,O
10,Early,O
10,consensus,O
10,management,O
10,for,O
10,non,O
10,‐,O
10,ICU,O
10,ARF,O
10,SARS,O
10,‐,O
10,CoV,O
10,‐,O
10,2,NUMBER
10,emergency,O
10,in,O
10,Italy,COUNTRY
10,:,O
10,from,O
10,ward,O
10,to,O
10,trenches,O
10,.,O
10,Eur,O
10,Respir,O
10,J,O
10,2020,DATE
10,;,O
10,55,NUMBER
10,:,O
10,2000632,NUMBER
10,.,O
10,[,O
10,Crossref,O
10,],O
10,68,NUMBER
10,.,O
10,Cain,PERSON
10,DW,O
10,.,O
10,Cidlowski,O
10,JA,O
10,.,O
10,Immune,O
10,regulation,O
10,by,O
10,69,NUMBER
10,.,O
10,Wu,O
10,C,O
10,.,O
10,Chen,PERSON
10,X,PERSON
10,.,O
10,Cai,O
10,Y,O
10,.,O
10,et,O
10,al,O
10,.,O
10,Risk,O
10,Factors,O
10,Associated,O
10,With,O
10,Acute,O
10,Respiratory,O
10,Distress,O
10,Syn,O
10,‐,O
10,drome,O
10,and,O
10,Death,O
10,in,O
10,Patients,O
10,With,O
10,Coronavirus,O
10,Disease,CAUSE_OF_DEATH
10,2019,DATE
10,Pneumo,LOCATION
10,‐,O
10,nia,O
10,in,O
10,Wuhan,CITY
10,.,O
10,China,COUNTRY
10,.,O
10,JAMA,O
10,Intern,TITLE
10,Med,O
10,2020,DATE
10,;,O
10,e200994,O
10,.,O
10,[,O
10,Crossref,O
10,],O
10,70,NUMBER
10,.,O
10,Fowler,PERSON
10,AA,O
10,.,O
10,Truwit,PERSON
10,JD,PERSON
10,.,O
10,Hite,PERSON
10,RD,O
10,.,O
10,et,O
10,al,O
10,.,O
10,Effect,O
10,of,O
10,Vitamin,O
10,C,O
10,In,O
10,‐,O
10,fusion,O
10,on,O
10,Organ,O
10,Failure,O
10,and,O
10,Biomarkers,O
10,of,O
10,Inflammation,O
10,and,O
10,Vascu,O
10,‐,O
10,lar,O
10,Injury,O
10,in,O
10,Patients,O
10,With,O
10,Sepsis,CAUSE_OF_DEATH
10,and,O
10,Severe,O
10,Acute,O
10,Respiratory,O
10,Failure,O
10,.,O
10,The,O
10,CITRIS,O
10,‐,O
10,ALI,O
10,Randomized,O
10,Clinical,O
10,Trial,O
10,.,O
10,JAMA,O
10,2019,DATE
10,;,O
10,322,NUMBER
10,:,O
10,1261,DATE
10,‐,O
10,70,NUMBER
10,.,O
10,[,O
10,Crossref,O
10,],O
