39,of,O
39,the,O
39,most,O
39,frequent,O
39,signs,O
39,and,O
39,symptoms,O
39,among,O
39,confirmed,O
39,cases,O
39,Universidade,O
39,do,O
39,Sul,O
39,de,O
39,Santa,CITY
39,Catarina,CITY
39,.,O
39,Programa,O
39,de,O
39,Ps,O
39,‐,O
39,Graduao,O
39,em,O
39,Cincias,PERSON
39,da,PERSON
39,Sade,PERSON
39,.,O
39,Tubaro,ORGANIZATION
39,SC,ORGANIZATION
39,.,O
39,Brazil,COUNTRY
39,Universidade,O
39,do,O
39,Sul,LOCATION
39,de,LOCATION
39,Santa,CITY
39,Catarina,PERSON
39,.,O
39,Faculdade,PERSON
39,de,PERSON
39,Medicina,PERSON
39,.,O
39,Tubaro,LOCATION
39,.,O
39,SC,ORGANIZATION
39,.,O
39,Brazil,COUNTRY
39,Objective,O
39,:,O
39,to,O
39,describe,O
39,the,O
39,most,O
39,frequent,O
39,signs,O
39,and,O
39,symptoms,O
39,of,O
39,infection,CAUSE_OF_DEATH
39,by,O
39,se,O
39,‐,O
39,vere,O
39,acute,O
39,respiratory,O
39,syndrome,O
39,coronavirus,O
39,publications,O
39,.,O
39,Re,O
39,‐,O
39,sults,O
39,:,O
39,the,O
39,spectrum,O
39,of,O
39,clinical,O
39,disease,CAUSE_OF_DEATH
39,was,O
39,wide,O
39,;,O
39,fever,CAUSE_OF_DEATH
39,.,O
39,coughing,O
39,and,O
39,dyspnea,O
39,were,O
39,the,O
39,most,O
39,frequent,O
39,signs,O
39,/,O
39,symptoms,O
39,.,O
39,however,O
39,.,O
39,they,O
39,may,O
39,not,O
39,be,O
39,present,DATE
39,.,O
39,thus,O
39,hindering,O
39,case,O
39,definition,O
39,;,O
39,gastroin,O
39,‐,O
39,testinal,O
39,symptoms,O
39,and,O
39,loss,O
39,of,O
39,taste,O
39,or,O
39,smell,O
39,have,O
39,been,O
39,reported,O
39,among,O
39,mild,O
39,cases,O
39,;,O
39,dyspnea,O
39,was,O
39,frequent,O
39,among,O
39,severe,O
39,and,O
39,fatal,O
39,cases,O
39,.,O
39,Conclusion,O
39,:,O
39,considering,O
39,the,O
39,scarcity,O
39,of,O
39,diagnostic,O
39,tests,O
39,and,O
39,the,O
39,diversity,O
39,of,O
39,symptoms,O
39,.,O
39,health,O
39,services,O
39,should,O
39,use,O
39,a,O
39,sen,O
39,‐,O
39,sitive,O
39,case,O
39,definition,O
39,.,O
39,in,O
39,order,O
39,to,O
39,adopt,O
39,appropriate,O
39,surveil,O
39,‐,O
39,lance,O
39,.,O
39,prevention,O
39,and,O
39,treatment,O
39,actions,O
39,.,O
39,Betine,PERSON
39,Pinto,PERSON
39,Moehlecke,PERSON
39,Iser,O
39,‐,O
39,Av,O
39,.,O
39,Jos,PERSON
39,Accio,PERSON
39,Moreira,PERSON
39,.,O
39,No.,O
39,787,NUMBER
39,.,O
39,Bairro,PERSON
39,Dehon,PERSON
39,.,O
39,Caixa,ORGANIZATION
39,Postal,ORGANIZATION
39,370,NUMBER
39,.,O
39,Tubaro,LOCATION
39,.,O
39,SC,ORGANIZATION
39,.,O
39,Brazil,COUNTRY
39,.,O
39,Epidemiol,O
39,.,O
39,Serv,O
39,.,O
39,Saude,PERSON
39,.,O
39,Braslia,LOCATION
39,.,O
39,29,NUMBER
39,(,O
39,3,NUMBER
39,),O
39,:,O
39,e2019354,O
39,.,O
39,2020,DATE
39,Suspected,O
39,COVID,O
39,‐,O
39,19,NUMBER
39,case,O
39,definition,O
39,The,O
39,coro,O
39,‐,O
39,navirus,O
39,2,NUMBER
39,pandemic,O
39,related,O
39,to,O
39,severe,O
39,acute,O
39,respiratory,O
39,syndrome,O
39,(,O
39,SARS,O
39,‐,O
39,CoV,O
39,‐,O
39,2,NUMBER
39,),O
39,.,O
39,which,O
39,causes,O
39,coronavirus,O
39,disease,CAUSE_OF_DEATH
39,2019,DATE
39,(,O
39,COVID,O
39,‐,O
39,19,NUMBER
39,),O
39,.,O
39,emerged,O
39,at,O
39,the,DATE
39,end,DATE
39,of,DATE
39,2019,DATE
39,in,O
39,Wuhan,CITY
39,.,O
39,Hubei,STATE_OR_PROVINCE
39,Province,LOCATION
39,.,O
39,China,COUNTRY
39,.,O
39,and,O
39,has,O
39,spread,O
39,rapidly,O
39,across,O
39,all,O
39,continents,O
39,.,O
39,exponentially,O
39,increas,O
39,‐,O
39,ing,O
39,the,O
39,number,O
39,of,O
39,infected,O
39,people,O
39,and,O
39,causing,O
39,thousands,O
39,of,O
39,deaths,O
39,worldwide,O
39,.1,NUMBER
39,It,O
39,is,O
39,estimated,O
39,that,O
39,as,O
39,at,O
39,April,DATE
39,26th,DATE
39,2020,DATE
39,.,O
39,more,O
39,than,O
39,2.8,NUMBER
39,million,NUMBER
39,people,O
39,had,O
39,been,O
39,infected,O
39,and,O
39,over,O
39,193.000,NUMBER
39,had,O
39,died,O
39,from,O
39,causes,O
39,related,O
39,to,O
39,the,O
39,disease,CAUSE_OF_DEATH
39,caused,O
39,by,O
39,the,O
39,novel,O
39,coron,O
39,‐,O
39,avirus,O
39,(,O
39,COVID,O
39,‐,O
39,19,NUMBER
39,),O
39,.2,NUMBER
39,Given,O
39,its,O
39,vast,O
39,magnitude,O
39,and,O
39,the,O
39,diverse,O
39,sup,O
39,‐,O
39,plies,O
39,needed,O
39,to,O
39,control,O
39,it,O
39,.,O
39,such,O
39,as,O
39,availability,O
39,of,O
39,diagnostic,O
39,tests,O
39,for,O
39,affected,O
39,people,O
39,.,O
39,combating,O
39,COVID,O
39,‐,O
39,19,NUMBER
39,has,O
39,become,O
39,a,O
39,chal,O
39,‐,O
39,lenge,O
39,.,O
39,especially,O
39,for,O
39,low,O
39,and,O
39,middle,O
39,‐,O
39,income,O
39,countries,O
39,such,O
39,as,O
39,Brazil,COUNTRY
39,which,O
39,depend,O
39,on,O
39,technologies,O
39,produced,O
39,in,O
39,other,O
39,countries,O
39,.3,NUMBER
39,Assessing,O
39,clinical,O
39,signs,O
39,and,O
39,symptoms,O
39,shown,O
39,by,O
39,infected,O
39,people,O
39,can,O
39,help,O
39,establish,O
39,the,O
39,healthcare,O
39,flow,O
39,and,O
39,indicate,O
39,the,O
39,need,O
39,to,O
39,perform,O
39,confirmatory,O
39,tests,O
39,.,O
39,How,O
39,can,O
39,SARS,O
39,‐,O
39,CoV,O
39,‐,O
39,2,NUMBER
39,infection,CAUSE_OF_DEATH
39,be,O
39,di,O
39,‐,O
39,agnosed,O
39,or,O
39,defined,O
39,.,O
39,if,O
39,health,O
39,centers,O
39,do,O
39,not,O
39,have,O
39,sufficient,O
39,lab,O
39,‐,O
39,oratory,O
39,tests,O
39,available,O
39,?,O
39,Moreover,O
39,.,O
39,diagnostic,O
39,tests,O
39,are,O
39,intended,O
39,to,O
39,be,O
39,used,O
39,at,O
39,specific,O
39,times,O
39,of,O
39,infection,CAUSE_OF_DEATH
39,and,O
39,.,O
39,depending,O
39,on,O
39,the,O
39,stage,O
39,of,O
39,the,O
39,disease,CAUSE_OF_DEATH
39,.,O
39,may,O
39,not,O
39,be,O
39,very,O
39,accurate,O
39,.4.5,NUMBER
39,As,O
39,such,O
39,.,O
39,as,O
39,‐,O
39,sessing,O
39,clinical,O
39,signs,O
39,and,O
39,symptoms,O
39,shown,O
39,by,O
39,infected,O
39,people,O
39,can,O
39,help,O
39,establish,O
39,the,O
39,healthcare,O
39,flow,O
39,and,O
39,indicate,O
39,the,O
39,need,O
39,to,O
39,per,O
39,‐,O
39,form,O
39,confirmatory,O
39,tests,O
39,.6,NUMBER
39,The,O
39,objective,O
39,of,O
39,this,O
39,study,O
39,was,O
39,to,O
39,de,O
39,‐,O
39,scribe,TITLE
39,the,O
39,most,O
39,frequent,O
39,signs,O
39,and,O
39,symptoms,O
39,of,O
39,SARS,O
39,‐,O
39,CoV,O
39,‐,O
39,2,NUMBER
39,infec,O
39,‐,O
39,tion,O
39,.,O
39,in,O
39,order,O
39,to,O
39,guide,O
39,case,O
39,suspicion,O
39,based,O
39,on,O
39,clinical,O
39,manifes,O
39,‐,O
39,tations,O
39,and,O
39,to,O
39,characterize,O
39,case,O
39,severity,O
39,.,O
39,art,O
39,of,O
39,a,O
39,given,O
39,sub,O
39,‐,O
39,ject,O
39,and,O
39,enable,O
39,more,O
39,in,O
39,‐,O
39,depth,O
39,discussion,O
39,.,O
39,that,O
39,presented,O
39,a,O
39,de,O
39,‐,O
39,scription,O
39,of,O
39,the,O
39,clinical,O
39,picture,O
39,of,O
39,the,O
39,first,ORDINAL
39,COVID,O
39,‐,O
39,19,NUMBER
39,cases,O
39,.,O
39,The,O
39,searches,O
39,were,O
39,based,O
39,on,O
39,the,O
39,following,O
39,research,O
39,question,O
39,:,O
39,What,O
39,are,O
39,the,O
39,most,O
39,frequent,O
39,signs,O
39,and,O
39,symptoms,O
39,of,O
39,SARS,O
39,‐,O
39,CoV,O
39,‐,O
39,2,NUMBER
39,infection,CAUSE_OF_DEATH
39,?,O
39,The,O
39,bibliographic,O
39,search,O
39,was,O
39,performed,O
39,on,O
39,the,O
39,Scopus,O
39,.,O
39,medRXiv,O
39,.,O
39,MEDLINE,ORGANIZATION
39,.,O
39,SciELO,O
39,and,O
39,Google,ORGANIZATION
39,Scholar,TITLE
39,databases,O
39,.,O
39,and,O
39,it,O
39,was,O
39,comple,O
39,‐,O
39,mented,O
39,with,O
39,a,O
39,manual,O
39,search,O
39,on,O
39,the,O
39,lists,O
39,of,O
39,references,O
39,of,O
39,the,O
39,pa,O
39,‐,O
39,pers,O
39,selected,O
39,and,O
39,also,O
39,on,O
39,the,O
39,Brazilian,ORGANIZATION
39,Health,ORGANIZATION
39,Ministry,ORGANIZATION
39,website,O
39,.,O
39,No,O
39,limitations,O
39,were,O
39,set,O
39,for,O
39,date,O
39,.,O
39,study,O
39,country,O
39,or,O
39,area,O
39,of,O
39,knowl,O
39,‐,O
39,edge,O
39,.,O
39,The,O
39,following,O
39,terms,O
39,were,O
39,use,O
39,for,O
39,the,O
39,search,O
39,:,O
39,Signs,O
39,.,O
39,symp,O
39,‐,O
39,toms,O
39,clinical,O
39,.,O
39,laboratory,O
39,.,O
39,combined,O
39,with,O
39,Novel,O
39,coronavirus,O
39,Novel,O
39,coronavirus,O
39,2019,DATE
39,.,DATE
39,2019,DATE
39,nCoV,O
39,.,O
39,COVID,O
39,‐,O
39,19,NUMBER
39,.,O
39,Wuhan,CITY
39,coronavirus,O
39,.,O
39,Wuhan,CITY
39,pneumonia,CAUSE_OF_DEATH
39,and,O
39,SARS,O
39,‐,O
39,CoV,O
39,‐,O
39,2,NUMBER
39,.,O
39,and,O
39,Portuguese,NATIONALITY
39,.,O
39,In,O
39,situations,O
39,in,O
39,which,O
39,more,O
39,than,O
39,one,NUMBER
39,interest,O
39,.,O
39,those,O
39,with,O
39,smaller,O
39,sample,O
39,sizes,O
39,and,O
39,/,O
39,or,O
39,which,O
39,were,O
39,older,O
39,were,O
39,excluded,O
39,.,O
39,Most,O
39,frequent,O
39,signs,O
39,and,O
39,symptoms,O
39,among,O
39,confirmed,O
39,COVID,O
39,‐,O
39,19,NUMBER
39,cases,O
39,Ten,NUMBER
39,studies,O
39,were,O
39,selected,O
39,which,O
39,describe,O
39,the,O
39,first,ORDINAL
39,confirmed,O
39,COVID,O
39,‐,O
39,19,NUMBER
39,cases,O
39,and,O
39,the,O
39,most,O
39,common,O
39,signs,O
39,and,O
39,According,O
39,to,O
39,the,O
39,Brazilian,NATIONALITY
39,Ministry,ORGANIZATION
39,of,ORGANIZATION
39,Health,ORGANIZATION
39,.,O
39,informa,O
39,‐,O
39,tion,O
39,is,O
39,still,O
39,limited,O
39,for,O
39,characterizing,O
39,the,O
39,spectrum,O
39,of,O
39,the,O
39,clinical,O
39,disease,CAUSE_OF_DEATH
39,.,O
39,The,O
39,Ministry,O
39,therefore,O
39,establishes,O
39,flu,CAUSE_OF_DEATH
39,‐,O
39,like,O
39,syndrome,O
39,(,O
39,FS,O
39,),O
39,as,O
39,being,O
39,the,O
39,most,O
39,common,O
39,manifestation,O
39,.,O
39,this,O
39,being,O
39,defined,O
39,as,O
39,an,O
39,acute,O
39,respiratory,O
39,clinical,O
39,picture,O
39,.,O
39,characterized,O
39,by,O
39,sensation,O
39,of,O
39,fever,CAUSE_OF_DEATH
39,or,O
39,fever,CAUSE_OF_DEATH
39,.,O
39,even,O
39,if,O
39,reported,O
39,.,O
39,accompanied,O
39,by,O
39,coughing,O
39,.,O
39,sore,O
39,throat,O
39,or,O
39,runny,O
39,nose,O
39,or,O
39,difficulty,O
39,in,O
39,breathing,O
39,.7,NUMBER
39,If,O
39,breathing,O
39,difficulties,O
39,are,O
39,present,DATE
39,.,O
39,severe,O
39,acute,O
39,respiratory,O
39,syndrome,O
39,(,O
39,SARS,O
39,),O
39,may,O
39,be,O
39,considered,O
39,.8,NUMBER
39,defined,O
39,by,O
39,FS,O
39,showing,O
39,dysp,O
39,‐,O
39,nea,O
39,/,O
39,breathing,O
39,discomfort,O
39,or,O
39,persistent,O
39,pressure,O
39,in,O
39,the,O
39,thorax,O
39,or,O
39,O2,O
39,saturation,O
39,below,O
39,95,PERCENT
39,%,PERCENT
39,in,O
39,ambient,O
39,air,O
39,or,O
39,lips,O
39,or,O
39,face,O
39,with,O
39,a,O
39,bluish,O
39,color,O
39,.9,NUMBER
39,According,O
39,to,O
39,the,O
39,World,ORGANIZATION
39,Health,ORGANIZATION
39,Organization,ORGANIZATION
39,(,O
39,WHO,O
39,),O
39,.2,O
39,the,O
39,initial,O
39,signs,O
39,/,O
39,symptoms,O
39,of,O
39,the,O
39,disease,CAUSE_OF_DEATH
39,appear,O
39,like,O
39,those,O
39,of,O
39,influenza,CAUSE_OF_DEATH
39,.,O
39,but,O
39,vary,O
39,from,O
39,person,O
39,to,O
39,person,O
39,.,O
39,and,O
39,can,O
39,be,O
39,mild,O
39,.,O
39,in,O
39,the,O
39,form,O
39,of,O
39,pneumonia,CAUSE_OF_DEATH
39,.,O
39,severe,O
39,pneumonia,CAUSE_OF_DEATH
39,and,O
39,SARS,O
39,.,O
39,The,O
39,majority,O
39,of,O
39,infected,O
39,people,O
39,have,O
39,the,O
39,mild,O
39,form,O
39,of,O
39,the,O
39,disease,CAUSE_OF_DEATH
39,.,O
39,with,O
39,symptoms,O
39,such,O
39,as,O
39,malaise,O
39,.,O
39,Epidemiol,PERSON
39,.,O
39,Serv,O
39,.,O
39,Saude,PERSON
39,.,O
39,Braslia,LOCATION
39,.,O
39,29,NUMBER
39,(,O
39,3,NUMBER
39,),O
39,:,O
39,e2020233,O
39,.,O
39,2020,DATE
39,RT,O
39,‐,O
39,PCR,O
39,for,O
39,RT,O
39,‐,O
39,PCR,O
39,+,O
39,for,O
39,Retrospective,O
39,series,O
39,with,O
39,69,NUMBER
39,cases,O
39,hospitalized,O
39,at,O
39,the,O
39,Union,CITY
39,Hospital,LOCATION
39,.,O
39,in,O
39,Wuhan,CITY
39,.,O
39,between,O
39,January,DATE
39,16,DATE
39,Retrospective,O
39,series,O
39,of,O
39,214,NUMBER
39,hospitalized,O
39,cases,O
39,;,O
39,data,O
39,retrieved,O
39,from,O
39,medical,O
39,records,O
39,Wang,PERSON
39,Z,PERSON
39,et,O
39,al.,O
39,.,O
39,Mao,PERSON
39,L,PERSON
39,et,O
39,al.,O
39,.,O
39,Series,O
39,with,O
39,24,NUMBER
39,cases,O
39,RT,O
39,‐,O
39,PCR,O
39,+,O
39,for,O
39,18,DURATION
39,years,DURATION
39,old,DURATION
39,hospitali,O
39,‐,O
39,COVID,O
39,‐,O
39,19,NUMBER
39,zed,O
39,in,O
39,ITU,O
39,Bhatraju,O
39,PK,O
39,et,O
39,RT,O
39,‐,O
39,PCR,O
39,+,O
39,for,O
39,Retrospective,O
39,case,O
39,series,O
39,.,O
39,that,O
39,(,O
39,i,O
39,),O
39,died,O
39,(,O
39,n,O
39,=,O
39,113,NUMBER
39,),O
39,and,O
39,(,O
39,ii,O
39,),O
39,that,O
39,Chen,PERSON
39,T,O
39,et,O
39,al.,O
39,.,O
39,Symptoms,O
39,such,O
39,as,O
39,diar,O
39,‐,O
39,rhea,O
39,.,O
39,nausea,O
39,.,O
39,vomiting,O
39,and,O
39,headache,O
39,were,O
39,present,DATE
39,;,O
39,32,PERCENT
39,%,PERCENT
39,of,O
39,total,O
39,cases,O
39,and,O
39,38,PERCENT
39,%,PERCENT
39,of,O
39,cases,O
39,admitted,O
39,to,O
39,ITU,ORGANIZATION
39,had,O
39,comorbidities,O
39,.,O
39,of,O
39,which,O
39,diabetes,CAUSE_OF_DEATH
39,was,O
39,the,O
39,most,O
39,common,O
39,(,O
39,20,PERCENT
39,%,PERCENT
39,),O
39,.,O
39,All,O
39,cases,O
39,had,O
39,pneumo,O
39,‐,O
39,nia,O
39,.,O
39,98,PERCENT
39,%,PERCENT
39,bilateral,O
39,.,O
39,Fever,CAUSE_OF_DEATH
39,(,O
39,98,PERCENT
39,%,PERCENT
39,),O
39,+,O
39,coughing,O
39,(,O
39,76,PERCENT
39,%,PERCENT
39,),O
39,+,O
39,myalgia,O
39,/,O
39,fa,O
39,‐,O
39,tigue,O
39,(,O
39,44,PERCENT
39,%,PERCENT
39,),O
39,.,O
39,dyspnea,O
39,(,O
39,55,PERCENT
39,%,PERCENT
39,),O
39,.,O
39,sputum,O
39,production,O
39,(,O
39,28,PERCENT
39,%,PERCENT
39,),O
39,.,O
39,headache,O
39,(,O
39,8,PERCENT
39,%,PERCENT
39,),O
39,.,O
39,(,O
39,5,PERCENT
39,%,PERCENT
39,),O
39,and,O
39,Coughing,O
39,(,O
39,67.8,PERCENT
39,%,PERCENT
39,),O
39,+,O
39,fever,CAUSE_OF_DEATH
39,(,O
39,43.8,PERCENT
39,%,PERCENT
39,at,O
39,15,PERCENT
39,%,PERCENT
39,had,O
39,the,O
39,se,O
39,‐,O
39,vere,O
39,form,O
39,of,O
39,the,O
39,disease,CAUSE_OF_DEATH
39,;,O
39,23.7,PERCENT
39,%,PERCENT
39,had,O
39,at,O
39,least,O
39,one,NUMBER
39,admission,O
39,and,O
39,88.7,PERCENT
39,%,PERCENT
39,during,O
39,hospitalization,O
39,),O
39,comorbidity,O
39,(,O
39,38,PERCENT
39,%,PERCENT
39,of,O
39,severe,O
39,cases,O
39,),O
39,.,O
39,Common,O
39,symptoms,O
39,All,O
39,14,NUMBER
39,deaths,O
39,(,O
39,20,PERCENT
39,%,PERCENT
39,),O
39,had,O
39,saturation,O
39,90,PERCENT
39,%,PERCENT
39,.,O
39,were,O
39,old,O
39,‐,O
39,er,O
39,(,O
39,70.5,DURATION
39,years,DURATION
39,vs,O
39,37,DURATION
39,years,DURATION
39,),O
39,.,O
39,had,O
39,more,O
39,comorbidities,O
39,(,O
39,hypertension,CAUSE_OF_DEATH
39,36,PERCENT
39,%,PERCENT
39,vs,O
39,7,PERCENT
39,%,PERCENT
39,),O
39,.,O
39,cardiovascular,CAUSE_OF_DEATH
39,disease,CAUSE_OF_DEATH
39,(,O
39,36,PERCENT
39,%,PERCENT
39,vs,O
39,5,PERCENT
39,%,PERCENT
39,),O
39,and,O
39,diabetes,CAUSE_OF_DEATH
39,(,O
39,43,PERCENT
39,%,PERCENT
39,vs,O
39,2,PERCENT
39,%,PERCENT
39,),O
39,.,O
39,and,O
39,increased,O
39,inflammatory,O
39,cytokines,O
39,.,O
39,Severe,O
39,cases,O
39,were,O
39,older,O
39,(,O
39,58.7,NUMBER
39,15.0,DURATION
39,years,DURATION
39,vs,O
39,48.9,NUMBER
39,14.7,DURATION
39,years,DURATION
39,),O
39,.,O
39,had,O
39,more,O
39,comorbidi,O
39,‐,O
39,ties,O
39,(,O
39,42,NUMBER
39,[,O
39,47.7,PERCENT
39,%,PERCENT
39,],O
39,vs,O
39,41,NUMBER
39,[,O
39,32.5,PERCENT
39,%,PERCENT
39,],O
39,),O
39,.,O
39,hyperInflammatory,O
39,response,O
39,pat,O
39,‐,O
39,Fever,CAUSE_OF_DEATH
39,tension,O
39,(,O
39,32,NUMBER
39,[,O
39,36.4,PERCENT
39,%,PERCENT
39,],O
39,vs,O
39,19,NUMBER
39,[,O
39,15.1,PERCENT
39,%,PERCENT
39,],O
39,),O
39,.,O
39,and,O
39,had,O
39,fewer,O
39,symptoms,O
39,tern,O
39,.,O
39,principally,O
39,in,O
39,severe,O
39,cases,O
39,:,O
39,and,O
39,anorexia,CAUSE_OF_DEATH
39,(,O
39,68,NUMBER
39,[,O
39,31.8,PERCENT
39,%,PERCENT
39,],O
39,),O
39,.,O
39,CNS,O
39,:,O
39,dizziness,O
39,considered,O
39,typical,O
39,such,O
39,as,O
39,fever,CAUSE_OF_DEATH
39,(,O
39,40,NUMBER
39,[,O
39,45.5,PERCENT
39,%,PERCENT
39,],O
39,vs92,O
39,[,O
39,73,PERCENT
39,%,PERCENT
39,],O
39,),O
39,and,O
39,more,O
39,leukocytes,O
39,and,O
39,neutro,O
39,(,O
39,16.8,PERCENT
39,%,PERCENT
39,),O
39,and,O
39,headache,O
39,(,O
39,13.1,PERCENT
39,%,PERCENT
39,),O
39,.,O
39,PNS,O
39,:,O
39,anos,O
39,‐,O
39,coughing,O
39,(,O
39,30,NUMBER
39,[,O
39,34.1,PERCENT
39,%,PERCENT
39,],O
39,vs,O
39,77,NUMBER
39,[,O
39,61.1,PERCENT
39,%,PERCENT
39,],O
39,),O
39,.,O
39,Severe,O
39,cases,O
39,presented,O
39,phils,O
39,.,O
39,fewer,O
39,lymphocytes,O
39,and,O
39,mia,O
39,(,O
39,5.1,PERCENT
39,%,PERCENT
39,),O
39,and,O
39,ageu,O
39,‐,O
39,sia,O
39,(,O
39,5.6,PERCENT
39,%,PERCENT
39,),O
39,damage,O
39,to,O
39,liver,O
39,.,O
39,kidneys,O
39,and,O
39,muscles,O
39,.,O
39,NS,STATE_OR_PROVINCE
39,symptoms,O
39,were,O
39,more,O
39,higher,O
39,CRP,ORGANIZATION
39,levels,O
39,common,O
39,in,O
39,severe,O
39,cases,O
39,.,O
39,but,O
39,with,O
39,no,O
39,labo,O
39,‐,O
39,ratory,O
39,differences,O
39,between,O
39,those,O
39,who,O
39,did,O
39,or,O
39,did,O
39,not,O
39,have,O
39,PNS,O
39,symptoms,O
39,.,O
39,to,O
39,be,O
39,continue,O
39,Reduction,O
39,in,O
39,neutrophils,O
39,(,O
39,39,PERCENT
39,%,PERCENT
39,),O
39,.,O
39,eosinophils,O
39,(,O
39,72,PERCENT
39,%,PERCENT
39,),O
39,and,O
39,lym,O
39,(,O
39,87,PERCENT
39,%,PERCENT
39,),O
39,.,O
39,coughing,O
39,(,O
39,55,PERCENT
39,%,PERCENT
39,),O
39,.,O
39,fatigue,O
39,(,O
39,42,PERCENT
39,%,PERCENT
39,),O
39,.,O
39,phocytes,O
39,;,O
39,lymphopenia,O
39,(,O
39,42,PERCENT
39,%,PERCENT
39,),O
39,.,O
39,Fever,CAUSE_OF_DEATH
39,higher,O
39,among,O
39,deaths,O
39,(,O
39,79,PERCENT
39,%,PERCENT
39,63,PERCENT
39,%,PERCENT
39,of,O
39,cases,O
39,that,O
39,died,O
39,and,O
39,39,PERCENT
39,%,PERCENT
39,of,O
39,those,O
39,that,O
39,recovered,O
39,had,O
39,at,O
39,least,O
39,one,NUMBER
39,chronic,O
39,disease,CAUSE_OF_DEATH
39,:,O
39,hypertension,CAUSE_OF_DEATH
39,(,O
39,48,PERCENT
39,%,PERCENT
39,),O
39,.,O
39,cardiovascular,O
39,Lymphope,O
39,‐,O
39,nia,O
39,in,O
39,39,PERCENT
39,%,PERCENT
39,of,O
39,deaths,O
39,Fever,CAUSE_OF_DEATH
39,(,O
39,~,O
39,90,PERCENT
39,%,PERCENT
39,),O
39,+,O
39,coughing,O
39,(,O
39,~,O
39,66,NUMBER
39,‐,O
39,70,PERCENT
39,%,PERCENT
39,),O
39,+,O
39,diseases,CAUSE_OF_DEATH
39,(,O
39,14,PERCENT
39,%,PERCENT
39,),O
39,and,O
39,cerebrovascular,O
39,diseases,CAUSE_OF_DEATH
39,(,O
39,4,PERCENT
39,%,PERCENT
39,),O
39,.,O
39,Deaths,O
39,and,O
39,5,PERCENT
39,%,PERCENT
39,of,O
39,recov,O
39,‐,O
39,ered,O
39,and,O
39,milder,O
39,symptoms,O
39,;,O
39,dyspnea,O
39,and,O
39,tight,O
39,chest,O
39,presented,O
39,tachycardia,O
39,(,O
39,50,PERCENT
39,%,PERCENT
39,),O
39,and,O
39,tachypnea,O
39,(,O
39,27,PERCENT
39,%,PERCENT
39,),O
39,.,O
39,and,O
39,satuleukocytosis,O
39,in,O
39,50,PERCENT
39,%,PERCENT
39,of,O
39,deaths,O
39,more,O
39,common,O
39,among,O
39,deaths,O
39,.,O
39,as,O
39,well,O
39,as,O
39,loss,O
39,ration,O
39,93,PERCENT
39,%,PERCENT
39,(,O
39,64,PERCENT
39,%,PERCENT
39,),O
39,;,O
39,8,PERCENT
39,%,PERCENT
39,of,O
39,cases,O
39,that,O
39,died,O
39,and,O
39,10,PERCENT
39,%,PERCENT
39,of,O
39,those,O
39,and,O
39,4,PERCENT
39,%,PERCENT
39,of,O
39,re,O
39,‐,O
39,covered,O
39,of,O
39,consciousness,O
39,that,O
39,recovered,O
39,did,O
39,not,O
39,have,O
39,fever,CAUSE_OF_DEATH
39,.,O
39,but,O
39,did,O
39,have,O
39,fatigue,O
39,(,O
39,~,O
39,50,PERCENT
39,%,PERCENT
39,),O
39,.,O
39,coughing,O
39,(,O
39,68,PERCENT
39,%,PERCENT
39,),O
39,.,O
39,dyspnea,O
39,(,O
39,44,PERCENT
39,%,PERCENT
39,),O
39,.,O
39,myalgia,O
39,(,O
39,22,PERCENT
39,%,PERCENT
39,),O
39,or,O
39,diarrhea,O
39,(,O
39,28,PERCENT
39,%,PERCENT
39,),O
39,as,O
39,initial,O
39,symptoms,O
39,.,O
39,Dyspnea,PERSON
39,and,O
39,cough,O
39,‐,O
39,ing,O
39,(,O
39,88,PERCENT
39,%,PERCENT
39,),O
39,+,O
39,fever,CAUSE_OF_DEATH
39,58,PERCENT
39,%,PERCENT
39,had,O
39,diabetes,CAUSE_OF_DEATH
39,and,O
39,14,PERCENT
39,%,PERCENT
39,had,O
39,asthma,CAUSE_OF_DEATH
39,and,O
39,the,O
39,disease,CAUSE_OF_DEATH
39,was,O
39,75,PERCENT
39,%,PERCENT
39,lymphopenia,O
39,and,O
39,search,O
39,(,O
39,50,PERCENT
39,%,PERCENT
39,),O
39,;,O
39,sputum,O
39,production,O
39,(,O
39,42,PERCENT
39,%,PERCENT
39,),O
39,.,O
39,rhinorwith,O
39,use,O
39,of,O
39,glucocorticoids,O
39,;,O
39,22,PERCENT
39,%,PERCENT
39,were,O
39,smokers,O
39,;,O
39,for,O
39,other,O
39,pathogens,O
39,rhea,O
39,(,O
39,17,PERCENT
39,%,PERCENT
39,),O
39,.,O
39,sore,O
39,throat,O
39,(,O
39,8,PERCENT
39,%,PERCENT
39,),O
39,and,O
39,headache,O
39,exacer,O
39,‐,O
39,bated,O
39,than,O
39,one,NUMBER
39,chronic,O
39,condition,O
39,.,O
39,Cohorta,O
39,of,O
39,1.099,NUMBER
39,cases,O
39,RT,O
39,‐,O
39,PCR,O
39,+,O
39,for,O
39,from,O
39,552,NUMBER
39,hospitals,O
39,in,O
39,30,NUMBER
39,COVID,O
39,‐,O
39,19,NUMBER
39,Guan,O
39,WJ,O
39,et,O
39,al.,O
39,.,O
39,Laboratory,O
39,test,O
39,Leukopenia,LOCATION
39,(,O
39,25,PERCENT
39,%,PERCENT
39,),O
39,and,O
39,Seriesa,O
39,comprised,O
39,of,O
39,41,NUMBER
39,cases,O
39,hospital,O
39,‐,O
39,ized,O
39,as,O
39,at,O
39,Huang,PERSON
39,et,O
39,al.,O
39,.,O
39,RT,O
39,‐,O
39,PCR,O
39,+,O
39,for,O
39,Type,O
39,of,O
39,study,O
39,and,O
39,Place,O
39,of,O
39,Betine,PERSON
39,Pinto,PERSON
39,Moehlecke,PERSON
39,Iser,PERSON
39,et,O
39,al,O
39,.,O
39,Epidemiol,O
39,.,O
39,Serv,O
39,.,O
39,Saude,PERSON
39,.,O
39,Braslia,PERSON
39,.,O
39,29,NUMBER
39,(,O
39,3,NUMBER
39,),O
39,:,O
39,e2020233,O
39,.,O
39,2020,DATE
39,Place,O
39,of,O
39,RT,O
39,‐,O
39,PCR,O
39,:,O
39,reverse,O
39,transcrip,O
39,‐,O
39,tion,O
39,polymerase,O
39,chain,O
39,reaction,O
39,.,O
39,COVID,O
39,‐,O
39,19,NUMBER
39,:,O
39,disease,CAUSE_OF_DEATH
39,caused,O
39,by,O
39,SARS,O
39,‐,O
39,CoV,O
39,‐,O
39,2,NUMBER
39,.,O
39,ITU,O
39,:,O
39,intensive,O
39,therapy,O
39,unit,O
39,.,O
39,CRP,O
39,:,O
39,C,O
39,‐,O
39,reactive,O
39,pro,O
39,‐,O
39,tein,O
39,.,O
39,CNS,O
39,:,O
39,central,O
39,nervous,O
39,system,O
39,.,O
39,PNS,O
39,:,O
39,peripheral,O
39,nervous,O
39,sys,O
39,‐,O
39,tem,O
39,.,O
39,NS,STATE_OR_PROVINCE
39,:,O
39,nervous,O
39,system,O
39,.,O
39,IQR,O
39,:,O
39,interquartile,O
39,range,O
39,.,O
39,AST,O
39,:,O
39,aspar,O
39,‐,O
39,tate,O
39,aminotransferase,O
39,enzyme,O
39,.,O
39,ALT,O
39,:,O
39,alanine,O
39,aminotransferase,O
39,en,O
39,‐,O
39,zyme,O
39,.,O
39,GI,O
39,:,O
39,gastrointestinal,O
39,.,O
39,vs,O
39,:,O
39,versus,O
39,.,O
39,Jin,PERSON
39,X,PERSON
39,et,O
39,al.,O
39,.,O
39,RT,O
39,‐,O
39,PCR,O
39,for,O
39,Not,O
39,reported,O
39,Retrospective,O
39,study,O
39,with,O
39,651,NUMBER
39,hospitalized,O
39,Zhe,O
39,‐,O
39,jiang,O
39,.,O
39,cases,O
39,and,O
39,clinical,O
39,/,O
39,epi,O
39,‐,O
39,RT,O
39,‐,O
39,PCR,O
39,+,O
39,for,O
39,demiological,O
39,analysis,O
39,of,O
39,COVID,O
39,‐,O
39,19,NUMBER
39,74,NUMBER
39,cases,O
39,with,O
39,digestive,O
39,Cross,O
39,‐,O
39,sectional,O
39,study,O
39,:,O
39,204,NUMBER
39,hospitalized,O
39,cases,O
39,Brief,O
39,communication,O
39,:,O
39,Not,O
39,reported,O
39,Type,O
39,of,O
39,study,O
39,and,O
39,Cross,O
39,‐,O
39,sectional,O
39,study,O
39,with,O
39,88,NUMBER
39,hospitalized,O
39,cases,O
39,;,O
39,59,NUMBER
39,interviewed,O
39,Pan,O
39,L,O
39,et,O
39,al.,O
39,.,O
39,Vaira,PERSON
39,LA,PERSON
39,et,O
39,al.,O
39,.,O
39,Giacomelli,PERSON
39,A,O
39,et,O
39,Milan,CITY
39,.,O
39,Increased,O
39,AST,ORGANIZATION
39,and,O
39,ALT,O
39,in,O
39,the,O
39,group,O
39,of,O
39,patients,O
39,with,O
39,ALT,O
39,(,O
39,20.4,PERCENT
39,%,PERCENT
39,),O
39,and,O
39,AST,O
39,(,O
39,16.5,PERCENT
39,%,PERCENT
39,),O
39,digestive,O
39,symptoms,O
39,.,O
39,compared,O
39,to,O
39,the,O
39,group,O
39,with,O
39,no,O
39,ALT,O
39,(,O
39,5.9,PERCENT
39,%,PERCENT
39,),O
39,and,O
39,AST,O
39,(,O
39,5.0,PERCENT
39,%,PERCENT
39,),O
39,digestive,O
39,Increase,O
39,in,O
39,AST,ORGANIZATION
39,isolated,O
39,in,O
39,patients,O
39,with,O
39,GI,O
39,symptoms,O
39,greater,O
39,than,O
39,in,O
39,those,O
39,with,O
39,no,O
39,GI,O
39,symp,O
39,‐,O
39,toms,O
39,(,O
39,29.35,NUMBER
39,vs,O
39,24.4,NUMBER
39,),O
39,.,O
39,No,O
39,significant,O
39,different,O
39,in,O
39,makers,O
39,related,O
39,to,O
39,CRP,ORGANIZATION
39,infection,CAUSE_OF_DEATH
39,and,O
39,Not,O
39,reported,O
39,Not,O
39,reported,O
39,Laboratory,O
39,test,O
39,Digestive,O
39,symptoms,O
39,(,O
39,diarrhea,O
39,.,O
39,vomiting,O
39,.,O
39,nausea,O
39,),O
39,in,O
39,11.4,PERCENT
39,%,PERCENT
39,of,O
39,total,O
39,cases,O
39,.,O
39,Fever,CAUSE_OF_DEATH
39,(,O
39,85.54,PERCENT
39,%,PERCENT
39,),O
39,.,O
39,coughing,O
39,(,O
39,71.62,PERCENT
39,%,PERCENT
39,),O
39,.,O
39,sputum,O
39,(,O
39,39.19,PERCENT
39,%,PERCENT
39,),O
39,.,O
39,fa,O
39,‐,O
39,tigue,O
39,(,O
39,31.08,PERCENT
39,%,PERCENT
39,),O
39,and,O
39,headache,O
39,50.5,PERCENT
39,%,PERCENT
39,of,O
39,hospitalized,O
39,patients,O
39,had,O
39,digestive,O
39,symptoms,O
39,:,O
39,loss,O
39,of,O
39,appetite,O
39,(,O
39,78.64,PERCENT
39,%,PERCENT
39,),O
39,.,O
39,diarrhea,O
39,(,O
39,34,PERCENT
39,%,PERCENT
39,),O
39,and,O
39,vomiting,O
39,(,O
39,3.9,PERCENT
39,%,PERCENT
39,),O
39,.,O
39,Concomitantly,O
39,.,O
39,94,PERCENT
39,%,PERCENT
39,had,O
39,respiratory,O
39,symptoms,O
39,:,O
39,fever,CAUSE_OF_DEATH
39,(,O
39,92.23,PERCENT
39,%,PERCENT
39,),O
39,and,O
39,Retrospective,O
39,study,O
39,.,O
39,Chronic,O
39,liver,CAUSE_OF_DEATH
39,disease,CAUSE_OF_DEATH
39,rate,O
39,was,O
39,higher,O
39,in,O
39,cases,O
39,with,O
39,GI,O
39,symptoms,O
39,in,O
39,relation,O
39,to,O
39,those,O
39,with,O
39,no,O
39,GI,O
39,symptoms,O
39,(,O
39,10.81,PERCENT
39,%,PERCENT
39,vs,O
39,2.95,PERCENT
39,%,PERCENT
39,),O
39,.,O
39,Severe,O
39,/,O
39,critical,O
39,type,O
39,rate,O
39,was,O
39,greater,O
39,in,O
39,cases,O
39,with,O
39,GI,O
39,symptoms,O
39,than,O
39,in,O
39,those,O
39,without,O
39,symp,O
39,‐,O
39,toms,O
39,Descriptive,O
39,.,O
39,cross,O
39,‐,O
39,section,O
39,and,O
39,multicenter,O
39,study,O
39,.,O
39,Cases,O
39,with,O
39,digestive,O
39,symptoms,O
39,had,O
39,longer,O
39,hospitalization,O
39,time,O
39,in,O
39,relation,O
39,to,O
39,patients,O
39,without,O
39,digestive,O
39,symptoms,O
39,(,O
39,9,DURATION
39,days,DURATION
39,vs,O
39,7.3,DURATION
39,days,DURATION
39,),O
39,.,O
39,Howev,O
39,‐,O
39,er,O
39,.,O
39,there,O
39,was,O
39,no,O
39,significant,O
39,difference,O
39,in,O
39,the,O
39,time,O
39,of,O
39,hospital,O
39,discharge,O
39,.,O
39,days,DURATION
39,in,O
39,ITU,ORGANIZATION
39,or,O
39,mortality,O
39,between,O
39,the,O
39,groups,O
39,.,O
39,Fever,CAUSE_OF_DEATH
39,(,O
39,72.8,PERCENT
39,%,PERCENT
39,),O
39,.,O
39,coughing,O
39,(,O
39,37.3,PERCENT
39,%,PERCENT
39,),O
39,.,O
39,dyspnea,O
39,Symptoms,O
39,appeared,O
39,more,O
39,in,O
39,wom,O
39,‐,O
39,en,O
39,(,O
39,52.6,PERCENT
39,%,PERCENT
39,vs,O
39,25,PERCENT
39,%,PERCENT
39,),O
39,and,O
39,(,O
39,25.4,PERCENT
39,%,PERCENT
39,),O
39,.,O
39,arthralgia,O
39,(,O
39,5.1,PERCENT
39,%,PERCENT
39,),O
39,.,O
39,at,O
39,least,O
39,one,NUMBER
39,smell,O
39,younger,O
39,people,O
39,(,O
39,median,O
39,56,DURATION
39,years,DURATION
39,.,O
39,IQR,O
39,47,NUMBER
39,‐,O
39,60,DURATION
39,years,DURATION
39,vs,O
39,66,NUMBER
39,years,DURATION
39,.,O
39,or,O
39,taste,O
39,sense,O
39,disorder,O
39,(,O
39,33.9,PERCENT
39,%,PERCENT
39,),O
39,or,O
39,both,O
39,IQR,O
39,52,NUMBER
39,‐,O
39,77,NUMBER
39,),O
39,.,O
39,72.8,PERCENT
39,%,PERCENT
39,had,O
39,pneumonia,CAUSE_OF_DEATH
39,at,O
39,hospital,O
39,admission,O
39,.,O
39,Anosmia,O
39,and,O
39,ageusia,O
39,associ,O
39,‐,O
39,ated,O
39,with,O
39,fever,CAUSE_OF_DEATH
39,.,O
39,Some,O
39,kind,O
39,of,O
39,dysfunction,O
39,:,O
39,19.4,PERCENT
39,%,PERCENT
39,(,O
39,not,O
39,accompa,O
39,‐,O
39,nied,O
39,by,O
39,nasal,O
39,obstruction,O
39,or,O
39,rhinitis,O
39,Common,O
39,symptoms,O
39,Suspected,O
39,COVID,O
39,‐,O
39,19,NUMBER
39,case,O
39,definition,O
39,Epidemiol,O
39,.,O
39,Serv,O
39,.,O
39,Saude,PERSON
39,.,O
39,Braslia,LOCATION
39,.,O
39,29,NUMBER
39,(,O
39,3,NUMBER
39,),O
39,:,O
39,e2020233,O
39,.,O
39,2020,DATE
39,Betine,PERSON
39,Pinto,PERSON
39,Moehlecke,PERSON
39,Iser,PERSON
39,et,O
39,al,O
39,.,O
39,Flu,CAUSE_OF_DEATH
39,‐,O
39,like,O
39,syndrome,O
39,:,O
39,Individual,O
39,with,O
39,acute,O
39,respiratory,O
39,clinical,O
39,picture,O
39,.,O
39,characterized,O
39,by,O
39,feverish,O
39,sensation,O
39,or,O
39,fever,CAUSE_OF_DEATH
39,*,O
39,.,O
39,even,O
39,if,O
39,self,O
39,‐,O
39,re,O
39,‐,O
39,ported,O
39,.,O
39,together,O
39,with,O
39,coughing,O
39,OR,STATE_OR_PROVINCE
39,sore,O
39,throat,O
39,OR,O
39,runny,O
39,nose,O
39,OR,O
39,breathing,O
39,difficulty,O
39,.,O
39,*,O
39,Fever,CAUSE_OF_DEATH
39,may,O
39,not,O
39,be,O
39,present,DATE
39,in,O
39,suspected,O
39,COVID,O
39,‐,O
39,19,NUMBER
39,cases,O
39,.,O
39,Children,O
39,:,O
39,nasal,O
39,obstruction,O
39,can,O
39,also,O
39,be,O
39,consid,O
39,‐,O
39,ered,O
39,.,O
39,in,O
39,the,O
39,absence,O
39,of,O
39,other,O
39,specific,O
39,diagnosis,O
39,.,O
39,Elderly,O
39,:,O
39,fever,CAUSE_OF_DEATH
39,may,O
39,be,O
39,absent,O
39,.,O
39,Other,O
39,specific,O
39,criteria,O
39,indicating,O
39,worsening,O
39,con,O
39,‐,O
39,dition,O
39,should,O
39,be,O
39,considered,O
39,such,O
39,as,O
39,syncope,O
39,.,O
39,mental,O
39,confusion,O
39,.,O
39,excessive,O
39,sleepiness,O
39,.,O
39,irritability,O
39,and,O
39,loss,O
39,of,O
39,appetite,O
39,.,O
39,Case,O
39,Definitions,O
39,Severe,O
39,acute,O
39,respiratory,O
39,syndrome,O
39,:,O
39,Flu,CAUSE_OF_DEATH
39,‐,O
39,like,O
39,syndrome,O
39,presenting,O
39,:,O
39,dyspnea,O
39,/,O
39,breathing,O
39,discomfort,O
39,OR,O
39,persistent,O
39,tight,O
39,chest,O
39,OR,O
39,O2,O
39,saturation,O
39,below,O
39,95,PERCENT
39,%,PERCENT
39,in,O
39,ambient,O
39,air,O
39,OR,O
39,lips,O
39,or,O
39,face,O
39,with,O
39,bluish,O
39,color,O
39,.,O
39,Children,O
39,:,O
39,in,O
39,addition,O
39,to,O
39,the,O
39,preceding,O
39,items,O
39,.,O
39,observe,O
39,beating,O
39,of,O
39,wings,O
39,of,O
39,the,O
39,nose,O
39,.,O
39,cyanosis,O
39,.,O
39,intercostal,O
39,mus,O
39,‐,O
39,cle,O
39,straining,O
39,.,O
39,dehydration,O
39,and,O
39,loss,O
39,of,O
39,appetite,O
39,.,O
39,Situation,O
39,1,NUMBER
39,:,O
39,Fever,CAUSE_OF_DEATH
39,AND,O
39,at,O
39,least,O
39,one,NUMBER
39,respiratory,O
39,sign,O
39,or,O
39,symptom,O
39,(,O
39,coughing,O
39,.,O
39,breathing,O
39,difficulty,O
39,.,O
39,beating,O
39,of,O
39,wings,O
39,of,O
39,the,O
39,nose,O
39,.,O
39,among,O
39,others,O
39,),O
39,+,O
39,History,O
39,of,O
39,traveling,O
39,to,O
39,an,O
39,area,O
39,with,O
39,local,O
39,transmission,O
39,in,O
39,the,O
39,14,DURATION
39,days,DURATION
39,prior,O
39,to,O
39,onset,O
39,of,O
39,signs,O
39,or,O
39,symptoms,O
39,.,O
39,Traveler,O
39,:,O
39,Person,O
39,who,O
39,presents,O
39,fever,CAUSE_OF_DEATH
39,AND,O
39,at,O
39,least,O
39,one,NUMBER
39,respiratory,O
39,sign,O
39,or,O
39,symptom,O
39,+,O
39,History,O
39,of,O
39,traveling,O
39,to,O
39,a,O
39,country,O
39,with,O
39,sustained,O
39,transmission,O
39,OR,STATE_OR_PROVINCE
39,area,O
39,with,O
39,local,O
39,transmission,O
39,in,O
39,the,DURATION
39,last,DATE
39,14,DATE
39,days,DATE
39,.,O
39,Situation,O
39,2,NUMBER
39,:,O
39,Fever,CAUSE_OF_DEATH
39,AND,O
39,at,O
39,least,O
39,one,NUMBER
39,respiratory,O
39,sign,O
39,or,O
39,symptom,O
39,+,O
39,history,O
39,of,O
39,close,O
39,contact,O
39,with,O
39,suspected,O
39,case,O
39,of,O
39,COVID,O
39,‐,O
39,19,NUMBER
39,.,O
39,in,O
39,the,DURATION
39,14,DURATION
39,days,DURATION
39,prior,O
39,to,O
39,onset,O
39,of,O
39,signs,O
39,or,O
39,symptoms,O
39,.,O
39,Situation,O
39,3,NUMBER
39,:,O
39,fever,CAUSE_OF_DEATH
39,OR,O
39,at,O
39,least,O
39,one,NUMBER
39,respiratory,O
39,sign,O
39,or,O
39,symptom,O
39,+,O
39,close,O
39,contact,O
39,with,O
39,labo,O
39,‐,O
39,ratory,O
39,‐,O
39,confirmed,O
39,case,O
39,.,O
39,in,O
39,the,DURATION
39,14,DURATION
39,days,DURATION
39,prior,O
39,to,O
39,onset,O
39,of,O
39,signs,O
39,or,O
39,symptoms,O
39,.,O
39,Close,O
39,contact,O
39,:,O
39,Person,O
39,who,O
39,presents,O
39,fever,CAUSE_OF_DEATH
39,OR,O
39,at,O
39,least,O
39,one,NUMBER
39,respiratory,O
39,sign,O
39,or,O
39,symptom,O
39,+,O
39,history,O
39,of,O
39,contact,O
39,with,O
39,sus,O
39,‐,O
39,pected,O
39,or,O
39,confirmed,O
39,case,O
39,of,O
39,COVID,O
39,‐,O
39,19,NUMBER
39,.,O
39,in,O
39,the,DURATION
39,last,DATE
39,14,DATE
39,days,DATE
39,.,O
39,Household,O
39,contact,O
39,:,O
39,person,O
39,who,O
39,presents,O
39,fever,CAUSE_OF_DEATH
39,OR,O
39,at,O
39,least,O
39,one,NUMBER
39,res,O
39,‐,O
39,piratory,O
39,sign,O
39,or,O
39,symptom,O
39,#,O
39,+,O
39,household,O
39,contact,O
39,with,O
39,confirmed,O
39,case,O
39,of,O
39,COVID,O
39,‐,O
39,19,NUMBER
39,in,O
39,the,DURATION
39,last,DATE
39,14,DATE
39,days,DATE
39,.,O
39,#,O
39,observe,O
39,presence,O
39,of,O
39,oth,O
39,‐,O
39,er,O
39,signs,O
39,and,O
39,symptoms,O
39,such,O
39,as,O
39,:,O
39,fatigue,O
39,.,O
39,myalgia,O
39,/,O
39,arthralgia,O
39,.,O
39,headache,O
39,.,O
39,shivering,O
39,.,O
39,red,O
39,patches,O
39,on,O
39,the,O
39,body,O
39,.,O
39,swollen,O
39,lymph,O
39,glands,O
39,.,O
39,diarrhea,O
39,.,O
39,nausea,O
39,.,O
39,vomiting,O
39,.,O
39,dehydration,O
39,and,O
39,loss,O
39,of,O
39,ap,O
39,‐,O
39,petite,O
39,.,O
39,Legend,O
39,:,O
39,COVID,O
39,‐,O
39,19,NUMBER
39,.,O
39,diseases,CAUSE_OF_DEATH
39,caused,O
39,by,O
39,Sars,O
39,‐,O
39,CoV,O
39,‐,O
39,2,NUMBER
39,;,O
39,EB,O
39,.,O
39,Brazilian,ORGANIZATION
39,Health,ORGANIZATION
39,Ministry,ORGANIZATION
39,Epidemiological,ORGANIZATION
39,Bulletin,ORGANIZATION
39,.,O
39,fever,CAUSE_OF_DEATH
39,.,O
39,tiredness,O
39,.,O
39,coughing,O
39,.,O
39,mild,O
39,dyspnea,O
39,.,O
39,anorexia,CAUSE_OF_DEATH
39,.,O
39,sore,O
39,throat,O
39,.,O
39,aching,O
39,body,O
39,.,O
39,headache,O
39,or,O
39,blocked,O
39,nose,O
39,.,O
39,some,O
39,may,O
39,also,O
39,have,O
39,diarrhea,O
39,.,O
39,nau,O
39,‐,O
39,sea,O
39,and,O
39,vomiting,O
39,.,O
39,Signs,O
39,and,O
39,symptoms,O
39,in,O
39,elderly,O
39,and,O
39,immunocompro,O
39,‐,O
39,mised,O
39,people,O
39,may,O
39,be,O
39,atypical,O
39,and,O
39,worsen,O
39,rapidly,O
39,.,O
39,which,O
39,can,O
39,cause,O
39,death,O
39,.,O
39,especially,O
39,in,O
39,the,O
39,case,O
39,of,O
39,the,O
39,elderly,O
39,and,O
39,people,O
39,with,O
39,pre,O
39,‐,O
39,existing,O
39,comorbidities,O
39,.,O
39,The,O
39,case,O
39,definitions,O
39,adopted,O
39,by,O
39,the,O
39,Brazilian,ORGANIZATION
39,Health,ORGANIZATION
39,Ministry,ORGANIZATION
39,were,O
39,established,O
39,in,O
39,February10,O
39,and,O
39,March,DATE
39,were,O
39,initially,O
39,based,O
39,on,O
39,the,O
39,occurrence,O
39,of,O
39,fever,CAUSE_OF_DEATH
39,and,O
39,at,O
39,least,O
39,one,NUMBER
39,respiratory,O
39,sign,O
39,or,O
39,symptom,O
39,.,O
39,with,O
39,a,O
39,history,O
39,of,O
39,the,O
39,per,O
39,‐,O
39,son,O
39,having,O
39,traveled,O
39,to,O
39,places,O
39,with,O
39,local,O
39,transmission,O
39,or,O
39,contact,O
39,with,O
39,a,O
39,confirmed,O
39,case,O
39,.11,NUMBER
39,However,O
39,.,O
39,fever,CAUSE_OF_DEATH
39,is,O
39,not,O
39,necessarily,O
39,present,DATE
39,in,O
39,all,O
39,affected,O
39,individuals,O
39,.7,NUMBER
39,considering,O
39,that,O
39,elderly,O
39,people,O
39,or,O
39,even,O
39,people,O
39,with,O
39,no,O
39,comorbidities,O
39,have,O
39,not,O
39,presented,O
39,this,O
39,specific,O
39,sign,O
39,.,O
39,Moreover,O
39,.,O
39,the,O
39,criterion,O
39,for,O
39,defining,O
39,fever,CAUSE_OF_DEATH
39,is,O
39,not,O
39,standardized,O
39,.,O
39,whereby,O
39,it,O
39,can,O
39,be,O
39,measured,O
39,as,O
39,temperature,O
39,37.5,NUMBER
39,C,O
39,.12,O
39,temperature,O
39,37.8,NUMBER
39,C,O
39,.7,O
39,recorded,O
39,on,O
39,medical,O
39,records,O
39,for,O
39,hos,O
39,‐,O
39,pitalized,O
39,cases13,O
39,or,O
39,even,O
39,reported,O
39,by,O
39,the,O
39,individual,O
39,without,O
39,con,O
39,‐,O
39,firmation,O
39,by,O
39,measuring,O
39,their,O
39,temperature,O
39,.7,NUMBER
39,Be,O
39,that,O
39,as,O
39,it,O
39,may,O
39,.,O
39,the,O
39,most,O
39,common,O
39,signs,O
39,and,O
39,symptoms,O
39,are,O
39,considered,O
39,to,O
39,be,O
39,fever,CAUSE_OF_DEATH
39,(,O
39,tem,O
39,‐,O
39,perature,O
39,37.8,NUMBER
39,C,O
39,),O
39,.,O
39,coughing,O
39,.,O
39,dyspnea,O
39,(,O
39,breathing,O
39,difficulty,O
39,),O
39,.,O
39,myal,O
39,‐,O
39,gia,O
39,and,O
39,fatigue,O
39,.11,NUMBER
39,A,O
39,study,O
39,of,O
39,41,NUMBER
39,confirmed,O
39,cases,O
39,in,O
39,China,COUNTRY
39,identi,O
39,‐,O
39,fied,O
39,that,O
39,98,PERCENT
39,%,PERCENT
39,of,O
39,them,O
39,had,O
39,fever,CAUSE_OF_DEATH
39,.,O
39,followed,O
39,by,O
39,coughing,O
39,(,O
39,76,PERCENT
39,%,PERCENT
39,),O
39,.,O
39,dys,O
39,‐,O
39,pnea,O
39,(,O
39,55,PERCENT
39,%,PERCENT
39,),O
39,and,O
39,myalgia,O
39,/,O
39,fatigue,O
39,(,O
39,44,PERCENT
39,%,PERCENT
39,),O
39,.14,NUMBER
39,Wang,O
39,et,O
39,al.,O
39,15,NUMBER
39,described,O
39,69,NUMBER
39,cases,O
39,in,O
39,China,COUNTRY
39,and,O
39,identified,O
39,that,O
39,some,O
39,15,PERCENT
39,%,PERCENT
39,of,O
39,individuals,O
39,an,O
39,‐,O
39,alyzed,O
39,had,O
39,fever,CAUSE_OF_DEATH
39,.,O
39,coughing,O
39,and,O
39,dyspnea,O
39,.,O
39,A,O
39,case,O
39,report,O
39,in,O
39,Seattle,CITY
39,.,O
39,United,COUNTRY
39,States,COUNTRY
39,.13,O
39,showed,O
39,that,O
39,50,PERCENT
39,%,PERCENT
39,of,O
39,cases,O
39,did,O
39,not,O
39,have,O
39,fever,CAUSE_OF_DEATH
39,and,O
39,that,O
39,coughing,O
39,and,O
39,dyspnea,O
39,were,O
39,the,O
39,most,O
39,reported,O
39,symptoms,O
39,.,O
39,ac,O
39,‐,O
39,counting,O
39,for,O
39,88,PERCENT
39,%,PERCENT
39,of,O
39,cases,O
39,.,O
39,In,O
39,findings,O
39,for,O
39,confirmed,O
39,COVID,O
39,‐,O
39,19,NUMBER
39,cases,O
39,.16,O
39,the,O
39,most,O
39,common,O
39,clinical,O
39,manifestations,O
39,were,O
39,fever,CAUSE_OF_DEATH
39,(,O
39,88.7,PERCENT
39,%,PERCENT
39,[,O
39,95,PERCENT
39,%,PERCENT
39,CI,O
39,84.5,NUMBER
39,;,O
39,92.9,PERCENT
39,%,PERCENT
39,],O
39,),O
39,.,O
39,coughing,O
39,(,O
39,57.6,PERCENT
39,%,PERCENT
39,[,O
39,95,PERCENT
39,%,PERCENT
39,CI,O
39,40.8,NUMBER
39,;,O
39,74.4,PERCENT
39,%,PERCENT
39,],O
39,),O
39,and,O
39,dyspnea,O
39,(,O
39,45.6,PERCENT
39,%,PERCENT
39,[,O
39,95,PERCENT
39,%,PERCENT
39,CI,O
39,10.9,NUMBER
39,;,O
39,80.4,PERCENT
39,%,PERCENT
39,],O
39,),O
39,.,O
39,although,O
39,they,O
39,may,O
39,not,O
39,be,O
39,present,DATE
39,.,O
39,Prevalence,O
39,of,O
39,fever,CAUSE_OF_DEATH
39,was,O
39,greater,O
39,in,O
39,adults,O
39,than,O
39,in,O
39,chil,O
39,‐,O
39,dren,O
39,.16,NUMBER
39,Epidemiol,O
39,.,O
39,Serv,O
39,.,O
39,Saude,PERSON
39,.,O
39,Braslia,LOCATION
39,.,O
39,29,NUMBER
39,(,O
39,3,NUMBER
39,),O
39,:,O
39,e2020233,O
39,.,O
39,2020,DATE
39,Suspected,O
39,COVID,O
39,‐,O
39,19,NUMBER
39,case,O
39,definition,O
39,There,O
39,are,O
39,also,O
39,reports,O
39,of,O
39,less,O
39,common,O
39,symptoms,O
39,that,O
39,are,O
39,hard,O
39,to,O
39,measure,O
39,objectively,O
39,.,O
39,such,O
39,as,O
39,anosmia,O
39,(,O
39,loss,O
39,of,O
39,sense,O
39,of,O
39,smell,O
39,),O
39,.,O
39,hyposmia,O
39,(,O
39,reduction,O
39,in,O
39,sense,O
39,of,O
39,smell,O
39,),O
39,and,O
39,ageusia,O
39,(,O
39,loss,O
39,of,O
39,sense,O
39,of,O
39,taste,O
39,),O
39,.,O
39,Specialist,TITLE
39,organiza,O
39,‐,O
39,tions,O
39,propose,O
39,that,O
39,anosmia,O
39,.,O
39,hyposmia,O
39,and,O
39,ageusia,O
39,should,O
39,be,O
39,in,O
39,‐,O
39,cluded,O
39,as,O
39,part,O
39,of,O
39,screening,O
39,for,O
39,SARS,O
39,‐,O
39,CoV,O
39,‐,O
39,2,NUMBER
39,infection,CAUSE_OF_DEATH
39,.,O
39,principally,O
39,in,O
39,the,O
39,absence,O
39,of,O
39,other,O
39,respiratory,CAUSE_OF_DEATH
39,diseases,CAUSE_OF_DEATH
39,.,O
39,such,O
39,as,O
39,allergic,O
39,rhinitis,O
39,and,O
39,acute,O
39,or,O
39,chronic,O
39,rhinosinusitis,O
39,.17,NUMBER
39,There,O
39,is,O
39,evidence,O
39,of,O
39,a,O
39,significant,O
39,number,O
39,of,O
39,people,O
39,who,O
39,developed,O
39,these,O
39,symptoms,O
39,and,O
39,later,O
39,had,O
39,positive,O
39,COVID,O
39,‐,O
39,19,NUMBER
39,test,O
39,results,O
39,.18,NUMBER
39,‐,O
39,20,NUMBER
39,A,O
39,study,O
39,with,O
39,hospitalized,O
39,individuals,O
39,who,O
39,tested,O
39,positive,O
39,for,O
39,COVID,O
39,‐,O
39,19,NUMBER
39,in,O
39,Italy19,O
39,found,O
39,that,O
39,33.9,PERCENT
39,%,PERCENT
39,of,O
39,them,O
39,had,O
39,either,O
39,changes,O
39,to,O
39,sense,O
39,of,O
39,smell,O
39,or,O
39,taste,O
39,while,O
39,18.6,PERCENT
39,%,PERCENT
39,had,O
39,changes,O
39,to,O
39,both,O
39,.,O
39,Loss,O
39,of,O
39,sense,O
39,of,O
39,taste,O
39,occurred,O
39,in,O
39,91,PERCENT
39,%,PERCENT
39,before,O
39,they,O
39,were,O
39,hospitalized,O
39,.,O
39,These,O
39,symp,O
39,‐,O
39,toms,O
39,were,O
39,more,O
39,frequently,O
39,reported,O
39,by,O
39,women,O
39,(,O
39,52.6,PERCENT
39,%,PERCENT
39,versus,O
39,25,PERCENT
39,%,PERCENT
39,),O
39,and,O
39,by,O
39,less,O
39,elderly,O
39,people,O
39,(,O
39,median,O
39,of,O
39,56,DURATION
39,years,DURATION
39,.,O
39,IQR,O
39,47,NUMBER
39,‐,O
39,60,DURATION
39,years,DURATION
39,versus,O
39,66,DURATION
39,years,DURATION
39,.,O
39,IQR,O
39,52,NUMBER
39,‐,O
39,77,NUMBER
39,),O
39,.,O
39,In,O
39,Germany,COUNTRY
39,.,O
39,anosmia,O
39,was,O
39,found,O
39,in,O
39,more,O
39,than,O
39,two,NUMBER
39,thirds,O
39,of,O
39,individuals,O
39,studied,O
39,.,O
39,while,O
39,Italian,NATIONALITY
39,and,O
39,Swiss,NATIONALITY
39,doctors,O
39,are,O
39,reporting,O
39,similar,O
39,symptoms,O
39,.,O
39,with,O
39,many,O
39,also,O
39,hav,O
39,‐,O
39,ing,O
39,ageusia,O
39,.,O
39,In,O
39,South,COUNTRY
39,Korea,COUNTRY
39,.,O
39,anosmia,O
39,was,O
39,the,O
39,main,O
39,symptom,O
39,in,O
39,30,PERCENT
39,%,PERCENT
39,of,O
39,respondents,O
39,with,O
39,COVID,O
39,‐,O
39,19.18,NUMBER
39,In,O
39,a,O
39,cross,O
39,‐,O
39,sectional,O
39,study,O
39,with,O
39,204,NUMBER
39,laboratoryconfirmed,O
39,cases,O
39,in,O
39,China,COUNTRY
39,.21,NUMBER
39,gastrointestinal,O
39,symp,O
39,‐,O
39,toms,O
39,were,O
39,reported,O
39,by,O
39,50.5,PERCENT
39,%,PERCENT
39,at,O
39,the,O
39,time,DATE
39,they,O
39,were,O
39,admitted,O
39,to,O
39,hospital,O
39,.,O
39,in,O
39,addition,O
39,to,O
39,fever,CAUSE_OF_DEATH
39,and,O
39,respiratory,O
39,symptoms,O
39,.,O
39,Their,O
39,symptoms,O
39,included,O
39,ageusia,O
39,.,O
39,reported,O
39,by,O
39,78.6,PERCENT
39,%,PERCENT
39,of,O
39,cases,O
39,.,O
39,diarrhea,O
39,in,O
39,34,PERCENT
39,%,PERCENT
39,of,O
39,cases,O
39,.,O
39,as,O
39,well,O
39,as,O
39,vomiting,O
39,(,O
39,3.9,PERCENT
39,%,PERCENT
39,),O
39,and,O
39,abdominal,O
39,pain,O
39,(,O
39,1.9,PERCENT
39,%,PERCENT
39,),O
39,.,O
39,In,O
39,a,O
39,retrospective,O
39,study,O
39,conducted,O
39,in,O
39,the,O
39,Chinese,NATIONALITY
39,Prov,O
39,‐,O
39,ince,O
39,of,O
39,Zhejiang,STATE_OR_PROVINCE
39,.22,O
39,with,O
39,651,NUMBER
39,people,O
39,hospitalized,O
39,with,O
39,diagnosis,O
39,of,O
39,COVID,O
39,‐,O
39,19,NUMBER
39,.,O
39,11.4,PERCENT
39,%,PERCENT
39,had,O
39,gastrointestinal,O
39,symptoms,O
39,when,O
39,they,O
39,were,O
39,admitted,O
39,to,O
39,hospital,O
39,.,O
39,The,O
39,most,O
39,prevalent,O
39,digestive,O
39,symptoms,O
39,were,O
39,diarrhea,O
39,(,O
39,71.62,PERCENT
39,%,PERCENT
39,),O
39,.,O
39,vomiting,O
39,(,O
39,14.86,PERCENT
39,%,PERCENT
39,),O
39,and,O
39,nausea,O
39,(,O
39,13.51,PERCENT
39,%,PERCENT
39,),O
39,.,O
39,Diag,O
39,‐,O
39,nosis,O
39,criteria,O
39,In,O
39,the,O
39,document,O
39,entitled,O
39,Guidelines,O
39,for,O
39,COVID,O
39,‐,O
39,19,NUMBER
39,Diagnosis,O
39,and,O
39,Treatment,O
39,.,O
39,given,O
39,the,O
39,inespecificity,O
39,and,O
39,heterogene,O
39,‐,O
39,ity,O
39,of,O
39,clinical,O
39,presentation,O
39,.,O
39,the,O
39,Ministry,ORGANIZATION
39,of,ORGANIZATION
39,Health,ORGANIZATION
39,considers,O
39,a,O
39,confirmed,O
39,case,O
39,to,O
39,be,O
39,a,O
39,case,O
39,with,O
39,conclusive,O
39,laboratory,O
39,confirma,O
39,‐,O
39,tion,O
39,of,O
39,SARS,O
39,‐,O
39,CoV,O
39,‐,O
39,2,NUMBER
39,.,O
39,regardless,O
39,of,O
39,signs,O
39,or,O
39,symptoms,O
39,.11,NUMBER
39,However,O
39,.,O
39,in,O
39,the,O
39,absence,O
39,of,O
39,confirmatory,O
39,diagnostic,O
39,tests,O
39,for,O
39,all,O
39,suspect,O
39,cases,O
39,.,O
39,health,O
39,services,O
39,have,O
39,had,O
39,to,O
39,adopt,O
39,a,O
39,very,O
39,sensitive,O
39,suspect,O
39,case,O
39,definition,O
39,.,O
39,especially,O
39,for,O
39,cases,O
39,with,O
39,mild,O
39,symptoms,O
39,.,O
39,consid,O
39,‐,O
39,ering,O
39,the,O
39,symptoms,O
39,reported,O
39,by,O
39,individuals,O
39,.,O
39,in,O
39,view,O
39,of,O
39,the,O
39,recom,O
39,‐,O
39,mendation,O
39,for,O
39,people,O
39,not,O
39,to,O
39,go,O
39,to,O
39,hospitals,O
39,or,O
39,health,O
39,centers,O
39,for,O
39,clinical,O
39,evaluation,O
39,.,O
39,in,O
39,the,O
39,absence,O
39,of,O
39,breathing,O
39,discomfort,O
39,as,O
39,a,O
39,sign,O
39,of,O
39,the,O
39,disease,CAUSE_OF_DEATH
39,becoming,O
39,worse,O
39,.8,NUMBER
39,As,O
39,such,O
39,.,O
39,using,O
39,the,O
39,clini,O
39,‐,O
39,cal,O
39,/,O
39,epidemiological,O
39,criterion,O
39,.,O
39,a,O
39,suspect,O
39,FS,O
39,or,O
39,SARS,O
39,case,O
39,is,O
39,con,O
39,‐,O
39,sidered,O
39,to,O
39,be,O
39,when,O
39,there,O
39,is,O
39,a,O
39,history,O
39,of,O
39,close,O
39,or,O
39,household,O
39,con,O
39,‐,O
39,tact,O
39,with,O
39,a,O
39,laboratory,O
39,confirmed,O
39,COVID,O
39,‐,O
39,19,NUMBER
39,case,O
39,during,O
39,the,O
39,seven,NUMBER
39,days,DURATION
39,prior,O
39,to,O
39,onset,O
39,of,O
39,symptoms,O
39,and,O
39,when,O
39,it,O
39,was,O
39,not,O
39,possible,O
39,to,O
39,perform,O
39,specific,O
39,laboratory,O
39,investigation,O
39,.,O
39,As,O
39,such,O
39,.,O
39,any,O
39,flu,CAUSE_OF_DEATH
39,‐,O
39,like,O
39,symptom,O
39,has,O
39,been,O
39,considered,O
39,to,O
39,indicate,O
39,a,O
39,suspect,O
39,case,O
39,.,O
39,above,O
39,all,O
39,with,O
39,the,O
39,aim,O
39,of,O
39,individual,O
39,isolation,O
39,so,O
39,as,O
39,to,O
39,avoid,O
39,virus,O
39,trans,O
39,‐,O
39,mission,O
39,.,O
39,Notwithstanding,O
39,.,O
39,it,O
39,is,O
39,known,O
39,that,O
39,the,O
39,majority,O
39,of,O
39,these,O
39,cases,O
39,considered,O
39,to,O
39,be,O
39,suspect,O
39,will,O
39,not,O
39,be,O
39,confirmed,O
39,.,O
39,unless,O
39,they,O
39,get,O
39,worse,O
39,and,O
39,need,O
39,to,O
39,be,O
39,hospitalized,O
39,.,O
39,or,O
39,voluntarily,O
39,have,O
39,rapid,O
39,tests,O
39,available,O
39,in,O
39,some,O
39,places,O
39,.,O
39,According,O
39,to,O
39,the,O
39,Ministry,O
39,of,O
39,Health,O
39,.,O
39,stratification,O
39,of,O
39,the,O
39,severity,O
39,of,O
39,suspect,O
39,FS,O
39,cases,O
39,should,O
39,take,O
39,place,O
39,during,O
39,a,O
39,medical,O
39,consultation,O
39,.,O
39,indicating,O
39,that,O
39,mild,O
39,cases,O
39,(,O
39,without,O
39,dyspnea,O
39,or,O
39,signs,O
39,and,O
39,symptoms,O
39,of,O
39,severity,O
39,),O
39,can,O
39,be,O
39,accompanied,O
39,completely,O
39,by,O
39,Primary,ORGANIZATION
39,Health,ORGANIZATION
39,Care,ORGANIZATION
39,and,O
39,Family,O
39,Health,O
39,Strategy,O
39,(,O
39,PHC,O
39,/,O
39,FHS,ORGANIZATION
39,),O
39,services,O
39,in,O
39,view,O
39,of,O
39,these,O
39,cases,O
39,being,O
39,less,O
39,se,O
39,‐,O
39,vere,O
39,.8,NUMBER
39,Those,O
39,who,O
39,have,O
39,FS,O
39,with,O
39,dyspnea,O
39,or,O
39,signs,O
39,and,O
39,symptoms,O
39,of,O
39,severity,O
39,.,O
39,or,O
39,together,O
39,with,O
39,comorbidities,O
39,that,O
39,contraindicate,O
39,home,O
39,isolation,O
39,.,O
39,need,O
39,stabilization,O
39,at,O
39,in,O
39,PHC,O
39,/,O
39,FHS,ORGANIZATION
39,services,O
39,and,O
39,referral,O
39,to,O
39,Reference,O
39,/,O
39,Urgency,O
39,/,O
39,Hospital,O
39,centers,O
39,for,O
39,24,NUMBER
39,‐,O
39,hour,DURATION
39,observation,O
39,or,O
39,interventions,O
39,involving,O
39,greater,O
39,technological,O
39,density,O
39,.,O
39,For,O
39,these,O
39,people,O
39,who,O
39,seek,O
39,care,O
39,at,O
39,a,O
39,health,O
39,service,O
39,facility,O
39,.,O
39,suspect,O
39,find,O
39,‐,O
39,ings,O
39,in,O
39,laboratory,O
39,tests,O
39,and,O
39,in,O
39,images,O
39,can,O
39,be,O
39,used,O
39,as,O
39,indications,O
39,of,O
39,the,O
39,disease,CAUSE_OF_DEATH
39,.,O
39,assisting,O
39,with,O
39,suspect,O
39,case,O
39,diagnosis,O
39,.16.23,O
39,Molecular,O
39,tests,O
39,.,O
39,such,O
39,as,O
39,reverse,O
39,transcription,O
39,polymerase,O
39,chain,O
39,reaction,O
39,(,O
39,RT,MISC
39,‐,MISC
39,PCR,MISC
39,),O
39,.,O
39,which,O
39,identify,O
39,SARS,O
39,‐,O
39,CoV,O
39,‐,O
39,2,NUMBER
39,virus,O
39,RNA,MISC
39,.,O
39,should,O
39,be,O
39,used,O
39,between,O
39,the,O
39,3rd,ORDINAL
39,and,DATE
39,7th,DATE
39,day,DATE
39,of,O
39,symptoms,O
39,using,O
39,nasopharyngeal,O
39,secretion,O
39,samples,O
39,.,O
39,in,O
39,order,O
39,to,O
39,ensure,O
39,greater,O
39,precision,O
39,of,O
39,the,O
39,method,O
39,and,O
39,to,O
39,reduce,O
39,false,O
39,‐,O
39,negative,O
39,results,O
39,.24,NUMBER
39,Due,O
39,to,O
39,the,O
39,high,O
39,them,O
39,.,O
39,RT,O
39,‐,O
39,PCR,O
39,tests,O
39,are,O
39,used,O
39,for,O
39,hospitalized,O
39,symptomatic,O
39,individ,O
39,‐,O
39,uals,O
39,and,O
39,health,O
39,workers,O
39,.,O
39,Immunochromatographic,O
39,serological,O
39,tests,O
39,.,O
39,known,O
39,as,O
39,rapid,O
39,tests,O
39,.,O
39,have,O
39,become,O
39,an,O
39,option,O
39,for,O
39,people,O
39,with,O
39,light,O
39,to,O
39,moderate,O
39,symptoms,O
39,who,O
39,do,O
39,not,O
39,require,O
39,hospitalization,O
39,;,O
39,for,O
39,the,O
39,general,TITLE
39,population,O
39,.,O
39,when,O
39,screening,O
39,asymptomatic,O
39,cases,O
39,;,O
39,6,NUMBER
39,and,O
39,Epi,PERSON
39,‐,PERSON
39,demiol,O
39,.,O
39,Serv,O
39,.,O
39,Saude,PERSON
39,.,O
39,Braslia,LOCATION
39,.,O
39,29,NUMBER
39,(,O
39,3,NUMBER
39,),O
39,:,O
39,e2020233,O
39,.,O
39,2020,DATE
39,Betine,PERSON
39,Pinto,PERSON
39,Moehlecke,PERSON
39,Iser,PERSON
39,et,O
39,al,O
39,.,O
39,for,O
39,observing,O
39,immunity,O
39,/,O
39,recovery,O
39,of,O
39,con,O
39,‐,O
39,firmed,O
39,cases,O
39,.,O
39,In,O
39,this,O
39,case,O
39,.,O
39,rapid,O
39,tests,O
39,should,O
39,be,O
39,used,O
39,after,O
39,seven,DURATION
39,days,DURATION
39,following,O
39,onset,O
39,of,O
39,symptoms,O
39,.25,NUMBER
39,Development,O
39,of,O
39,a,O
39,sero,O
39,‐,O
39,logical,O
39,response,O
39,to,O
39,virus,O
39,infection,CAUSE_OF_DEATH
39,depends,O
39,on,O
39,the,O
39,host,TITLE
39,and,O
39,takes,O
39,time,O
39,.,O
39,In,O
39,the,O
39,case,O
39,of,O
39,SARS,O
39,‐,O
39,CoV,O
39,‐,O
39,2,NUMBER
39,.,O
39,initial,O
39,studies,O
39,suggest,O
39,that,O
39,the,O
39,majority,O
39,of,O
39,cases,O
39,seroconvert,O
39,between,O
39,7,NUMBER
39,and,O
39,11,DURATION
39,days,DURATION
39,following,O
39,ex,O
39,‐,O
39,posure,O
39,to,O
39,the,O
39,virus,O
39,.,O
39,As,O
39,a,O
39,result,O
39,of,O
39,this,O
39,natural,O
39,delay,O
39,.,O
39,an,O
39,anti,O
39,‐,O
39,body,O
39,test,O
39,may,O
39,not,O
39,be,O
39,useful,O
39,in,O
39,the,O
39,case,O
39,of,O
39,acute,O
39,disease,CAUSE_OF_DEATH
39,or,O
39,for,O
39,early,O
39,assessment,O
39,of,O
39,infection,CAUSE_OF_DEATH
39,.,O
39,Moreover,O
39,.,O
39,the,O
39,sensitivity,O
39,and,O
39,specificity,O
39,of,O
39,serological,O
39,tests,O
39,varies,O
39,according,O
39,to,O
39,the,O
39,manufac,O
39,‐,O
39,turer,O
39,.,O
39,In,O
39,general,TITLE
39,.,O
39,the,O
39,sensitivity,O
39,of,O
39,the,O
39,tests,O
39,approved,O
39,in,O
39,Brazil,COUNTRY
39,by,O
39,the,O
39,National,ORGANIZATION
39,Health,ORGANIZATION
39,Surveillance,ORGANIZATION
39,Agency,ORGANIZATION
39,(,O
39,ANVISA,O
39,),O
39,was,O
39,greater,O
39,than,O
39,85,PERCENT
39,%,PERCENT
39,.,O
39,and,O
39,specificity,O
39,was,O
39,greater,O
39,than,O
39,94,PERCENT
39,%,PERCENT
39,.4,NUMBER
39,It,O
39,is,O
39,important,O
39,to,O
39,highlight,O
39,that,O
39,diagnostic,O
39,tests,O
39,with,O
39,low,O
39,sensitivity,O
39,can,O
39,result,O
39,in,O
39,a,O
39,higher,O
39,proportion,O
39,of,O
39,false,O
39,‐,O
39,negative,O
39,results,O
39,.,O
39,and,O
39,this,O
39,could,O
39,interfere,O
39,in,O
39,the,O
39,social,O
39,isolation,O
39,measures,O
39,adopted,O
39,.,O
39,principally,O
39,for,O
39,asymptomatic,O
39,individuals,O
39,.,O
39,thus,O
39,having,O
39,a,O
39,direct,O
39,influence,O
39,on,O
39,virus,O
39,transmissibility,O
39,.,O
39,As,O
39,such,O
39,.,O
39,SARS,O
39,‐,O
39,CoV,O
39,‐,O
39,2,NUMBER
39,anti,O
39,‐,O
39,body,O
39,tests,O
39,can,O
39,facilitate,O
39,contact,O
39,screening,O
39,;,O
39,serological,O
39,surveil,O
39,‐,O
39,lance,O
39,at,O
39,the,O
39,local,O
39,.,O
39,regional,O
39,.,O
39,state,O
39,and,O
39,national,O
39,level,O
39,;,O
39,and,O
39,iden,O
39,‐,O
39,tification,O
39,of,O
39,those,O
39,who,O
39,have,O
39,already,O
39,been,O
39,exposed,O
39,and,O
39,may,O
39,possi,O
39,‐,O
39,bly,O
39,be,O
39,immune,O
39,.,O
39,considering,O
39,the,O
39,existence,O
39,of,O
39,protective,O
39,immunity,O
39,.,O
39,Characteristics,O
39,of,O
39,case,O
39,severity,O
39,Some,O
39,COVID,O
39,‐,O
39,19,NUMBER
39,cases,O
39,have,O
39,serious,O
39,complications,CAUSE_OF_DEATH
39,.,O
39,leading,O
39,to,O
39,the,O
39,need,O
39,for,O
39,care,O
39,in,O
39,intensive,O
39,therapy,O
39,units,O
39,(,O
39,ITU,O
39,),O
39,or,O
39,even,O
39,leading,O
39,to,O
39,death,O
39,.,O
39,According,O
39,to,O
39,the,O
39,Ministry,O
39,of,O
39,Health,O
39,.,O
39,besides,O
39,the,O
39,percentage,O
39,of,O
39,asymptomatic,O
39,cases,O
39,.,O
39,among,O
39,those,O
39,who,O
39,have,O
39,COVID,O
39,‐,O
39,19,NUMBER
39,.,O
39,around,O
39,80,PERCENT
39,%,PERCENT
39,are,O
39,mild,O
39,cases,O
39,.,O
39,14,PERCENT
39,%,PERCENT
39,are,O
39,se,O
39,‐,O
39,vere,O
39,cases,O
39,and,O
39,5,PERCENT
39,%,PERCENT
39,are,O
39,critical,O
39,cases,O
39,.7,NUMBER
39,As,O
39,for,O
39,more,O
39,complex,O
39,cases,O
39,.,O
39,they,O
39,either,O
39,progress,O
39,from,O
39,the,O
39,initial,O
39,symptoms,O
39,mentioned,O
39,above,O
39,.,O
39,or,O
39,they,O
39,already,O
39,manifest,O
39,SARS,O
39,‐,O
39,CoV,O
39,‐,O
39,2,NUMBER
39,infection,CAUSE_OF_DEATH
39,through,O
39,SARS,O
39,.,O
39,by,O
39,having,O
39,dyspnea,O
39,or,O
39,clinical,O
39,signs,O
39,such,O
39,as,O
39,reduction,O
39,in,O
39,saturation,O
39,or,O
39,cyanosis,O
39,.8,NUMBER
39,In,O
39,addition,O
39,to,O
39,the,O
39,higher,O
39,mortality,O
39,rate,O
39,due,O
39,to,O
39,SARS,O
39,.,O
39,there,O
39,is,O
39,also,O
39,a,O
39,group,O
39,considered,O
39,to,O
39,be,O
39,at,O
39,risk,O
39,because,O
39,of,O
39,greater,O
39,lethality,O
39,.,O
39,Those,O
39,belonging,O
39,to,O
39,this,O
39,group,O
39,are,O
39,:,O
39,elderly,O
39,people,O
39,aged,O
39,60,NUMBER
39,and,O
39,over,O
39,.,O
39,high,O
39,‐,O
39,risk,O
39,pregnant,O
39,women,O
39,and,O
39,people,O
39,with,O
39,a,O
39,variety,O
39,of,O
39,comorbidities,O
39,.9,NUMBER
39,As,O
39,such,O
39,.,O
39,individuals,O
39,of,O
39,all,O
39,ages,O
39,who,O
39,have,O
39,chronic,O
39,diseases,CAUSE_OF_DEATH
39,related,O
39,to,O
39,the,O
39,lungs,O
39,.,O
39,asthma,CAUSE_OF_DEATH
39,.,O
39,those,O
39,who,O
39,currently,DATE
39,have,O
39,tuberculosis,CAUSE_OF_DEATH
39,or,O
39,sequelae,O
39,of,O
39,previous,O
39,tuberculosis,CAUSE_OF_DEATH
39,.,O
39,diabetes,CAUSE_OF_DEATH
39,.,O
39,hypertension,CAUSE_OF_DEATH
39,.,O
39,severe,O
39,obesity,O
39,.,O
39,chronic,O
39,kidney,CAUSE_OF_DEATH
39,disease,CAUSE_OF_DEATH
39,.,O
39,liver,CAUSE_OF_DEATH
39,disease,CAUSE_OF_DEATH
39,.,O
39,immunodeficiency,O
39,and,O
39,heart,O
39,problems,O
39,also,O
39,belong,O
39,to,O
39,the,O
39,risk,O
39,group,O
39,.,O
39,Recent,O
39,studies12,O
39,.26,O
39,‐,O
39,28,NUMBER
39,report,O
39,diabetes,CAUSE_OF_DEATH
39,mellitus,CAUSE_OF_DEATH
39,.,O
39,systemic,O
39,arterial,O
39,hypertension,CAUSE_OF_DEATH
39,.,O
39,cerebrovascular,CAUSE_OF_DEATH
39,disease,CAUSE_OF_DEATH
39,and,O
39,age,O
39,as,O
39,more,O
39,decisive,O
39,risk,O
39,factors,O
39,in,O
39,relation,O
39,to,O
39,hospitalization,O
39,in,O
39,ITUs,O
39,and,O
39,death,O
39,.,O
39,A,O
39,retrospective,O
39,study,O
39,that,O
39,assessed,O
39,neurological,O
39,aspects,O
39,of,O
39,confirmed,O
39,COVID,O
39,‐,O
39,19,NUMBER
39,cases29,O
39,indicated,O
39,that,O
39,41.1,PERCENT
39,%,PERCENT
39,were,O
39,considered,O
39,severe,O
39,.,O
39,Compared,O
39,to,O
39,the,O
39,milder,O
39,cases,O
39,.,O
39,the,O
39,severe,O
39,cases,O
39,were,O
39,older,O
39,individuals,O
39,(,O
39,58.7,NUMBER
39,15.0,DURATION
39,years,DURATION
39,versus,O
39,48.9,NUMBER
39,14.7,NUMBER
39,years,DURATION
39,),O
39,.,O
39,had,O
39,more,O
39,comorbidities,O
39,(,O
39,42,NUMBER
39,[,O
39,47.7,PERCENT
39,%,PERCENT
39,],O
39,versus,O
39,41,NUMBER
39,[,O
39,32.5,PERCENT
39,%,PERCENT
39,],O
39,),O
39,.,O
39,especially,O
39,hypertension,CAUSE_OF_DEATH
39,(,O
39,32,NUMBER
39,[,O
39,36.4,PERCENT
39,%,PERCENT
39,],O
39,versus,O
39,19,NUMBER
39,[,O
39,15.1,PERCENT
39,%,PERCENT
39,],O
39,),O
39,.,O
39,and,O
39,had,O
39,fewer,O
39,symptoms,O
39,considered,O
39,to,O
39,be,O
39,typical,O
39,.,O
39,such,O
39,as,O
39,fever,CAUSE_OF_DEATH
39,(,O
39,40,NUMBER
39,[,O
39,45.5,PERCENT
39,%,PERCENT
39,],O
39,versus,O
39,92,NUMBER
39,[,O
39,73,PERCENT
39,%,PERCENT
39,],O
39,),O
39,and,O
39,coughing,O
39,(,O
39,30,NUMBER
39,[,O
39,34.1,PERCENT
39,%,PERCENT
39,],O
39,versus,O
39,77,NUMBER
39,[,O
39,61.1,PERCENT
39,%,PERCENT
39,],O
39,),O
39,.,O
39,Another,O
39,study,O
39,that,O
39,described,O
39,the,O
39,characteristics,O
39,of,O
39,cases,O
39,that,O
39,died,O
39,compared,O
39,to,O
39,cases,O
39,that,O
39,recovered30,O
39,found,O
39,at,O
39,least,O
39,one,NUMBER
39,chronic,O
39,disease,CAUSE_OF_DEATH
39,with,O
39,greater,O
39,frequency,O
39,among,O
39,cases,O
39,that,O
39,died,O
39,(,O
39,63,PERCENT
39,%,PERCENT
39,of,O
39,those,O
39,who,O
39,died,O
39,and,O
39,39,PERCENT
39,%,PERCENT
39,of,O
39,those,O
39,who,O
39,recovered,O
39,),O
39,.,O
39,whereby,O
39,the,O
39,main,O
39,diseases,CAUSE_OF_DEATH
39,were,O
39,:,O
39,systemic,O
39,arterial,O
39,hypertension,CAUSE_OF_DEATH
39,(,O
39,48,PERCENT
39,%,PERCENT
39,),O
39,.,O
39,cardiovascular,CAUSE_OF_DEATH
39,diseases,CAUSE_OF_DEATH
39,(,O
39,14,PERCENT
39,%,PERCENT
39,),O
39,and,O
39,cerebrovascular,O
39,diseases,CAUSE_OF_DEATH
39,(,O
39,4,PERCENT
39,%,PERCENT
39,),O
39,.,O
39,versus,O
39,24,PERCENT
39,%,PERCENT
39,.,O
39,4,PERCENT
39,%,PERCENT
39,and,O
39,0,PERCENT
39,%,PERCENT
39,.,O
39,respectively,O
39,.,O
39,in,O
39,recovered,O
39,cases,O
39,.,O
39,The,O
39,fol,O
39,‐,O
39,lowing,O
39,were,O
39,also,O
39,found,O
39,to,O
39,be,O
39,more,O
39,frequent,O
39,among,O
39,those,O
39,who,O
39,died,O
39,:,O
39,dyspnea,O
39,(,O
39,62,PERCENT
39,%,PERCENT
39,versus,O
39,31,PERCENT
39,%,PERCENT
39,),O
39,.,O
39,tight,O
39,chest,O
39,(,O
39,49,PERCENT
39,%,PERCENT
39,versus,O
39,30,PERCENT
39,%,PERCENT
39,),O
39,and,O
39,loss,O
39,of,O
39,consciousness,O
39,(,O
39,22,PERCENT
39,%,PERCENT
39,versus,O
39,1,PERCENT
39,%,PERCENT
39,),O
39,;,O
39,lymphopenia,O
39,(,O
39,39,PERCENT
39,%,PERCENT
39,),O
39,and,O
39,leukocy,O
39,‐,O
39,tosis,O
39,(,O
39,50,PERCENT
39,%,PERCENT
39,),O
39,(,O
39,versus,O
39,5,PERCENT
39,%,PERCENT
39,and,O
39,4,PERCENT
39,%,PERCENT
39,of,O
39,those,O
39,who,O
39,recovered,O
39,.,O
39,respective,O
39,‐,O
39,ly,O
39,),O
39,.,O
39,saturation,O
39,93,PERCENT
39,%,PERCENT
39,(,O
39,64,PERCENT
39,%,PERCENT
39,versus,O
39,12,PERCENT
39,%,PERCENT
39,),O
39,.,O
39,tachycardia,O
39,(,O
39,50,PERCENT
39,%,PERCENT
39,versus,O
39,30,PERCENT
39,%,PERCENT
39,),O
39,and,O
39,tachypnea,O
39,(,O
39,27,PERCENT
39,%,PERCENT
39,versus,O
39,3,PERCENT
39,%,PERCENT
39,),O
39,.,O
39,as,O
39,well,O
39,as,O
39,complications,CAUSE_OF_DEATH
39,that,O
39,can,O
39,arise,O
39,from,O
39,the,O
39,length,O
39,of,O
39,time,O
39,spent,O
39,in,O
39,ITUs,O
39,and,O
39,the,O
39,need,O
39,for,O
39,invasive,O
39,procedures,O
39,.,O
39,The,O
39,study,O
39,conducted,O
39,by,O
39,Wang,PERSON
39,et,O
39,al.,O
39,15,NUMBER
39,as,O
39,‐,O
39,sessed,O
39,69,NUMBER
39,people,O
39,with,O
39,COVID,O
39,‐,O
39,19,NUMBER
39,in,O
39,Wuhan,CITY
39,.,O
39,China,COUNTRY
39,.,O
39,and,O
39,indicated,O
39,that,O
39,all,O
39,those,O
39,who,O
39,had,O
39,saturation,O
39,90,PERCENT
39,%,PERCENT
39,(,O
39,n,O
39,=,O
39,14.20,PERCENT
39,%,PERCENT
39,),O
39,died,O
39,.,O
39,and,O
39,that,O
39,those,O
39,who,O
39,died,O
39,were,O
39,older,O
39,(,O
39,median,O
39,of,O
39,70.5,DURATION
39,years,DURATION
39,versus,O
39,37,DURATION
39,years,DURATION
39,),O
39,.,O
39,with,O
39,comorbidities,O
39,such,O
39,as,O
39,systemic,O
39,arterial,O
39,hypertension,CAUSE_OF_DEATH
39,(,O
39,36,PERCENT
39,%,PERCENT
39,versus,O
39,7,PERCENT
39,%,PERCENT
39,),O
39,.,O
39,cardiovascular,CAUSE_OF_DEATH
39,disease,CAUSE_OF_DEATH
39,(,O
39,36,PERCENT
39,%,PERCENT
39,versus,O
39,5,PERCENT
39,%,PERCENT
39,),O
39,and,O
39,diabetes,CAUSE_OF_DEATH
39,mellitus,O
39,(,O
39,43,PERCENT
39,%,PERCENT
39,versus,O
39,2,PERCENT
39,%,PERCENT
39,),O
39,.,O
39,and,O
39,had,O
39,a,O
39,substantial,O
39,increase,O
39,in,O
39,in,O
39,‐,O
39,flammatory,O
39,cytokines,O
39,.,O
39,Fever,CAUSE_OF_DEATH
39,was,O
39,evident,O
39,at,O
39,the,O
39,onset,O
39,of,O
39,symptoms,O
39,(,O
39,93,PERCENT
39,%,PERCENT
39,versus,O
39,85,PERCENT
39,%,PERCENT
39,),O
39,and,O
39,on,O
39,the,DATE
39,10th,DATE
39,day,DATE
39,of,O
39,illness,CAUSE_OF_DEATH
39,(,O
39,64,PERCENT
39,%,PERCENT
39,versus,O
39,38,PERCENT
39,%,PERCENT
39,),O
39,.,O
39,Dyspnea,PERSON
39,(,O
39,50,PERCENT
39,%,PERCENT
39,versus,O
39,24,PERCENT
39,%,PERCENT
39,),O
39,and,O
39,lymphopenia,O
39,(,O
39,79,PERCENT
39,%,PERCENT
39,versus,O
39,32,PERCENT
39,%,PERCENT
39,),O
39,were,O
39,also,O
39,more,O
39,frequent,O
39,in,O
39,this,O
39,group,O
39,.,O
39,A,O
39,study,O
39,that,O
39,investigated,O
39,the,O
39,characteristics,O
39,and,O
39,the,O
39,prognosis,O
39,factors,O
39,of,O
39,COVID,O
39,‐,O
39,19,NUMBER
39,infection,CAUSE_OF_DEATH
39,in,O
39,a,O
39,sample,O
39,Epidemiol,O
39,.,O
39,Serv,O
39,.,O
39,Saude,PERSON
39,.,O
39,Braslia,LOCATION
39,.,O
39,29,NUMBER
39,(,O
39,3,NUMBER
39,),O
39,:,O
39,e2020233,O
39,.,O
39,2020,DATE
39,Suspected,O
39,COVID,O
39,‐,O
39,19,NUMBER
39,case,O
39,definition,O
39,comprised,O
39,of,O
39,339,NUMBER
39,elderly,O
39,peo,O
39,‐,O
39,ple,O
39,(,O
39,60,DURATION
39,years,DURATION
39,old,DURATION
39,),O
39,with,O
39,positive,O
39,SARS,O
39,‐,O
39,CoV,O
39,‐,O
39,2,NUMBER
39,test,O
39,results,O
39,.30,NUMBER
39,found,O
39,that,O
39,the,O
39,number,O
39,of,O
39,critical,O
39,and,O
39,severe,O
39,cases,O
39,was,O
39,greater,O
39,in,O
39,the,O
39,group,O
39,analyzed,O
39,compared,O
39,to,O
39,cases,O
39,under,O
39,60,DURATION
39,years,DURATION
39,old,DURATION
39,.,O
39,The,O
39,study,O
39,indicated,O
39,that,O
39,23.6,PERCENT
39,%,PERCENT
39,were,O
39,classified,O
39,as,O
39,being,O
39,in,O
39,a,O
39,critical,O
39,state,O
39,.,O
39,while,O
39,a,O
39,further,O
39,46.9,PERCENT
39,%,PERCENT
39,were,O
39,in,O
39,a,O
39,severe,O
39,state,O
39,.30,NUMBER
39,The,O
39,Chi,O
39,‐,O
39,nese,O
39,Center,ORGANIZATION
39,for,ORGANIZATION
39,Disease,ORGANIZATION
39,Control,ORGANIZATION
39,and,ORGANIZATION
39,Prevention,ORGANIZATION
39,carried,O
39,out,O
39,a,O
39,study,O
39,with,O
39,1.023,NUMBER
39,positive,O
39,COVID,O
39,‐,O
39,19,NUMBER
39,cases,O
39,.23,NUMBER
39,Among,O
39,those,O
39,who,O
39,be,O
39,‐,O
39,came,O
39,severely,O
39,ill,O
39,.,O
39,the,O
39,most,O
39,common,O
39,clinical,O
39,signs,O
39,were,O
39,dyspnea,O
39,.,O
39,respiratory,O
39,rate,O
39,greater,O
39,than,O
39,30,NUMBER
39,bpm,O
39,and,O
39,oxygen,O
39,saturation,O
39,under,O
39,93,PERCENT
39,%,PERCENT
39,.,O
39,Among,O
39,the,O
39,more,O
39,critical,O
39,cases,O
39,.,O
39,the,O
39,signs,O
39,most,O
39,found,O
39,were,O
39,respiratory,O
39,insufficiency,O
39,.,O
39,septic,O
39,shock,O
39,and,O
39,dysfunction,O
39,or,O
39,fail,O
39,‐,O
39,ure,O
39,of,O
39,multiple,O
39,organs,O
39,.,O
39,Lethality,O
39,was,O
39,2.3,PERCENT
39,%,PERCENT
39,in,O
39,that,O
39,sample,O
39,.,O
39,Howev,O
39,‐,O
39,er,O
39,.,O
39,if,O
39,only,O
39,the,O
39,lethality,O
39,of,O
39,the,O
39,critical,O
39,cases,O
39,were,O
39,assessed,O
39,.,O
39,the,O
39,proportion,O
39,would,O
39,be,O
39,much,O
39,higher,O
39,.,O
39,i.e.,O
39,49,PERCENT
39,%,PERCENT
39,.,O
39,the,O
39,most,O
39,common,O
39,signs,O
39,and,O
39,symptoms,O
39,by,O
39,sex,O
39,and,O
39,age,O
39,.,O
39,although,O
39,age,O
39,is,O
39,more,O
39,related,O
39,to,O
39,the,O
39,diseases,CAUSE_OF_DEATH
39,severity,O
39,criteria,O
39,.,O
39,It,O
39,is,O
39,important,O
39,to,O
39,consider,O
39,that,O
39,signs,O
39,and,O
39,symptoms,O
39,can,O
39,vary,O
39,between,O
39,the,O
39,stages,O
39,of,O
39,the,O
39,dis,O
39,‐,O
39,ease,O
39,.,O
39,oscillating,O
39,between,O
39,absence,O
39,of,O
39,signs,O
39,and,O
39,symptoms,O
39,and,O
39,sep,DATE
39,‐,O
39,tic,O
39,shock,O
39,.,O
39,when,O
39,the,O
39,clinical,O
39,picture,O
39,becomes,O
39,worse,O
39,.,O
39,It,O
39,should,O
39,also,O
39,be,O
39,noted,O
39,that,O
39,in,O
39,addition,O
39,to,O
39,the,O
39,diversity,O
39,of,O
39,clinical,O
39,mani,O
39,‐,O
39,festations,O
39,.,O
39,some,O
39,80,PERCENT
39,%,PERCENT
39,of,O
39,infected,O
39,people,O
39,can,O
39,remain,O
39,asymptomatic,O
39,.,O
39,It,O
39,is,O
39,therefore,O
39,suggested,O
39,that,O
39,suspect,O
39,cases,O
39,should,O
39,be,O
39,monitored,O
39,constantly,O
39,.,O
39,in,O
39,view,O
39,of,O
39,the,O
39,manifestations,O
39,of,O
39,diverse,O
39,symptoms,O
39,.,O
39,so,O
39,as,O
39,not,O
39,to,O
39,rule,O
39,out,O
39,cases,O
39,by,O
39,only,O
39,considering,O
39,clinical,O
39,presenta,O
39,‐,O
39,tion,O
39,which,O
39,.,O
39,in,O
39,many,O
39,cases,O
39,.,O
39,is,O
39,subjective,O
39,.,O
39,Given,O
39,the,O
39,imminence,O
39,of,O
39,Brazil,COUNTRY
39,becoming,O
39,the,O
39,worlds,O
39,new,O
39,epicenter,O
39,of,O
39,the,O
39,COVID,O
39,‐,O
39,19,NUMBER
39,pandem,O
39,‐,O
39,ic,O
39,.,O
39,it,O
39,is,O
39,suggested,O
39,that,O
39,health,O
39,services,O
39,opt,O
39,for,O
39,over,O
39,‐,O
39,reporting,O
39,.,O
39,considering,O
39,the,O
39,high,O
39,sensitivity,O
39,of,O
39,the,O
39,surveillance,O
39,system,O
39,.,O
39,so,O
39,that,O
39,whenever,O
39,signs,O
39,and,O
39,symptoms,O
39,appear,O
39,that,O
39,may,O
39,be,O
39,related,O
39,to,O
39,SARS,O
39,‐,O
39,CoV,O
39,‐,O
39,2,NUMBER
39,infection,CAUSE_OF_DEATH
39,.,O
39,isolation,O
39,measures,O
39,can,O
39,be,O
39,indicated,O
39,for,O
39,cases,O
39,and,O
39,their,O
39,contacts,O
39,.,O
39,in,O
39,addition,O
39,to,O
39,constant,O
39,real,O
39,‐,O
39,time,O
39,moni,O
39,‐,O
39,toring,O
39,.,O
39,based,O
39,on,O
39,case,O
39,investigation,O
39,and,O
39,local,O
39,epidemiological,O
39,re,O
39,‐,O
39,ality,O
39,.,O
39,In,O
39,addition,O
39,.,O
39,health,O
39,services,O
39,can,O
39,establish,O
39,.,O
39,based,O
39,on,O
39,the,O
39,cases,O
39,they,O
39,care,O
39,for,O
39,.,O
39,a,O
39,set,O
39,of,O
39,signs,O
39,and,O
39,symptoms,O
39,that,O
39,best,O
39,de,O
39,‐,O
39,fines,O
39,their,O
39,cases,O
39,and,O
39,which,O
39,guides,O
39,screening,O
39,in,O
39,accordance,O
39,with,O
39,the,O
39,specific,O
39,situation,O
39,.,O
39,Use,O
39,of,O
39,telemedicine,O
39,is,O
39,a,O
39,fundamental,O
39,tool,O
39,in,O
39,providing,O
39,care,O
39,to,O
39,suspect,O
39,and,O
39,confirmed,O
39,cases,O
39,that,O
39,can,O
39,stay,O
39,at,O
39,home,O
39,.,O
39,so,O
39,as,O
39,to,O
39,accompany,O
39,the,O
39,progression,O
39,of,O
39,their,O
39,clinical,O
39,pre,O
39,‐,O
39,sentation,O
39,and,O
39,identify,O
39,early,O
39,any,O
39,worsening,O
39,of,O
39,the,O
39,case,O
39,.,O
39,so,O
39,that,O
39,appropriate,O
39,measures,O
39,can,O
39,be,O
39,taken,O
39,.,O
39,Whenever,O
39,possible,O
39,.,O
39,it,O
39,is,O
39,es,O
39,‐,O
39,sential,O
39,to,O
39,use,O
39,molecular,O
39,or,O
39,serological,O
39,diagnostic,O
39,tests,O
39,.,O
39,depend,O
39,‐,O
39,ing,O
39,on,O
39,the,DATE
39,day,DATE
39,the,O
39,symptoms,O
39,started,O
39,.,O
39,in,O
39,addition,O
39,to,O
39,laboratory,O
39,tests,O
39,and,O
39,image,O
39,examinations,O
39,.,O
39,to,O
39,confirm,O
39,diagnosis,O
39,of,O
39,COVID,O
39,‐,O
39,19,NUMBER
39,.,O
39,Final,O
39,considerations,O
39,against,O
39,it,O
39,using,O
39,the,O
39,best,O
39,available,O
39,evi,O
39,‐,O
39,dence,O
39,.,O
39,Due,O
39,to,O
39,its,O
39,multiple,O
39,presentations,O
39,in,O
39,all,O
39,age,O
39,ranges,O
39,.,O
39,the,O
39,concept,O
39,of,O
39,diagnosis,O
39,continues,O
39,to,O
39,be,O
39,very,O
39,broad,O
39,and,O
39,sensitive,O
39,.,O
39,so,O
39,that,O
39,it,O
39,is,O
39,not,O
39,possible,O
39,to,O
39,define,O
39,so,O
39,much,O
39,as,O
39,a,O
39,single,O
39,obligatory,O
39,sign,O
39,/,O
39,symptom,O
39,for,O
39,determining,O
39,presence,O
39,of,O
39,infection,CAUSE_OF_DEATH
39,.,O
39,Nevertheless,O
39,.,O
39,it,O
39,appears,O
39,to,O
39,be,O
39,consensus,O
39,that,O
39,people,O
39,with,O
39,existing,O
39,comorbidi,O
39,‐,O
39,ties,O
39,and,O
39,people,O
39,who,O
39,are,O
39,older,O
39,are,O
39,susceptible,O
39,to,O
39,being,O
39,more,O
39,in,O
39,‐,O
39,tensely,O
39,affected,O
39,and,O
39,having,O
39,worse,O
39,disease,CAUSE_OF_DEATH
39,progression,O
39,.,O
39,so,O
39,that,O
39,they,O
39,need,O
39,to,O
39,be,O
39,targeted,O
39,with,O
39,preventive,O
39,actions,O
39,.,O
39,Considering,O
39,the,O
39,high,O
39,percentage,O
39,of,O
39,asymptomatic,O
39,people,O
39,and,O
39,people,O
39,with,O
39,mild,O
39,symptoms,O
39,.,O
39,who,O
39,will,O
39,not,O
39,be,O
39,completely,O
39,captured,O
39,by,O
39,the,O
39,surveillance,O
39,system,O
39,.,O
39,by,O
39,means,O
39,of,O
39,investigation,O
39,and,O
39,laboratory,O
39,confirmation,O
39,.,O
39,health,O
39,services,O
39,need,O
39,to,O
39,take,O
39,great,O
39,care,O
39,with,O
39,regard,O
39,to,O
39,symptom,O
39,heterogeneity,O
39,and,O
39,clinical,O
39,presentation,O
39,of,O
39,the,O
39,disease,CAUSE_OF_DEATH
39,.,O
39,In,O
39,this,O
39,situation,O
39,.,O
39,nonpharmaceutical,O
39,prevention,O
39,measures,O
39,need,O
39,to,O
39,be,O
39,adopted,O
39,for,O
39,the,O
39,entire,O
39,population,O
39,.,O
39,including,O
39,wearing,O
39,facemasks,O
39,.,O
39,constant,O
39,sanitization,O
39,of,O
39,hands,O
39,and,O
39,environments,O
39,.,O
39,in,O
39,addition,O
39,to,O
39,social,O
39,distancing,O
39,.,O
39,It,O
39,also,O
39,continues,O
39,to,O
39,be,O
39,essential,O
39,to,O
39,increase,O
39,access,O
39,to,O
39,diagnostic,O
39,tests,O
39,.,O
39,in,O
39,order,O
39,to,O
39,have,O
39,knowledge,O
39,of,O
39,the,O
39,epidemiological,O
39,situation,O
39,in,O
39,each,O
39,place,O
39,and,O
39,achieve,O
39,better,O
39,guid,O
39,‐,O
39,ance,O
39,of,O
39,measures,O
39,to,O
39,control,O
39,virus,O
39,dissemination,O
39,.,O
39,Brazil,COUNTRY
39,contin,O
39,‐,O
39,ues,O
39,to,O
39,be,O
39,in,O
39,a,O
39,state,O
39,of,O
39,alert,O
39,.,O
39,with,O
39,the,O
39,aim,O
39,of,O
39,slowing,O
39,down,O
39,the,O
39,new,O
39,case,O
39,infection,CAUSE_OF_DEATH
39,curve,O
39,so,O
39,as,O
39,not,O
39,to,O
39,overburden,O
39,the,O
39,health,O
39,sys,O
39,‐,O
39,tem,O
39,.,O
39,Further,O
39,studies,O
39,need,O
39,to,O
39,be,O
39,conducted,O
39,so,O
39,that,O
39,the,O
39,case,O
39,defi,O
39,‐,O
39,nition,O
39,becomes,O
39,more,O
39,precise,O
39,in,O
39,relation,O
39,to,O
39,signs,O
39,and,O
39,symptoms,O
39,.,O
39,assisting,O
39,classification,O
39,of,O
39,the,O
39,population,O
39,and,O
39,guiding,O
39,the,O
39,gradu,O
39,‐,O
39,al,O
39,return,O
39,to,O
39,routine,O
39,activities,O
39,.,O
39,while,O
39,complying,O
39,with,O
39,indicated,O
39,protection,O
39,measures,O
39,.,O
39,with,O
39,the,O
39,aim,O
39,of,O
39,minimizing,O
39,the,O
39,consequences,O
39,of,O
39,the,O
39,pandemic,O
39,.,O
39,Iser,O
39,BPM,O
39,.,O
39,Schuelter,O
39,‐,O
39,Trevisol,O
39,F,O
39,and,O
39,Bobinski,PERSON
39,F,O
39,contributed,O
39,to,O
39,the,O
39,study,O
39,concept,O
39,and,O
39,design,O
39,.,O
39,Iser,O
39,BPM,O
39,coordinated,O
39,Epidemiol,O
39,.,O
39,Serv,O
39,.,O
39,Saude,PERSON
39,.,O
39,Braslia,LOCATION
39,.,O
39,29,NUMBER
39,(,O
39,3,NUMBER
39,),O
39,:,O
39,e2020233,O
39,.,O
39,2020,DATE
39,Betine,O
39,Pin,O
39,‐,O
39,to,O
39,Moehlecke,PERSON
39,Iser,PERSON
39,et,O
39,al,O
39,.,O
39,the,O
39,research,O
39,team,O
39,.,O
39,Sliva,PERSON
39,I,O
39,.,O
39,Raymundo,PERSON
39,VT,PERSON
39,and,O
39,Poleto,O
39,MB,STATE_OR_PROVINCE
39,BPM,O
39,.,O
39,Schuelter,O
39,‐,O
39,Trevisol,O
39,F,O
39,.,O
39,Bobinski,PERSON
39,F,O
39,.,O
39,Sliva,PERSON
39,I,O
39,.,O
39,Raymundo,PERSON
39,VT,PERSON
39,and,O
39,Poleto,O
39,MB,STATE_OR_PROVINCE
39,contributed,O
39,to,O
39,data,O
39,interpretation,O
39,.,O
39,drafting,O
39,including,O
39,the,O
39,guarantee,O
39,of,O
39,its,O
39,accuracy,O
39,and,O
39,integrity,O
39,.,O
39,1,NUMBER
39,.,O
39,Zhu,PERSON
39,N,PERSON
39,.,O
39,Zhang,PERSON
39,D,PERSON
39,.,O
39,Wang,PERSON
39,W,PERSON
39,.,O
39,Li,PERSON
39,X,PERSON
39,.,O
39,Yang,PERSON
39,B,O
39,.,O
39,Song,O
39,J,O
39,.,O
39,et,O
39,al,O
39,.,O
39,A,O
39,novel,O
39,coronavirus,O
39,from,O
39,patients,O
39,with,O
39,pneumonia,CAUSE_OF_DEATH
39,in,O
39,China,COUNTRY
39,.,O
39,2019,DATE
39,.,O
39,N,O
39,Engl,PERSON
39,J,PERSON
39,Med,MISC
39,[,MISC
39,Internet,MISC
39,],O
39,.,O
39,2020,DATE
39,Feb,DATE
39,[,O
39,cited,O
39,2,NUMBER
39,.,O
39,World,ORGANIZATION
39,Health,ORGANIZATION
39,Organization,ORGANIZATION
39,‐,O
39,WHO,O
39,.,O
39,Coronavirus,O
39,disease,CAUSE_OF_DEATH
39,(,O
39,COVID,O
39,‐,O
39,19,NUMBER
39,),O
39,pandemic,O
39,[,O
39,Internet,MISC
39,],O
39,.,O
39,Geneva,CITY
39,:,O
39,World,ORGANIZATION
39,Health,ORGANIZATION
39,Organization,ORGANIZATION
39,;,O
39,2019,DATE
39,[,O
39,cited,O
39,2020,DATE
39,Apr,DATE
39,26,DATE
39,],O
39,.,O
39,3,NUMBER
39,.,O
39,Croda,PERSON
39,J,PERSON
39,.,O
39,Oliveira,PERSON
39,WK,DURATION
39,.,O
39,Frutuoso,ORGANIZATION
39,RL,ORGANIZATION
39,.,O
39,Mandetta,ORGANIZATION
39,LH,ORGANIZATION
39,.,O
39,Baia,PERSON
39,‐,O
39,da,O
39,‐,O
39,Silva,LOCATION
39,DC,STATE_OR_PROVINCE
39,.,O
39,Brito,PERSON
39,‐,O
39,Sousa,PERSON
39,JD,PERSON
39,.,O
39,et,O
39,al,O
39,.,O
39,COVID,O
39,‐,O
39,19,NUMBER
39,in,O
39,Brazil,COUNTRY
39,:,O
39,advantages,O
39,of,O
39,a,O
39,socialized,O
39,unified,O
39,health,O
39,Bras,O
39,Med,O
39,Trop,O
39,[,O
39,Internet,MISC
39,],O
39,.,O
39,2020,DATE
39,Apr,DATE
39,[,O
39,cited,O
39,2020,DATE
39,4,NUMBER
39,.,O
39,Ministrio,PERSON
39,da,PERSON
39,Sade,PERSON
39,(,O
39,BR,O
39,),O
39,.,O
39,Secretaria,O
39,de,O
39,Cincia,O
39,.,O
39,Tecnologia,LOCATION
39,.,O
39,Inovao,PERSON
39,e,O
39,Insumos,ORGANIZATION
39,Estratgicos,ORGANIZATION
39,em,ORGANIZATION
39,Sade,ORGANIZATION
39,.,O
39,Acurcia,O
39,dos,O
39,testes,O
39,diagnsticos,O
39,registrados,O
39,para,O
39,a,O
39,COVID,O
39,‐,O
39,19,NUMBER
39,:,O
39,verso,O
39,1,NUMBER
39,[,O
39,Internet,MISC
39,],O
39,.,O
39,Braslia,O
39,:,O
39,Min,DURATION
39,‐,O
39,istrio,O
39,da,O
39,Sade,O
39,;,O
39,2020,DATE
39,[,O
39,citado,O
39,2020,DATE
39,jun,DATE
39,1,DATE
39,],O
39,.,O
39,19,NUMBER
39,p.,O
39,5,NUMBER
39,.,O
39,Zitek,PERSON
39,T.,O
39,The,O
39,appropriate,O
39,use,O
39,of,O
39,testing,O
39,for,O
39,COVID,O
39,‐,O
39,19,NUMBER
39,.,O
39,West,O
39,J,O
39,Emerg,O
39,Med,O
39,[,O
39,In,O
39,‐,O
39,ternet,O
39,],O
39,.,O
39,2020,DATE
39,Apr,DATE
39,[,O
39,cited,O
39,2020,DATE
39,6,NUMBER
39,.,O
39,Tolia,PERSON
39,VM,PERSON
39,.,O
39,Chan,ORGANIZATION
39,TC,ORGANIZATION
39,.,O
39,Castillo,PERSON
39,EM,O
39,.,O
39,Preliminary,O
39,results,O
39,of,O
39,initial,O
39,testing,O
39,for,O
39,coronavirus,O
39,(,O
39,COVID,O
39,‐,O
39,19,NUMBER
39,),O
39,in,O
39,the,O
39,emergency,O
39,department,O
39,.,O
39,West,O
39,J,O
39,Emerg,O
39,Med,O
39,[,O
39,Internet,MISC
39,],O
39,.,O
39,2020,DATE
39,Mar,DATE
39,[,O
39,cited,O
39,2020,DATE
39,Jun,DATE
39,1,DATE
39,],O
39,;,O
39,21,NUMBER
39,(,O
39,3,NUMBER
39,),O
39,:,O
39,503,NUMBER
39,‐,O
39,6,NUMBER
39,.,O
39,Available,O
39,7,NUMBER
39,.,O
39,Ministrio,O
39,da,O
39,Sade,O
39,(,O
39,BR,O
39,),O
39,.,O
39,Secretaria,O
39,de,O
39,Vigilncia,O
39,em,O
39,Sade,O
39,.,O
39,Centro,O
39,de,O
39,Operaes,O
39,de,O
39,Emergncias,O
39,em,O
39,Sade,PERSON
39,Pblica,PERSON
39,.,O
39,Doena,O
39,pelo,O
39,coronavrus,O
39,2019,DATE
39,:,O
39,ampliao,O
39,da,O
39,vigilncia,O
39,.,O
39,medidas,O
39,no,O
39,farmacolgicas,O
39,e,O
39,descentralizao,O
39,do,O
39,diagnsti,O
39,‐,O
39,co,O
39,laboratorial,O
39,.,O
39,Bol,MISC
39,Epidemiol,MISC
39,[,MISC
39,Internet,MISC
39,],O
39,.,O
39,2020,DATE
39,mar,DATE
39,[,O
39,citado,O
39,2020,DATE
39,jun,DATE
39,1,DATE
39,],O
39,;,O
39,5,NUMBER
39,.,O
39,8,NUMBER
39,.,O
39,Ministrio,PERSON
39,da,PERSON
39,Sade,PERSON
39,(,O
39,BR,O
39,),O
39,.,O
39,Secretaria,O
39,de,O
39,Vigilncia,O
39,em,O
39,Sade,O
39,.,O
39,Guia,O
39,de,O
39,vigilncia,O
39,epidemiolgica,O
39,emergncia,O
39,de,O
39,sade,O
39,pblica,O
39,de,O
39,importncia,O
39,nacional,O
39,pela,O
39,doena,O
39,pelo,O
39,coronavrus,O
39,2019,DATE
39,[,O
39,Internet,MISC
39,],O
39,.,O
39,Braslia,O
39,:,O
39,Ministrio,ORGANIZATION
39,da,ORGANIZATION
39,Sade,ORGANIZATION
39,;,O
39,2020,DATE
39,[,O
39,citado,O
39,2020,DATE
39,jun,DATE
39,1,DATE
39,],O
39,.,O
39,34,NUMBER
39,p.,O
39,Disponvel,O
39,9,NUMBER
39,.,O
39,Ministrio,PERSON
39,da,PERSON
39,Sade,PERSON
39,.,O
39,Secretaria,O
39,de,O
39,Vigilncia,O
39,em,O
39,Sade,O
39,.,O
39,Centro,O
39,de,O
39,Operaes,O
39,de,O
39,Emergncias,O
39,em,O
39,Sade,O
39,Pblica,O
39,.,O
39,Especial,O
39,:,O
39,doena,O
39,pelo,O
39,coronavrus,O
39,2019,DATE
39,.,O
39,Bol,MISC
39,Epidemiol,MISC
39,[,MISC
39,Internet,MISC
39,],O
39,.,O
39,2020,DATE
39,abr,O
39,[,O
39,citado,O
39,10,NUMBER
39,.,O
39,Ministrio,PERSON
39,da,PERSON
39,Sade,PERSON
39,(,O
39,BR,O
39,),O
39,.,O
39,Secretaria,O
39,de,O
39,Vigilncia,O
39,em,O
39,Sade,O
39,.,O
39,Cen,O
39,‐,O
39,tro,O
39,de,O
39,Operaes,O
39,de,O
39,Emergncias,O
39,em,O
39,Sade,O
39,Pblica,O
39,.,O
39,Infeco,O
39,humana,O
39,pelo,O
39,novo,O
39,coronavrus,O
39,(,O
39,2019,DATE
39,‐,O
39,nCoV,O
39,),O
39,.,O
39,Bol,MISC
39,Epidemiol,MISC
39,[,MISC
39,Internet,MISC
39,],O
39,.,O
39,2020,DATE
39,jan,DATE
39,[,O
39,citado,O
39,2020,DATE
39,jun,DATE
39,1,DATE
39,],O
39,;,O
39,1,NUMBER
39,.,O
39,Disponvel,O
39,em,O
39,:,O
39,11,NUMBER
39,.,O
39,Ministrio,PERSON
39,da,PERSON
39,Sade,PERSON
39,(,O
39,BR,O
39,),O
39,.,O
39,Secretaria,O
39,de,O
39,Cincia,O
39,.,O
39,Tecnologia,LOCATION
39,.,O
39,Inovao,PERSON
39,e,O
39,Insumos,O
39,Estratgicos,O
39,em,O
39,Sade,O
39,.,O
39,Diretrizes,O
39,para,O
39,diagnstico,O
39,e,O
39,tratamento,O
39,da,O
39,COVID,O
39,‐,O
39,19,NUMBER
39,[,O
39,Inter,O
39,‐,O
39,net,O
39,],O
39,.,O
39,Braslia,O
39,:,O
39,Ministrio,ORGANIZATION
39,da,ORGANIZATION
39,Sade,ORGANIZATION
39,;,O
39,2020,DATE
39,[,O
39,citado,O
39,2020,DATE
39,jun,DATE
39,1,DATE
39,],O
39,.,O
39,87,NUMBER
39,p.,O
39,Disponvel,O
39,em,O
39,:,O
39,12,NUMBER
39,.,O
39,Guan,O
39,W,O
39,.,O
39,Ni,MISC
39,Z,O
39,.,O
39,Hu,O
39,Y,O
39,.,O
39,Liang,PERSON
39,W,PERSON
39,.,O
39,Ou,O
39,C,O
39,.,O
39,He,O
39,J,O
39,.,O
39,et,O
39,al,O
39,.,O
39,Clinical,O
39,characteristics,O
39,of,O
39,coronavirus,O
39,disease,CAUSE_OF_DEATH
39,2019,DATE
39,in,O
39,China,COUNTRY
39,.,O
39,N,O
39,Engl,O
39,J,O
39,Med,O
39,[,O
39,Internet,MISC
39,],O
39,.,O
39,2020,DATE
39,Apr,DATE
39,[,O
39,cited,O
39,2020,DATE
39,Jun,PERSON
39,Epidemiol,PERSON
39,.,O
39,Serv,O
39,.,O
39,Saude,PERSON
39,.,O
39,Braslia,LOCATION
39,.,O
39,29,NUMBER
39,(,O
39,3,NUMBER
39,),O
39,:,O
39,e2020233,O
39,.,O
39,2020,DATE
39,Suspected,O
39,COVID,O
39,‐,O
39,19,NUMBER
39,case,O
39,def,O
39,‐,O
39,inition,O
39,13,NUMBER
39,.,O
39,Bhatraju,ORGANIZATION
39,PK,ORGANIZATION
39,.,O
39,Ghassemieh,PERSON
39,BJ,PERSON
39,.,O
39,Nichols,PERSON
39,M,O
39,.,O
39,Kim,PERSON
39,R,PERSON
39,.,O
39,Jerome,PERSON
39,KR,O
39,.,O
39,Nalla,ORGANIZATION
39,AK,ORGANIZATION
39,.,O
39,et,O
39,al,O
39,.,O
39,Covid,O
39,‐,O
39,19,NUMBER
39,in,O
39,critically,O
39,Ill,STATE_OR_PROVINCE
39,patients,O
39,in,O
39,the,O
39,Seattle,CITY
39,Region,O
39,case,O
39,series,O
39,.,O
39,N,O
39,Engl,O
39,J,O
39,Med,O
39,[,O
39,Internet,MISC
39,],O
39,.,O
39,2020,DATE
39,Mar,DATE
39,[,O
39,cited,O
39,2020,DATE
39,14,DATE
39,.,O
39,Huang,PERSON
39,C,PERSON
39,.,O
39,Wang,O
39,Y,O
39,.,O
39,Li,PERSON
39,X,PERSON
39,.,O
39,Ren,PERSON
39,L,PERSON
39,.,O
39,Zhao,PERSON
39,J,PERSON
39,.,O
39,Hu,O
39,Y,O
39,.,O
39,et,O
39,al,O
39,.,O
39,Clinical,O
39,features,O
39,of,O
39,patients,O
39,infected,O
39,with,O
39,2019,DATE
39,novel,O
39,coro,O
39,‐,O
39,navirus,O
39,in,O
39,Wuhan,CITY
39,.,O
39,China,COUNTRY
39,.,O
39,Lancet,O
39,[,O
39,Internet,MISC
39,],O
39,.,O
39,2020,DATE
39,Feb,DATE
39,[,O
39,cited,O
39,2020,DATE
39,Jun,DATE
39,1,DATE
39,],O
39,;,O
39,395,NUMBER
39,(,O
39,10223,NUMBER
39,),O
39,:,O
39,497,NUMBER
39,‐,O
39,506,NUMBER
39,.,O
39,Available,O
39,15,NUMBER
39,.,O
39,Wang,O
39,Z,O
39,.,O
39,Yang,PERSON
39,B,PERSON
39,.,O
39,Li,PERSON
39,Q,O
39,.,O
39,Wen,PERSON
39,L,PERSON
39,.,O
39,Zhang,PERSON
39,R.,PERSON
39,Clinical,PERSON
39,features,O
39,of,O
39,69,NUMBER
39,cases,O
39,with,O
39,coronavirus,O
39,disease,CAUSE_OF_DEATH
39,2019,DATE
39,in,O
39,Wuhan,CITY
39,.,O
39,China,COUNTRY
39,.,O
39,Clin,O
39,Infect,O
39,Dis,O
39,[,O
39,Internet,MISC
39,],O
39,.,O
39,Foth,PERSON
39,‐,PERSON
39,coming,O
39,.,O
39,16,NUMBER
39,.,O
39,Rodriguez,PERSON
39,‐,O
39,Morales,PERSON
39,AJ,PERSON
39,.,O
39,Cardona,PERSON
39,‐,O
39,Ospina,O
39,JA,O
39,.,O
39,GutirrezO,O
39,‐,O
39,campo,O
39,E,O
39,.,O
39,Villamizar,PERSON
39,‐,O
39,Pea,O
39,R,O
39,.,O
39,Holguin,PERSON
39,‐,O
39,Rivera,O
39,Y,O
39,.,O
39,Escalera,O
39,‐,O
39,Antezana,PERSON
39,JP,O
39,.,O
39,et,O
39,al,O
39,.,O
39,Clinical,O
39,.,O
39,laboratory,O
39,and,O
39,and,O
39,meta,O
39,‐,O
39,analysis,O
39,.,O
39,Travel,O
39,Med,O
39,Infect,O
39,Dis,O
39,[,O
39,Internet,MISC
39,],O
39,.,O
39,2020,DATE
39,Mar,DATE
39,‐,O
39,Abr,O
39,[,O
39,cited,O
39,2020,DATE
39,Jun,PERSON
39,1,NUMBER
39,],O
39,;,O
39,34:101623,NUMBER
39,.,O
39,Available,O
39,17,NUMBER
39,.,O
39,Sociedade,ORGANIZATION
39,Brasileira,ORGANIZATION
39,de,O
39,Cirurgia,O
39,de,O
39,Cabea,PERSON
39,e,O
39,Pescoo,O
39,‐,O
39,SBCCP,O
39,.,O
39,Anosmia,O
39,.,O
39,hiposmia,O
39,e,O
39,ageusia,O
39,‐,O
39,sintomas,O
39,na,O
39,infeco,O
39,por,O
39,COVID,O
39,‐,O
39,19,NUMBER
39,?,O
39,So,O
39,Paulo,O
39,:,O
39,Sociedade,ORGANIZATION
39,Brasileira,ORGANIZATION
39,de,ORGANIZATION
39,Cirurgia,ORGANIZATION
39,de,PERSON
39,Cabea,PERSON
39,e,O
39,Pescoo,LOCATION
39,;,O
39,2020,DATE
39,18,DATE
39,.,O
39,Gautier,PERSON
39,JF,PERSON
39,.,O
39,Ravussin,PERSON
39,Y,PERSON
39,.,O
39,A,O
39,new,O
39,symptom,O
39,of,O
39,COVID,O
39,‐,O
39,19,NUMBER
39,:,O
39,loss,O
39,of,O
39,taste,O
39,and,O
39,smell,O
39,.,O
39,Obesity,MISC
39,[,MISC
39,Internet,MISC
39,],O
39,.,O
39,2020,DATE
39,Apr,DATE
39,19,DATE
39,.,O
39,Giacomelli,PERSON
39,A,O
39,.,O
39,Pezzati,PERSON
39,L,PERSON
39,.,O
39,Conti,PERSON
39,F,O
39,.,O
39,Bernacchia,O
39,D,O
39,.,O
39,Siano,PERSON
39,M,O
39,.,O
39,Oreni,MISC
39,L,MISC
39,.,O
39,et,O
39,al,O
39,.,O
39,Self,O
39,‐,O
39,reported,O
39,olfactory,O
39,and,O
39,taste,O
39,disorders,O
39,in,O
39,SARS,O
39,‐,O
39,CoV,O
39,‐,O
39,2,NUMBER
39,patients,O
39,:,O
39,a,O
39,cross,O
39,‐,O
39,sectional,O
39,study,O
39,.,O
39,Clin,PERSON
39,Infect,PERSON
39,Dis,PERSON
39,[,O
39,Internet,MISC
39,],O
39,.,O
39,Fothcoming,O
39,2020,DATE
39,20,DATE
39,.,O
39,Vaira,PERSON
39,LA,PERSON
39,.,O
39,Salzano,PERSON
39,G,PERSON
39,.,O
39,Deiana,PERSON
39,G,PERSON
39,.,O
39,De,PERSON
39,Riu,PERSON
39,G.,PERSON
39,Anosmia,PERSON
39,and,O
39,ageusia,O
39,:,O
39,common,O
39,findings,O
39,in,O
39,COVID,O
39,‐,O
39,19,NUMBER
39,patients,O
39,.,O
39,Laryngoscope,MISC
39,[,MISC
39,Internet,MISC
39,],O
39,.,O
39,Forthcoming,O
39,2020,DATE
39,Apr,DATE
39,[,O
39,cited,O
39,21,NUMBER
39,.,O
39,Pan,O
39,L,O
39,.,O
39,Mu,O
39,M,O
39,.,O
39,Yang,PERSON
39,P,O
39,.,O
39,Sun,O
39,Y,O
39,.,O
39,Yan,PERSON
39,J,PERSON
39,.,O
39,Li,PERSON
39,P,PERSON
39,.,O
39,et,O
39,al,O
39,.,O
39,Clinical,O
39,characteristics,O
39,of,O
39,COVID,O
39,‐,O
39,19,NUMBER
39,patients,O
39,with,O
39,digestive,O
39,symptoms,O
39,in,O
39,Hubei,STATE_OR_PROVINCE
39,.,O
39,China,COUNTRY
39,:,O
39,a,O
39,descriptive,O
39,.,O
39,crosssectional,O
39,.,O
39,multicenter,O
39,study,O
39,.,O
39,Am,O
39,J,O
39,Gastroen,O
39,‐,O
39,terol,O
39,22,NUMBER
39,.,O
39,Jin,PERSON
39,X,PERSON
39,.,O
39,Lian,O
39,J,O
39,‐,O
39,S,O
39,.,O
39,Hu,O
39,J,O
39,‐,O
39,H,O
39,.,O
39,Gao,PERSON
39,J,PERSON
39,.,O
39,Zheng,PERSON
39,L,PERSON
39,.,O
39,Zhang,O
39,Y,O
39,‐,O
39,M,O
39,.,O
39,et,O
39,al,O
39,.,O
39,Epidemiological,O
39,.,O
39,clinical,O
39,and,O
39,virological,O
39,characteristics,O
39,of,O
39,74,NUMBER
39,cases,O
39,of,O
39,coronavirus,O
39,‐,O
39,infected,O
39,disease,CAUSE_OF_DEATH
39,2019,DATE
39,(,O
39,COVID,O
39,‐,O
39,19,NUMBER
39,),O
39,with,O
39,gastrointestinal,O
39,symptoms,O
39,.,O
39,Gut,O
39,[,O
39,Internet,MISC
39,],O
39,.,O
39,2020,DATE
39,Jun,DATE
39,[,O
39,cited,O
39,2020,DATE
39,23,NUMBER
39,.,O
39,Wu,O
39,Z,O
39,.,O
39,McGoogan,PERSON
39,JM,PERSON
39,.,O
39,Characteristics,O
39,of,O
39,and,O
39,important,O
39,lessons,O
39,from,O
39,the,O
39,coronavirus,O
39,disease,CAUSE_OF_DEATH
39,2019,DATE
39,(,O
39,COVID,O
39,‐,O
39,19,NUMBER
39,),O
39,outbreak,O
39,in,O
39,china,COUNTRY
39,:,O
39,summary,O
39,of,O
39,a,O
39,report,O
39,of,O
39,72,NUMBER
39,314,NUMBER
39,cases,O
39,from,O
39,the,O
39,chinese,NATIONALITY
39,center,O
39,for,O
39,disease,CAUSE_OF_DEATH
39,control,O
39,and,O
39,prevention,O
39,.,O
39,JAMA,O
39,[,O
39,Internet,MISC
39,],O
39,.,O
39,2020,DATE
39,Fev,O
39,[,O
39,cited,O
39,2020,DATE
39,Jun,DATE
39,1,DATE
39,],O
39,;,O
39,323,NUMBER
39,(,O
39,13,NUMBER
39,),O
39,:,O
39,1239,DATE
39,‐,O
39,42,NUMBER
39,.,O
39,Available,O
39,from,O
39,:,O
39,24,NUMBER
39,.,O
39,Woelfel,PERSON
39,R,PERSON
39,.,O
39,Cor,PERSON
39,‐,PERSON
39,man,O
39,VM,O
39,.,O
39,Guggemos,PERSON
39,W,PERSON
39,.,O
39,Seilmaier,O
39,M,O
39,.,O
39,Zange,PERSON
39,S,PERSON
39,.,O
39,Mueller,PERSON
39,MA,PERSON
39,.,O
39,et,O
39,al,O
39,.,O
39,Clinical,O
39,presentation,O
39,and,O
39,virological,O
39,assessment,O
39,of,O
39,hospitalized,O
39,cases,O
39,of,O
39,coronavirus,O
39,disease,CAUSE_OF_DEATH
39,2019,DATE
39,in,O
39,a,O
39,travel,O
39,‐,O
39,associated,O
39,trans,O
39,‐,O
39,mission,O
39,cluster,O
39,.,O
39,medRxiv,O
39,[,O
39,Internet,MISC
39,],O
39,.,O
39,Forthcoming,O
39,2020,DATE
39,Mar,DATE
39,[,O
39,cited,O
39,2020,DATE
39,Jun,DATE
39,1,DATE
39,],O
39,.,O
39,Available,O
39,25,NUMBER
39,.,O
39,Hadaya,PERSON
39,J,PERSON
39,.,O
39,Schumm,PERSON
39,M,O
39,.,O
39,Livingston,PERSON
39,EH,O
39,.,O
39,Testing,O
39,individuals,O
39,for,O
39,coronavirus,O
39,disease,CAUSE_OF_DEATH
39,2019,DATE
39,(,O
39,COVID,O
39,‐,O
39,19,NUMBER
39,),O
39,.,O
39,JAMA,PERSON
39,[,O
39,Internet,MISC
39,],O
39,.2020,NUMBER
39,Apr,DATE
39,[,O
39,cited,O
39,2020,DATE
39,26,DATE
39,.,O
39,Yang,PERSON
39,J,PERSON
39,.,O
39,Zheng,PERSON
39,Y,PERSON
39,.,O
39,Gou,PERSON
39,X,PERSON
39,.,O
39,Pu,PERSON
39,K,PERSON
39,.,O
39,Chen,O
39,Z,O
39,.,O
39,Guo,PERSON
39,Q,O
39,.,O
39,et,O
39,al,O
39,.,O
39,Prevalence,O
39,of,O
39,comorbidities,O
39,in,O
39,the,O
39,novel,O
39,Wuhan,CITY
39,and,O
39,meta,O
39,‐,O
39,analysis,O
39,.,O
39,Int,O
39,J,O
39,Infect,O
39,Dis,O
39,[,O
39,Internet,MISC
39,],O
39,.,O
39,2020,DATE
39,May,DATE
39,[,O
39,cited,O
39,2020,DATE
39,Jun,DATE
39,1,DATE
39,],O
39,;,O
39,94:91,NUMBER
39,‐,O
39,5,NUMBER
39,.,O
39,Available,O
39,from,O
39,:,O
39,27,NUMBER
39,.,O
39,Yang,O
39,X,O
39,.,O
39,Yu,O
39,Y,O
39,.,O
39,Xu,PERSON
39,J,O
39,.,O
39,Shu,PERSON
39,H,PERSON
39,.,O
39,Xia,PERSON
39,J,PERSON
39,.,O
39,Liu,PERSON
39,H,O
39,.,O
39,et,O
39,al,O
39,.,O
39,Clinical,O
39,course,O
39,and,O
39,outcomes,O
39,of,O
39,critically,O
39,ill,O
39,patients,O
39,with,O
39,SARS,O
39,‐,O
39,CoV,O
39,‐,O
39,2,NUMBER
39,pneumonia,CAUSE_OF_DEATH
39,in,O
39,Wuhan,CITY
39,.,O
39,Chi,O
39,‐,O
39,na,O
39,:,O
39,a,O
39,singlecentered,O
39,.,O
39,retrospective,O
39,.,O
39,observational,O
39,study,O
39,.,O
39,Lancet,O
39,Respir,O
39,Med,O
39,[,O
39,Internet,MISC
39,],O
39,.,O
39,2020,DATE
39,May,DATE
39,[,O
39,cited,O
39,2020,DATE
39,Epidemiol,O
39,.,O
39,Serv,O
39,.,O
39,Saude,PERSON
39,.,O
39,Braslia,LOCATION
39,.,O
39,29,NUMBER
39,(,O
39,3,NUMBER
39,),O
39,:,O
39,e2020233,O
39,.,O
39,2020,DATE
39,Betine,PERSON
39,Pinto,PERSON
39,Moehlecke,PERSON
39,Iser,PERSON
39,et,O
39,al,O
39,.,O
39,28,NUMBER
39,.,O
39,Zhang,PERSON
39,J,PERSON
39,‐,PERSON
39,J,PERSON
39,.,O
39,Dong,PERSON
39,X,PERSON
39,.,O
39,Cao,O
39,Y,O
39,‐,O
39,Y,O
39,.,O
39,Yuan,O
39,Y,O
39,‐,O
39,D,O
39,.,O
39,Yang,O
39,Y,O
39,‐,O
39,B,O
39,.,O
39,Yan,PERSON
39,Y,O
39,‐,O
39,Q,O
39,.,O
39,et,O
39,al,O
39,.,O
39,Clinical,O
39,characteristics,O
39,of,O
39,140,NUMBER
39,patients,O
39,infected,O
39,with,O
39,SARS,O
39,‐,O
39,CoV,O
39,‐,O
39,2,NUMBER
39,in,O
39,Wuhan,CITY
39,.,O
39,China,COUNTRY
39,.,O
39,Allergy,MISC
39,[,MISC
39,Internet,MISC
39,],O
39,.,O
39,Forthcoming,O
39,2020,DATE
39,Feb,DATE
39,[,O
39,cited,O
39,2020,DATE
39,Jun,DATE
39,1,DATE
39,],O
39,.,O
39,29,NUMBER
39,.,O
39,Mao,PERSON
39,L,PERSON
39,.,O
39,Wang,PERSON
39,M,O
39,.,O
39,Chen,PERSON
39,S,PERSON
39,.,O
39,He,O
39,Q,O
39,.,O
39,Chang,PERSON
39,J,PERSON
39,.,O
39,Hong,PERSON
39,C,PERSON
39,.,O
39,et,O
39,al,O
39,.,O
39,Neurological,O
39,manifestations,O
39,of,O
39,hospital,O
39,‐,O
39,ized,O
39,patients,O
39,with,O
39,COVID,O
39,‐,O
39,19,NUMBER
39,in,O
39,Wuhan,CITY
39,.,O
39,China,COUNTRY
39,:,O
39,a,O
39,retrospective,O
39,case,O
39,series,O
39,study,O
39,.,O
39,JAMA,MISC
39,Neurol,MISC
39,[,MISC
39,Internet,MISC
39,],O
39,.,O
39,Forthcoming,O
39,30,NUMBER
39,.,O
39,Chen,PERSON
39,T,PERSON
39,.,O
39,Wu,PERSON
39,D,O
39,.,O
39,Chen,PERSON
39,H,PERSON
39,.,O
39,Yan,PERSON
39,W,PERSON
39,.,O
39,Yang,PERSON
39,D,O
39,.,O
39,Chen,PERSON
39,G,PERSON
39,.,O
39,et,O
39,al,O
39,.,O
39,Clinical,O
39,characteris,O
39,‐,O
39,tics,O
39,of,O
39,113,NUMBER
39,deceased,O
39,patients,O
39,with,O
39,coronavirus,O
39,disease,CAUSE_OF_DEATH
39,2019,DATE
39,:,O
39,ret,O
39,‐,O
39,rospective,O
39,study,O
39,.,O
39,BMJ,O
39,[,O
39,Internet,MISC
39,],O
39,.,O
39,2020,DATE
39,Mar,DATE
39,[,O
39,cited,O
39,2020,DATE
39,Jun,PERSON
39,1,NUMBER
39,],O
39,;,O
39,368,NUMBER
39,:,O
39,m1091,O
39,.,O
39,Approved,O
39,on,O
39,26/05/2020,NUMBER
39,Epidemiol,O
39,.,O
39,Serv,O
39,.,O
39,Saude,PERSON
39,.,O
39,Braslia,PERSON
39,.,O
39,29,NUMBER
39,(,O
39,3,NUMBER
39,),O
39,:,O
39,e2020233,O
39,.,O
39,2020,DATE
