69,The,O
69,COVID,O
69,‐,O
69,19,NUMBER
69,Cytokine,O
69,Storm,CAUSE_OF_DEATH
69,;,O
69,What,O
69,We,O
69,Know,O
69,So,O
69,Far,O
69,Dina,PERSON
69,Ragab,PERSON
69,1,NUMBER
69,*,O
69,.,O
69,Haitham,PERSON
69,Salah,PERSON
69,Eldin,PERSON
69,2,NUMBER
69,.,O
69,Mohamed,PERSON
69,Taeimah,PERSON
69,3,NUMBER
69,.,O
69,Rasha,PERSON
69,Khattab,PERSON
69,4,NUMBER
69,and,O
69,Ramy,PERSON
69,Salem,PERSON
69,1,NUMBER
69,Edited,O
69,by,O
69,:,O
69,Laura,PERSON
69,Maggi,PERSON
69,.,O
69,Remo,PERSON
69,Castro,PERSON
69,Russo,PERSON
69,.,O
69,Gerais,O
69,.,O
69,Brazil,COUNTRY
69,Paul,PERSON
69,Proost,PERSON
69,.,O
69,KU,PERSON
69,Leuven,PERSON
69,.,O
69,Belgium,COUNTRY
69,Dina,PERSON
69,Ragab,PERSON
69,Specialty,O
69,sec,DURATION
69,‐,O
69,tion,O
69,:,O
69,Cytokines,O
69,and,O
69,Soluble,O
69,Mediators,O
69,in,O
69,Frontiers,O
69,in,O
69,Immunology,O
69,Ragab,PERSON
69,D,O
69,.,O
69,Salah,PERSON
69,Eldin,PERSON
69,H,PERSON
69,.,O
69,Taeimah,O
69,M,O
69,.,O
69,Khattab,PERSON
69,R,O
69,and,O
69,Salem,PERSON
69,R,PERSON
69,(,O
69,2020,DATE
69,),O
69,The,O
69,COVID,O
69,‐,O
69,19,NUMBER
69,Cytokine,O
69,Storm,CAUSE_OF_DEATH
69,;,O
69,What,O
69,We,O
69,Know,O
69,So,O
69,Far,O
69,.,O
69,Front,O
69,.,O
69,Im,O
69,‐,O
69,munol,O
69,.,O
69,11:1446,NUMBER
69,.,O
69,COVID,O
69,‐,O
69,19,NUMBER
69,is,O
69,a,O
69,rapidly,O
69,spreading,O
69,global,O
69,threat,O
69,that,O
69,has,O
69,been,O
69,declared,O
69,as,O
69,a,O
69,pandemic,O
69,by,O
69,the,O
69,WHO,O
69,.,O
69,COVID,O
69,‐,O
69,19,NUMBER
69,is,O
69,transmitted,O
69,via,O
69,droplets,O
69,or,O
69,direct,O
69,contact,O
69,and,O
69,infects,O
69,the,O
69,respi,O
69,‐,O
69,ratory,O
69,tract,O
69,resulting,O
69,in,O
69,pneumonia,CAUSE_OF_DEATH
69,in,O
69,most,O
69,of,O
69,the,O
69,cases,O
69,and,O
69,acute,O
69,respiratory,O
69,distress,O
69,syndrome,O
69,(,O
69,ARDS,O
69,),O
69,in,O
69,about,O
69,15,PERCENT
69,%,PERCENT
69,of,O
69,the,O
69,cases,O
69,.,O
69,Mortality,O
69,in,O
69,COVID,O
69,‐,O
69,19,NUMBER
69,patients,O
69,has,O
69,been,O
69,linked,O
69,to,O
69,the,O
69,presence,O
69,of,O
69,the,O
69,so,O
69,‐,O
69,called,O
69,cytokine,O
69,storm,CAUSE_OF_DEATH
69,induced,O
69,by,O
69,the,O
69,virus,O
69,.,O
69,Excessive,O
69,production,O
69,of,O
69,proinflammatory,O
69,cytokines,O
69,leads,O
69,to,O
69,ARDS,O
69,aggravation,O
69,and,O
69,widespread,O
69,tissue,O
69,damage,O
69,resulting,O
69,in,O
69,multi,O
69,‐,O
69,organ,O
69,failure,O
69,and,O
69,death,O
69,.,O
69,Targeting,O
69,cytokines,O
69,during,O
69,the,O
69,management,O
69,of,O
69,COVID,O
69,‐,O
69,19,NUMBER
69,patients,O
69,could,O
69,improve,O
69,survival,O
69,rates,O
69,and,O
69,reduce,O
69,mortal,O
69,‐,O
69,ity,O
69,.,O
69,Keywords,O
69,:,O
69,COVID,O
69,‐,O
69,19,NUMBER
69,.,O
69,cytokine,O
69,.,O
69,storm,CAUSE_OF_DEATH
69,.,O
69,ARDS,O
69,.,O
69,IL,STATE_OR_PROVINCE
69,‐,O
69,6,NUMBER
69,In,O
69,December,DATE
69,2019,DATE
69,.,O
69,an,O
69,outbreak,O
69,of,O
69,pneumonia,CAUSE_OF_DEATH
69,cases,O
69,was,O
69,reported,O
69,in,O
69,Wuhan,CITY
69,.,O
69,Chi,O
69,‐,O
69,na,O
69,.,O
69,The,O
69,outbreak,O
69,was,O
69,linked,O
69,to,O
69,the,O
69,Huanan,O
69,food,O
69,Market,O
69,.,O
69,The,O
69,new,O
69,virus,O
69,.,O
69,2019,DATE
69,‐,O
69,nCoV,O
69,.,O
69,so,O
69,called,O
69,then,O
69,.,O
69,was,O
69,isolated,O
69,on,O
69,7,DATE
69,January,DATE
69,2020,DATE
69,and,O
69,identified,O
69,as,O
69,the,O
69,cause,O
69,of,O
69,the,O
69,outbreak,O
69,(,O
69,1,NUMBER
69,),O
69,.,O
69,The,O
69,2019,DATE
69,‐,O
69,nCoV,O
69,virus,O
69,rapidly,O
69,spread,O
69,across,O
69,China,COUNTRY
69,and,O
69,many,O
69,other,O
69,countries,O
69,and,O
69,caused,O
69,a,O
69,rapidly,O
69,growing,O
69,global,O
69,outbreak,O
69,.,O
69,On,O
69,11,DATE
69,February,DATE
69,2020,DATE
69,.,O
69,the,O
69,WHO,ORGANIZATION
69,has,O
69,named,O
69,the,O
69,disease,CAUSE_OF_DEATH
69,COVID,O
69,‐,O
69,19,NUMBER
69,.,O
69,short,O
69,for,O
69,coronavirus,O
69,disease,CAUSE_OF_DEATH
69,2019,DATE
69,(,O
69,2,NUMBER
69,),O
69,and,O
69,on,O
69,12,DATE
69,March,DATE
69,2020,DATE
69,the,O
69,total,O
69,number,O
69,of,O
69,COVID,O
69,‐,O
69,19,NUMBER
69,confirmed,O
69,cases,O
69,reached,O
69,125.260,NUMBER
69,globally,O
69,with,O
69,80.981,NUMBER
69,cases,O
69,in,O
69,China,COUNTRY
69,and,O
69,44.279,NUMBER
69,outside,O
69,of,O
69,China,COUNTRY
69,and,O
69,the,O
69,COVID,O
69,‐,O
69,19,NUMBER
69,was,O
69,declared,O
69,to,O
69,be,O
69,a,O
69,pandemic,O
69,by,O
69,the,O
69,WHO,O
69,(,O
69,3,NUMBER
69,),O
69,.,O
69,As,O
69,of,O
69,26,DATE
69,May,DATE
69,2020,DATE
69,.,O
69,COVID,O
69,‐,O
69,19,NUMBER
69,has,O
69,been,O
69,confirmed,O
69,in,O
69,5.404.512,NUMBER
69,individuals,O
69,globally,O
69,with,O
69,deaths,O
69,reaching,O
69,343.514,NUMBER
69,with,O
69,a,O
69,morality,O
69,of,O
69,6.4,PERCENT
69,%,PERCENT
69,.,O
69,The,O
69,United,ORGANIZATION
69,States,O
69,had,O
69,the,O
69,highest,O
69,number,O
69,of,O
69,confirmed,O
69,cases,O
69,(,O
69,1.618.757,NUMBER
69,cas,O
69,‐,O
69,es,O
69,),O
69,(,O
69,4,NUMBER
69,),O
69,.,O
69,TRANSMISSION,O
69,AND,O
69,CLINICAL,O
69,MANIFESTATIONS,O
69,OF,O
69,COVID,O
69,‐,O
69,19,NUMBER
69,COVID,O
69,‐,O
69,19,NUMBER
69,is,O
69,caused,O
69,by,O
69,the,O
69,SARS,O
69,‐,O
69,CoV,O
69,‐,O
69,2,NUMBER
69,that,O
69,belongs,O
69,to,O
69,the,O
69,beta,O
69,‐,O
69,coronaviruses,O
69,subfamily,O
69,.,O
69,Coronaviruses,O
69,are,O
69,enveloped,O
69,.,O
69,positive,O
69,single,O
69,stranded,O
69,large,O
69,RNA,O
69,viruses,O
69,.,O
69,Although,O
69,the,O
69,first,ORDINAL
69,data,O
69,avail,O
69,‐,O
69,able,O
69,about,O
69,COVID,O
69,‐,O
69,19,NUMBER
69,indicates,O
69,possible,O
69,animal,O
69,‐,O
69,to,O
69,‐,O
69,human,O
69,transmis,O
69,‐,O
69,sion,O
69,via,O
69,wild,O
69,animals,O
69,in,O
69,Huanan,O
69,seafood,O
69,Market,O
69,in,O
69,Wuhan,CITY
69,(,O
69,5,NUMBER
69,.,O
69,6,NUMBER
69,),O
69,.,O
69,epidemiological,O
69,data,O
69,and,O
69,studies,O
69,.,O
69,after,O
69,that,O
69,.,O
69,have,O
69,Ragab,PERSON
69,et,O
69,al,O
69,.,O
69,The,O
69,COVID,O
69,‐,O
69,19,NUMBER
69,Cytokine,O
69,Storm,CAUSE_OF_DEATH
69,or,O
69,liver,O
69,enzyme,O
69,levels,O
69,(,O
69,ALT,O
69,and,O
69,AST,O
69,),O
69,occurs,O
69,in,O
69,complicated,O
69,cases,O
69,progressing,O
69,to,O
69,multi,O
69,‐,O
69,organ,O
69,failure,O
69,(,O
69,18,NUMBER
69,),O
69,.,O
69,increasingly,O
69,demonstrated,O
69,that,O
69,the,O
69,virus,O
69,transmits,O
69,human,O
69,‐,O
69,tohuman,O
69,.,O
69,through,O
69,droplets,O
69,or,O
69,direct,O
69,contact,O
69,.,O
69,with,O
69,the,O
69,reporting,O
69,that,O
69,individuals,O
69,who,O
69,did,O
69,not,O
69,have,O
69,direct,O
69,contact,O
69,with,O
69,the,O
69,Huanan,PERSON
69,seafood,O
69,market,O
69,were,O
69,diagnosed,O
69,with,O
69,COVID,O
69,‐,O
69,19,NUMBER
69,and,O
69,with,O
69,secondary,O
69,cases,O
69,occurring,O
69,at,O
69,hospitals,O
69,among,O
69,health,O
69,care,O
69,workers,O
69,who,O
69,had,O
69,extensive,O
69,contact,O
69,with,O
69,COVID,O
69,‐,O
69,19,NUMBER
69,patients,O
69,.,O
69,The,O
69,virus,O
69,was,O
69,con,O
69,‐,O
69,firmed,O
69,to,O
69,spread,O
69,through,O
69,respiratory,O
69,droplets,O
69,from,O
69,coughs,O
69,or,O
69,sneezes,O
69,(,O
69,79,NUMBER
69,),O
69,with,O
69,the,O
69,ability,O
69,of,O
69,the,O
69,host,TITLE
69,to,O
69,shed,O
69,the,O
69,infection,CAUSE_OF_DEATH
69,while,O
69,asymptomatic,O
69,(,O
69,10,NUMBER
69,),O
69,.,O
69,Studies,O
69,are,O
69,now,DATE
69,also,O
69,proposing,O
69,the,O
69,pos,O
69,‐,O
69,sible,O
69,feco,O
69,‐,O
69,oral,O
69,transmission,O
69,of,O
69,the,O
69,COVID,O
69,‐,O
69,19,NUMBER
69,patients,O
69,are,O
69,mainly,O
69,adults,O
69,older,O
69,than,O
69,18,DURATION
69,years,DURATION
69,old,DURATION
69,with,O
69,a,O
69,male,O
69,predominance,O
69,.,O
69,the,O
69,pre,O
69,‐,O
69,conceived,O
69,notion,O
69,that,O
69,pediatrics,O
69,are,O
69,not,O
69,subjected,O
69,to,O
69,infection,CAUSE_OF_DEATH
69,later,O
69,changed,O
69,with,O
69,confirmed,O
69,cases,O
69,occurring,O
69,in,O
69,pediatrics,O
69,in,O
69,China,COUNTRY
69,and,O
69,worldwide,O
69,(,O
69,12,NUMBER
69,.,O
69,13,NUMBER
69,),O
69,.,O
69,however,O
69,.,O
69,mortality,O
69,is,O
69,still,O
69,much,O
69,more,O
69,in,O
69,the,O
69,adult,O
69,group,O
69,above,O
69,the,O
69,age,O
69,of,O
69,65,DURATION
69,years,DURATION
69,.,O
69,Adults,O
69,with,O
69,pre,O
69,‐,O
69,existing,O
69,cardiovascular,CAUSE_OF_DEATH
69,diseases,CAUSE_OF_DEATH
69,.,O
69,respiratory,CAUSE_OF_DEATH
69,diseases,CAUSE_OF_DEATH
69,.,O
69,en,O
69,‐,O
69,docrine,O
69,diseases,CAUSE_OF_DEATH
69,.,O
69,diabetics,O
69,.,O
69,or,O
69,immunocompromised,O
69,adults,O
69,remain,O
69,the,O
69,most,O
69,exposed,O
69,to,O
69,serious,O
69,complication,O
69,of,O
69,COVID,O
69,‐,O
69,19,NUMBER
69,(,O
69,14,NUMBER
69,),O
69,.,O
69,Al,O
69,‐,O
69,though,O
69,many,O
69,patients,O
69,of,O
69,COVID,O
69,‐,O
69,19,NUMBER
69,remain,O
69,asymptomatic,O
69,.,O
69,some,O
69,pa,O
69,‐,O
69,tients,O
69,get,O
69,pneumonia,CAUSE_OF_DEATH
69,and,O
69,10,PERCENT
69,%,PERCENT
69,of,O
69,cases,O
69,require,O
69,mechanical,O
69,ventila,O
69,‐,O
69,tion,O
69,and,O
69,ICU,O
69,admission,O
69,.,O
69,Patients,O
69,usually,O
69,present,DATE
69,with,O
69,fever,CAUSE_OF_DEATH
69,.,O
69,dry,O
69,cough,O
69,.,O
69,shortness,O
69,of,O
69,breath,O
69,.,O
69,headache,O
69,.,O
69,malaise,O
69,.,O
69,muscle,O
69,.,O
69,and,O
69,bony,O
69,aches,O
69,.,O
69,Less,O
69,common,O
69,symptoms,O
69,include,O
69,sore,O
69,throat,O
69,.,O
69,confusion,O
69,.,O
69,pro,O
69,‐,O
69,ductive,O
69,cough,O
69,.,O
69,hemoptysis,O
69,.,O
69,diarrhea,O
69,.,O
69,nausea,O
69,.,O
69,and,O
69,chest,O
69,pain,O
69,(,O
69,15,NUMBER
69,),O
69,.,O
69,Progression,O
69,to,O
69,pneumonia,CAUSE_OF_DEATH
69,is,O
69,documented,O
69,by,O
69,radiological,O
69,findings,O
69,and,O
69,usually,O
69,occurs,O
69,12,DURATION
69,weeks,DURATION
69,after,O
69,the,O
69,beginning,O
69,of,O
69,the,O
69,symptoms,O
69,.,O
69,Signs,O
69,of,O
69,pneumonia,CAUSE_OF_DEATH
69,include,O
69,decreased,O
69,oxygen,O
69,saturation,O
69,.,O
69,deterio,O
69,‐,O
69,ration,O
69,of,O
69,blood,O
69,gas,O
69,.,O
69,multi,O
69,‐,O
69,focal,O
69,glass,O
69,ground,O
69,opacities,O
69,.,O
69,or,O
69,patchy,O
69,/,O
69,segmental,O
69,consolidation,O
69,in,O
69,chest,O
69,X,O
69,‐,O
69,ray,O
69,or,O
69,CT,O
69,.,O
69,Patients,O
69,presenting,O
69,late,O
69,or,O
69,deteriorating,O
69,hospitalized,O
69,patients,O
69,usually,O
69,suffer,O
69,from,O
69,acute,O
69,respiratory,O
69,distress,O
69,syndrome,O
69,(,O
69,ARDS,O
69,),O
69,.,O
69,acute,O
69,respiratory,CAUSE_OF_DEATH
69,failure,CAUSE_OF_DEATH
69,.,O
69,acute,O
69,renal,O
69,injury,O
69,.,O
69,and,O
69,multi,O
69,‐,O
69,organ,O
69,CYTOKINE,O
69,PROFILE,O
69,AND,O
69,THE,O
69,CYTOKINE,O
69,The,O
69,newly,O
69,emerging,O
69,COVID,O
69,‐,O
69,19,NUMBER
69,is,O
69,continu,O
69,‐,O
69,ing,O
69,to,O
69,challenge,O
69,medical,O
69,health,O
69,systems,O
69,all,O
69,over,O
69,the,O
69,world,O
69,and,O
69,the,O
69,scenario,O
69,is,O
69,still,O
69,getting,O
69,worse,O
69,.,O
69,The,O
69,COVID,O
69,‐,O
69,19,NUMBER
69,poses,O
69,an,O
69,in,O
69,‐,O
69,creasing,O
69,threat,O
69,to,O
69,humans,O
69,with,O
69,a,O
69,fatality,O
69,rate,O
69,of,O
69,6.4,PERCENT
69,%,PERCENT
69,so,O
69,far,O
69,(,O
69,4,NUMBER
69,),O
69,.,O
69,COVID,O
69,‐,O
69,19,NUMBER
69,infection,CAUSE_OF_DEATH
69,is,O
69,accompanied,O
69,by,O
69,an,O
69,aggressive,O
69,inflamma,O
69,‐,O
69,tory,O
69,response,O
69,with,O
69,the,O
69,release,O
69,of,O
69,a,O
69,large,O
69,amount,O
69,of,O
69,pro,O
69,‐,O
69,inflamma,O
69,‐,O
69,tory,O
69,cytokines,O
69,in,O
69,an,O
69,event,O
69,known,O
69,as,O
69,cytokine,O
69,storm,CAUSE_OF_DEATH
69,.,O
69,The,O
69,host,TITLE
69,im,O
69,‐,O
69,mune,O
69,response,O
69,to,O
69,the,O
69,SARS,MISC
69,‐,O
69,CoV,O
69,‐,O
69,2,NUMBER
69,virus,O
69,is,O
69,hyperactive,O
69,resulting,O
69,in,O
69,an,O
69,excessive,O
69,inflammatory,O
69,reaction,O
69,.,O
69,Several,O
69,studies,O
69,analyzing,O
69,cy,O
69,‐,O
69,tokine,O
69,profiles,O
69,from,O
69,COVID,O
69,‐,O
69,19,NUMBER
69,patients,O
69,suggested,O
69,that,O
69,the,O
69,cy,O
69,‐,O
69,tokine,O
69,storm,CAUSE_OF_DEATH
69,correlated,O
69,directly,O
69,with,O
69,lung,O
69,injury,O
69,.,O
69,multiorgan,O
69,failure,O
69,.,O
69,and,O
69,unfavorable,O
69,prognosis,O
69,of,O
69,severe,O
69,COVID,O
69,‐,O
69,19,NUMBER
69,The,O
69,immune,O
69,system,O
69,has,O
69,an,O
69,exquisite,O
69,mechanism,O
69,capable,O
69,of,O
69,responding,O
69,to,O
69,vari,O
69,‐,O
69,ous,O
69,pathogens,O
69,.,O
69,Normal,O
69,anti,O
69,‐,O
69,viral,O
69,immune,O
69,response,O
69,requires,O
69,the,O
69,ac,O
69,‐,O
69,tivation,O
69,of,O
69,the,O
69,inflammatory,O
69,pathways,O
69,of,O
69,the,O
69,immune,O
69,system,O
69,;,O
69,how,O
69,‐,O
69,ever,O
69,.,O
69,aberrant,O
69,or,O
69,exaggerated,O
69,response,O
69,of,O
69,the,O
69,hosts,O
69,immune,O
69,system,O
69,can,O
69,cause,O
69,severe,O
69,disease,CAUSE_OF_DEATH
69,if,O
69,remains,O
69,uncontrolled,O
69,(,O
69,25,NUMBER
69,),O
69,.,O
69,Cytokines,O
69,are,O
69,an,O
69,essential,O
69,part,O
69,of,O
69,the,O
69,inflammatory,O
69,process,O
69,.,O
69,Cytokines,O
69,are,O
69,produced,O
69,by,O
69,several,O
69,immune,O
69,cells,O
69,including,O
69,the,O
69,innate,O
69,macrophages,O
69,.,O
69,dendritic,O
69,cells,O
69,.,O
69,natural,O
69,killer,O
69,cells,O
69,and,O
69,the,O
69,adap,O
69,‐,O
69,tive,O
69,T,O
69,and,O
69,B,O
69,lymphocytes,O
69,.,O
69,During,O
69,an,O
69,innate,O
69,immune,O
69,response,O
69,to,O
69,a,O
69,viral,O
69,infection,CAUSE_OF_DEATH
69,.,O
69,pattern,O
69,recognition,O
69,receptors,O
69,(,O
69,PRRs,O
69,),O
69,recognize,O
69,different,O
69,molecular,O
69,structures,O
69,that,O
69,are,O
69,characteristic,O
69,to,O
69,the,O
69,in,O
69,‐,O
69,vading,O
69,virus,O
69,.,O
69,These,O
69,molecular,O
69,structures,O
69,are,O
69,referred,O
69,to,O
69,as,O
69,pathogen,O
69,associated,O
69,molecular,O
69,patterns,O
69,(,O
69,PAMPs,O
69,),O
69,.,O
69,Binding,O
69,of,O
69,PAMPs,O
69,to,O
69,PRRs,O
69,triggers,O
69,the,O
69,start,O
69,of,O
69,the,O
69,inflammatory,O
69,response,O
69,against,O
69,the,O
69,invading,O
69,virus,O
69,resulting,O
69,in,O
69,the,O
69,activation,O
69,of,O
69,several,O
69,signal,O
69,‐,O
69,ing,O
69,pathways,O
69,and,O
69,subsequently,O
69,transcription,O
69,factors,O
69,which,O
69,induce,O
69,the,O
69,expression,O
69,of,O
69,genes,O
69,responsible,O
69,for,O
69,production,O
69,of,O
69,several,O
69,products,O
69,involved,O
69,in,O
69,the,O
69,hosts,O
69,immune,O
69,response,O
69,to,O
69,the,O
69,virus,O
69,.,O
69,among,O
69,which,O
69,are,O
69,the,O
69,genes,O
69,encoding,O
69,several,O
69,pro,O
69,‐,O
69,inflammatory,O
69,cy,O
69,‐,O
69,tokines,O
69,.,O
69,The,O
69,major,O
69,transcription,O
69,factors,O
69,that,O
69,are,O
69,activated,O
69,by,O
69,PRRs,O
69,are,O
69,nuclear,O
69,factor,O
69,kB,O
69,.,O
69,activation,O
69,protein,O
69,1,NUMBER
69,.,O
69,interferon,O
69,re,O
69,‐,O
69,sponse,O
69,factors,O
69,three,NUMBER
69,and,O
69,seven,NUMBER
69,.,O
69,These,O
69,transcription,O
69,factors,O
69,in,O
69,‐,O
69,duce,O
69,the,O
69,expression,O
69,of,O
69,genes,O
69,encoding,O
69,inflammatory,O
69,cytokines,O
69,.,O
69,chemokines,O
69,and,O
69,adhesion,O
69,molecules,O
69,.,O
69,This,O
69,sequence,O
69,of,O
69,events,O
69,re,O
69,‐,O
69,sults,O
69,in,O
69,recruitment,O
69,of,O
69,leukocytes,O
69,and,O
69,plasma,O
69,proteins,O
69,to,O
69,site,O
69,of,O
69,infection,CAUSE_OF_DEATH
69,where,O
69,they,O
69,perform,O
69,various,O
69,effector,O
69,functions,O
69,that,O
69,serve,O
69,to,O
69,combat,O
69,the,O
69,triggering,O
69,infection,CAUSE_OF_DEATH
69,(,O
69,26,NUMBER
69,),O
69,.,O
69,Three,NUMBER
69,of,O
69,the,O
69,most,O
69,important,O
69,pro,O
69,‐,O
69,inflammatory,O
69,cytokines,O
69,of,O
69,the,O
69,innate,O
69,immune,O
69,re,O
69,‐,O
69,sponse,O
69,are,O
69,IL,STATE_OR_PROVINCE
69,‐,O
69,1,NUMBER
69,.,O
69,TNF,O
69,‐,O
69,.,O
69,and,O
69,IL,STATE_OR_PROVINCE
69,‐,O
69,6,NUMBER
69,.,O
69,Tissue,O
69,macrophages,O
69,.,O
69,mast,O
69,cells,O
69,.,O
69,endothelial,O
69,.,O
69,and,O
69,epithelial,O
69,cells,O
69,are,O
69,the,O
69,major,O
69,source,O
69,of,O
69,these,O
69,cytokines,O
69,during,O
69,innate,O
69,immune,O
69,response,O
69,.,O
69,The,O
69,cytokine,O
69,storm,CAUSE_OF_DEATH
69,re,O
69,‐,O
69,sults,O
69,from,O
69,a,O
69,sudden,O
69,acute,O
69,increase,O
69,in,O
69,circulating,O
69,levels,O
69,of,O
69,dif,O
69,‐,O
69,ferent,O
69,pro,O
69,‐,O
69,inflammatory,O
69,cytokines,O
69,including,O
69,IL,STATE_OR_PROVINCE
69,‐,O
69,6,NUMBER
69,.,O
69,IL,STATE_OR_PROVINCE
69,‐,O
69,1,NUMBER
69,.,O
69,TNF,O
69,‐,O
69,.,O
69,and,O
69,interferon,O
69,.,O
69,This,O
69,increase,O
69,in,O
69,cytokines,O
69,results,O
69,in,O
69,influx,O
69,of,O
69,various,O
69,immune,O
69,cells,O
69,such,O
69,as,O
69,macrophages,O
69,.,O
69,neutrophils,O
69,.,O
69,and,O
69,T,O
69,cells,O
69,from,O
69,the,O
69,circulation,O
69,LABORATORY,O
69,FINDINGS,O
69,OF,O
69,COVID,O
69,‐,O
69,19,NUMBER
69,Com,O
69,‐,O
69,plete,O
69,blood,O
69,picture,O
69,of,O
69,COVID,O
69,‐,O
69,19,NUMBER
69,patients,O
69,usually,O
69,shows,O
69,lymphope,O
69,‐,O
69,nia,O
69,with,O
69,or,O
69,without,O
69,total,O
69,leukopenia,O
69,.,O
69,A,O
69,lymphocyte,O
69,count,TITLE
69,<,O
69,1.0,NUMBER
69,109,NUMBER
69,/,O
69,L,O
69,has,O
69,been,O
69,associated,O
69,with,O
69,severe,O
69,disease,CAUSE_OF_DEATH
69,(,O
69,18,NUMBER
69,),O
69,.,O
69,A,O
69,recent,O
69,research,O
69,has,O
69,reported,O
69,that,O
69,severe,O
69,cases,O
69,of,O
69,COVID19,O
69,tend,O
69,to,O
69,have,O
69,higher,O
69,neutrophil,O
69,to,O
69,lymphocyte,O
69,ratio,O
69,(,O
69,NLR,O
69,),O
69,.,O
69,NLR,O
69,is,O
69,calculated,O
69,from,O
69,a,O
69,routine,O
69,blood,O
69,picture,O
69,by,O
69,dividing,O
69,the,O
69,absolute,O
69,neutrophil,O
69,count,TITLE
69,by,O
69,the,O
69,absolute,O
69,lymphocyte,O
69,count,TITLE
69,and,O
69,indicates,O
69,a,O
69,patients,O
69,overall,O
69,inflammatory,O
69,status,O
69,.,O
69,Increasing,O
69,NLR,O
69,is,O
69,a,O
69,risk,O
69,factor,O
69,of,O
69,mortality,O
69,not,O
69,only,O
69,in,O
69,infectious,O
69,diseases,CAUSE_OF_DEATH
69,but,O
69,also,O
69,in,O
69,malignancy,O
69,.,O
69,acute,O
69,coronary,O
69,syndrome,O
69,.,O
69,intracerebral,O
69,hemorrhage,CAUSE_OF_DEATH
69,.,O
69,polymyositis,O
69,.,O
69,and,O
69,dermatomyostis,O
69,(,O
69,19,NUMBER
69,),O
69,.,O
69,Platelet,O
69,count,TITLE
69,is,O
69,usually,O
69,normal,O
69,or,O
69,mildly,O
69,decreased,O
69,.,O
69,Creaction,O
69,protein,O
69,and,O
69,erythrocyte,O
69,sedimentation,O
69,rate,O
69,are,O
69,usually,O
69,increased,O
69,while,O
69,procalcitonin,O
69,levels,O
69,are,O
69,normal,O
69,and,O
69,elevation,O
69,of,O
69,procalcitonin,O
69,usually,O
69,indicates,O
69,secondary,O
69,bacte,O
69,‐,O
69,rial,O
69,infection,CAUSE_OF_DEATH
69,.,O
69,Lactate,O
69,dehydrogenase,O
69,.,O
69,ferritin,O
69,.,O
69,D,O
69,‐,O
69,dimer,O
69,.,O
69,and,O
69,creatine,O
69,kinase,O
69,elevation,O
69,is,O
69,associated,O
69,with,O
69,severe,O
69,disease,CAUSE_OF_DEATH
69,.,O
69,Ele,O
69,‐,O
69,vation,O
69,in,O
69,creatinine,O
69,Ragab,PERSON
69,et,O
69,al,O
69,.,O
69,The,O
69,COVID,O
69,‐,O
69,19,NUMBER
69,Cytokine,O
69,Storm,CAUSE_OF_DEATH
69,the,O
69,two,NUMBER
69,coronaviruses,O
69,highly,O
69,related,O
69,to,O
69,COVID,O
69,‐,O
69,19,NUMBER
69,;,O
69,SARS,O
69,‐,O
69,CoV,O
69,and,O
69,MERS,O
69,‐,O
69,CoV,O
69,(,O
69,31,NUMBER
69,.,O
69,32,NUMBER
69,),O
69,.,O
69,Both,O
69,pro,O
69,‐,O
69,inflammatory,O
69,cytokines,O
69,(,O
69,e.g.,O
69,.,O
69,IL,STATE_OR_PROVINCE
69,‐,O
69,1,NUMBER
69,.,O
69,IL,STATE_OR_PROVINCE
69,‐,O
69,6,NUMBER
69,.,O
69,and,O
69,TNF,O
69,‐,O
69,),O
69,and,O
69,anti,O
69,‐,O
69,inflammatory,O
69,cytokines,O
69,(,O
69,e.g.,O
69,.,O
69,IL,STATE_OR_PROVINCE
69,‐,O
69,10,NUMBER
69,and,O
69,IL,STATE_OR_PROVINCE
69,‐,O
69,1,NUMBER
69,receptor,O
69,antagonist,O
69,),O
69,are,O
69,elevated,O
69,in,O
69,the,O
69,serum,O
69,of,O
69,CS,O
69,pa,O
69,‐,O
69,tients,O
69,.,O
69,The,O
69,main,O
69,contributors,O
69,to,O
69,the,O
69,interplay,O
69,of,O
69,the,O
69,cytokine,O
69,storm,CAUSE_OF_DEATH
69,are,O
69,IL,STATE_OR_PROVINCE
69,‐,O
69,6,NUMBER
69,and,O
69,TNF,O
69,‐,O
69,.,O
69,In,O
69,the,O
69,absence,O
69,of,O
69,an,O
69,immediate,O
69,and,O
69,ap,O
69,‐,O
69,propriate,O
69,therapeutic,O
69,intervention,O
69,.,O
69,patients,O
69,develop,O
69,ARDS,ORGANIZATION
69,as,O
69,a,O
69,result,O
69,of,O
69,acute,O
69,lung,O
69,damage,O
69,followed,O
69,by,O
69,multi,O
69,‐,O
69,organ,O
69,failure,O
69,and,O
69,resulting,O
69,in,O
69,death,O
69,.,O
69,Hence,O
69,.,O
69,the,O
69,CS,O
69,should,O
69,be,O
69,treated,O
69,immediately,O
69,.,O
69,otherwise,O
69,mortality,O
69,can,O
69,result,O
69,(,O
69,28,NUMBER
69,),O
69,.,O
69,In,O
69,addition,O
69,to,O
69,anti,O
69,‐,O
69,viral,O
69,therapies,O
69,that,O
69,can,O
69,directly,O
69,target,O
69,the,O
69,virus,O
69,.,O
69,anti,O
69,‐,O
69,inflammatory,O
69,therapies,O
69,that,O
69,diminish,O
69,the,O
69,cytokine,O
69,responses,O
69,are,O
69,suggested,O
69,to,O
69,decrease,O
69,both,O
69,the,O
69,morbidity,O
69,and,O
69,mortality,O
69,in,O
69,COVID,O
69,‐,O
69,19,NUMBER
69,patients,O
69,.,O
69,The,O
69,early,O
69,recognition,O
69,of,O
69,CS,O
69,and,O
69,the,O
69,prompt,O
69,treatment,O
69,can,O
69,lead,O
69,to,O
69,better,O
69,outcome,O
69,.,O
69,Several,O
69,biological,O
69,agents,O
69,targeting,O
69,cytokines,O
69,have,O
69,been,O
69,proposed,O
69,for,O
69,treating,O
69,CS,O
69,.,O
69,IL,STATE_OR_PROVINCE
69,‐,O
69,1,NUMBER
69,receptor,O
69,antagonist,O
69,.,O
69,anakinra,O
69,.,O
69,which,O
69,is,O
69,used,O
69,in,O
69,treatment,O
69,of,O
69,rheumatoid,O
69,arthritis,O
69,.,O
69,was,O
69,proven,O
69,to,O
69,be,O
69,helpful,O
69,in,O
69,cytophagic,O
69,histiocytic,O
69,panniculitis,O
69,with,O
69,secondary,O
69,hemophagocytic,O
69,lymphohistiocytosis,O
69,.,O
69,a,O
69,disease,CAUSE_OF_DEATH
69,associat,O
69,‐,O
69,ed,O
69,with,O
69,severe,O
69,CS,O
69,(,O
69,33,NUMBER
69,),O
69,.,O
69,Tocilizumab,O
69,is,O
69,a,O
69,recombinant,O
69,humanized,O
69,IL,STATE_OR_PROVINCE
69,‐,O
69,6,NUMBER
69,receptor,O
69,antagonist,O
69,that,O
69,interferes,O
69,with,O
69,IL,STATE_OR_PROVINCE
69,‐,O
69,6,NUMBER
69,binding,O
69,to,O
69,its,O
69,receptor,O
69,and,O
69,blocks,O
69,signaling,O
69,.,O
69,Tocilizumab,MISC
69,is,O
69,used,O
69,in,O
69,treatment,O
69,of,O
69,rheumatoid,O
69,arthritis,O
69,.,O
69,juvenile,O
69,idiopathic,O
69,arthritis,O
69,.,O
69,giant,O
69,cell,O
69,arteritis,O
69,.,O
69,and,O
69,has,O
69,proven,O
69,valuable,O
69,in,O
69,treatment,O
69,of,O
69,CS,O
69,trig,O
69,‐,O
69,gered,O
69,by,O
69,CAR,O
69,‐,O
69,T,O
69,cell,O
69,therapy,O
69,for,O
69,hematological,O
69,malignancies,O
69,(,O
69,34,NUMBER
69,),O
69,.,O
69,Downstream,O
69,inhibitors,O
69,of,O
69,cytokines,O
69,.,O
69,e.g.,O
69,.,O
69,JAK,O
69,inhibitors,O
69,.,O
69,are,O
69,al,O
69,‐,O
69,so,O
69,being,O
69,explored,O
69,in,O
69,treating,O
69,CS,O
69,.,O
69,As,O
69,IL,STATE_OR_PROVINCE
69,‐,O
69,6,NUMBER
69,is,O
69,the,O
69,most,O
69,frequently,O
69,reported,O
69,cytokine,O
69,to,O
69,be,O
69,increased,O
69,in,O
69,COVID,O
69,‐,O
69,19,NUMBER
69,patients,O
69,and,O
69,as,O
69,IL,STATE_OR_PROVINCE
69,‐,O
69,6,NUMBER
69,elevated,O
69,levels,O
69,have,O
69,been,O
69,associated,O
69,to,O
69,higher,O
69,mortalities,O
69,.,O
69,tocilizumab,O
69,is,O
69,a,O
69,candidate,TITLE
69,drug,O
69,to,O
69,be,O
69,used,O
69,in,O
69,managing,O
69,the,O
69,cy,O
69,‐,O
69,tokine,O
69,storm,CAUSE_OF_DEATH
69,accompanying,O
69,COVID,O
69,‐,O
69,19,NUMBER
69,.,O
69,Encouraging,O
69,results,O
69,have,O
69,been,O
69,reported,O
69,in,O
69,China,COUNTRY
69,where,O
69,tocilizumab,O
69,was,O
69,used,O
69,in,O
69,treatment,O
69,of,O
69,21,NUMBER
69,patients,O
69,with,O
69,severe,O
69,and,O
69,critical,O
69,COVID19,O
69,.,O
69,Clinical,O
69,data,O
69,showed,O
69,that,O
69,the,O
69,symptoms,O
69,.,O
69,hypoxygenmia,O
69,.,O
69,and,O
69,CT,STATE_OR_PROVINCE
69,opacity,O
69,changes,O
69,were,O
69,im,O
69,‐,O
69,proved,O
69,immediately,O
69,after,O
69,the,O
69,treatment,O
69,with,O
69,tocilizumab,O
69,in,O
69,most,O
69,of,O
69,the,O
69,patients,O
69,.,O
69,suggesting,O
69,that,O
69,tocilizumab,O
69,could,O
69,be,O
69,an,O
69,effi,O
69,‐,O
69,cient,O
69,therapeutic,O
69,agent,O
69,for,O
69,treatment,O
69,of,O
69,the,O
69,cytokine,O
69,storm,CAUSE_OF_DEATH
69,asso,O
69,‐,O
69,ciated,O
69,with,O
69,COVID,O
69,‐,O
69,19,NUMBER
69,(,O
69,35,NUMBER
69,),O
69,.,O
69,The,O
69,US,ORGANIZATION
69,Food,ORGANIZATION
69,and,ORGANIZATION
69,Drug,ORGANIZATION
69,Administration,ORGANIZATION
69,(,O
69,FDA,ORGANIZATION
69,),O
69,has,O
69,approved,O
69,Roches,PERSON
69,Phase,PERSON
69,III,PERSON
69,clinical,O
69,trial,O
69,of,O
69,the,O
69,use,O
69,of,O
69,tocilizumab,O
69,in,O
69,hospitalized,O
69,patients,O
69,with,O
69,severe,O
69,COVID,O
69,‐,O
69,19,NUMBER
69,pneumo,O
69,‐,O
69,nia,O
69,.,O
69,The,O
69,trial,O
69,is,O
69,planned,O
69,to,O
69,include,O
69,330,NUMBER
69,patients,O
69,with,O
69,severe,O
69,COVID,O
69,‐,O
69,19,NUMBER
69,Cytokine,MISC
69,storm,CAUSE_OF_DEATH
69,appears,O
69,to,O
69,be,O
69,one,NUMBER
69,of,O
69,the,O
69,common,O
69,causes,O
69,of,O
69,mortality,O
69,in,O
69,the,O
69,recently,DATE
69,declared,O
69,pandemic,O
69,of,O
69,COVID19,O
69,.,O
69,Therapeu,O
69,‐,O
69,tic,O
69,approaches,O
69,to,O
69,manage,O
69,the,O
69,COVID,O
69,‐,O
69,19,NUMBER
69,cytokine,O
69,storm,CAUSE_OF_DEATH
69,might,O
69,pro,O
69,‐,O
69,vide,O
69,an,O
69,avenue,O
69,to,O
69,decrease,O
69,the,O
69,COVID19,O
69,associated,O
69,morbidity,O
69,and,O
69,mortality,O
69,and,O
69,is,O
69,the,O
69,focus,O
69,of,O
69,upcoming,O
69,studies,O
69,.,O
69,into,O
69,the,O
69,site,O
69,of,O
69,infection,CAUSE_OF_DEATH
69,with,O
69,destructive,O
69,effects,O
69,on,O
69,human,O
69,tissue,O
69,resulting,O
69,from,O
69,destabilization,O
69,of,O
69,endothelial,O
69,cell,O
69,to,O
69,cell,O
69,interactions,O
69,.,O
69,damage,O
69,of,O
69,vascular,O
69,barrier,O
69,.,O
69,capillary,O
69,damage,O
69,.,O
69,diffuse,O
69,alveolar,O
69,damage,O
69,.,O
69,multiorgan,O
69,failure,O
69,.,O
69,and,O
69,ultimately,O
69,death,O
69,.,O
69,Lung,O
69,injury,O
69,is,O
69,one,NUMBER
69,con,O
69,‐,O
69,sequence,O
69,of,O
69,the,O
69,cytokine,O
69,storm,CAUSE_OF_DEATH
69,that,O
69,can,O
69,progress,O
69,into,O
69,acute,O
69,lung,O
69,injury,O
69,or,O
69,its,O
69,more,O
69,severe,O
69,form,O
69,ARDS,O
69,(,O
69,27,NUMBER
69,),O
69,.,O
69,ARDS,O
69,leading,O
69,to,O
69,low,O
69,oxygen,O
69,saturation,O
69,levels,O
69,is,O
69,a,O
69,major,O
69,cause,O
69,of,O
69,mortality,O
69,in,O
69,COVID,O
69,‐,O
69,19,NUMBER
69,.,O
69,Although,O
69,the,O
69,exact,O
69,mechanism,O
69,of,O
69,ARDS,O
69,in,O
69,COVID,O
69,‐,O
69,19,NUMBER
69,pa,O
69,‐,O
69,tients,O
69,is,O
69,not,O
69,fully,O
69,understood,O
69,.,O
69,the,O
69,excessive,O
69,production,O
69,of,O
69,pro,O
69,‐,O
69,inflammatory,O
69,cytokines,O
69,is,O
69,considered,O
69,to,O
69,be,O
69,one,NUMBER
69,of,O
69,the,O
69,major,O
69,con,O
69,‐,O
69,tributing,O
69,factors,O
69,(,O
69,1517,DATE
69,),O
69,.,O
69,Accumulating,O
69,evidence,O
69,suggests,O
69,that,O
69,some,O
69,patients,O
69,with,O
69,severe,O
69,COVID,O
69,‐,O
69,19,NUMBER
69,suffer,O
69,from,O
69,a,O
69,cytokine,O
69,storm,CAUSE_OF_DEATH
69,.,O
69,Analysis,O
69,of,O
69,cytokine,O
69,levels,O
69,in,O
69,plasma,O
69,of,O
69,41,NUMBER
69,COVID,O
69,‐,O
69,19,NUMBER
69,confirmed,O
69,cases,O
69,in,O
69,China,COUNTRY
69,revealed,O
69,elevated,O
69,levels,O
69,of,O
69,IL,STATE_OR_PROVINCE
69,‐,O
69,1,NUMBER
69,.,O
69,IL,STATE_OR_PROVINCE
69,‐,O
69,7,NUMBER
69,.,O
69,IL,STATE_OR_PROVINCE
69,‐,O
69,8,NUMBER
69,.,O
69,IL,STATE_OR_PROVINCE
69,‐,O
69,9,NUMBER
69,.,O
69,IL,STATE_OR_PROVINCE
69,‐,O
69,10,NUMBER
69,.,O
69,FGF,ORGANIZATION
69,.,O
69,G,O
69,‐,O
69,CSF,O
69,.,O
69,GM,ORGANIZATION
69,‐,O
69,CSF,O
69,.,O
69,IFN,ORGANIZATION
69,‐,O
69,.,O
69,IP,O
69,‐,O
69,10,NUMBER
69,.,O
69,MCP,ORGANIZATION
69,‐,O
69,1,NUMBER
69,.,O
69,MIP,O
69,‐,O
69,1A,O
69,.,O
69,MIP1,O
69,‐,O
69,B,O
69,.,O
69,PDGF,ORGANIZATION
69,.,O
69,TNF,O
69,‐,O
69,.,O
69,and,O
69,VEGF,O
69,in,O
69,both,O
69,patients,O
69,admitted,O
69,to,O
69,the,O
69,ICU,O
69,and,O
69,non,O
69,‐,O
69,ICU,O
69,patients,O
69,compared,O
69,to,O
69,healthy,O
69,adults,O
69,.,O
69,All,O
69,patients,O
69,included,O
69,in,O
69,the,O
69,study,O
69,had,O
69,pneumonia,CAUSE_OF_DEATH
69,and,O
69,1/3,NUMBER
69,of,O
69,the,O
69,patients,O
69,were,O
69,admitted,O
69,to,O
69,ICU,O
69,and,O
69,six,NUMBER
69,of,O
69,these,O
69,patients,O
69,A,O
69,multicenter,O
69,retro,O
69,‐,O
69,spective,O
69,study,O
69,of,O
69,150,NUMBER
69,COVID,O
69,‐,O
69,19,NUMBER
69,patients,O
69,in,O
69,China,COUNTRY
69,evaluated,O
69,pre,O
69,‐,O
69,dictors,O
69,of,O
69,mortality,O
69,for,O
69,COVID,O
69,‐,O
69,19,NUMBER
69,.,O
69,The,O
69,study,O
69,analyzed,O
69,data,O
69,from,O
69,82,NUMBER
69,cases,O
69,who,O
69,resolved,O
69,from,O
69,COVID,O
69,‐,O
69,19,NUMBER
69,and,O
69,68,NUMBER
69,cases,O
69,who,O
69,died,O
69,from,O
69,COVID,O
69,‐,O
69,19,NUMBER
69,and,O
69,reported,O
69,significantly,O
69,higher,O
69,levels,O
69,of,O
69,IL,STATE_OR_PROVINCE
69,‐,O
69,6,NUMBER
69,in,O
69,mor,O
69,‐,O
69,tality,O
69,cases,O
69,than,O
69,resolving,O
69,cases,O
69,(,O
69,20,NUMBER
69,),O
69,.,O
69,Another,O
69,study,O
69,analyzing,O
69,data,O
69,from,O
69,21,NUMBER
69,patients,O
69,in,O
69,China,COUNTRY
69,reported,O
69,increased,O
69,levels,O
69,of,O
69,IL,STATE_OR_PROVINCE
69,‐,O
69,10,NUMBER
69,.,O
69,IL,STATE_OR_PROVINCE
69,‐,O
69,6,NUMBER
69,.,O
69,and,O
69,TNF,O
69,‐,O
69,in,O
69,severe,O
69,cases,O
69,(,O
69,n,O
69,=,O
69,11,NUMBER
69,patients,O
69,),O
69,compared,O
69,to,O
69,moderate,O
69,cases,O
69,(,O
69,n,O
69,=,O
69,10,NUMBER
69,patients,O
69,),O
69,(,O
69,21,NUMBER
69,),O
69,.,O
69,A,O
69,similar,O
69,study,O
69,by,O
69,Gao,PERSON
69,et,O
69,al.,O
69,assessed,O
69,43,NUMBER
69,patients,O
69,in,O
69,China,COUNTRY
69,and,O
69,reported,O
69,that,O
69,levels,O
69,of,O
69,IL,STATE_OR_PROVINCE
69,‐,O
69,6,NUMBER
69,were,O
69,significantly,O
69,higher,O
69,in,O
69,severe,O
69,cases,O
69,(,O
69,n,O
69,=,O
69,15,NUMBER
69,),O
69,than,O
69,in,O
69,mild,O
69,cases,O
69,(,O
69,n,O
69,=,O
69,28,NUMBER
69,),O
69,(,O
69,22,NUMBER
69,),O
69,.,O
69,Similarly,O
69,.,O
69,Chen,PERSON
69,et,O
69,al.,O
69,studied,O
69,a,O
69,total,O
69,of,O
69,29,NUMBER
69,COVID,O
69,‐,O
69,19,NUMBER
69,patients,O
69,.,O
69,divided,O
69,into,O
69,three,NUMBER
69,groups,O
69,according,O
69,to,O
69,relevant,O
69,diagnostic,O
69,criteria,O
69,.,O
69,and,O
69,found,O
69,that,O
69,IL,STATE_OR_PROVINCE
69,‐,O
69,6,NUMBER
69,was,O
69,higher,O
69,in,O
69,critical,O
69,cases,O
69,(,O
69,n,O
69,=,O
69,5,NUMBER
69,patients,O
69,),O
69,than,O
69,in,O
69,severe,O
69,cases,O
69,(,O
69,n,O
69,=,O
69,9,NUMBER
69,pa,O
69,‐,O
69,tients,O
69,),O
69,and,O
69,that,O
69,IL,STATE_OR_PROVINCE
69,‐,O
69,6,NUMBER
69,was,O
69,higher,O
69,in,O
69,severe,O
69,cases,O
69,than,O
69,in,O
69,mild,O
69,cases,O
69,(,O
69,n,O
69,=,O
69,15,NUMBER
69,cases,O
69,),O
69,(,O
69,23,NUMBER
69,),O
69,.,O
69,No,O
69,much,O
69,data,O
69,is,O
69,available,O
69,yet,O
69,regard,O
69,‐,O
69,ing,O
69,severe,O
69,pediatric,O
69,COVID,O
69,‐,O
69,19,NUMBER
69,patients,O
69,.,O
69,A,O
69,study,O
69,that,O
69,evaluated,O
69,eight,NUMBER
69,critically,O
69,ill,O
69,Chinese,NATIONALITY
69,pediatric,O
69,COVID,O
69,‐,O
69,19,NUMBER
69,patients,O
69,treated,O
69,in,O
69,the,O
69,ICU,O
69,.,O
69,with,O
69,ages,O
69,ranging,O
69,from,O
69,2,DURATION
69,months,DURATION
69,to,O
69,15,DURATION
69,years,DURATION
69,.,O
69,reported,O
69,increased,O
69,levels,O
69,of,O
69,IL,STATE_OR_PROVINCE
69,‐,O
69,6,NUMBER
69,.,O
69,IL,STATE_OR_PROVINCE
69,‐,O
69,10,NUMBER
69,.,O
69,and,O
69,IFN,O
69,‐,O
69,among,O
69,other,O
69,laboratory,O
69,Cytokine,O
69,storm,CAUSE_OF_DEATH
69,(,O
69,CS,O
69,),O
69,is,O
69,a,O
69,critical,O
69,life,O
69,‐,O
69,threating,O
69,condition,O
69,re,O
69,‐,O
69,quiring,O
69,intensive,O
69,care,O
69,admission,O
69,and,O
69,having,O
69,a,O
69,quite,O
69,high,O
69,mortali,O
69,‐,O
69,ty,O
69,.,O
69,CS,O
69,is,O
69,characterized,O
69,by,O
69,a,O
69,clinical,O
69,presentation,O
69,of,O
69,overwhelm,O
69,‐,O
69,ing,O
69,systemic,O
69,inflammation,O
69,.,O
69,hyperferritinemia,O
69,.,O
69,hemodynamic,O
69,insta,O
69,‐,O
69,bility,O
69,.,O
69,and,O
69,multi,O
69,‐,O
69,organ,O
69,failure,O
69,.,O
69,and,O
69,if,O
69,left,O
69,untreated,O
69,.,O
69,it,O
69,leads,O
69,to,O
69,death,O
69,.,O
69,The,O
69,trigger,O
69,for,O
69,CS,O
69,is,O
69,an,O
69,uncontrolled,O
69,immune,O
69,response,O
69,resulting,O
69,in,O
69,continuous,O
69,activation,O
69,and,O
69,expansion,O
69,of,O
69,immune,O
69,cells,O
69,.,O
69,lymphocytes,O
69,.,O
69,and,O
69,macrophages,O
69,.,O
69,which,O
69,produce,O
69,immense,O
69,amounts,O
69,of,O
69,cytokines,O
69,.,O
69,resulting,O
69,in,O
69,a,O
69,cytokine,O
69,storm,CAUSE_OF_DEATH
69,.,O
69,The,O
69,CS,O
69,clinical,O
69,find,O
69,‐,O
69,ings,O
69,are,O
69,attributed,O
69,to,O
69,the,O
69,action,O
69,of,O
69,the,O
69,proinflammatory,O
69,cy,O
69,‐,O
69,tokines,O
69,like,O
69,IL,STATE_OR_PROVINCE
69,‐,O
69,1,NUMBER
69,.,O
69,IL,STATE_OR_PROVINCE
69,‐,O
69,6,NUMBER
69,.,O
69,IL,STATE_OR_PROVINCE
69,‐,O
69,18,NUMBER
69,.,O
69,IFN,ORGANIZATION
69,‐,O
69,.,O
69,and,O
69,TNF,O
69,‐,O
69,(,O
69,27,NUMBER
69,),O
69,.,O
69,CS,O
69,has,O
69,been,O
69,reported,O
69,in,O
69,several,O
69,viral,O
69,infections,CAUSE_OF_DEATH
69,including,O
69,influenza,CAUSE_OF_DEATH
69,H5N1,O
69,virus,O
69,(,O
69,28,NUMBER
69,.,O
69,29,NUMBER
69,),O
69,.,O
69,influenza,CAUSE_OF_DEATH
69,H1N1,O
69,virus,O
69,(,O
69,30,NUMBER
69,),O
69,.,O
69,and,O
69,AUTHOR,TITLE
69,CONTRIBU,PERSON
69,‐,PERSON
69,TIONS,PERSON
69,Ragab,PERSON
69,et,O
69,al,O
69,.,O
69,The,O
69,COVID,O
69,‐,O
69,19,NUMBER
69,Cytokine,O
69,Storm,CAUSE_OF_DEATH
69,1,NUMBER
69,.,O
69,WHO,O
69,.,O
69,Novel,O
69,Coronavirus,O
69,(,O
69,2019,DATE
69,‐,O
69,nCoV,O
69,),O
69,Situation,O
69,Report,O
69,1,NUMBER
69,.,O
69,(,O
69,2020,DATE
69,),O
69,.,O
69,Available,O
69,2,NUMBER
69,.,O
69,WHO,O
69,.,O
69,Novel,O
69,Coronavirus,O
69,(,O
69,2019,DATE
69,‐,O
69,nCoV,O
69,),O
69,Situation,O
69,Report,O
69,22,NUMBER
69,.,O
69,(,O
69,2020,DATE
69,),O
69,.,O
69,Available,O
69,3,NUMBER
69,.,O
69,WHO,O
69,.,O
69,Coronavirus,O
69,disease,CAUSE_OF_DEATH
69,2019,DATE
69,(,O
69,COVID,O
69,‐,O
69,19,NUMBER
69,),O
69,Situation,O
69,Report,O
69,52,NUMBER
69,.,O
69,(,O
69,2020,DATE
69,),O
69,.,O
69,4,NUMBER
69,.,O
69,WHO,O
69,.,O
69,Coronavirus,O
69,disease,CAUSE_OF_DEATH
69,2019,DATE
69,(,O
69,COVID,O
69,‐,O
69,19,NUMBER
69,),O
69,Situation,O
69,Report,O
69,127,NUMBER
69,.,O
69,(,O
69,2020,DATE
69,),O
69,.,O
69,5,NUMBER
69,.,O
69,Peng,O
69,Z,O
69,.,O
69,Xing,PERSON
69,‐,O
69,Lou,O
69,Y,O
69,.,O
69,Xian,CITY
69,‐,O
69,Guang,PERSON
69,W,O
69,.,O
69,Ben,PERSON
69,H,PERSON
69,.,O
69,Zhang,PERSON
69,L,PERSON
69,.,O
69,Zhang,PERSON
69,W,PERSON
69,.,O
69,et,O
69,al,O
69,.,O
69,A,O
69,pneumonia,CAUSE_OF_DEATH
69,outbreak,O
69,associat,O
69,‐,O
69,ed,O
69,with,O
69,a,O
69,new,O
69,coronavirus,O
69,of,O
69,probable,O
69,bat,O
69,origin,O
69,.,O
69,6,NUMBER
69,.,O
69,Guo,O
69,Y,O
69,.,O
69,Cao,PERSON
69,Q,O
69,.,O
69,Hong,CITY
69,Z,LOCATION
69,.,O
69,Tan,O
69,Y,O
69,.,O
69,Chen,PERSON
69,S,O
69,‐,O
69,D,O
69,.,O
69,Jin,PERSON
69,H,O
69,‐,O
69,J,O
69,.,O
69,et,O
69,al,O
69,.,O
69,The,O
69,origin,O
69,.,O
69,transmis,O
69,‐,O
69,sion,O
69,and,O
69,clinical,O
69,therapies,O
69,on,O
69,coronavirus,O
69,disease,CAUSE_OF_DEATH
69,2019,DATE
69,(,O
69,COVID,O
69,‐,O
69,19,NUMBER
69,),O
69,outbreakan,O
69,update,O
69,on,O
69,the,O
69,status,O
69,.,O
69,Mil,O
69,Med,O
69,Res,O
69,.,O
69,(,O
69,2020,DATE
69,),O
69,7,NUMBER
69,.,O
69,Zhao,PERSON
69,S,PERSON
69,.,O
69,Zhuang,PERSON
69,Z,PERSON
69,.,O
69,Ran,PERSON
69,J,PERSON
69,.,O
69,Lin,PERSON
69,J,PERSON
69,.,O
69,Yang,PERSON
69,G,PERSON
69,.,O
69,Yang,PERSON
69,L,PERSON
69,.,O
69,et,O
69,al,O
69,.,O
69,The,O
69,as,O
69,‐,O
69,sociation,O
69,between,O
69,domestic,O
69,train,CRIMINAL_CHARGE
69,transportation,O
69,and,O
69,novel,O
69,coron,O
69,‐,O
69,avirus,O
69,(,O
69,2019,DATE
69,‐,O
69,nCoV,O
69,),O
69,outbreak,O
69,in,O
69,China,COUNTRY
69,from,O
69,2019,DATE
69,to,DATE
69,2020,DATE
69,:,O
69,a,O
69,data,O
69,‐,O
69,driven,O
69,correlational,O
69,report,O
69,.,O
69,Travel,O
69,Med,O
69,8,NUMBER
69,.,O
69,Wang,PERSON
69,X,PERSON
69,.,O
69,Pan,O
69,Z,O
69,.,O
69,Cheng,PERSON
69,Z.,O
69,Association,O
69,between,O
69,2019,DATE
69,‐,O
69,nCoV,O
69,transmission,O
69,and,O
69,N95,O
69,respirator,O
69,use,O
69,.,O
69,J,O
69,Hosp,O
69,Infect,O
69,.,O
69,(,O
69,2020,DATE
69,),O
69,9,NUMBER
69,.,O
69,Chan,RELIGION
69,J,O
69,.,O
69,Yuan,PERSON
69,S,PERSON
69,.,O
69,Kok,PERSON
69,K,PERSON
69,.,O
69,To,O
69,K,O
69,.,O
69,Chu,PERSON
69,H,PERSON
69,.,O
69,Yang,PERSON
69,J,PERSON
69,.,O
69,et,O
69,al,O
69,.,O
69,A,O
69,familial,O
69,cluster,O
69,of,O
69,pneumonia,CAUSE_OF_DEATH
69,associated,O
69,with,O
69,the,O
69,2019,DATE
69,novel,O
69,coronavirus,O
69,indicating,O
69,personto,O
69,‐,O
69,person,O
69,transmis,O
69,‐,O
69,sion,O
69,:,O
69,a,O
69,study,O
69,of,O
69,a,O
69,family,O
69,cluster,O
69,.,O
69,Lancet,O
69,.,O
69,(,O
69,2020,DATE
69,),O
69,395:514,NUMBER
69,10,NUMBER
69,.,O
69,Bai,PERSON
69,Y,O
69,.,O
69,Yao,PERSON
69,L,PERSON
69,.,O
69,Wei,PERSON
69,T,PERSON
69,.,O
69,Tian,O
69,F,O
69,.,O
69,Jin,PERSON
69,D,O
69,‐,O
69,Y,O
69,.,O
69,Chen,PERSON
69,L,PERSON
69,.,O
69,et,O
69,al,O
69,.,O
69,Presumed,O
69,asymp,O
69,‐,O
69,tomatic,O
69,carrier,O
69,transmission,O
69,of,O
69,COVID,O
69,‐,O
69,19,NUMBER
69,.,O
69,JAMA,ORGANIZATION
69,.,O
69,(,O
69,2020,DATE
69,),O
69,323:1406,NUMBER
69,11,NUMBER
69,.,O
69,Gu,PERSON
69,J,PERSON
69,.,O
69,Han,O
69,B,O
69,.,O
69,Wang,O
69,J.,O
69,COVID,O
69,‐,O
69,19,NUMBER
69,:,O
69,gastrointestinal,O
69,manifesta,O
69,‐,O
69,tions,O
69,and,O
69,potential,O
69,fecal,O
69,‐,O
69,oral,O
69,transmission,O
69,.,O
69,Gastroenterology,O
69,.,O
69,(,O
69,2020,DATE
69,),O
69,158,NUMBER
69,:,O
69,1518,DATE
69,12,DATE
69,.,O
69,Dong,PERSON
69,Y,PERSON
69,.,O
69,Mo,PERSON
69,X,PERSON
69,.,O
69,Hu,O
69,Y,O
69,.,O
69,Qi,O
69,X,O
69,.,O
69,Jiang,PERSON
69,F,O
69,.,O
69,Jiang,PERSON
69,Z,PERSON
69,.,O
69,et,O
69,al,O
69,.,O
69,Epidemiological,O
69,characteristics,O
69,of,O
69,2.143,NUMBER
69,pediatric,O
69,pa,O
69,‐,O
69,tients,O
69,with,O
69,2019,DATE
69,coronavirus,O
69,disease,CAUSE_OF_DEATH
69,in,O
69,13,NUMBER
69,.,O
69,Le,O
69,H,O
69,.,O
69,Nguyen,PERSON
69,L,PERSON
69,.,O
69,Tran,PERSON
69,D,O
69,.,O
69,Do,O
69,H,O
69,.,O
69,Tran,ORGANIZATION
69,HT,ORGANIZATION
69,.,O
69,Le,PERSON
69,YT,PERSON
69,.,O
69,et,O
69,al,O
69,.,O
69,The,O
69,first,ORDINAL
69,infant,O
69,case,O
69,of,O
69,COVID,O
69,‐,O
69,19,NUMBER
69,acquired,O
69,from,O
69,a,O
69,secondary,O
69,transmission,O
69,in,O
69,Vietnam,COUNTRY
69,.,O
69,Lancet,O
69,Child,O
69,14,NUMBER
69,.,O
69,Zhou,PERSON
69,F,PERSON
69,.,O
69,Yu,PERSON
69,T,PERSON
69,.,O
69,Du,PERSON
69,R,PERSON
69,.,O
69,Fan,O
69,G,O
69,.,O
69,Liu,PERSON
69,Y,PERSON
69,.,O
69,Liu,PERSON
69,Z,PERSON
69,.,O
69,et,O
69,al,O
69,.,O
69,Clinical,O
69,course,O
69,and,O
69,risk,O
69,factors,O
69,for,O
69,mortality,O
69,of,O
69,adult,O
69,inpatients,O
69,with,O
69,COVID,O
69,‐,O
69,19,NUMBER
69,in,O
69,Wuhan,CITY
69,.,O
69,China,COUNTRY
69,:,O
69,a,O
69,retrospective,O
69,cohort,O
69,study,O
69,.,O
69,Lancet,O
69,.,O
69,(,O
69,2020,DATE
69,),O
69,395:1054,NUMBER
69,15,NUMBER
69,.,O
69,Chen,O
69,N,O
69,.,O
69,Zhou,PERSON
69,M,O
69,.,O
69,Dong,PERSON
69,X,PERSON
69,.,O
69,Qu,O
69,J,O
69,.,O
69,Gong,O
69,F,O
69,.,O
69,Han,O
69,Y,O
69,.,O
69,et,O
69,al,O
69,.,O
69,Epidemiological,O
69,and,O
69,clinical,O
69,characteristics,O
69,of,O
69,99,NUMBER
69,cases,O
69,of,O
69,2019,DATE
69,novel,O
69,coronavirus,O
69,pneumonia,CAUSE_OF_DEATH
69,in,O
69,Wuhan,CITY
69,.,O
69,China,COUNTRY
69,:,O
69,a,O
69,descrip,O
69,‐,O
69,tive,O
69,study,O
69,.,O
69,Lancet,O
69,.,O
69,(,O
69,2020,DATE
69,),O
69,16,NUMBER
69,.,O
69,Huang,PERSON
69,C,PERSON
69,.,O
69,Wang,O
69,Y,O
69,.,O
69,Li,PERSON
69,X,PERSON
69,.,O
69,Ren,PERSON
69,L,PERSON
69,.,O
69,Zhao,PERSON
69,J,O
69,.,O
69,Hu,O
69,Y,O
69,.,O
69,et,O
69,al,O
69,.,O
69,Clinical,O
69,features,O
69,of,O
69,patients,O
69,infected,O
69,with,O
69,2019,DATE
69,novel,O
69,coronavirus,O
69,in,O
69,Wuhan,CITY
69,.,O
69,China,COUNTRY
69,.,O
69,Lancet,O
69,.,O
69,17,NUMBER
69,.,O
69,Lai,MISC
69,C,MISC
69,.,O
69,Shih,PERSON
69,T,PERSON
69,.,O
69,Ko,PERSON
69,W,O
69,.,O
69,Tang,PERSON
69,H,PERSON
69,.,O
69,Hsueh,PERSON
69,P,O
69,‐,O
69,R.,O
69,Severe,O
69,acute,O
69,respiratory,O
69,syndrome,O
69,coron,O
69,‐,O
69,avirus,O
69,2,NUMBER
69,(,O
69,SARS,O
69,‐,O
69,CoV,O
69,‐,O
69,2,NUMBER
69,),O
69,and,O
69,coronavirus,O
69,disease,CAUSE_OF_DEATH
69,‐,O
69,2019,DATE
69,(,O
69,COVID,O
69,‐,O
69,19,NUMBER
69,),O
69,:,O
69,the,O
69,epidemic,O
69,and,O
69,the,O
69,challenges,O
69,.,O
69,Int,O
69,J,O
69,Antimicrob,O
69,Agents,O
69,.,O
69,(,O
69,2020,DATE
69,),O
69,19,NUMBER
69,.,O
69,Liu,PERSON
69,Y,PERSON
69,.,O
69,Du,PERSON
69,X,PERSON
69,.,O
69,Chen,PERSON
69,J,PERSON
69,.,O
69,Jin,O
69,Y,O
69,.,O
69,Peng,PERSON
69,L,PERSON
69,.,O
69,Wang,O
69,HHX,O
69,.,O
69,et,O
69,al,O
69,.,O
69,Neu,PERSON
69,‐,O
69,trophil,O
69,‐,O
69,to,O
69,‐,O
69,lymphocyte,O
69,ratio,O
69,as,O
69,an,O
69,independent,RELIGION
69,risk,O
69,factor,O
69,for,O
69,maortality,O
69,in,O
69,hospitalized,O
69,patients,O
69,with,O
69,COVID,O
69,‐,O
69,19,NUMBER
69,.,O
69,J,O
69,Infect,O
69,.,O
69,(,O
69,2020,DATE
69,),O
69,Ruan,PERSON
69,Q,O
69,.,O
69,Yang,PERSON
69,K,PERSON
69,.,O
69,Wang,PERSON
69,W,PERSON
69,.,O
69,Jiang,PERSON
69,L,O
69,.,O
69,Song,O
69,J.,O
69,Clinical,O
69,predic,O
69,‐,O
69,tors,O
69,of,O
69,mortality,O
69,due,O
69,to,O
69,COVID,O
69,‐,O
69,19,NUMBER
69,based,O
69,on,O
69,an,O
69,analysis,O
69,of,O
69,data,O
69,of,O
69,150,NUMBER
69,patients,O
69,from,O
69,Wuhan,CITY
69,.,O
69,Chen,PERSON
69,G,PERSON
69,.,O
69,Wu,PERSON
69,D,PERSON
69,.,O
69,Guo,PERSON
69,W,PERSON
69,.,O
69,Cao,O
69,Y,O
69,.,O
69,Huang,PERSON
69,D,PERSON
69,.,O
69,Wang,PERSON
69,H,PERSON
69,.,O
69,et,O
69,al,O
69,.,O
69,Clinical,O
69,and,O
69,immunologic,O
69,features,O
69,in,O
69,severe,O
69,and,O
69,moderate,O
69,Coronavirus,O
69,Disease,CAUSE_OF_DEATH
69,2019,DATE
69,.,O
69,J,PERSON
69,Gao,PERSON
69,Y,PERSON
69,.,O
69,Li,PERSON
69,T,PERSON
69,.,O
69,Han,O
69,M,O
69,.,O
69,Li,PERSON
69,X,PERSON
69,.,O
69,Wu,PERSON
69,D,O
69,.,O
69,Xu,PERSON
69,Y,PERSON
69,.,O
69,et,O
69,al,O
69,.,O
69,Diagnostic,O
69,utility,O
69,of,O
69,clinical,O
69,laboratory,O
69,data,O
69,determinations,O
69,for,O
69,patients,O
69,with,O
69,the,O
69,severe,O
69,COVID,O
69,‐,O
69,19,NUMBER
69,.,O
69,J,PERSON
69,Med,PERSON
69,Chen,PERSON
69,L,O
69,.,O
69,Liu,PERSON
69,H,PERSON
69,.,O
69,Liu,PERSON
69,W,PERSON
69,.,O
69,Liu,PERSON
69,J,PERSON
69,.,O
69,Liu,PERSON
69,K,PERSON
69,.,O
69,Shang,PERSON
69,J,PERSON
69,.,O
69,et,O
69,al,O
69,.,O
69,Analysis,O
69,of,O
69,clini,O
69,‐,O
69,cal,O
69,features,O
69,of,O
69,29,NUMBER
69,patients,O
69,with,O
69,2019,DATE
69,novel,O
69,coronavirus,O
69,pneumo,O
69,‐,O
69,nia,O
69,.,O
69,Zhonghua,PERSON
69,Jie,PERSON
69,He,PERSON
69,He,PERSON
69,Sun,PERSON
69,D,PERSON
69,.,O
69,Li,PERSON
69,H,PERSON
69,.,O
69,Lu,PERSON
69,X,PERSON
69,.,O
69,Xiao,PERSON
69,H,PERSON
69,.,O
69,Ren,PERSON
69,J,PERSON
69,.,O
69,Zhang,PERSON
69,F,O
69,‐,O
69,R,O
69,.,O
69,et,O
69,al,O
69,.,O
69,Clinical,O
69,features,O
69,of,O
69,severe,O
69,pediatric,O
69,patients,O
69,with,O
69,coronavirus,O
69,disease,CAUSE_OF_DEATH
69,2019,DATE
69,in,O
69,Wuhan,CITY
69,:,O
69,a,O
69,single,O
69,centers,O
69,observational,O
69,study,O
69,.,O
69,World,O
69,J,PERSON
69,Pediatr,PERSON
69,.,O
69,(,O
69,2020,DATE
69,),O
69,Braciale,ORGANIZATION
69,T,ORGANIZATION
69,.,O
69,Hahn,PERSON
69,Y.,PERSON
69,Immunity,PERSON
69,to,O
69,viruses,O
69,.,O
69,Immunol,O
69,Rev.,TITLE
69,(,O
69,2013,DATE
69,),O
69,Thompson,PERSON
69,M,O
69,.,O
69,Kaminski,PERSON
69,J,PERSON
69,.,O
69,Kurt,PERSON
69,‐,PERSON
69,Jones,PERSON
69,E,O
69,.,O
69,Fitzgerald,PERSON
69,K.,PERSON
69,Pattern,PERSON
69,recognition,O
69,receptors,O
69,and,O
69,the,O
69,innate,O
69,im,O
69,‐,O
69,mune,O
69,response,O
69,to,O
69,viral,O
69,infection,CAUSE_OF_DEATH
69,.,O
69,Viruses,O
69,.,O
69,(,O
69,2011,DATE
69,),O
69,Shimizu,PERSON
69,M.,PERSON
69,Clinical,O
69,features,O
69,of,O
69,cytokine,O
69,storm,CAUSE_OF_DEATH
69,syndrome,O
69,.,O
69,In,O
69,:,O
69,Cron,PERSON
69,R,PERSON
69,.,O
69,Ishikawa,PERSON
69,T.,PERSON
69,Clinical,PERSON
69,preparedness,O
69,for,O
69,cytokine,O
69,storm,CAUSE_OF_DEATH
69,induced,O
69,by,O
69,the,O
69,highly,O
69,pathogenic,O
69,H5N1,O
69,influenza,CAUSE_OF_DEATH
69,virus,O
69,.,O
69,J,O
69,Pharmacogenom,O
69,Phar,O
69,‐,O
69,macoproteomics,O
69,.,O
69,Kalaiyarasu,PERSON
69,S,PERSON
69,.,O
69,Kumar,PERSON
69,M,O
69,.,O
69,Senthil,PERSON
69,Kumar,PERSON
69,D,PERSON
69,.,O
69,Bhatia,PERSON
69,S,O
69,.,O
69,Dash,O
69,SK,STATE_OR_PROVINCE
69,.,O
69,Bhat,PERSON
69,S,O
69,.,O
69,et,O
69,al,O
69,.,O
69,Highly,O
69,pathogenic,O
69,avian,O
69,in?uenza,O
69,H5N1,O
69,virus,O
69,induces,O
69,cytokine,O
69,dysregulation,O
69,with,O
69,suppressed,O
69,maturation,O
69,of,O
69,chicken,O
69,monocyte,O
69,‐,O
69,derived,O
69,dendritic,O
69,cells,O
69,.,O
69,Woo,O
69,P,O
69,.,O
69,Tung,O
69,E,O
69,.,O
69,Chan,PERSON
69,K,O
69,.,O
69,Lau,PERSON
69,C,O
69,.,O
69,Lau,PERSON
69,SKP,O
69,.,O
69,Yuen,PERSON
69,K,O
69,‐,O
69,Y.,O
69,Cytokine,O
69,profiles,O
69,induced,O
69,by,O
69,the,O
69,novel,O
69,swine,O
69,‐,O
69,origin,O
69,influenza,CAUSE_OF_DEATH
69,A,O
69,/,O
69,H1N1,O
69,virus,O
69,:,O
69,implications,O
69,for,O
69,treatment,O
69,Lau,PERSON
69,S,O
69,.,O
69,Lau,PERSON
69,C,O
69,.,O
69,Chan,PERSON
69,K,PERSON
69,.,O
69,Li,PERSON
69,C,PERSON
69,.,O
69,Chen,PERSON
69,H,PERSON
69,.,O
69,Jin,PERSON
69,D,O
69,‐,O
69,Y,O
69,.,O
69,et,O
69,al,O
69,.,O
69,De,O
69,‐,O
69,layed,O
69,induction,O
69,of,O
69,proinflammatory,O
69,cytokines,O
69,and,O
69,suppression,O
69,of,O
69,innate,O
69,antiviral,O
69,response,O
69,by,O
69,the,O
69,novel,O
69,Middle,LOCATION
69,East,LOCATION
69,respiratory,O
69,syndrome,O
69,coronavirus,O
69,:,O
69,implications,O
69,for,O
69,pathogenesis,O
69,and,O
69,treat,O
69,‐,O
69,ment,O
69,.,O
69,J,PERSON
69,Gen,PERSON
69,Virol,PERSON
69,.,O
69,(,O
69,2013,DATE
69,),O
69,94:2679,NUMBER
69,Channappanavar,O
69,R,O
69,.,O
69,Perlman,PERSON
69,S.,PERSON
69,Pathogenic,O
69,human,O
69,coronavirus,O
69,infections,CAUSE_OF_DEATH
69,:,O
69,causes,O
69,and,O
69,consequences,O
69,of,O
69,cytokine,O
69,storm,CAUSE_OF_DEATH
69,and,O
69,immunopathology,O
69,.,O
69,Semin,PERSON
69,Behrens,PERSON
69,E,O
69,.,O
69,Kreiger,PERSON
69,P,O
69,.,O
69,Cherian,PERSON
69,S,PERSON
69,.,O
69,Cron,PERSON
69,R.,PERSON
69,Interleukin,PERSON
69,1,NUMBER
69,receptor,O
69,antagonist,O
69,to,O
69,treat,O
69,cytophagic,O
69,histiocytic,O
69,panniculitis,O
69,with,O
69,secondary,O
69,hemophagocytic,O
69,lymphohistiocytosis,O
69,.,O
69,J,PERSON
69,Rheumatol,PERSON
69,.,O
69,(,O
69,2006,DATE
69,),O
69,33:20814,NUMBER
69,.,O
69,Chen,PERSON
69,H,PERSON
69,.,O
69,Wang,PERSON
69,F,O
69,.,O
69,Zhang,PERSON
69,P,PERSON
69,.,O
69,Zhang,O
69,Y,O
69,.,O
69,Chen,O
69,Y,O
69,.,O
69,Fan,O
69,X,O
69,.,O
69,et,O
69,al,O
69,.,O
69,Management,O
69,of,O
69,cytokine,O
69,release,O
69,syndrome,O
69,related,O
69,to,O
69,CAR,O
69,‐,O
69,T,O
69,cell,O
69,therapy,O
69,.,O
69,Front,O
69,Med,O
69,.,O
69,(,O
69,2019,DATE
69,),O
69,Xu,PERSON
69,X,PERSON
69,.,O
69,Han,O
69,M,O
69,.,O
69,Li,PERSON
69,T,PERSON
69,.,O
69,Sun,PERSON
69,W,PERSON
69,.,O
69,Wang,PERSON
69,D,PERSON
69,.,O
69,et,O
69,al,O
69,.,O
69,Effective,O
69,treatment,O
69,of,O
69,severe,O
69,COVID,O
69,‐,O
69,19,NUMBER
69,patients,O
69,with,O
69,Tocilizumab,PERSON
69,.,O
69,Proc,PERSON
69,Natl,PERSON
69,Acad,PERSON
69,Sci,PERSON
69,USA,COUNTRY
69,.,O
69,117:11970,NUMBER
69,potential,O
69,conflict,O
69,of,O
69,interest,O
69,.,O
69,Copyright,O
69,2020,DATE
69,Ragab,PERSON
69,.,O
69,Salah,PERSON
69,Eldin,PERSON
69,.,O
69,Taeimah,LOCATION
69,.,O
69,Khattab,PERSON
69,and,O
69,Salem,CITY
69,.,O
69,This,O
69,is,O
69,an,O
69,prac,O
69,‐,O
69,tice,O
69,.,O
69,No,O
69,use,O
69,.,O
69,distribution,O
69,or,O
69,reproduction,O
69,is,O
69,permitted,O
69,which,O
69,does,O
69,not,O
69,comply,O
69,with,O
69,these,O
69,terms,O
69,.,O
