31,Cardiac,O
31,risk,O
31,factors,O
31,and,O
31,prevention,O
31,ORIGINAL,O
31,RESEARCH,O
31,Maria,PERSON
31,Elena,PERSON
31,Flacco,PERSON
31,.1,NUMBER
31,Cecilia,PERSON
31,Acuti,PERSON
31,Martellucci,PERSON
31,.2,O
31,Francesca,PERSON
31,Bravi,PERSON
31,.3,O
31,Giustino,PERSON
31,Parruti,O
31,.4,NUMBER
31,Rosaria,PERSON
31,Cappadona,PERSON
31,.1,O
31,Alfonso,PERSON
31,Mascitelli,PERSON
31,.5,O
31,Roberto,PERSON
31,Man,PERSON
31,‐,PERSON
31,fredini,O
31,.6,O
31,Lorenzo,PERSON
31,G,PERSON
31,Mantovani,PERSON
31,.7.8,O
31,Lamberto,PERSON
31,Manzoli,PERSON
31,1,NUMBER
31,Additional,O
31,material,O
31,is,O
31,Department,ORGANIZATION
31,of,ORGANIZATION
31,Medical,ORGANIZATION
31,Ferrara,ORGANIZATION
31,.,O
31,Emilia,O
31,‐,O
31,Ro,O
31,‐,O
31,magna,O
31,.,O
31,Italy,COUNTRY
31,Surgery,CAUSE_OF_DEATH
31,.,O
31,Ancona,PERSON
31,.,O
31,Marche,LOCATION
31,.,O
31,Italy,COUNTRY
31,Arcispedale,PERSON
31,SantAnna,PERSON
31,Medical,ORGANIZATION
31,Department,ORGANIZATION
31,.,O
31,Cona,PERSON
31,.,O
31,Emilia,O
31,‐,O
31,Romagna,LOCATION
31,.,O
31,Italy,COUNTRY
31,Infectious,O
31,Dis,O
31,‐,O
31,eases,O
31,Unit,O
31,.,O
31,Local,ORGANIZATION
31,Health,ORGANIZATION
31,Unit,ORGANIZATION
31,of,ORGANIZATION
31,Pescara,ORGANIZATION
31,.,O
31,Pescara,ORGANIZATION
31,.,O
31,Regional,O
31,Healthcare,ORGANIZATION
31,Agency,ORGANIZATION
31,of,O
31,Abruzzo,LOCATION
31,.,O
31,Pescara,ORGANIZATION
31,.,O
31,Italy,COUNTRY
31,Dipartimento,O
31,di,O
31,Scienze,O
31,Mediche,O
31,.,O
31,Universita,ORGANIZATION
31,degli,ORGANIZATION
31,Studi,ORGANIZATION
31,di,ORGANIZATION
31,Ferrara,ORGANIZATION
31,.,O
31,Ferrara,PERSON
31,.,O
31,Italy,ORGANIZATION
31,Center,ORGANIZATION
31,for,ORGANIZATION
31,Public,ORGANIZATION
31,Health,ORGANIZATION
31,Bicocca,ORGANIZATION
31,.,O
31,Milano,LOCATION
31,.,O
31,Lombardia,CITY
31,.,O
31,IRCCS,O
31,MultiMedica,O
31,.,O
31,Sesto,PERSON
31,San,PERSON
31,Giovanni,PERSON
31,.,O
31,Lombardia,CITY
31,.,O
31,Italy,COUNTRY
31,Correspondence,O
31,to,O
31,Professor,TITLE
31,Lamberto,PERSON
31,Manzoli,PERSON
31,.,O
31,Ferrara,PERSON
31,.,O
31,Ferrara,PERSON
31,44121,NUMBER
31,.,O
31,Italy,COUNTRY
31,;,O
31,MEF,O
31,and,O
31,CAM,ORGANIZATION
31,contributed,O
31,Revised,O
31,9,DATE
31,June,DATE
31,2020,DATE
31,Objective,O
31,It,O
31,has,O
31,been,O
31,hy,O
31,‐,O
31,pothesised,O
31,that,O
31,the,O
31,use,O
31,of,O
31,ACE,O
31,inhibitors,O
31,and,O
31,angiotensin,O
31,recep,O
31,‐,O
31,tor,O
31,blockers,O
31,(,O
31,ARBs,MISC
31,),O
31,might,O
31,either,O
31,increase,O
31,or,O
31,reduce,O
31,the,O
31,risk,O
31,of,O
31,severe,O
31,or,O
31,lethal,O
31,COVID,O
31,‐,O
31,19,NUMBER
31,.,O
31,The,O
31,findings,O
31,from,O
31,the,O
31,available,O
31,obser,O
31,‐,O
31,vational,O
31,studies,O
31,varied,O
31,.,O
31,and,O
31,summary,O
31,estimates,O
31,are,O
31,urgently,O
31,need,O
31,‐,O
31,ed,O
31,to,O
31,elucidate,O
31,whether,O
31,these,O
31,drugs,CRIMINAL_CHARGE
31,should,O
31,be,O
31,suspended,O
31,during,O
31,the,O
31,pandemic,O
31,.,O
31,or,O
31,patients,O
31,and,O
31,physicians,O
31,should,O
31,be,O
31,definitely,O
31,re,O
31,‐,O
31,assured,O
31,.,O
31,This,O
31,meta,O
31,‐,O
31,analysis,O
31,of,O
31,adjusted,O
31,observational,O
31,data,O
31,aimed,O
31,to,O
31,summarise,O
31,the,O
31,existing,O
31,evidence,O
31,on,O
31,the,O
31,association,O
31,between,O
31,these,O
31,medications,O
31,and,O
31,severe,O
31,/,O
31,lethal,O
31,COVID,O
31,‐,O
31,19,NUMBER
31,.,O
31,Methods,O
31,We,O
31,searched,O
31,MedLine,ORGANIZATION
31,.,O
31,Scopus,ORGANIZATION
31,and,O
31,preprint,O
31,repositories,O
31,up,O
31,to,O
31,8,DATE
31,June,DATE
31,2020,DATE
31,to,O
31,retrieve,O
31,cohort,O
31,or,O
31,casecontrol,O
31,studies,O
31,comparing,O
31,the,O
31,risk,O
31,of,O
31,severe,O
31,/,O
31,fatal,O
31,COVID,O
31,‐,O
31,19,NUMBER
31,(,O
31,either,O
31,mechanical,O
31,ventilation,O
31,.,O
31,inten,O
31,‐,O
31,sive,O
31,care,O
31,unit,O
31,admission,O
31,or,O
31,death,O
31,),O
31,.,O
31,among,O
31,hypertensive,O
31,subjects,O
31,treated,O
31,with,O
31,:,O
31,(,O
31,1,NUMBER
31,),O
31,ACE,O
31,inhibitors,O
31,.,O
31,(,O
31,2,NUMBER
31,),O
31,ARBs,O
31,and,O
31,(,O
31,3,NUMBER
31,),O
31,both,O
31,.,O
31,versus,O
31,untreated,O
31,subjects,O
31,.,O
31,Data,O
31,were,O
31,combined,O
31,using,O
31,a,O
31,random,O
31,‐,O
31,effect,O
31,generic,O
31,inverse,O
31,variance,O
31,approach,O
31,.,O
31,Results,O
31,Ten,NUMBER
31,studies,O
31,.,O
31,en,O
31,‐,O
31,rolling,O
31,9890,NUMBER
31,hypertensive,O
31,subjects,O
31,were,O
31,included,O
31,in,O
31,the,O
31,analyses,O
31,.,O
31,Compared,O
31,with,O
31,untreated,O
31,subjects,O
31,.,O
31,those,O
31,using,O
31,either,O
31,ACE,O
31,in,O
31,‐,O
31,hibitors,O
31,or,O
31,ARBs,MISC
31,showed,O
31,a,O
31,similar,O
31,risk,O
31,of,O
31,severe,O
31,or,O
31,lethal,O
31,COVID,O
31,‐,O
31,19,NUMBER
31,(,O
31,summary,O
31,OR,STATE_OR_PROVINCE
31,:,O
31,0.90,NUMBER
31,;,O
31,95,PERCENT
31,%,PERCENT
31,CI,O
31,0.65,NUMBER
31,to,O
31,1.26,NUMBER
31,for,O
31,ACE,O
31,in,O
31,‐,O
31,hibitors,O
31,;,O
31,0.92,NUMBER
31,;,O
31,95,PERCENT
31,%,PERCENT
31,CI,O
31,0.75,NUMBER
31,to,O
31,1.12,NUMBER
31,for,O
31,ARBs,MISC
31,),O
31,.,O
31,The,O
31,results,O
31,did,O
31,not,O
31,change,O
31,when,O
31,both,O
31,drugs,CRIMINAL_CHARGE
31,were,O
31,considered,O
31,together,O
31,.,O
31,when,O
31,death,O
31,was,O
31,the,O
31,outcome,O
31,and,O
31,excluding,O
31,the,O
31,studies,O
31,with,O
31,significant,O
31,.,O
31,di,O
31,‐,O
31,vergent,O
31,results,O
31,.,O
31,Conclusion,O
31,The,O
31,present,DATE
31,meta,O
31,‐,O
31,analysis,O
31,strongly,O
31,supports,O
31,the,O
31,recommendation,O
31,of,O
31,several,O
31,scientific,O
31,societies,O
31,to,O
31,continue,O
31,ARBs,O
31,or,O
31,ACE,O
31,inhibitors,O
31,for,O
31,all,O
31,patients,O
31,.,O
31,unless,O
31,other,O
31,‐,O
31,wise,O
31,advised,O
31,by,O
31,their,O
31,physicians,O
31,who,O
31,should,O
31,thus,O
31,be,O
31,reassured,O
31,.,O
31,employer,O
31,(,O
31,s,O
31,),O
31,),O
31,2020,DATE
31,.,O
31,Re,O
31,‐,O
31,use,O
31,permitted,O
31,under,O
31,CC,O
31,BY,O
31,‐,O
31,NC,STATE_OR_PROVINCE
31,.,O
31,No,O
31,by,O
31,BMJ,ORGANIZATION
31,.,O
31,To,O
31,cite,O
31,:,O
31,Flacco,PERSON
31,ME,STATE_OR_PROVINCE
31,.,O
31,Acuti,O
31,Martellucci,O
31,C,O
31,.,O
31,Bravi,PERSON
31,F,O
31,.,O
31,print,O
31,:,O
31,[,O
31,please,O
31,include,O
31,Day,DURATION
31,With,O
31,the,O
31,spread,O
31,of,O
31,severe,O
31,acute,O
31,respiratory,O
31,syndrome,O
31,coronavirus,O
31,2,NUMBER
31,(,O
31,SARS,O
31,‐,O
31,CoV,O
31,‐,O
31,2,NUMBER
31,),O
31,pandemic,O
31,.,O
31,evidence,O
31,is,O
31,rapidly,O
31,accumu,O
31,‐,O
31,lating,O
31,on,O
31,the,O
31,risk,O
31,factors,O
31,of,O
31,severe,O
31,COVID,O
31,‐,O
31,19,NUMBER
31,and,O
31,death,O
31,.,O
31,In,O
31,the,O
31,wake,O
31,of,O
31,some,O
31,preliminary,O
31,.,O
31,unadjusted,O
31,reports,O
31,.14,O
31,individuals,O
31,with,O
31,pre,O
31,‐,O
31,existing,O
31,comorbidities,O
31,such,O
31,as,O
31,hypertension,CAUSE_OF_DEATH
31,.,O
31,diabetes,CAUSE_OF_DEATH
31,and,O
31,cardiovascular,CAUSE_OF_DEATH
31,diseases,CAUSE_OF_DEATH
31,have,O
31,been,O
31,identified,O
31,as,O
31,those,O
31,highly,O
31,vul,O
31,‐,O
31,nerable,O
31,.5,NUMBER
31,Notably,O
31,.,O
31,such,O
31,chronic,O
31,conditions,O
31,frequently,O
31,require,O
31,prescription,O
31,of,O
31,ACE,O
31,inhibitors,O
31,and,O
31,angiotensin,O
31,II,NUMBER
31,receptor,O
31,block,O
31,‐,O
31,ers,O
31,(,O
31,ARBs,O
31,),O
31,.6,NUMBER
31,Animal,O
31,studies,O
31,showed,O
31,that,O
31,ACE,O
31,inhibitors,O
31,and,O
31,ARBs,O
31,upregulate,O
31,ACE2,O
31,expression7,O
31,and,O
31,.,O
31,as,O
31,coronaviruses,O
31,bind,O
31,their,O
31,tar,O
31,‐,O
31,get,O
31,cells,O
31,through,O
31,ACE2,O
31,.,O
31,concerns,O
31,have,O
31,been,O
31,expressed,O
31,that,O
31,these,O
31,therapies,O
31,might,O
31,facilitate,O
31,infection,CAUSE_OF_DEATH
31,with,O
31,SARS,O
31,‐,O
31,CoV,O
31,‐,O
31,2,NUMBER
31,and,O
31,increase,O
31,the,O
31,risk,O
31,of,O
31,severe,O
31,or,O
31,fatal,O
31,COVID,O
31,‐,O
31,19.6,NUMBER
31,8,NUMBER
31,In,O
31,contrast,O
31,.,O
31,it,O
31,has,O
31,been,O
31,suggested,O
31,that,O
31,ACE,O
31,inhibitors,O
31,and,O
31,ARBs,O
31,could,O
31,benefit,O
31,infected,O
31,pa,O
31,‐,O
31,tients,O
31,.,O
31,as,O
31,ACE2,O
31,converts,O
31,angiotensin,O
31,II,NUMBER
31,(,O
31,with,O
31,known,O
31,vasoconstric,O
31,‐,O
31,tive,O
31,.,O
31,proinflammatory,O
31,and,O
31,fibrotic,O
31,effects,O
31,),O
31,into,O
31,angiotensin,O
31,17,NUMBER
31,.,O
31,which,O
31,may,O
31,protect,O
31,lungs,O
31,from,O
31,acute,O
31,injury,O
31,.,O
31,and,O
31,upregulating,O
31,ACE2,O
31,through,O
31,therapy,O
31,may,O
31,enhance,O
31,this,O
31,process,O
31,.9,NUMBER
31,In,O
31,this,O
31,uncertain,O
31,sce,O
31,‐,O
31,nario,O
31,.,O
31,some,O
31,observational,O
31,studies,O
31,with,O
31,multivariable,O
31,analyses,O
31,found,O
31,no,O
31,association,O
31,between,O
31,use,O
31,of,O
31,reninangiotensinaldosterone,O
31,system,O
31,(,O
31,RAAS,O
31,),O
31,inhibitors,O
31,and,O
31,COVID,O
31,‐,O
31,19,NUMBER
31,severity,O
31,.1016,O
31,a,O
31,few,O
31,studies,O
31,found,O
31,a,O
31,significant,O
31,reduction,O
31,in,O
31,the,O
31,risk,O
31,of,O
31,death,O
31,or,O
31,severe,O
31,dis,O
31,‐,O
31,ease17,O
31,18,NUMBER
31,and,O
31,one,NUMBER
31,study,O
31,found,O
31,a,O
31,increased,O
31,risk,O
31,of,O
31,mechanical,O
31,ven,O
31,‐,O
31,tilation,O
31,and,O
31,admission,O
31,to,O
31,the,O
31,intensive,O
31,care,O
31,unit,O
31,(,O
31,ICU,O
31,),O
31,.19,NUMBER
31,The,O
31,magnitude,O
31,of,O
31,the,O
31,association,O
31,also,O
31,varied,O
31,across,O
31,studies,O
31,.,O
31,which,O
31,differed,O
31,for,O
31,patients,O
31,characteristics,O
31,.,O
31,setting,O
31,(,O
31,inpatient,O
31,or,O
31,out,O
31,‐,O
31,patient,O
31,),O
31,.,O
31,population,O
31,targeted,O
31,by,O
31,serological,O
31,testing,O
31,protocols,O
31,and,O
31,extent,O
31,of,O
31,measured,O
31,confounding,O
31,.,O
31,Summary,O
31,estimates,O
31,are,O
31,ur,O
31,‐,O
31,gently,O
31,needed,O
31,to,O
31,elucidate,O
31,whether,O
31,these,O
31,drugs,CRIMINAL_CHARGE
31,.,O
31,that,O
31,are,O
31,pre,O
31,‐,O
31,scribed,O
31,to,O
31,tens,O
31,of,O
31,millions,O
31,patients,O
31,worldwide,O
31,.20,O
31,should,O
31,be,O
31,sus,O
31,‐,O
31,pended,O
31,during,O
31,the,O
31,pandemic,O
31,.,O
31,or,O
31,patients,O
31,and,O
31,physicians,O
31,should,O
31,be,O
31,definitely,O
31,reassured,O
31,.7,NUMBER
31,We,O
31,thus,O
31,carried,O
31,out,O
31,a,O
31,meta,O
31,‐,O
31,analysis,O
31,to,O
31,summarise,O
31,the,O
31,existing,O
31,evidence,O
31,from,O
31,adjusted,O
31,analyses,O
31,on,O
31,the,O
31,as,O
31,‐,O
31,sociation,O
31,between,O
31,RAAS,O
31,inhibitors,O
31,and,O
31,COVID,O
31,‐,O
31,19,NUMBER
31,.,O
31,Bibliographic,O
31,search,O
31,.,O
31,data,O
31,extraction,O
31,and,O
31,quality,O
31,We,O
31,searched,O
31,MEDLINE,ORGANIZATION
31,and,O
31,Sco,O
31,‐,O
31,pus,O
31,databases,O
31,.,O
31,up,O
31,to,O
31,11,DATE
31,May,DATE
31,2020,DATE
31,.,O
31,for,O
31,studies,O
31,evaluating,O
31,the,O
31,risk,O
31,of,O
31,severe,O
31,and,O
31,/,O
31,or,O
31,fatal,O
31,COVID,O
31,‐,O
31,19,NUMBER
31,among,O
31,ACE,O
31,inhibitors,O
31,and,O
31,/,O
31,or,O
31,ARBs,O
31,users,O
31,versus,O
31,non,O
31,‐,O
31,users,O
31,.,O
31,The,O
31,following,O
31,search,O
31,strategy,O
31,was,O
31,adopt,O
31,‐,O
31,ed,O
31,.,O
31,without,O
31,language,O
31,restrictions,O
31,:,O
31,COVID,O
31,‐,O
31,19,NUMBER
31,[,O
31,Title,O
31,/,O
31,Abstract,O
31,],O
31,OR,STATE_OR_PROVINCE
31,Coronavirus,O
31,[,O
31,Title,O
31,/,O
31,Abstract,O
31,],O
31,OR,O
31,SARS,O
31,‐,O
31,CoV,O
31,‐,O
31,2,NUMBER
31,[,O
31,Title,O
31,/,O
31,Abstract,O
31,],O
31,AND,O
31,angiotensin,O
31,*,O
31,[,O
31,Title,O
31,/,O
31,Abstract,O
31,],O
31,.,O
31,was,O
31,also,O
31,screened,O
31,for,O
31,additional,O
31,pertinent,O
31,papers,O
31,.,O
31,In,O
31,the,O
31,context,O
31,of,O
31,a,O
31,public,O
31,health,O
31,emergency,O
31,.,O
31,there,O
31,is,O
31,urgency,O
31,to,O
31,make,O
31,research,O
31,findings,O
31,available,O
31,.21,NUMBER
31,and,O
31,sev,O
31,‐,O
31,eral,O
31,relevant,O
31,clinical,O
31,data,O
31,have,O
31,been,O
31,shared,O
31,in,O
31,public,O
31,preprint,O
31,repositories,O
31,:,O
31,we,O
31,thus,O
31,extended,O
31,the,O
31,in,O
31,MedRxiv,O
31,.,O
31,Inclusion,O
31,criteria,O
31,were,O
31,:,O
31,(,O
31,A,O
31,),O
31,cohort,O
31,or,O
31,Treatment,O
31,with,O
31,ACE,O
31,inhibitors,O
31,or,O
31,ARBs,O
31,and,O
31,risk,O
31,of,O
31,severe,O
31,/,O
31,lethal,O
31,COVID,O
31,‐,O
31,19,NUMBER
31,:,O
31,a,O
31,meta,O
31,‐,O
31,analysis,O
31,Cardiac,MISC
31,risk,O
31,fac,O
31,‐,O
31,tors,O
31,and,O
31,prevention,O
31,The,O
31,informed,O
31,consent,O
31,was,O
31,not,O
31,required,O
31,.,O
31,as,O
31,the,O
31,study,O
31,did,O
31,not,O
31,enrol,O
31,human,O
31,subjects,O
31,.,O
31,casecontrol,O
31,design,O
31,;,O
31,(,O
31,B,O
31,),O
31,lab,O
31,‐,O
31,oratory,O
31,confirmation,O
31,of,O
31,SARS,O
31,‐,O
31,CoV,O
31,‐,O
31,2,NUMBER
31,infection,CAUSE_OF_DEATH
31,status,O
31,through,O
31,PCR,O
31,assay,O
31,of,O
31,nasal,O
31,or,O
31,pharyngeal,O
31,swab,O
31,specimens,O
31,;,O
31,(,O
31,C,O
31,),O
31,available,O
31,infor,O
31,‐,O
31,mation,O
31,on,O
31,underlying,O
31,comorbidities,O
31,and,O
31,pharmacological,O
31,treatments,O
31,at,O
31,the,O
31,time,DATE
31,of,O
31,COVID,O
31,‐,O
31,19,NUMBER
31,;,O
31,and,O
31,(,O
31,D,O
31,),O
31,data,O
31,available,O
31,to,O
31,compare,O
31,COVID,O
31,‐,O
31,19,NUMBER
31,severity,O
31,by,O
31,RAAS,O
31,who,O
31,extracted,O
31,the,O
31,study,O
31,characteristics,O
31,and,O
31,measures,O
31,of,O
31,effect,O
31,.,O
31,contacted,O
31,(,O
31,LM,O
31,),O
31,.,O
31,and,O
31,consensus,O
31,was,O
31,achieved,O
31,through,O
31,discussion,O
31,.,O
31,Individual,O
31,study,O
31,quality,O
31,was,O
31,as,O
31,‐,O
31,sessed,O
31,using,O
31,an,O
31,adapted,O
31,version,O
31,of,O
31,the,O
31,Newcastle,ORGANIZATION
31,Ottawa,ORGANIZATION
31,Quality,ORGANIZATION
31,Assessment,O
31,Scale,O
31,.,O
31,assessing,O
31,the,O
31,comparability,O
31,across,O
31,groups,O
31,for,O
31,confounding,O
31,factors,O
31,.,O
31,the,O
31,appropriateness,O
31,of,O
31,outcome,O
31,assessment,O
31,.,O
31,length,O
31,of,O
31,follow,O
31,‐,O
31,up,O
31,and,O
31,missing,O
31,data,O
31,handling,O
31,and,O
31,reporting,O
31,.22,NUMBER
31,Data,O
31,analysis,O
31,Data,O
31,were,O
31,combined,O
31,using,O
31,a,O
31,random,O
31,‐,O
31,effect,O
31,generic,O
31,inverse,O
31,variance,O
31,approach23,O
31,in,O
31,order,O
31,to,O
31,account,O
31,for,O
31,between,O
31,‐,O
31,study,O
31,heterogeneity,O
31,.,O
31,Missing,O
31,SEs,O
31,were,O
31,computed,O
31,from,O
31,95,PERCENT
31,%,PERCENT
31,CIs,O
31,following,O
31,standard,O
31,Cochrane,PERSON
31,methodology,O
31,.,O
31,If,O
31,a,O
31,paper,O
31,reported,O
31,the,O
31,results,O
31,of,O
31,different,O
31,multivariable,O
31,models,O
31,.,O
31,the,O
31,most,O
31,stringently,O
31,controlled,O
31,estimates,O
31,(,O
31,those,O
31,from,O
31,the,O
31,model,TITLE
31,adjusting,O
31,for,O
31,more,O
31,factors,O
31,),O
31,were,O
31,extracted,O
31,.,O
31,If,O
31,different,O
31,models,O
31,controlled,O
31,for,O
31,the,O
31,same,O
31,number,O
31,of,O
31,covariates,O
31,.,O
31,the,O
31,model,TITLE
31,containing,O
31,the,O
31,most,O
31,clinically,O
31,meaningful,O
31,covariates,O
31,was,O
31,used,O
31,for,O
31,the,O
31,analysis,O
31,.24,NUMBER
31,study,O
31,heterogeneity,O
31,was,O
31,quantified,O
31,using,O
31,the,O
31,I2,O
31,statistic,O
31,.,O
31,Potential,O
31,publication,O
31,bias,O
31,was,O
31,assessed,O
31,graphically,O
31,.,O
31,using,O
31,funnel,O
31,plots,O
31,(,O
31,displaying,O
31,the,O
31,Relative,O
31,Risks,O
31,from,O
31,individual,O
31,comparisons,O
31,versus,O
31,their,O
31,precision,O
31,(,O
31,1,NUMBER
31,/,O
31,SE,O
31,),O
31,.,O
31,Given,O
31,that,O
31,the,O
31,total,O
31,number,O
31,of,O
31,publications,O
31,included,O
31,for,O
31,each,O
31,outcome,O
31,was,O
31,<,O
31,10,NUMBER
31,.,O
31,we,O
31,could,O
31,not,O
31,use,O
31,formal,O
31,tests,O
31,for,O
31,funnel,O
31,plot,O
31,asymmetry,O
31,:,O
31,in,O
31,such,O
31,cases,O
31,.,O
31,the,O
31,power,O
31,is,O
31,too,O
31,low,O
31,to,O
31,distinguish,O
31,chance,O
31,from,O
31,real,O
31,The,O
31,units,O
31,of,O
31,the,O
31,meta,O
31,‐,O
31,analysis,O
31,were,O
31,single,O
31,com,O
31,‐,O
31,parisons,O
31,of,O
31,:,O
31,(,O
31,A,O
31,),O
31,ACE,O
31,inhibitors,O
31,.,O
31,(,O
31,B,O
31,),O
31,ARBs,MISC
31,users,O
31,and,O
31,(,O
31,C,O
31,),O
31,both,O
31,ACE,O
31,inhibitors,O
31,Of,O
31,the,O
31,553,NUMBER
31,papers,O
31,initially,O
31,retrieved,O
31,.,O
31,five,NUMBER
31,casecon,O
31,‐,O
31,trol,O
31,and,O
31,five,NUMBER
31,Overall,O
31,.,O
31,the,O
31,studies,O
31,included,O
31,9890,DATE
31,hypertensive,O
31,subjects,O
31,;,O
31,four,NUMBER
31,studies,O
31,included,O
31,only,O
31,COVID,O
31,‐,O
31,19,NUMBER
31,symptomatic,O
31,pa,O
31,‐,O
31,tients,O
31,requiring,O
31,Europe,LOCATION
31,.1012,NUMBER
31,14,DATE
31,16,DATE
31,17,DATE
31,two,NUMBER
31,in,O
31,the,O
31,USA15,O
31,19,NUMBER
31,and,O
31,two,NUMBER
31,in,O
31,China,COUNTRY
31,.13,NUMBER
31,18,NUMBER
31,The,O
31,mean,O
31,age,O
31,ranged,O
31,from,O
31,58,DURATION
31,to,DURATION
31,69,DURATION
31,years,DURATION
31,.,O
31,and,O
31,the,O
31,sample,O
31,size,O
31,ranged,O
31,from,O
31,20517,NUMBER
31,to,NUMBER
31,6272.14,NUMBER
31,The,O
31,methodological,O
31,char,O
31,‐,O
31,acteristics,O
31,of,O
31,the,O
31,included,O
31,studies,O
31,are,O
31,ascertainment,O
31,of,O
31,the,O
31,ex,O
31,‐,O
31,posure,O
31,and,O
31,the,O
31,evaluation,O
31,of,O
31,the,O
31,comparability,O
31,of,O
31,subjects,O
31,were,O
31,adequate,O
31,in,O
31,all,O
31,studies,O
31,.,O
31,while,O
31,8,NUMBER
31,out,O
31,of,O
31,10,NUMBER
31,adequately,O
31,addressed,O
31,the,O
31,items,O
31,pertaining,O
31,to,O
31,outcome,O
31,assessment,O
31,and,O
31,follow,O
31,‐,O
31,up,O
31,(,O
31,length,O
31,and,O
31,missing,O
31,data,O
31,),O
31,.,O
31,One,NUMBER
31,study,O
31,had,O
31,a,O
31,high,O
31,risk,O
31,of,O
31,misclassification,O
31,bias,O
31,.,O
31,as,O
31,the,O
31,proportions,O
31,of,O
31,hypertensive,O
31,subjects,O
31,treated,O
31,with,O
31,ACE,O
31,inhibitors,O
31,(,O
31,16.4,PERCENT
31,%,PERCENT
31,),O
31,or,O
31,ARBs,O
31,(,O
31,13.2,PERCENT
31,%,PERCENT
31,),O
31,were,O
31,particularly,O
31,low,O
31,.19,NUMBER
31,Risk,O
31,of,O
31,severe,O
31,/,O
31,lethal,O
31,COVID,O
31,‐,O
31,19,NUMBER
31,A,O
31,total,O
31,of,O
31,five,NUMBER
31,studies,O
31,.,O
31,enrolling,O
31,7489,NUMBER
31,hypertensive,O
31,patients,O
31,.,O
31,were,O
31,included,O
31,in,O
31,the,O
31,meta,O
31,‐,O
31,analysis,O
31,comparing,O
31,the,O
31,risk,O
31,of,O
31,severe,O
31,/,O
31,lethal,O
31,COVID,O
31,‐,O
31,19,NUMBER
31,between,O
31,ACE,O
31,in,O
31,‐,O
31,hibitors,O
31,users,O
31,versus,O
31,non,O
31,‐,O
31,or,O
31,lethal,O
31,disease,CAUSE_OF_DEATH
31,was,O
31,comparable,O
31,among,O
31,treated,O
31,and,O
31,untreated,O
31,patients,O
31,(,O
31,summary,O
31,OR,STATE_OR_PROVINCE
31,:,O
31,0.90,NUMBER
31,;,O
31,95,PERCENT
31,%,PERCENT
31,CI,O
31,0.65,NUMBER
31,to,O
31,1.26,NUMBER
31,),O
31,.,O
31,Two,NUMBER
31,studies,O
31,showed,O
31,significant,O
31,results,O
31,.,O
31,with,O
31,opposite,O
31,di,O
31,‐,O
31,rection,O
31,.,O
31,The,O
31,first,ORDINAL
31,included,O
31,682,NUMBER
31,hypertensive,O
31,subjects,O
31,and,O
31,showed,O
31,an,O
31,increased,O
31,risk,O
31,of,O
31,severe,O
31,illness,CAUSE_OF_DEATH
31,among,O
31,the,O
31,112,NUMBER
31,patients,O
31,treat,O
31,‐,O
31,ed,O
31,with,O
31,ACE,O
31,inhibitors,O
31,.19,NUMBER
31,The,DATE
31,second,DATE
31,enrolled,O
31,105,NUMBER
31,hypertensive,O
31,subjects,O
31,and,O
31,reported,O
31,a,O
31,lower,O
31,risk,O
31,among,O
31,the,O
31,38,NUMBER
31,treated,O
31,pa,O
31,‐,O
31,tients,O
31,.17,NUMBER
31,Excluding,O
31,one,NUMBER
31,or,O
31,both,O
31,of,O
31,these,O
31,studies,O
31,did,O
31,not,O
31,change,O
31,the,O
31,results,O
31,.,O
31,which,O
31,remained,O
31,non,O
31,‐,O
31,significant,O
31,(,O
31,all,O
31,p,O
31,>,O
31,0.05,NUMBER
31,),O
31,.,O
31,Five,NUMBER
31,studies,O
31,.,O
31,enrolling,O
31,7462,NUMBER
31,hypertensive,O
31,subjects,O
31,.,O
31,were,O
31,included,O
31,in,O
31,the,O
31,meta,O
31,‐,O
31,analysis,O
31,comparing,O
31,the,O
31,risk,O
31,of,O
31,severe,O
31,illness,CAUSE_OF_DEATH
31,All,O
31,of,O
31,them,O
31,showed,O
31,non,O
31,‐,O
31,significant,O
31,differences,O
31,between,O
31,treated,O
31,and,O
31,un,O
31,‐,O
31,treated,O
31,patients,O
31,.,O
31,with,O
31,a,O
31,summary,O
31,OR,STATE_OR_PROVINCE
31,of,O
31,0.92,NUMBER
31,;,O
31,95,PERCENT
31,%,PERCENT
31,CI,O
31,When,O
31,the,O
31,above,O
31,antihypertensive,O
31,treatments,O
31,were,O
31,considered,O
31,together,O
31,(,O
31,five,NUMBER
31,studies,O
31,.,O
31,enrolling,O
31,11,NUMBER
31,334,NUMBER
31,hypertensive,O
31,patients,O
31,),O
31,.10,DATE
31,11,DATE
31,14,DATE
31,15,DATE
31,19,DATE
31,the,O
31,risk,O
31,of,O
31,developing,O
31,severe,O
31,COVID,O
31,‐,O
31,19,NUMBER
31,was,O
31,again,O
31,comparable,O
31,be,O
31,‐,O
31,tween,O
31,treated,O
31,and,O
31,untreated,O
31,patients,O
31,Risk,O
31,of,O
31,death,O
31,from,O
31,COVID,O
31,‐,O
31,19,NUMBER
31,The,O
31,risk,O
31,of,O
31,death,O
31,among,O
31,RAAS,O
31,inhibitors,O
31,users,O
31,versus,O
31,non,O
31,‐,O
31,users,O
31,was,O
31,compared,O
31,in,O
31,four,NUMBER
31,studies,O
31,.,O
31,including,O
31,a,O
31,total,O
31,of,O
31,2412,DATE
31,and,O
31,ARBs,O
31,users,O
31,.,O
31,versus,O
31,non,O
31,users,O
31,.,O
31,in,O
31,predicting,O
31,:,O
31,(,O
31,1,NUMBER
31,),O
31,severe,O
31,/,O
31,lethal,O
31,COVID,O
31,‐,O
31,19,NUMBER
31,(,O
31,presence,O
31,of,O
31,either,O
31,ICU,O
31,admission,O
31,.,O
31,mechanical,O
31,ventila,O
31,‐,O
31,tion,O
31,or,O
31,death,O
31,),O
31,and,O
31,(,O
31,2,NUMBER
31,),O
31,lethal,O
31,COVID,O
31,‐,O
31,19,NUMBER
31,.,O
31,When,O
31,a,O
31,study,O
31,only,O
31,report,O
31,‐,O
31,ed,O
31,separate,O
31,estimates,O
31,for,O
31,ACE,O
31,inhibitors,O
31,or,O
31,ARBs,MISC
31,users,O
31,.,O
31,or,O
31,for,O
31,the,O
31,different,O
31,outcomes,O
31,included,O
31,in,O
31,the,O
31,definition,O
31,of,O
31,severe,O
31,/,O
31,lethal,O
31,COVID,O
31,‐,O
31,19,NUMBER
31,(,O
31,eg,O
31,.,O
31,ICU,O
31,admission,O
31,and,O
31,mechanical,O
31,ventilation,O
31,separately,O
31,),O
31,.,O
31,the,O
31,overall,O
31,estimate,O
31,of,O
31,risk,O
31,was,O
31,computed,O
31,from,O
31,the,O
31,separate,O
31,relative,O
31,risks,O
31,using,O
31,the,O
31,fixed,O
31,‐,O
31,effect,O
31,model,TITLE
31,for,O
31,generic,O
31,inverse,O
31,variance,O
31,outcomes,O
31,.24,NUMBER
31,All,O
31,meta,O
31,‐,O
31,analyses,O
31,were,O
31,performed,O
31,us,O
31,‐,O
31,ing,O
31,RevMan,O
31,software,O
31,.,O
31,V.,O
31,5.3,NUMBER
31,(,O
31,The,O
31,Cochrane,ORGANIZATION
31,Collaboration,ORGANIZATION
31,.,O
31,2019,DATE
31,),O
31,.,O
31,Cardiac,O
31,risk,O
31,factors,O
31,and,O
31,prevention,O
31,Characteristics,O
31,of,O
31,the,O
31,in,O
31,‐,O
31,cluded,O
31,studies,O
31,Study,O
31,design,O
31,de,O
31,Abajo11,O
31,The,O
31,Lancet,O
31,Giorgi,PERSON
31,Rossi12,PERSON
31,No,O
31,.,O
31,of,O
31,Mean,O
31,age,O
31,Severe,O
31,/,O
31,lethal,O
31,COVID,O
31,‐,O
31,19,NUMBER
31,Logistic,O
31,regression,O
31,(,O
31,ICU,O
31,and,O
31,death,O
31,),O
31,.,O
31,adjusted,O
31,for,O
31,age,O
31,.,O
31,gender,O
31,and,O
31,comorbidities,O
31,.,O
31,venti,O
31,‐,O
31,lation,O
31,.,O
31,ICU,O
31,and,O
31,death,O
31,),O
31,;,O
31,(,O
31,2,NUMBER
31,),O
31,death,O
31,.,O
31,Logistic,MISC
31,regression,O
31,adjusted,O
31,for,O
31,age,O
31,.,O
31,gender,O
31,and,O
31,comorbidities,O
31,Severe,O
31,COVID,O
31,‐,O
31,19,NUMBER
31,Logistic,O
31,re,O
31,‐,O
31,gression,O
31,adjusted,O
31,for,O
31,age,O
31,.,O
31,gender,O
31,.,O
31,variables,O
31,),O
31,and,O
31,Cox,ORGANIZATION
31,proportion,O
31,‐,O
31,al,O
31,hazard,O
31,analysis,O
31,adjusted,O
31,for,O
31,age,O
31,.,O
31,gender,O
31,and,O
31,Charlson,PERSON
31,Se,PERSON
31,‐,PERSON
31,vere,O
31,/,O
31,lethal,O
31,COVID,O
31,‐,O
31,19,NUMBER
31,Logistic,O
31,regression,O
31,(,O
31,dyspnoea,CAUSE_OF_DEATH
31,.,O
31,resp,O
31,.,O
31,rate,O
31,adjusted,O
31,for,O
31,gender,O
31,and,O
31,SaO2,O
31,93,PERCENT
31,%,PERCENT
31,.,O
31,mech,O
31,.,O
31,Severe,O
31,/,O
31,lethal,O
31,COVID,O
31,‐,O
31,19,NUMBER
31,Logistic,MISC
31,regression,MISC
31,(,O
31,ICU,O
31,and,O
31,death,O
31,),O
31,.,O
31,adjusted,O
31,forage,O
31,.,O
31,gender,O
31,and,O
31,comorbidities,O
31,.,O
31,Severe,O
31,/,O
31,lethal,O
31,COVID,O
31,‐,O
31,19,NUMBER
31,Logistic,O
31,regression,O
31,(,O
31,ICU,O
31,and,O
31,mech,O
31,.,O
31,adjusted,O
31,for,O
31,age,O
31,.,O
31,gender,O
31,and,O
31,comorbidities,O
31,.,O
31,Se,O
31,‐,O
31,vere,O
31,/,O
31,lethal,O
31,COVID,O
31,‐,O
31,19,NUMBER
31,Analysis,O
31,propensity,O
31,(,O
31,mech,O
31,.,O
31,ventilation,O
31,.,O
31,ICU,O
31,score,O
31,‐,O
31,matched,O
31,for,O
31,and,O
31,death,O
31,),O
31,.,O
31,age,O
31,.,O
31,gender,O
31,.,O
31,race,O
31,.,O
31,BMI,O
31,.,O
31,smoke,O
31,.,O
31,co,O
31,‐,O
31,morbidities,O
31,and,O
31,Clin,ORGANIZATION
31,Infect,ORGANIZATION
31,Cox,ORGANIZATION
31,proportional,O
31,hazard,O
31,analysis,O
31,ad,O
31,‐,O
31,justed,O
31,for,O
31,age,O
31,.,O
31,gender,O
31,and,O
31,comorbidities,O
31,.,O
31,Circ,PERSON
31,Res,PERSON
31,Analysis,PERSON
31,propensity,O
31,score,O
31,‐,O
31,matched,O
31,for,O
31,age,O
31,.,O
31,gender,O
31,.,O
31,comorbidities,O
31,and,O
31,in,O
31,‐,O
31,hospital,O
31,therapy,O
31,.,O
31,Extracted,O
31,outcome,O
31,(,O
31,s,O
31,),O
31,Method,O
31,for,O
31,adjustment,O
31,Lo,O
31,‐,O
31,gistic,O
31,regression,O
31,adjusted,O
31,for,O
31,age,O
31,.,O
31,race,O
31,.,O
31,comorbidities,O
31,and,O
31,*,O
31,Cas,O
31,‐,O
31,es,O
31,were,O
31,COVID,O
31,‐,O
31,19,NUMBER
31,patients,O
31,;,O
31,controls,O
31,were,O
31,SARS,O
31,‐,O
31,CoV,O
31,‐,O
31,2,NUMBER
31,negative,O
31,sub,O
31,‐,O
31,jects,O
31,extracted,O
31,from,O
31,primary,O
31,healthcare,O
31,databases,O
31,:,O
31,as,O
31,such,O
31,.,O
31,the,O
31,number,O
31,of,O
31,hypertensive,O
31,subjects,O
31,includes,O
31,both,O
31,cases,O
31,and,O
31,controls,O
31,and,O
31,is,O
31,higher,O
31,than,O
31,the,O
31,number,O
31,of,O
31,COVID,O
31,‐,O
31,19,NUMBER
31,patients,O
31,.,O
31,Number,O
31,of,O
31,patients,O
31,with,O
31,severe,O
31,COVID,O
31,‐,O
31,19,NUMBER
31,among,O
31,only,O
31,those,O
31,with,O
31,hypertension,CAUSE_OF_DEATH
31,.,O
31,Included,O
31,only,O
31,in,O
31,sensitivity,O
31,analyses,O
31,.,O
31,ARBs,MISC
31,.,O
31,Angiotensin,O
31,recep,O
31,‐,O
31,tor,O
31,blockers,O
31,;,O
31,ICU,O
31,.,O
31,intensive,O
31,care,O
31,unit,O
31,;,O
31,mech.,O
31,.,O
31,mechanical,O
31,;,O
31,NR,O
31,.,O
31,not,O
31,reported,O
31,;,O
31,SARS,O
31,‐,O
31,CoV,O
31,‐,O
31,2,NUMBER
31,.,O
31,severe,O
31,acute,O
31,respiratory,O
31,syndrome,O
31,coro,O
31,‐,O
31,navirus,O
31,2,NUMBER
31,.,O
31,the,O
31,Newcastle,ORGANIZATION
31,Ottawa,ORGANIZATION
31,Scale,ORGANIZATION
31,de,O
31,Abajo11,O
31,Giorgi,PERSON
31,Rossi12,PERSON
31,hypertensive,O
31,subjects,O
31,.10,NUMBER
31,12,DATE
31,16,DATE
31,18,DATE
31,Overall,DATE
31,.,O
31,no,O
31,differences,O
31,in,O
31,risk,O
31,emerged,O
31,between,O
31,the,O
31,two,NUMBER
31,groups,O
31,.,O
31,with,O
31,a,O
31,summary,O
31,OR,STATE_OR_PROVINCE
31,of,O
31,from,O
31,China,COUNTRY
31,.,O
31,enrolling,O
31,1128,DATE
31,hospitalised,O
31,hypertensive,O
31,patients,O
31,.,O
31,showed,O
31,a,O
31,sig,O
31,‐,O
31,nificant,O
31,risk,O
31,reduction,O
31,among,O
31,treated,O
31,subjects18,O
31,;,O
31,when,O
31,its,O
31,re,O
31,‐,O
31,sults,O
31,were,O
31,excluded,O
31,from,O
31,the,O
31,analyses,O
31,.,O
31,the,O
31,overall,O
31,estimates,O
31,did,O
31,not,O
31,change,O
31,(,O
31,pooled,O
31,OR,O
31,0.95,NUMBER
31,;,O
31,95,PERCENT
31,%,PERCENT
31,CI,O
31,0.76,NUMBER
31,to,O
31,1.18,NUMBER
31,),O
31,.,O
31,Another,O
31,study25,O
31,assessed,O
31,the,O
31,risk,O
31,of,O
31,death,O
31,among,O
31,ACE,O
31,inhibitors,O
31,/,O
31,ARBs,O
31,users,O
31,versus,O
31,non,O
31,users,O
31,and,O
31,was,O
31,initially,O
31,included,O
31,in,O
31,the,O
31,meta,O
31,‐,O
31,analysis,O
31,.,O
31,Howev,O
31,‐,O
31,er,O
31,.,O
31,this,O
31,study,O
31,was,O
31,later,O
31,retracted26,O
31,;,O
31,thus,O
31,.,O
31,it,O
31,was,O
31,excluded,O
31,from,O
31,the,O
31,main,O
31,analyses,O
31,and,O
31,included,O
31,into,O
31,a,O
31,sensitivity,O
31,analysis,O
31,:,O
31,with,O
31,or,O
31,without,O
31,the,O
31,study,O
31,.,O
31,the,O
31,summary,O
31,estimate,O
31,did,O
31,not,O
31,change,O
31,(,O
31,pooled,O
31,OR,O
31,0.85,NUMBER
31,;,O
31,95,PERCENT
31,%,PERCENT
31,CI,O
31,0.81,NUMBER
31,to,O
31,1.03,NUMBER
31,),O
31,.,O
31,Two,NUMBER
31,main,O
31,findings,O
31,emerge,O
31,from,O
31,the,O
31,present,DATE
31,meta,O
31,‐,O
31,analysis,O
31,.,O
31,which,O
31,included,O
31,the,O
31,adjusted,O
31,estimates,O
31,of,O
31,10,NUMBER
31,observational,O
31,studies,O
31,and,O
31,No,O
31,.,O
31,of,O
31,infected,O
31,Cardiac,O
31,risk,O
31,factors,O
31,and,O
31,prevention,O
31,No,O
31,.,O
31,of,O
31,OR,STATE_OR_PROVINCE
31,(,O
31,95,PERCENT
31,%,PERCENT
31,CI,O
31,),O
31,P,O
31,value,O
31,versus,O
31,non,O
31,‐,O
31,users,O
31,.,O
31,ARBs,MISC
31,.,O
31,angiotensin,O
31,receptor,O
31,blockers,O
31,.,O
31,1,NUMBER
31,.,O
31,Severe,O
31,/,O
31,fatal,O
31,COVID,O
31,‐,O
31,19,NUMBER
31,*,O
31,(,O
31,in,O
31,users,O
31,vs,O
31,non,O
31,users,O
31,),O
31,:,O
31,ACE,O
31,inhibitors,O
31,ARBs,O
31,only10,O
31,1315,DATE
31,19,DATE
31,2,DATE
31,.,O
31,Death,O
31,from,O
31,COVID,O
31,‐,O
31,19,NUMBER
31,(,O
31,in,O
31,users,O
31,vs,O
31,non,O
31,users,O
31,),O
31,:,O
31,a.,O
31,Main,O
31,analysis,O
31,:,O
31,b.,O
31,Sen,O
31,‐,O
31,sitivity,O
31,analysis,O
31,:,O
31,All,O
31,meta,O
31,‐,O
31,analyses,O
31,are,O
31,based,O
31,on,O
31,a,O
31,generic,O
31,in,O
31,‐,O
31,verse,O
31,variance,O
31,approach,O
31,.,O
31,*,O
31,Including,O
31,admission,O
31,into,O
31,intensive,O
31,care,O
31,unit,O
31,.,O
31,need,O
31,for,O
31,mechanical,O
31,ventilation,O
31,or,O
31,Including,O
31,one,NUMBER
31,re,O
31,‐,O
31,tracted,O
31,study,O
31,.25,NUMBER
31,26,NUMBER
31,ARBs,MISC
31,.,O
31,angiotensin,O
31,receptor,O
31,blockers,O
31,;,O
31,RAAS,O
31,.,O
31,reninangiotensinaldosterone,O
31,.,O
31,almost,O
31,10,NUMBER
31,000,NUMBER
31,hypertensive,O
31,sub,O
31,‐,O
31,jects,O
31,:,O
31,first,ORDINAL
31,.,O
31,no,O
31,significant,O
31,differences,O
31,in,O
31,the,O
31,risk,O
31,of,O
31,develop,O
31,‐,O
31,ing,O
31,severe,O
31,or,O
31,fatal,O
31,COVID,O
31,‐,O
31,19,NUMBER
31,were,O
31,observed,O
31,between,O
31,the,O
31,subjects,O
31,treated,O
31,with,O
31,either,O
31,ACE,O
31,inhibitors,O
31,or,O
31,ARBs,MISC
31,.,O
31,as,O
31,compared,O
31,with,O
31,non,O
31,‐,O
31,users,O
31,.,O
31,Second,ORDINAL
31,.,O
31,and,O
31,importantly,O
31,.,O
31,the,O
31,results,O
31,did,O
31,not,O
31,change,O
31,after,O
31,the,O
31,exclusion,O
31,of,O
31,the,O
31,three,NUMBER
31,studies,O
31,.,O
31,which,O
31,reported,O
31,either,O
31,a,O
31,sig,O
31,‐,O
31,nificantly,O
31,higher,O
31,or,O
31,lower,O
31,risk,O
31,of,O
31,severe,O
31,illness,CAUSE_OF_DEATH
31,among,O
31,treated,O
31,patients,O
31,.,O
31,The,O
31,present,DATE
31,findings,O
31,provide,O
31,solid,O
31,evidence,O
31,from,O
31,prop,O
31,‐,O
31,erly,O
31,adjusted,O
31,estimates,O
31,across,O
31,different,O
31,countries,O
31,on,O
31,the,O
31,absence,O
31,of,O
31,risk,O
31,from,O
31,RAAS,O
31,inhibitors,O
31,treatment,O
31,during,O
31,the,O
31,pandemic,O
31,.,O
31,strongly,O
31,supporting,O
31,the,O
31,statements,O
31,of,O
31,several,O
31,experts27,O
31,28,NUMBER
31,and,O
31,scientific,O
31,societies,O
31,.,O
31,including,O
31,the,O
31,European,ORGANIZATION
31,Medicines,ORGANIZATION
31,Agency,ORGANIZATION
31,.29,O
31,the,O
31,European,ORGANIZATION
31,Society,ORGANIZATION
31,of,ORGANIZATION
31,Cardiology30,ORGANIZATION
31,and,O
31,the,O
31,American,NATIONALITY
31,Heart,O
31,Asso,O
31,‐,O
31,ciation,O
31,.31,O
31,who,O
31,recommend,O
31,continuation,O
31,of,O
31,ARBs,O
31,or,O
31,ACE,O
31,inhibitors,O
31,medication,O
31,.,O
31,Although,O
31,the,O
31,present,DATE
31,findings,O
31,do,O
31,not,O
31,support,O
31,the,O
31,hy,O
31,‐,O
31,pothesis,O
31,of,O
31,a,O
31,beneficial,O
31,effect,O
31,from,O
31,therapy,O
31,during,O
31,the,O
31,necessary,O
31,time,O
31,required,O
31,for,O
31,randomised,O
31,data,O
31,to,O
31,come,O
31,.,O
31,patients,O
31,and,O
31,physi,O
31,‐,O
31,cians,O
31,can,O
31,be,O
31,reassured,O
31,.,O
31,Some,O
31,limitations,O
31,should,O
31,be,O
31,considered,O
31,when,O
31,interpreting,O
31,the,O
31,present,DATE
31,findings,O
31,.,O
31,First,ORDINAL
31,.,O
31,two,NUMBER
31,meta,O
31,‐,O
31,analyses,O
31,showed,O
31,an,O
31,intermediate,O
31,‐,O
31,to,O
31,‐,O
31,high,O
31,level,O
31,of,O
31,heterogeneity,O
31,.,O
31,However,O
31,.,O
31,a,O
31,certain,O
31,large,O
31,variation,O
31,in,O
31,terms,O
31,of,O
31,setting,O
31,and,O
31,baseline,O
31,patients,O
31,characteristics,O
31,.,O
31,Also,O
31,.,O
31,when,O
31,the,O
31,analyses,O
31,were,O
31,repeated,O
31,adopting,O
31,a,O
31,fixed,O
31,approach,O
31,.,O
31,none,O
31,of,O
31,the,O
31,results,O
31,substantially,O
31,differed,O
31,(,O
31,ex,O
31,‐,O
31,cept,O
31,for,O
31,CIs,O
31,.,O
31,which,O
31,were,O
31,typically,O
31,tighter,O
31,),O
31,.,O
31,Second,ORDINAL
31,.,O
31,although,O
31,all,O
31,studies,O
31,(,O
31,with,O
31,a,O
31,single,O
31,exception,O
31,),O
31,13,NUMBER
31,provided,O
31,analyses,O
31,at,O
31,least,O
31,adjusted,O
31,for,O
31,versus,O
31,non,O
31,‐,O
31,users,O
31,.,O
31,age,O
31,.,O
31,gender,O
31,and,O
31,several,O
31,underly,O
31,‐,O
31,ing,O
31,comorbidities,O
31,.,O
31,some,O
31,extent,O
31,of,O
31,residual,O
31,confounding,O
31,can,O
31,not,O
31,be,O
31,completely,O
31,ruled,O
31,out,O
31,.,O
31,as,O
31,for,O
31,any,O
31,observational,O
31,study,O
31,.32,NUMBER
31,Third,ORDINAL
31,.,O
31,as,O
31,shown,O
31,in,O
31,the,O
31,funnel,O
31,plots,O
31,in,O
31,the,O
31,more,O
31,than,O
31,five,NUMBER
31,studies,O
31,.,O
31,thus,O
31,it,O
31,was,O
31,not,O
31,possible,O
31,to,O
31,perform,O
31,a,O
31,meaningful,O
31,evaluation,O
31,of,O
31,publica,O
31,‐,O
31,tion,O
31,bias,O
31,.,O
31,However,O
31,.,O
31,given,O
31,the,O
31,public,O
31,health,O
31,relevance,O
31,of,O
31,these,O
31,data,O
31,.,O
31,it,O
31,is,O
31,unlikely,O
31,that,O
31,non,O
31,‐,O
31,significant,O
31,findingswith,O
31,reassur,O
31,‐,O
31,ing,O
31,implicationshave,O
31,been,O
31,withheld,O
31,.,O
31,Rather,O
31,.,O
31,it,O
31,is,O
31,certain,O
31,that,O
31,large,O
31,dataset,O
31,will,O
31,be,O
31,available,O
31,soon,O
31,.,O
31,Given,O
31,the,O
31,urgency,O
31,for,O
31,mil,O
31,‐,O
31,lions,O
31,of,O
31,patients,O
31,.,O
31,we,O
31,decided,O
31,not,O
31,to,O
31,wait,O
31,.,O
31,but,O
31,the,O
31,present,DATE
31,meta,O
31,‐,O
31,analysis,O
31,will,O
31,have,O
31,to,O
31,be,O
31,updated,O
31,as,O
31,inclusion,O
31,bias,O
31,.,O
31,due,O
31,to,O
31,the,O
31,presence,O
31,of,O
31,multiple,O
31,effect,O
31,estimates,O
31,that,O
31,can,O
31,be,O
31,extracted,O
31,from,O
31,individual,O
31,studies,O
31,.33,O
31,is,O
31,likely,O
31,to,O
31,be,O
31,low,O
31,.,O
31,as,O
31,only,O
31,one,NUMBER
31,of,O
31,the,O
31,in,O
31,‐,O
31,cluded,O
31,studies,O
31,reported,O
31,more,O
31,than,O
31,an,O
31,adjusted,O
31,estimate,O
31,.18,O
31,and,O
31,the,O
31,results,O
31,of,O
31,the,O
31,meta,O
31,‐,O
31,analysis,O
31,including,O
31,the,O
31,alternate,O
31,estimate,O
31,of,O
31,effect,O
31,were,O
31,unchanged,O
31,(,O
31,pooled,O
31,OR,STATE_OR_PROVINCE
31,of,O
31,death,O
31,0.88,NUMBER
31,;,O
31,95,PERCENT
31,%,PERCENT
31,CI,O
31,0.68,NUMBER
31,to,O
31,1.13,NUMBER
31,),O
31,.,O
31,Acknowledging,O
31,these,O
31,caveats,O
31,.,O
31,the,O
31,present,DATE
31,meta,O
31,‐,O
31,analysis,O
31,.,O
31,based,O
31,on,O
31,10,NUMBER
31,studies,O
31,and,O
31,almost,O
31,10,NUMBER
31,000,NUMBER
31,hypertensive,O
31,subjects,O
31,.,O
31,did,O
31,not,O
31,find,O
31,any,O
31,association,O
31,between,O
31,COVID,O
31,‐,O
31,19,NUMBER
31,severity,O
31,or,O
31,mortality,O
31,and,O
31,treatment,O
31,with,O
31,ARBs,MISC
31,.,O
31,ACE,O
31,inhibitors,O
31,or,O
31,both,O
31,.,O
31,strongly,O
31,sup,O
31,‐,O
31,porting,O
31,the,O
31,recommendation,O
31,of,O
31,several,O
31,scientific,O
31,societies,O
31,to,O
31,continue,O
31,ARBs,O
31,or,O
31,ACE,O
31,inhibitors,O
31,medication,O
31,for,O
31,all,O
31,patients,O
31,.,O
31,un,O
31,‐,O
31,less,O
31,otherwise,O
31,advised,O
31,by,O
31,their,O
31,physicians,O
31,.,O
31,who,O
31,should,O
31,thus,O
31,be,O
31,reassured,O
31,.,O
31,RC,O
31,.,O
31,LGM,O
31,and,O
31,LaM,O
31,),O
31,.,O
31,conduct,O
31,(,O
31,MEF,O
31,.,O
31,CAM,O
31,.,O
31,FB,O
31,.,O
31,GP,O
31,.,O
31,RC,O
31,.,O
31,AM,O
31,.,O
31,RM,O
31,.,O
31,LGM,O
31,),O
31,and,O
31,reporting,O
31,(,O
31,MEF,O
31,.,O
31,FB,O
31,.,O
31,GP,O
31,.,O
31,AM,O
31,.,O
31,RM,O
31,.,O
31,LGM,O
31,and,O
31,LM,O
31,),O
31,of,O
31,the,O
31,present,DATE
31,work,O
31,.,O
31,users,O
31,versus,O
31,non,O
31,‐,O
31,users,O
31,.,O
31,ARBs,MISC
31,.,O
31,angiotensin,O
31,receptor,O
31,blockers,O
31,.,O
31,users,O
31,.,O
31,ARBs,MISC
31,.,O
31,angiotensin,O
31,receptor,O
31,blockers,O
31,.,O
31,subjects,O
31,treated,O
31,with,O
31,RAAS,O
31,inhibitors,O
31,versus,O
31,untreated,O
31,subjects,O
31,.,O
31,overall,O
31,and,O
31,by,O
31,drug,O
31,class,O
31,Cardiac,MISC
31,risk,O
31,factors,O
31,and,O
31,prevention,O
31,Key,O
31,mes,O
31,‐,O
31,sages,O
31,respiratory,O
31,syndrome,O
31,coronavirus,O
31,2,NUMBER
31,positive,O
31,subjects,O
31,showed,O
31,an,O
31,increased,O
31,mortality,O
31,and,O
31,morbidity,O
31,among,O
31,hypertensive,O
31,patients,O
31,.,O
31,who,O
31,were,O
31,frequently,O
31,treated,O
31,with,O
31,ACE,O
31,inhibitors,O
31,or,O
31,angiotensin,O
31,receptor,O
31,blockers,O
31,(,O
31,ARBs,MISC
31,),O
31,.,O
31,Recently,DATE
31,.,O
31,some,O
31,observational,O
31,studies,O
31,with,O
31,multivariable,O
31,analyses,O
31,found,O
31,no,O
31,association,O
31,between,O
31,these,O
31,medications,O
31,and,O
31,COVID,O
31,‐,O
31,19,NUMBER
31,severity,O
31,.,O
31,a,O
31,few,O
31,studies,O
31,found,O
31,a,O
31,signifi,O
31,‐,O
31,cant,O
31,reduction,O
31,in,O
31,the,O
31,risk,O
31,of,O
31,death,O
31,or,O
31,severe,O
31,disease,CAUSE_OF_DEATH
31,and,O
31,one,NUMBER
31,study,O
31,found,O
31,a,O
31,increased,O
31,risk,O
31,of,O
31,mechanical,O
31,ventilation,O
31,and,O
31,admis,O
31,‐,O
31,sion,O
31,to,O
31,the,O
31,intensive,O
31,care,O
31,unit,O
31,.,O
31,The,O
31,magnitude,O
31,of,O
31,the,O
31,association,O
31,also,O
31,varied,O
31,across,O
31,studies,O
31,.,O
31,which,O
31,differed,O
31,for,O
31,patients,O
31,charac,O
31,‐,O
31,teristics,O
31,.,O
31,setting,O
31,(,O
31,inpatient,O
31,or,O
31,outpatient,O
31,),O
31,.,O
31,population,O
31,targeted,O
31,by,O
31,serological,O
31,testing,O
31,protocols,O
31,and,O
31,extent,O
31,of,O
31,measured,O
31,confound,O
31,‐,O
31,ing,O
31,.,O
31,What,O
31,might,O
31,this,O
31,study,O
31,add,O
31,?,O
31,This,O
31,meta,O
31,‐,O
31,analysis,O
31,is,O
31,based,O
31,on,O
31,10,NUMBER
31,adjusted,O
31,observational,O
31,studies,O
31,(,O
31,enrolling,O
31,almost,O
31,10,NUMBER
31,000,NUMBER
31,hypertensive,O
31,subjects,O
31,),O
31,.,O
31,from,O
31,different,O
31,countries,O
31,.,O
31,and,O
31,provides,O
31,the,O
31,first,ORDINAL
31,summary,O
31,estimate,O
31,on,O
31,the,O
31,associ,O
31,‐,O
31,ation,O
31,between,O
31,ACE,O
31,inhibitors,O
31,or,O
31,ARBs,O
31,use,O
31,and,O
31,COVID,O
31,‐,O
31,19,NUMBER
31,severity,O
31,or,O
31,mortality,O
31,.,O
31,All,O
31,analyses,O
31,showed,O
31,a,O
31,comparable,O
31,risk,O
31,of,O
31,severe,O
31,or,O
31,fa,O
31,‐,O
31,tal,O
31,illness,CAUSE_OF_DEATH
31,among,O
31,treated,O
31,and,O
31,untreated,O
31,subjects,O
31,.,O
31,either,O
31,consid,O
31,‐,O
31,ering,O
31,ACE,O
31,inhibitors,O
31,or,O
31,ARBs,MISC
31,separately,O
31,.,O
31,or,O
31,combined,O
31,.,O
31,How,O
31,might,O
31,this,O
31,impact,O
31,on,O
31,clinical,O
31,practice,O
31,?,O
31,Given,O
31,that,O
31,ACE,O
31,inhibitors,O
31,and,O
31,ARBs,O
31,are,O
31,prescribed,O
31,to,O
31,tens,O
31,of,O
31,millions,O
31,patients,O
31,worldwide,O
31,.,O
31,summary,O
31,estimates,O
31,were,O
31,strongly,O
31,needed,O
31,to,O
31,elucidate,O
31,whether,O
31,these,O
31,drugs,CRIMINAL_CHARGE
31,should,O
31,be,O
31,suspended,O
31,dur,O
31,‐,O
31,ing,O
31,the,O
31,pandemic,O
31,.,O
31,or,O
31,patients,O
31,and,O
31,physicians,O
31,should,O
31,be,O
31,definitely,O
31,reassured,O
31,.,O
31,These,O
31,findings,O
31,strongly,O
31,support,O
31,the,O
31,recommendation,O
31,of,O
31,several,O
31,scientific,O
31,societies,O
31,to,O
31,continue,O
31,ARBs,O
31,or,O
31,ACE,O
31,inhibitors,O
31,medication,O
31,for,O
31,all,O
31,patients,O
31,.,O
31,unless,O
31,otherwise,O
31,advised,O
31,by,O
31,their,O
31,physicians,O
31,.,O
31,Competing,O
31,interests,O
31,None,O
31,declared,O
31,.,O
31,Patient,O
31,and,O
31,pub,O
31,‐,O
31,lic,O
31,involvement,O
31,Patients,O
31,and,O
31,/,O
31,or,O
31,the,O
31,public,O
31,were,O
31,not,O
31,involved,O
31,in,O
31,the,O
31,design,O
31,.,O
31,or,O
31,conduct,O
31,.,O
31,or,O
31,reporting,O
31,.,O
31,or,O
31,dissemination,O
31,plans,O
31,of,O
31,this,O
31,research,O
31,.,O
31,Patient,O
31,consent,O
31,for,O
31,publication,O
31,Not,O
31,required,O
31,.,O
31,Ethics,O
31,approval,O
31,The,O
31,study,O
31,complies,O
31,with,O
31,the,O
31,Declaration,O
31,of,O
31,Hel,O
31,‐,O
31,sinki,O
31,.,O
31,As,O
31,a,O
31,meta,O
31,‐,O
31,analysis,O
31,.,O
31,the,O
31,protocol,O
31,and,O
31,study,O
31,did,O
31,not,O
31,re,O
31,‐,O
31,quire,O
31,the,O
31,approval,O
31,from,O
31,Ethics,ORGANIZATION
31,Committee,ORGANIZATION
31,.,O
31,Data,O
31,availability,O
31,statement,O
31,Data,O
31,are,O
31,available,O
31,on,O
31,reasonable,O
31,request,O
31,.,O
31,All,O
31,data,O
31,properly,O
31,cited,O
31,.,O
31,appropriate,O
31,credit,O
31,is,O
31,given,O
31,.,O
31,any,O
31,changes,O
31,made,O
31,in,O
31,‐,O
31,dicated,O
31,.,O
31,and,O
31,the,O
31,use,O
31,1,NUMBER
31,Yang,PERSON
31,X,PERSON
31,.,O
31,Yu,O
31,Y,O
31,.,O
31,Xu,PERSON
31,J,PERSON
31,.,O
31,et,O
31,al,O
31,.,O
31,Clinical,O
31,course,O
31,and,O
31,outcomes,O
31,of,O
31,critically,O
31,ill,O
31,patients,O
31,with,O
31,SARS,O
31,‐,O
31,CoV,O
31,‐,O
31,2,NUMBER
31,pneumonia,CAUSE_OF_DEATH
31,in,O
31,Wuhan,CITY
31,.,O
31,China,COUNTRY
31,:,O
31,a,O
31,single,O
31,‐,O
31,centered,O
31,.,O
31,retrospective,O
31,.,O
31,observational,O
31,study,O
31,.,O
31,Lancet,O
31,Respir,O
31,Med,O
31,2020,DATE
31,;,O
31,8:47581,NUMBER
31,.,O
31,What,O
31,is,O
31,already,O
31,known,O
31,on,O
31,this,O
31,subject,O
31,?,O
31,Some,O
31,preliminary,O
31,.,O
31,unadjusted,O
31,reports,O
31,on,O
31,severe,O
31,acute,O
31,2,NUMBER
31,Guan,O
31,WJ,O
31,.,O
31,ZY,O
31,N,O
31,.,O
31,Hu,O
31,Y,O
31,.,O
31,et,O
31,al,O
31,.,O
31,Clinical,O
31,characteristics,O
31,of,O
31,coronavirus,O
31,dis,O
31,‐,O
31,ease,O
31,2019,DATE
31,in,O
31,China,COUNTRY
31,.,O
31,N,O
31,Engl,O
31,J,O
31,Med,O
31,2020,DATE
31,.,O
31,3,NUMBER
31,Guo,PERSON
31,T,PERSON
31,.,O
31,Fan,O
31,Y,O
31,.,O
31,Chen,PERSON
31,M,O
31,.,O
31,et,O
31,al,O
31,.,O
31,Cardiovascular,O
31,implications,O
31,of,O
31,fatal,O
31,outcomes,O
31,of,O
31,patients,O
31,with,O
31,coronavirus,O
31,disease,CAUSE_OF_DEATH
31,2019,DATE
31,(,O
31,COVID,O
31,‐,O
31,19,NUMBER
31,),O
31,.,O
31,JAMA,O
31,Cardiol,O
31,2020,DATE
31,.,O
31,4,NUMBER
31,Wu,O
31,Z,O
31,.,O
31,McGoogan,PERSON
31,JM,PERSON
31,.,O
31,Characteristics,O
31,of,O
31,and,O
31,Important,O
31,Lessons,O
31,From,O
31,the,O
31,Coronavirus,O
31,Disease,CAUSE_OF_DEATH
31,2019,DATE
31,(,O
31,COVID,O
31,‐,O
31,19,NUMBER
31,),O
31,Outbreak,O
31,in,O
31,China,COUNTRY
31,:,O
31,Summa,O
31,‐,O
31,ry,O
31,of,O
31,a,O
31,Report,O
31,of,O
31,72,NUMBER
31,314,NUMBER
31,Cases,O
31,From,O
31,the,O
31,Chinese,NATIONALITY
31,Center,O
31,for,O
31,Dis,O
31,‐,O
31,ease,O
31,Control,O
31,and,O
31,Prevention,O
31,.,O
31,JAMA,O
31,2020,DATE
31,5,NUMBER
31,Yang,PERSON
31,J,PERSON
31,.,O
31,Zheng,O
31,Y,O
31,.,O
31,Gou,PERSON
31,X,PERSON
31,.,O
31,et,O
31,al,O
31,.,O
31,Prevalence,O
31,of,O
31,comorbidities,O
31,and,O
31,its,O
31,effects,O
31,in,O
31,6,NUMBER
31,Karakiu,O
31,‐,O
31,lakis,O
31,G,O
31,.,O
31,Roth,PERSON
31,M.,O
31,Are,O
31,patients,O
31,with,O
31,hypertension,CAUSE_OF_DEATH
31,and,O
31,diabetes,CAUSE_OF_DEATH
31,mel,O
31,‐,O
31,litus,O
31,at,O
31,increased,O
31,risk,O
31,for,O
31,COVID,O
31,‐,O
31,19,NUMBER
31,infection,CAUSE_OF_DEATH
31,?,O
31,Lancet,O
31,Respir,O
31,Med,O
31,2020,DATE
31,.,O
31,ldosterone,O
31,system,O
31,7,NUMBER
31,Vaduganathan,O
31,M,O
31,.,O
31,Vardeny,PERSON
31,O,PERSON
31,.,O
31,Michel,PERSON
31,T,PERSON
31,.,O
31,et,O
31,al,O
31,.,O
31,Renin,O
31,‐,O
31,Angiotensin,O
31,‐,O
31,A,O
31,inhibitors,O
31,in,O
31,patients,O
31,with,O
31,Covid,O
31,‐,O
31,19,NUMBER
31,.,O
31,N,O
31,Engl,O
31,J,O
31,Med,O
31,2020,DATE
31,.,O
31,8,NUMBER
31,Zheng,O
31,Y,O
31,‐,O
31,Y,O
31,.,O
31,Ma,O
31,Y,O
31,‐,O
31,T,O
31,.,O
31,Zhang,PERSON
31,J,O
31,‐,O
31,Y,O
31,.,O
31,et,O
31,al,O
31,.,O
31,COVID,O
31,‐,O
31,19,NUMBER
31,and,O
31,the,O
31,cardiovascular,O
31,system,O
31,.,O
31,Nat,PERSON
31,Rev,PERSON
31,9,NUMBER
31,Bavishi,O
31,C,O
31,.,O
31,Maddox,PERSON
31,TM,O
31,.,O
31,Messerli,PERSON
31,FH,O
31,.,O
31,Coronavirus,O
31,disease,CAUSE_OF_DEATH
31,2019,DATE
31,(,O
31,COVID,O
31,‐,O
31,19,NUMBER
31,),O
31,10,NUMBER
31,Bravi,PERSON
31,F,O
31,.,O
31,Flacco,PERSON
31,ME,STATE_OR_PROVINCE
31,.,O
31,Carradori,PERSON
31,T,PERSON
31,.,O
31,et,O
31,al,O
31,.,O
31,Predictors,O
31,of,O
31,severe,O
31,or,O
31,lethal,O
31,COVID,O
31,‐,O
31,19,NUMBER
31,.,O
31,including,O
31,angiotensin,O
31,converting,O
31,enzyme,O
31,inhibitors,O
31,and,O
31,angiotensin,O
31,II,NUMBER
31,receptor,O
31,blockers,O
31,.,O
31,in,O
31,a,O
31,sample,O
31,of,O
31,infected,O
31,Italian,NATIONALITY
31,citizens,O
31,.,O
31,Plos,O
31,One,NUMBER
31,2020,DATE
31,;,O
31,15,NUMBER
31,:,O
31,e0235248,O
31,.,O
31,11,NUMBER
31,de,O
31,Abajo,O
31,FJ,O
31,.,O
31,Rodrguez,PERSON
31,‐,O
31,Martn,PERSON
31,S,PERSON
31,.,O
31,Lerma,PERSON
31,V,O
31,.,O
31,et,O
31,al,O
31,.,O
31,Use,O
31,of,O
31,renin,O
31,‐,O
31,angiotensin,O
31,‐,O
31,aldosterone,O
31,system,O
31,inhibitors,O
31,and,O
31,risk,O
31,of,O
31,COVID,O
31,‐,O
31,19,NUMBER
31,requiring,O
31,admission,O
31,to,O
31,hospital,O
31,:,O
31,a,O
31,case,O
31,‐,O
31,population,O
31,study,O
31,.,O
31,Lancet,O
31,2020,DATE
31,;,O
31,395:170514,NUMBER
31,.,O
31,12,NUMBER
31,Giorgi,PERSON
31,Rossi,PERSON
31,P,O
31,.,O
31,Marino,PERSON
31,M,O
31,.,O
31,Formisano,PERSON
31,D,PERSON
31,.,O
31,et,O
31,al,O
31,.,O
31,Characteristics,O
31,and,O
31,outcomes,O
31,of,O
31,a,O
31,cohort,O
31,of,O
31,SARS,O
31,‐,O
31,CoV,O
31,‐,O
31,2,NUMBER
31,patients,O
31,in,O
31,the,O
31,province,O
31,of,O
31,Reggio,ORGANIZATION
31,Emilia,ORGANIZATION
31,.,O
31,Italy,COUNTRY
31,.,O
31,MedRxiv2020,O
31,.,O
31,13,NUMBER
31,Liu,O
31,Y,O
31,.,O
31,Huang,PERSON
31,F,O
31,.,O
31,Xu,PERSON
31,J,PERSON
31,.,O
31,et,O
31,al,O
31,.,O
31,Anti,O
31,‐,O
31,Hypertensive,O
31,angiotensin,O
31,II,NUMBER
31,receptor,O
31,blockers,O
31,associated,O
31,to,O
31,mitigation,O
31,of,O
31,disease,CAUSE_OF_DEATH
31,severity,O
31,in,O
31,elderly,O
31,COVID,O
31,‐,O
31,19,NUMBER
31,patients,O
31,.,O
31,14,NUMBER
31,Mancia,PERSON
31,G,PERSON
31,.,O
31,Rea,PERSON
31,F,O
31,.,O
31,Ludergnani,PERSON
31,M,O
31,.,O
31,et,O
31,al,O
31,.,O
31,Renin,O
31,‐,O
31,Angiotensin,O
31,‐,O
31,Aldos,O
31,‐,O
31,terone,O
31,system,O
31,blockers,O
31,and,O
31,the,O
31,risk,O
31,of,O
31,Covid,O
31,‐,O
31,19,NUMBER
31,.,O
31,N,O
31,Engl,PERSON
31,J,PERSON
31,Med,PERSON
31,2020,DATE
31,;,O
31,382:243140,NUMBER
31,.,O
31,15,NUMBER
31,Reynolds,ORGANIZATION
31,HR,ORGANIZATION
31,.,O
31,Adhikari,PERSON
31,S,O
31,.,O
31,Pulgarin,O
31,C,O
31,.,O
31,et,O
31,al,O
31,.,O
31,Renin,O
31,‐,O
31,Angiotensin,O
31,‐,O
31,A,O
31,ldosterone,O
31,system,O
31,inhibitors,O
31,and,O
31,risk,O
31,of,O
31,Covid,O
31,‐,O
31,19,NUMBER
31,.,O
31,N,O
31,Engl,PERSON
31,J,PERSON
31,Med,PERSON
31,2020,DATE
31,.,O
31,16,NUMBER
31,Tedeschi,PERSON
31,S,O
31,.,O
31,Giannella,PERSON
31,M,O
31,.,O
31,Bartoletti,PERSON
31,M,O
31,.,O
31,et,O
31,al,O
31,.,O
31,Clinical,O
31,impact,O
31,of,O
31,renin,O
31,‐,O
31,angiotensin,O
31,system,O
31,inhibitors,O
31,on,O
31,in,O
31,‐,O
31,hospital,O
31,mor,O
31,‐,O
31,tality,O
31,of,O
31,patients,O
31,with,O
31,hypertension,CAUSE_OF_DEATH
31,hospitalized,O
31,17,NUMBER
31,Bean,O
31,D,O
31,.,O
31,Kraljevic,PERSON
31,Z,PERSON
31,.,O
31,Searle,PERSON
31,T,O
31,.,O
31,et,O
31,al,O
31,.,O
31,Treatment,O
31,with,O
31,ACE,O
31,‐,O
31,inhibitors,O
31,is,O
31,associated,O
31,with,O
31,less,O
31,severe,O
31,disease,CAUSE_OF_DEATH
31,with,O
31,SARS,O
31,‐,O
31,Covid,O
31,‐,O
31,19,NUMBER
31,infection,CAUSE_OF_DEATH
31,in,O
31,a,O
31,multi,O
31,‐,O
31,site,O
31,UK,COUNTRY
31,acute,O
31,Hospital,O
31,18,NUMBER
31,Zhang,O
31,P,O
31,.,O
31,Zhu,PERSON
31,L,PERSON
31,.,O
31,Cai,PERSON
31,J,PERSON
31,.,O
31,et,O
31,al,O
31,.,O
31,Association,O
31,of,O
31,inpatient,O
31,use,O
31,of,O
31,angiotensin,O
31,converting,O
31,enzyme,O
31,inhibitors,O
31,and,O
31,angiotensin,O
31,II,NUMBER
31,receptor,O
31,blockers,O
31,with,O
31,mortality,O
31,among,O
31,patients,O
31,with,O
31,hypertension,CAUSE_OF_DEATH
31,hospitalized,O
31,with,O
31,COVID,O
31,‐,O
31,19,NUMBER
31,.,O
31,Circ,O
31,Res,O
31,2020,DATE
31,.,O
31,19,NUMBER
31,Mehta,ORGANIZATION
31,N,ORGANIZATION
31,.,O
31,Kalra,PERSON
31,A,O
31,.,O
31,Nowacki,PERSON
31,AS,STATE_OR_PROVINCE
31,.,O
31,et,O
31,al,O
31,.,O
31,Association,O
31,of,O
31,use,O
31,of,O
31,angiotensin,O
31,‐,O
31,converting,O
31,enzyme,O
31,inhibitors,O
31,and,O
31,angiotensin,O
31,II,NUMBER
31,receptor,O
31,blockers,O
31,with,O
31,testing,O
31,positive,O
31,for,O
31,coronavirus,O
31,dis,O
31,‐,O
31,ease,O
31,2019,DATE
31,(,O
31,COVID,O
31,‐,O
31,19,NUMBER
31,),O
31,.,O
31,JAMA,O
31,Cardiol,O
31,2020,DATE
31,.,O
31,20,NUMBER
31,WHO,O
31,.,O
31,COVID,O
31,‐,O
31,19,NUMBER
31,and,O
31,the,O
31,use,O
31,of,O
31,angiotensin,O
31,‐,O
31,converting,O
31,enzyme,O
31,inhibitors,O
31,and,O
31,receptor,O
31,blockers,O
31,‐,O
31,Scientific,O
31,brief,O
31,.,O
31,WHO,O
31,.,O
31,2020,DATE
31,.,O
31,21,NUMBER
31,Carr,ORGANIZATION
31,D.,ORGANIZATION
31,Sharing,ORGANIZATION
31,re,O
31,‐,O
31,search,O
31,data,O
31,and,O
31,findings,O
31,relevant,O
31,to,O
31,the,O
31,novel,O
31,coronavirus,O
31,(,O
31,COVID,O
31,‐,O
31,19,NUMBER
31,),O
31,outbreak,O
31,.,O
31,secondary,O
31,sharing,O
31,research,O
31,data,O
31,and,O
31,findings,O
31,relevant,O
31,to,O
31,the,O
31,coronavirus,O
31,‐,O
31,c,O
31,ovid,O
31,‐,O
31,19,NUMBER
31,/,O
31,o,O
31,pen,O
31,‐,O
31,data,O
31,22,NUMBER
31,Wells,O
31,G,O
31,.,O
31,Shea,PERSON
31,B,O
31,.,O
31,OConnell,O
31,D,O
31,.,O
31,et,O
31,al,O
31,.,O
31,The,O
31,Newcastle,ORGANIZATION
31,‐,O
31,Ottawa,CITY
31,scale,O
31,(,O
31,NOS,O
31,),O
31,for,O
31,as,O
31,‐,O
31,sessing,O
31,the,O
31,quality,O
31,of,O
31,nonrandomised,O
31,studies,O
31,in,O
31,meta,O
31,‐,O
31,analyses,O
31,.,O
31,secondary,O
31,the,O
31,Newcastle,ORGANIZATION
31,‐,O
31,Ottawa,CITY
31,scale,O
31,(,O
31,NOS,O
31,),O
31,for,O
31,assessing,O
31,the,O
31,quality,O
31,of,O
31,nonrandomised,O
31,studies,O
31,in,O
31,meta,O
31,‐,O
31,23,NUMBER
31,Manzoli,O
31,L,O
31,.,O
31,Flacco,PERSON
31,ME,O
31,.,O
31,Boccia,PERSON
31,S,O
31,.,O
31,et,O
31,al,O
31,.,O
31,Generic,O
31,versus,O
31,brand,O
31,‐,O
31,name,O
31,drugs,CRIMINAL_CHARGE
31,used,O
31,in,O
31,car,O
31,‐,O
31,diovascular,O
31,diseases,CAUSE_OF_DEATH
31,.,O
31,Eur,MISC
31,J,O
31,Epidemiol,O
31,2016,DATE
31,;,O
31,31:35168,NUMBER
31,.,O
31,24,NUMBER
31,Manfre,O
31,‐,O
31,dini,O
31,R,O
31,.,O
31,Fabbian,MISC
31,F,MISC
31,.,O
31,Cappadona,PERSON
31,R,PERSON
31,.,O
31,et,O
31,al,O
31,.,O
31,Daylight,TIME
31,saving,O
31,time,O
31,and,O
31,acute,O
31,25,NUMBER
31,Mehra,PERSON
31,MR,PERSON
31,.,O
31,Desai,PERSON
31,SS,O
31,.,O
31,Kuy,PERSON
31,S,O
31,.,O
31,et,O
31,al,O
31,.,O
31,Cardiovascular,O
31,dis,O
31,‐,O
31,ease,O
31,.,O
31,drug,O
31,therapy,O
31,.,O
31,and,O
31,mortality,O
31,in,O
31,Covid,O
31,‐,O
31,19,NUMBER
31,.,O
31,N,O
31,Engl,O
31,J,O
31,Med,O
31,2020,DATE
31,.,O
31,26,NUMBER
31,Mehra,PERSON
31,MR,PERSON
31,.,O
31,Desai,PERSON
31,SS,O
31,.,O
31,Kuy,PERSON
31,S,O
31,.,O
31,et,O
31,al,O
31,.,O
31,Retraction,O
31,:,O
31,cardiovascular,O
31,disease,CAUSE_OF_DEATH
31,.,O
31,drug,O
31,therapy,O
31,.,O
31,and,O
31,mortality,O
31,in,O
31,Covid,O
31,‐,O
31,19,DATE
31,2020,DATE
31,.,O
31,N,O
31,Engl,PERSON
31,J,PERSON
31,Med,O
31,.,O
31,27,NUMBER
31,Kuster,ORGANIZATION
31,GM,ORGANIZATION
31,.,O
31,Osswald,PERSON
31,S.,O
31,Switching,O
31,antihypertensive,O
31,therapy,O
31,in,O
31,times,O
31,of,O
31,COVID,O
31,‐,O
31,19,NUMBER
31,:,O
31,why,O
31,we,O
31,should,O
31,wait,O
31,for,O
31,the,O
31,evidence,O
31,.,O
31,Eur,O
31,Heart,O
31,J,O
31,2020,DATE
31,;,O
31,41:1857,NUMBER
31,.,O
31,28,NUMBER
31,Kuster,ORGANIZATION
31,GM,ORGANIZATION
31,.,O
31,Pfister,O
31,O,O
31,.,O
31,Burkard,PERSON
31,T,O
31,.,O
31,et,O
31,al,O
31,.,O
31,SARS,O
31,‐,O
31,CoV2,O
31,:,O
31,should,O
31,inhibitors,O
31,of,O
31,the,O
31,renin,O
31,‐,O
31,angiotensin,O
31,system,O
31,be,O
31,withdrawn,O
31,in,O
31,patients,O
31,with,O
31,COVID,O
31,‐,O
31,19,NUMBER
31,?,O
31,Eur,O
31,Heart,O
31,J,O
31,29,NUMBER
31,European,NATIONALITY
31,Medicines,ORGANIZATION
31,Agency,ORGANIZATION
31,.,O
31,Ema,O
31,advises,O
31,continued,O
31,use,O
31,of,O
31,medicines,O
31,for,O
31,hy,O
31,‐,O
31,pertension,O
31,.,O
31,heart,O
31,or,O
31,kidney,CAUSE_OF_DEATH
31,disease,CAUSE_OF_DEATH
31,during,O
31,COVID,O
31,‐,O
31,19,NUMBER
31,pandemic,O
31,.,O
31,2020,DATE
31,.,O
31,Available,O
31,:,O
31,hypertension,CAUSE_OF_DEATH
31,‐,O
31,h,O
31,eart,O
31,‐,O
31,kidney,O
31,‐,O
31,d,O
31,isease,O
31,‐,O
31,during,O
31,‐,O
31,covid,O
31,‐,O
31,19,NUMBER
31,‐,O
31,p,O
31,andemic,O
31,[,O
31,Accessed,O
31,20,DATE
31,Apr,DATE
31,30,DATE
31,European,ORGANIZATION
31,Society,ORGANIZATION
31,of,ORGANIZATION
31,Cardi,ORGANIZATION
31,‐,O
31,ology,O
31,.,O
31,Position,O
31,statement,O
31,of,O
31,the,O
31,ESC,ORGANIZATION
31,Council,ORGANIZATION
31,on,O
31,hypertension,CAUSE_OF_DEATH
31,on,O
31,ACE,O
31,‐,O
31,inhibitors,O
31,and,O
31,angiotensin,O
31,receptor,O
31,blockers,O
31,.,O
31,2020,DATE
31,.,O
31,Avail,O
31,‐,O
31,able,O
31,:,O
31,Cardiac,O
31,risk,O
31,factors,O
31,and,O
31,prevention,O
31,physician?utm,O
31,_,O
31,cam,O
31,‐,O
31,paign,O
31,=,O
31,sciencenews19,NUMBER
31,‐,O
31,20,NUMBER
31,&,O
31,utm_source,O
31,=,O
31,s,O
31,cience,O
31,‐,O
31,news,O
31,&,O
31,utm,O
31,_,O
31,medium,O
31,=,O
31,phd,O
31,‐,O
31,link,O
31,&,O
31,u,O
31,tm_content,O
31,=,O
31,phd03,NUMBER
31,‐,O
31,17,NUMBER
31,‐,O
31,2,NUMBER
31,0,NUMBER
31,32,NUMBER
31,Thomas,PERSON
31,LE,PERSON
31,.,O
31,Bonow,PERSON
31,RO,PERSON
31,.,O
31,Pencina,PERSON
31,MJ,ORGANIZATION
31,.,O
31,Understanding,O
31,observational,O
31,treatment,O
31,comparisons,O
31,in,O
31,the,O
31,set,O
31,‐,O
31,ting,O
31,of,O
31,coronavirus,O
31,disease,CAUSE_OF_DEATH
31,2019,DATE
31,(,O
31,COVID,O
31,‐,O
31,19,NUMBER
31,),O
31,.,O
31,JAMA,PERSON
31,Cardiol,PERSON
31,to,O
31,se,O
31,‐,O
31,lective,O
31,inclusion,O
31,of,O
31,trial,O
31,effect,O
31,estimates,O
31,:,O
31,empirical,O
31,study,O
31,.,O
31,BMJ,O
31,Open,O
31,statement,O
31,‐,O
31,o,O
31,f,O
31,‐,O
31,the,O
31,‐,O
31,e,O
31,sc,O
31,‐,O
31,council,O
31,‐,O
31,on,O
31,‐,O
31,hypertension,CAUSE_OF_DEATH
31,‐,O
31,on,O
31,‐,O
31,ace,O
31,‐,O
31,in,O
31,‐,O
31,hibitors,O
31,‐,O
31,and,O
31,‐,O
31,ang,O
31,[,O
31,Accessed,O
31,31,NUMBER
31,American,ORGANIZATION
31,Hearth,ORGANIZATION
31,Association,ORGANIZATION
31,.,O
31,Pa,STATE_OR_PROVINCE
31,‐,O
31,tients,O
31,taking,O
31,ACE,O
31,‐,O
31,i,O
31,and,O
31,Arbs,MISC
31,who,O
31,contract,O
31,COVID,O
31,‐,O
31,19,NUMBER
31,should,O
31,contin,O
31,‐,O
31,ue,O
31,treatment,O
31,.,O
31,unless,O
31,otherwise,O
31,advised,O
31,by,O
31,their,O
31,physician,TITLE
31,.,O
31,2020,DATE
31,.,O
31,contract,O
31,‐,O
31,c,O
31,ovid,O
31,‐,O
31,19,NUMBER
31,‐,O
31,s,O
31,hould,O
31,‐,O
31,continue,O
31,‐,O
31,treatment,O
31,‐,O
31,unless,O
31,‐,O
31,otherwise,O
31,‐,O
31,advised,O
31,‐,O
31,by,O
31,‐,O
31,their,O
31,‐,O
