29,JOURNAL,O
29,OF,O
29,ADVANCED,O
29,VETERINARY,O
29,AND,O
29,ANIMAL,O
29,RESEARCH,O
29,A,O
29,periodical,O
29,of,O
29,the,O
29,Network,O
29,for,O
29,the,O
29,Veterinarians,MISC
29,of,O
29,Bangladesh,COUNTRY
29,(,O
29,BDvetNET,O
29,),O
29,VOL,O
29,7,NUMBER
29,.,O
29,NO,O
29,.,O
29,2,NUMBER
29,.,O
29,PAGES,O
29,260280,NUMBER
29,REVIEW,O
29,ARTICLE,O
29,Coronavirus,O
29,Disease,CAUSE_OF_DEATH
29,2019,DATE
29,(,O
29,COVID,O
29,‐,O
29,19,NUMBER
29,),O
29,pandemic,O
29,.,O
29,lessons,O
29,to,O
29,be,O
29,learned,O
29,!,O
29,Md,STATE_OR_PROVINCE
29,.,O
29,Saiful,PERSON
29,Islam1,PERSON
29,.,O
29,Md,STATE_OR_PROVINCE
29,.,O
29,Abdus,PERSON
29,Sobur1,PERSON
29,.,O
29,Mily,O
29,Akter1,O
29,.,O
29,K.,PERSON
29,H.,PERSON
29,M.,PERSON
29,Nazmul,PERSON
29,Hussain,PERSON
29,Nazir1,O
29,.,O
29,Antonio,PERSON
29,Toniolo2,PERSON
29,.,O
29,Md,STATE_OR_PROVINCE
29,.,O
29,Tanvir,PERSON
29,Rahman1,O
29,ARTICLE,O
29,HISTORY,O
29,Coronavirus,O
29,Disease,CAUSE_OF_DEATH
29,2019,DATE
29,(,O
29,COVID,O
29,‐,O
29,19,NUMBER
29,),O
29,caused,O
29,by,O
29,severe,O
29,acute,O
29,respiratory,O
29,syn,O
29,‐,O
29,drome,O
29,coronavirus,O
29,2,NUMBER
29,(,O
29,SARS,O
29,‐,O
29,CoV,O
29,‐,O
29,2,NUMBER
29,),O
29,has,O
29,been,O
29,reported,O
29,as,O
29,a,O
29,worldwide,O
29,emergency,O
29,.,O
29,Due,O
29,to,O
29,the,O
29,extensiveness,O
29,of,O
29,spread,O
29,was,O
29,by,O
29,April,DATE
29,3,DATE
29,.,O
29,2020,DATE
29,.,O
29,A,O
29,total,O
29,of,O
29,1.016.399,NUMBER
29,cases,O
29,of,O
29,COVID,O
29,‐,O
29,19,NUMBER
29,with,O
29,53.238,NUMBER
29,deaths,O
29,was,O
29,reported,O
29,from,O
29,204,NUMBER
29,countries,O
29,and,O
29,territories,O
29,including,O
29,two,NUMBER
29,in,O
29,‐,O
29,ternational,O
29,conveyances,O
29,over,O
29,the,O
29,world,O
29,.,O
29,After,O
29,China,COUNTRY
29,.,O
29,most,O
29,of,O
29,the,O
29,new,O
29,cases,O
29,were,O
29,from,O
29,Europe,LOCATION
29,.,O
29,particularly,O
29,Italy,COUNTRY
29,acting,O
29,as,O
29,the,O
29,source,O
29,of,O
29,importation,O
29,to,O
29,many,O
29,of,O
29,the,O
29,other,O
29,countries,O
29,around,O
29,the,O
29,world,O
29,.,O
29,China,COUNTRY
29,has,O
29,obtained,O
29,success,O
29,by,O
29,ascribing,O
29,control,O
29,strategies,O
29,against,O
29,COVID,O
29,‐,O
29,19,NUMBER
29,.,O
29,The,O
29,implementation,O
29,of,O
29,Chinas,O
29,strategy,O
29,.,O
29,as,O
29,well,O
29,as,O
29,the,O
29,development,O
29,of,O
29,a,O
29,vaccine,O
29,.,O
29,may,O
29,control,O
29,the,O
29,pandemic,O
29,of,O
29,COVID,O
29,‐,O
29,19,NUMBER
29,.,O
29,Further,O
29,robust,O
29,studies,O
29,are,O
29,required,O
29,controlling,O
29,of,O
29,the,O
29,COVID,O
29,‐,O
29,19,NUMBER
29,or,O
29,similar,O
29,viral,O
29,diseases,CAUSE_OF_DEATH
29,that,O
29,may,O
29,come,O
29,in,O
29,the,DATE
29,future,DATE
29,.,O
29,Revised,O
29,April,DATE
29,14,DATE
29,.,DATE
29,2020,DATE
29,Under,O
29,the,O
29,Coronoviridae,MISC
29,family,O
29,.,O
29,coron,O
29,‐,O
29,avirus,O
29,possesses,O
29,enveloped,O
29,.,O
29,single,O
29,‐,O
29,stranded,O
29,Gram,O
29,‐,O
29,positive,O
29,RNA,O
29,genome,O
29,which,O
29,has,O
29,been,O
29,detected,O
29,in,O
29,avian,O
29,hosts,O
29,and,O
29,mammals,O
29,.,O
29,in,O
29,‐,O
29,cluding,O
29,bats,O
29,.,O
29,camels,O
29,.,O
29,civets,O
29,.,O
29,dog,O
29,.,O
29,and,O
29,cats,O
29,[,O
29,13,NUMBER
29,],O
29,.,O
29,Among,O
29,previous,O
29,‐,O
29,ly,O
29,known,O
29,several,O
29,coronaviruses,O
29,.,O
29,most,O
29,are,O
29,mild,O
29,pathogenic,O
29,to,O
29,hu,O
29,‐,O
29,mans,O
29,[,O
29,1,NUMBER
29,],O
29,.,O
29,but,O
29,Severe,O
29,Acute,O
29,Respiratory,O
29,Syndrome,O
29,Coronavirus,O
29,(,O
29,SARS,O
29,‐,O
29,CoV,O
29,),O
29,and,O
29,the,O
29,Middle,O
29,East,O
29,Respiratory,O
29,Syndrome,O
29,Coronavirus,O
29,(,O
29,MERS,O
29,‐,O
29,CoV,O
29,),O
29,caused,O
29,severe,O
29,human,O
29,infection,CAUSE_OF_DEATH
29,[,O
29,4,NUMBER
29,],O
29,.,O
29,In,O
29,Guangdong,STATE_OR_PROVINCE
29,.,O
29,Southern,ORGANIZATION
29,China,ORGANIZATION
29,.,O
29,a,O
29,betacoronavirus,O
29,:,O
29,SARS,O
29,‐,O
29,CoV,O
29,arose,O
29,in,O
29,November,DATE
29,2002,DATE
29,[,O
29,5,NUMBER
29,],O
29,and,O
29,caused,O
29,774,NUMBER
29,deaths,O
29,in,O
29,37,NUMBER
29,countries,O
29,with,O
29,more,O
29,than,O
29,8.000,NUMBER
29,human,O
29,infections,CAUSE_OF_DEATH
29,[,O
29,6,NUMBER
29,],O
29,;,O
29,and,O
29,MERS,O
29,‐,O
29,CoV,O
29,first,ORDINAL
29,emerged,O
29,in,O
29,Saudi,NATIONALITY
29,Arabia,O
29,in,O
29,2012,DATE
29,[,O
29,7,NUMBER
29,],O
29,with,O
29,2.494,NUMBER
29,human,O
29,cases,O
29,constituting,O
29,858,NUMBER
29,deaths,O
29,.,O
29,besides,O
29,.,O
29,38,NUMBER
29,deaths,O
29,were,O
29,recorded,O
29,in,O
29,South,COUNTRY
29,Korea,COUNTRY
29,through,O
29,a,O
29,single,O
29,introduction,O
29,[,O
29,8.9,NUMBER
29,],O
29,.,O
29,Several,O
29,patients,O
29,with,O
29,pneumonia,CAUSE_OF_DEATH
29,‐,O
29,like,O
29,respiratory,O
29,illness,CAUSE_OF_DEATH
29,were,O
29,recognized,O
29,in,O
29,late,DATE
29,December,DATE
29,2019,DATE
29,in,O
29,Wuhan,CITY
29,.,O
29,Hubei,STATE_OR_PROVINCE
29,(,O
29,a,O
29,province,COUNTRY
29,of,COUNTRY
29,China,COUNTRY
29,),O
29,[,O
29,4.6,NUMBER
29,],O
29,.,O
29,Epidemiologically,O
29,.,O
29,they,O
29,were,O
29,connected,O
29,with,O
29,Hunnan,O
29,Correspondence,O
29,Md,STATE_OR_PROVINCE
29,.,O
29,Tanvir,PERSON
29,Rahman,PERSON
29,Novel,PERSON
29,coronavirus,O
29,;,O
29,China,COUNTRY
29,;,O
29,travel,O
29,history,O
29,;,O
29,pandemic,O
29,;,O
29,control,O
29,strategy,O
29,distributed,O
29,under,O
29,the,O
29,terms,O
29,of,O
29,the,O
29,wet,O
29,market,O
29,where,O
29,multifarious,O
29,non,O
29,‐,O
29,aquatic,O
29,birds,O
29,and,O
29,rabbits,O
29,were,O
29,sold,O
29,[,O
29,6,NUMBER
29,],O
29,.,O
29,Although,O
29,doctors,O
29,couldnt,O
29,trace,O
29,the,O
29,cause,O
29,at,O
29,the,O
29,beginning,O
29,.,O
29,a,O
29,novel,O
29,human,O
29,infecting,O
29,coronavirus,O
29,was,O
29,identified,O
29,as,O
29,the,O
29,etiology,O
29,in,O
29,the,DURATION
29,first,DURATION
29,week,DURATION
29,of,O
29,January,DATE
29,2020,DATE
29,[,O
29,4.1015,NUMBER
29,],O
29,using,O
29,next,O
29,‐,O
29,generation,O
29,sequencing,O
29,[,O
29,10.16,NUMBER
29,],O
29,.,O
29,WHO,O
29,named,O
29,the,O
29,virus,O
29,provisionally,O
29,as,O
29,2019,DATE
29,novel,O
29,coronavirus,O
29,(,O
29,2019,DATE
29,‐,O
29,nCoV,O
29,),O
29,[,O
29,17,NUMBER
29,],O
29,.,O
29,followed,O
29,by,O
29,renaming,O
29,as,O
29,severe,O
29,acute,O
29,respirato,O
29,‐,O
29,ry,O
29,syndrome,O
29,coronavirus,O
29,2,NUMBER
29,(,O
29,SARS,O
29,‐,O
29,CoV,O
29,‐,O
29,2,NUMBER
29,),O
29,based,O
29,on,O
29,the,O
29,rule,O
29,of,O
29,in,O
29,‐,O
29,ternational,O
29,committee,O
29,on,O
29,taxonomy,O
29,of,O
29,viruses,O
29,(,O
29,ICTV,ORGANIZATION
29,),O
29,[,O
29,18.19,NUMBER
29,],O
29,.,O
29,Be,O
29,‐,O
29,fore,O
29,that,O
29,.,O
29,the,O
29,virus,O
29,was,O
29,recognized,O
29,as,O
29,a,O
29,sister,O
29,to,O
29,SARS,O
29,‐,O
29,CoV,O
29,[,O
29,19,NUMBER
29,],O
29,.,O
29,The,O
29,name,O
29,SARS,O
29,‐,O
29,CoV,O
29,‐,O
29,2,NUMBER
29,was,O
29,approved,O
29,by,O
29,ICTV,ORGANIZATION
29,based,O
29,on,O
29,the,O
29,similari,O
29,‐,O
29,ties,O
29,of,O
29,genetic,O
29,characteristics,O
29,with,O
29,the,O
29,previous,O
29,coronavirus,O
29,that,O
29,caused,O
29,the,O
29,outbreak,O
29,of,O
29,SARS,O
29,.,O
29,2003,DATE
29,[,O
29,18,NUMBER
29,],O
29,.,O
29,Finally,O
29,.,O
29,based,O
29,on,O
29,severity,O
29,.,O
29,spread,O
29,.,O
29,transmissibility,O
29,.,O
29,prevention,O
29,.,O
29,and,O
29,treatment,O
29,.,O
29,WHO,O
29,named,O
29,the,O
29,disease,CAUSE_OF_DEATH
29,as,O
29,Coronavirus,O
29,Disease,CAUSE_OF_DEATH
29,2019,DATE
29,(,O
29,COVID19,O
29,),O
29,in,O
29,the,O
29,international,O
29,classification,O
29,of,O
29,diseases,CAUSE_OF_DEATH
29,[,O
29,15.18,NUMBER
29,],O
29,.,O
29,Due,O
29,to,O
29,the,O
29,importation,O
29,of,O
29,COVID,O
29,‐,O
29,19,NUMBER
29,from,O
29,epidemic,O
29,states,O
29,and,O
29,countries,O
29,to,O
29,different,O
29,states,O
29,and,O
29,countries,O
29,.,O
29,the,O
29,disease,CAUSE_OF_DEATH
29,How,O
29,to,O
29,cite,O
29,:,O
29,Islam,RELIGION
29,MS,STATE_OR_PROVINCE
29,.,O
29,Sobur,PERSON
29,MA,PERSON
29,.,O
29,Akter,O
29,M,O
29,.,O
29,Nazir,PERSON
29,KHMNH,PERSON
29,.,O
29,Toniolo,PERSON
29,A,O
29,.,O
29,Rahman,PERSON
29,MT.,O
29,Coron,O
29,‐,O
29,avirus,O
29,disease,CAUSE_OF_DEATH
29,2019,DATE
29,(,O
29,COVID,O
29,‐,O
29,19,NUMBER
29,),O
29,pandemic,O
29,.,O
29,lessons,O
29,to,O
29,be,O
29,learned,O
29,!,O
29,J,O
29,Adv,ORGANIZATION
29,Vet,ORGANIZATION
29,Anim,ORGANIZATION
29,Res,ORGANIZATION
29,2020,DATE
29,;,O
29,7,NUMBER
29,(,O
29,2,NUMBER
29,),O
29,:,O
29,260280,NUMBER
29,.,O
29,Islam,RELIGION
29,et,O
29,al.,O
29,/,O
29,J.,O
29,Adv.,O
29,Vet,O
29,.,O
29,Anim,O
29,.,O
29,Res.,O
29,.,O
29,7,NUMBER
29,(,O
29,2,NUMBER
29,),O
29,:,O
29,260280,NUMBER
29,.,O
29,June,DATE
29,2020,DATE
29,has,O
29,spread,O
29,throughout,O
29,China,COUNTRY
29,and,O
29,all,O
29,over,O
29,the,O
29,world,O
29,in,O
29,a,O
29,short,O
29,time,O
29,.,O
29,though,O
29,the,O
29,outbreak,O
29,was,O
29,recognized,O
29,in,O
29,Wuhan,CITY
29,[,O
29,1926,DATE
29,],O
29,.,O
29,Because,O
29,of,O
29,fast,O
29,‐,O
29,spreading,O
29,.,O
29,COVID,O
29,‐,O
29,19,NUMBER
29,has,O
29,affected,O
29,204,NUMBER
29,countries,O
29,and,O
29,terri,O
29,‐,O
29,tories,O
29,including,O
29,two,NUMBER
29,international,O
29,conveyances,O
29,[,O
29,27,NUMBER
29,],O
29,.,O
29,WHO,O
29,declared,O
29,the,O
29,COVID,O
29,‐,O
29,19,NUMBER
29,disease,CAUSE_OF_DEATH
29,as,O
29,a,O
29,global,O
29,pandemic,O
29,by,O
29,observing,O
29,the,O
29,enor,O
29,‐,O
29,mous,O
29,number,O
29,of,O
29,cases,O
29,and,O
29,colossal,O
29,deaths,O
29,with,O
29,the,O
29,concatenate,O
29,of,O
29,social,O
29,operations,O
29,and,O
29,huge,O
29,economic,O
29,losses,O
29,throughout,O
29,the,O
29,world,O
29,[,O
29,27.28,NUMBER
29,],O
29,.,O
29,Furthermore,O
29,.,O
29,WHO,ORGANIZATION
29,also,O
29,declared,O
29,that,O
29,Europe,LOCATION
29,has,O
29,become,O
29,the,O
29,new,O
29,epicenter,O
29,of,O
29,COVID,O
29,‐,O
29,19,NUMBER
29,on,O
29,March,DATE
29,13,DATE
29,.,DATE
29,2020,DATE
29,.,O
29,due,O
29,to,O
29,the,O
29,dead,O
29,‐,O
29,ly,O
29,run,O
29,throughout,O
29,the,O
29,European,NATIONALITY
29,countries,O
29,[,O
29,29,NUMBER
29,],O
29,.,O
29,An,O
29,implausible,O
29,number,O
29,of,O
29,deaths,O
29,has,O
29,made,O
29,the,O
29,coronavirus,O
29,pandemic,O
29,as,O
29,death,O
29,toll,O
29,over,O
29,the,O
29,world,O
29,.,O
29,Human,O
29,‐,O
29,to,O
29,‐,O
29,human,O
29,transmission,O
29,among,O
29,a,O
29,cluster,O
29,of,O
29,people,O
29,including,O
29,doctors,O
29,and,O
29,healthcare,O
29,workers,O
29,is,O
29,augmenting,O
29,the,O
29,piquancy,O
29,of,O
29,COVID,O
29,‐,O
29,19,NUMBER
29,with,O
29,the,O
29,mild,O
29,‐,O
29,to,O
29,‐,O
29,severe,O
29,sign,O
29,‐,O
29,symptoms,O
29,[,O
29,14.23,NUMBER
29,],O
29,.,O
29,Although,O
29,the,O
29,extensiveness,O
29,of,O
29,spread,O
29,and,O
29,death,O
29,rate,O
29,has,O
29,differed,O
29,among,O
29,SARS,O
29,.,O
29,MERS,O
29,.,O
29,and,O
29,COVID,O
29,‐,O
29,19,NUMBER
29,outbreak,O
29,.,O
29,the,O
29,sign,O
29,and,O
29,symptoms,O
29,with,O
29,transmission,O
29,patterns,O
29,are,O
29,similar,O
29,[,O
29,30,NUMBER
29,],O
29,.,O
29,Several,O
29,studies,O
29,found,O
29,the,O
29,similarities,O
29,in,O
29,the,O
29,transmission,O
29,pattern,O
29,by,O
29,droplet,O
29,and,O
29,contact,O
29,(,O
29,direct,O
29,and,O
29,indirect,O
29,),O
29,transmission,O
29,among,O
29,the,O
29,SARS,O
29,‐,O
29,like,O
29,viruses,O
29,[,O
29,3133,NUMBER
29,],O
29,.,O
29,The,O
29,transmission,O
29,of,O
29,viruses,O
29,is,O
29,under,O
29,the,O
29,influence,O
29,of,O
29,many,O
29,factors,O
29,.,O
29,such,O
29,as,O
29,environmental,O
29,temperature,O
29,.,O
29,humidity,O
29,.,O
29,and,O
29,population,O
29,density,O
29,[,O
29,11.12,NUMBER
29,],O
29,.,O
29,However,O
29,.,O
29,no,O
29,effective,O
29,medications,O
29,and,O
29,vaccines,O
29,are,O
29,developed,O
29,against,O
29,SARS,O
29,‐,O
29,CoV,O
29,‐,O
29,2,NUMBER
29,though,O
29,different,O
29,research,O
29,groups,O
29,over,O
29,the,O
29,world,O
29,are,O
29,trying,O
29,to,O
29,develop,O
29,vaccines,O
29,and,O
29,antiviral,O
29,drugs,CRIMINAL_CHARGE
29,[,O
29,34,NUMBER
29,],O
29,.,O
29,Thereafter,O
29,.,O
29,every,O
29,nation,O
29,is,O
29,providing,O
29,their,O
29,best,O
29,endeavors,O
29,to,O
29,alleviate,O
29,the,O
29,extensiveness,O
29,of,O
29,COVID,O
29,‐,O
29,19,NUMBER
29,.,O
29,As,O
29,a,O
29,strategy,O
29,to,O
29,prevent,O
29,and,O
29,control,O
29,the,O
29,intensifica,O
29,‐,O
29,tion,O
29,of,O
29,COVID,O
29,‐,O
29,19,NUMBER
29,.,O
29,China,COUNTRY
29,started,O
29,to,O
29,take,O
29,an,O
29,extreme,O
29,level,O
29,of,O
29,strategies,O
29,such,O
29,as,O
29,extreme,O
29,lockdown,O
29,.,O
29,transmission,O
29,route,O
29,blocking,O
29,.,O
29,and,O
29,susceptible,O
29,population,O
29,protection,O
29,.,O
29,followed,O
29,by,O
29,other,O
29,nations,O
29,are,O
29,trying,O
29,to,O
29,follow,O
29,Chinas,MISC
29,strategies,O
29,prevention,O
29,and,O
29,control,O
29,strategies,O
29,.,O
29,Selection,O
29,criteria,O
29,COVID,O
29,‐,O
29,19,NUMBER
29,virus,O
29,with,O
29,their,O
29,epi,O
29,‐,O
29,demiology,O
29,.,O
29,transmission,O
29,dynamics,O
29,.,O
29,and,O
29,current,DATE
29,situation,O
29,of,O
29,the,O
29,outbreak,O
29,.,O
29,and,O
29,prevention,O
29,and,O
29,control,O
29,measures,O
29,.,O
29,We,O
29,also,O
29,extracted,O
29,the,O
29,information,O
29,from,O
29,relevant,O
29,websites,O
29,for,O
29,current,DATE
29,situation,O
29,re,O
29,‐,O
29,ports,O
29,of,O
29,the,O
29,outbreak,O
29,.,O
29,No,O
29,language,O
29,limit,O
29,was,O
29,for,O
29,information,O
29,ac,O
29,‐,O
29,quisition,O
29,.,O
29,There,O
29,was,O
29,a,O
29,strong,O
29,focus,O
29,on,O
29,the,O
29,most,O
29,Information,O
29,sources,O
29,and,O
29,search,O
29,strategy,O
29,Google,ORGANIZATION
29,Scholar,TITLE
29,.,O
29,Research,O
29,Gate,O
29,.,O
29,Web,O
29,of,O
29,Sciences,O
29,.,O
29,Elsevier,O
29,.,O
29,Nature,O
29,.,O
29,WHO,O
29,.,O
29,and,O
29,Worldometer,O
29,.,O
29,The,O
29,keywords,O
29,used,O
29,here,O
29,were,O
29,:,O
29,COVID,O
29,‐,O
29,19,NUMBER
29,.,O
29,SARS,O
29,.,O
29,MERS,O
29,.,O
29,SARS,O
29,‐,O
29,CoV,O
29,‐,O
29,2,NUMBER
29,.,O
29,Coronavirus,O
29,.,O
29,2019,DATE
29,nCoV,O
29,.,O
29,Pandemic,O
29,.,O
29,Wuhan,CITY
29,coronavirus,O
29,.,O
29,First,ORDINAL
29,New,O
29,Case,O
29,.,O
29,Preven,O
29,‐,O
29,tion,O
29,.,O
29,Control,O
29,.,O
29,and,O
29,Chinas,ORGANIZATION
29,Control,ORGANIZATION
29,Strategies,ORGANIZATION
29,or,O
29,a,O
29,combination,O
29,among,O
29,these,O
29,.,O
29,The,O
29,searches,O
29,were,O
29,between,O
29,March,DATE
29,29,DATE
29,.,DATE
29,2020,DATE
29,.,O
29,and,O
29,April,DATE
29,3,NUMBER
29,.,O
29,2020,DATE
29,.,O
29,by,O
29,individual,O
29,researchers,O
29,.,O
29,and,O
29,then,O
29,all,O
29,the,O
29,collected,O
29,data,O
29,were,O
29,coordinated,O
29,.,O
29,Data,O
29,incorporation,O
29,abstract,O
29,in,O
29,context,O
29,to,O
29,the,O
29,interest,O
29,of,O
29,the,O
29,study,O
29,.,O
29,To,O
29,find,O
29,out,O
29,the,O
29,current,DATE
29,scenario,O
29,of,O
29,COVID,O
29,‐,O
29,19,NUMBER
29,outbreak,O
29,.,O
29,prevention,O
29,.,O
29,and,O
29,control,O
29,strategies,O
29,across,O
29,the,O
29,globe,O
29,.,O
29,the,O
29,total,O
29,number,O
29,of,O
29,confirmed,O
29,cases,O
29,.,O
29,death,O
29,cases,O
29,.,O
29,and,O
29,re,O
29,‐,O
29,covery,O
29,cases,O
29,[,O
29,27.37,NUMBER
29,],O
29,the,O
29,first,ORDINAL
29,imported,O
29,case,O
29,in,O
29,countries,O
29,.,O
29,impor,O
29,‐,O
29,tation,O
29,sources,O
29,There,O
29,were,O
29,so,O
29,many,O
29,lessons,O
29,for,O
29,China,COUNTRY
29,during,O
29,and,O
29,after,O
29,the,O
29,SARS,MISC
29,outbreak,O
29,in,O
29,the,O
29,Southern,MISC
29,part,O
29,of,O
29,the,O
29,country,O
29,in,O
29,2002,DATE
29,.,O
29,As,O
29,a,O
29,part,O
29,of,O
29,continuous,O
29,research,O
29,.,O
29,in,O
29,March,DATE
29,2019,DATE
29,.,O
29,research,O
29,studies,O
29,from,O
29,China,COUNTRY
29,warned,O
29,about,O
29,the,O
29,possible,O
29,future,DATE
29,SARSor,O
29,MERS,O
29,‐,O
29,like,O
29,outbreak,O
29,in,O
29,China,COUNTRY
29,from,O
29,bat,O
29,[,O
29,38,NUMBER
29,],O
29,.,O
29,Wild,O
29,animals,O
29,including,O
29,bats,O
29,.,O
29,snakes,O
29,.,O
29,and,O
29,others,O
29,were,O
29,sold,O
29,in,O
29,a,O
29,seafood,O
29,market,O
29,at,O
29,Huanan,CITY
29,in,O
29,Wuhan,CITY
29,.,O
29,primarily,O
29,was,O
29,declared,O
29,as,O
29,the,O
29,source,O
29,of,O
29,infection,CAUSE_OF_DEATH
29,but,O
29,environmental,O
29,specimens,O
29,from,O
29,the,O
29,market,O
29,were,O
29,found,O
29,to,O
29,carry,O
29,SARS,O
29,‐,O
29,CoV,O
29,‐,O
29,2,NUMBER
29,[,O
29,39,NUMBER
29,],O
29,.,O
29,But,O
29,the,O
29,animal,O
29,association,O
29,is,O
29,not,O
29,confirmed,O
29,yet,O
29,.,O
29,Ini,O
29,‐,O
29,tially,O
29,.,O
29,snake,O
29,was,O
29,thought,O
29,to,O
29,be,O
29,a,O
29,potential,O
29,reservoir,O
29,but,O
29,re,O
29,‐,O
29,searchers,O
29,rejected,O
29,the,O
29,option,O
29,[,O
29,40,NUMBER
29,],O
29,.,O
29,The,O
29,whole,O
29,‐,O
29,genome,O
29,sequence,O
29,of,O
29,SARS,O
29,‐,O
29,CoV,O
29,‐,O
29,2,NUMBER
29,and,O
29,other,O
29,available,O
29,Betacorona,O
29,virus,O
29,revealed,O
29,a,O
29,close,O
29,relation,O
29,with,O
29,BatCov,O
29,RaTG13,O
29,with,O
29,96,PERCENT
29,%,PERCENT
29,similarity,O
29,[,O
29,11.4144,NUMBER
29,],O
29,.,O
29,In,O
29,the,O
29,beginning,O
29,.,O
29,confirmed,O
29,patients,O
29,had,O
29,a,O
29,history,O
29,of,O
29,working,O
29,in,O
29,the,O
29,market,O
29,[,O
29,45,NUMBER
29,],O
29,.,O
29,Human,O
29,‐,O
29,to,O
29,‐,O
29,human,O
29,transmission,O
29,through,O
29,droplets,O
29,and,O
29,fomites,O
29,was,O
29,noticed,O
29,in,O
29,many,O
29,patients,O
29,having,O
29,no,O
29,association,O
29,with,O
29,the,O
29,market,O
29,.,O
29,Besides,O
29,.,O
29,the,O
29,infection,CAUSE_OF_DEATH
29,to,O
29,healthcare,O
29,workers,O
29,strongly,O
29,indicated,O
29,the,O
29,high,O
29,human,O
29,‐,O
29,to,O
29,‐,O
29,human,O
29,transmission,O
29,through,O
29,droplets,O
29,and,O
29,fomites,O
29,and,O
29,direct,O
29,contact,O
29,[,O
29,4648,NUMBER
29,],O
29,.,O
29,The,O
29,other,O
29,provinces,O
29,of,O
29,China,COUNTRY
29,were,O
29,infected,O
29,through,O
29,the,O
29,importation,O
29,of,O
29,cases,O
29,from,O
29,Hubei,STATE_OR_PROVINCE
29,province,O
29,.,O
29,Initially,O
29,.,O
29,some,O
29,countries,O
29,reported,O
29,imported,O
29,cases,O
29,.,O
29,lat,O
29,‐,O
29,er,O
29,on,O
29,.,O
29,local,O
29,transmission,O
29,.,O
29,Finally,O
29,.,O
29,importation,O
29,among,O
29,the,O
29,coun,O
29,‐,O
29,tries,O
29,and,O
29,to,O
29,new,O
29,countries,O
29,continued,O
29,sharply,O
29,.,O
29,leads,O
29,the,O
29,outbreak,O
29,towards,O
29,pandemic,O
29,.,O
29,From,O
29,the,O
29,outset,O
29,.,O
29,newly,O
29,infected,O
29,countries,O
29,re,O
29,‐,O
29,ported,O
29,their,O
29,first,ORDINAL
29,case,O
29,was,O
29,imported,O
29,from,O
29,China,COUNTRY
29,as,O
29,expected,O
29,.,O
29,thereafter,O
29,.,O
29,2,NUMBER
29,),O
29,.,O
29,Besides,O
29,.,O
29,the,O
29,neighboring,O
29,country,O
29,was,O
29,also,O
29,the,O
29,source,O
29,Europe,LOCATION
29,has,O
29,been,O
29,declared,O
29,as,O
29,the,O
29,epicenter,O
29,of,O
29,the,O
29,pandemic,O
29,Islam,RELIGION
29,et,O
29,al.,O
29,/,O
29,J.,O
29,Adv.,O
29,Vet,O
29,.,O
29,Anim,O
29,.,O
29,Res.,O
29,.,O
29,7,NUMBER
29,(,O
29,2,NUMBER
29,),O
29,:,O
29,260280,NUMBER
29,.,O
29,June,DATE
29,2020,DATE
29,Current,DATE
29,case,O
29,reports,O
29,A,O
29,total,O
29,of,O
29,1.016.399,NUMBER
29,cases,O
29,of,O
29,COVID,O
29,‐,O
29,19,NUMBER
29,with,O
29,213.133,NUMBER
29,(,O
29,80,PERCENT
29,%,PERCENT
29,),O
29,recovered,O
29,and,O
29,53.238,NUMBER
29,(,O
29,20,PERCENT
29,%,PERCENT
29,),O
29,deaths,O
29,have,O
29,been,O
29,report,O
29,‐,O
29,ed,O
29,from,O
29,204,NUMBER
29,countries,O
29,and,O
29,territories,O
29,along,O
29,with,O
29,two,NUMBER
29,internation,O
29,‐,O
29,al,O
29,conveyances,O
29,all,O
29,over,O
29,the,O
29,world,O
29,by,O
29,April,DATE
29,3,DATE
29,.,DATE
29,2020,DATE
29,245.373,NUMBER
29,number,O
29,of,O
29,cases,O
29,.,O
29,whereas,O
29,Italy,COUNTRY
29,(,O
29,115.242,NUMBER
29,),O
29,.,O
29,Spain,COUNTRY
29,(,O
29,112.065,NUMBER
29,),O
29,.,O
29,Germany,COUNTRY
29,(,O
29,84.794,NUMBER
29,),O
29,.,O
29,China,COUNTRY
29,(,O
29,81.620,NUMBER
29,),O
29,.,O
29,France,COUNTRY
29,(,O
29,France,COUNTRY
29,),O
29,.,O
29,Iran,COUNTRY
29,(,O
29,50.468,NUMBER
29,),O
29,.,O
29,and,O
29,UK,COUNTRY
29,(,O
29,33.718,NUMBER
29,),O
29,were,O
29,mostly,O
29,affected,O
29,[,O
29,37,NUMBER
29,],O
29,.,O
29,The,O
29,active,O
29,cases,O
29,are,O
29,750.028,NUMBER
29,where,O
29,712.373,NUMBER
29,(,O
29,95,PERCENT
29,%,PERCENT
29,),O
29,were,O
29,mild,O
29,and,O
29,37.655,NUMBER
29,(,O
29,5,PERCENT
29,%,PERCENT
29,),O
29,were,O
29,serious,O
29,or,O
29,critical,O
29,cases,O
29,.,O
29,The,O
29,critical,O
29,cases,O
29,were,O
29,mostly,O
29,in,O
29,France,COUNTRY
29,(,O
29,6.399,NUMBER
29,),O
29,followed,O
29,by,O
29,Spain,COUNTRY
29,(,O
29,6.092,NUMBER
29,),O
29,.,O
29,USA,COUNTRY
29,(,O
29,5.421,NUMBER
29,),O
29,.,O
29,Italy,COUNTRY
29,(,O
29,4.053,NUMBER
29,),O
29,.,O
29,Iran,COUNTRY
29,(,O
29,3.956,NUMBER
29,),O
29,.,O
29,and,O
29,Germany,COUNTRY
29,(,O
29,3.936,NUMBER
29,),O
29,.,O
29,Although,O
29,critical,O
29,cases,O
29,were,O
29,high,O
29,in,O
29,China,COUNTRY
29,.,O
29,the,O
29,numbers,O
29,are,O
29,now,DATE
29,decreasing,O
29,in,O
29,the,O
29,prospected,O
29,way,O
29,but,O
29,increasing,O
29,outside,O
29,China,COUNTRY
29,particularly,O
29,.,O
29,in,O
29,the,O
29,USA,COUNTRY
29,and,O
29,most,O
29,European,NATIONALITY
29,countries,O
29,[,O
29,37,NUMBER
29,],O
29,.,O
29,The,O
29,numbers,O
29,of,O
29,new,O
29,cases,O
29,were,O
29,always,O
29,more,O
29,than,O
29,the,O
29,recovery,O
29,number,O
29,.,O
29,Since,O
29,China,COUNTRY
29,has,O
29,managed,O
29,to,O
29,prevent,O
29,the,O
29,spread,O
29,of,O
29,the,O
29,virus,O
29,and,O
29,was,O
29,discharging,O
29,a,O
29,large,O
29,number,O
29,of,O
29,re,O
29,‐,O
29,coveries,O
29,every,SET
29,day,SET
29,.,O
29,the,O
29,daily,SET
29,recovery,O
29,number,O
29,increased,O
29,over,O
29,the,O
29,new,O
29,cases,O
29,.,O
29,However,O
29,.,O
29,the,O
29,number,O
29,of,O
29,confirmed,O
29,cases,O
29,is,O
29,augmenting,O
29,day,DURATION
29,by,O
29,day,DURATION
29,.,O
29,This,O
29,is,O
29,due,O
29,to,O
29,the,O
29,huge,O
29,number,O
29,of,O
29,new,O
29,patients,O
29,in,O
29,the,O
29,USA,COUNTRY
29,.,O
29,European,NATIONALITY
29,countries,O
29,.,O
29,Iran,COUNTRY
29,[,O
29,37,NUMBER
29,],O
29,.,O
29,Overall,O
29,.,O
29,the,O
29,number,O
29,of,O
29,con,O
29,‐,O
29,firmed,O
29,cases,O
29,was,O
29,reported,O
29,more,O
29,in,O
29,Fig.,O
29,2,NUMBER
29,),O
29,[,O
29,50,NUMBER
29,],O
29,.,O
29,Viability,O
29,.,O
29,incu,O
29,‐,O
29,bation,O
29,period,O
29,.,O
29,and,O
29,symptoms,O
29,Although,O
29,viruses,O
29,need,O
29,a,O
29,living,O
29,host,TITLE
29,to,O
29,survive,O
29,and,O
29,replicate,O
29,.,O
29,SARS,O
29,‐,O
29,CoV,O
29,‐,O
29,2,NUMBER
29,remains,O
29,viable,O
29,outside,O
29,the,O
29,living,O
29,body,O
29,and,O
29,persist,O
29,on,O
29,different,O
29,environmental,O
29,conditions,O
29,for,O
29,viable,O
29,on,O
29,stainless,O
29,steel,O
29,and,O
29,plastic,O
29,compared,O
29,to,O
29,aerosols,O
29,.,O
29,cop,O
29,‐,O
29,per,O
29,.,O
29,and,O
29,cardboard,O
29,[,O
29,51,NUMBER
29,],O
29,.,O
29,Thats,O
29,why,O
29,the,O
29,way,O
29,of,O
29,transportation,O
29,.,O
29,food,O
29,products,O
29,.,O
29,food,O
29,containers,O
29,.,O
29,house,O
29,doors,O
29,.,O
29,elevator,O
29,buttons,O
29,.,O
29,cellphone,O
29,screens,O
29,.,O
29,glass,O
29,windows,O
29,.,O
29,Viability,O
29,time,O
29,Median,MISC
29,half,O
29,‐,O
29,life,O
29,Up,O
29,to,O
29,34,NUMBER
29,h,O
29,Up,O
29,to,O
29,72,NUMBER
29,h,O
29,Stainless,O
29,steel,O
29,Up,O
29,to,O
29,72,NUMBER
29,h,O
29,Up,O
29,to,O
29,4,NUMBER
29,h,O
29,Up,O
29,to,O
29,24,NUMBER
29,h,O
29,Up,O
29,to,O
29,96,NUMBER
29,h,O
29,hospital,O
29,beds,O
29,.,O
29,etc.can,O
29,act,O
29,as,O
29,the,O
29,source,O
29,of,O
29,indi,O
29,‐,O
29,rect,O
29,contact,O
29,transmission,O
29,of,O
29,SARS,O
29,‐,O
29,CoV,O
29,‐,O
29,2,NUMBER
29,[,O
29,52,NUMBER
29,],O
29,.,O
29,Although,O
29,COVID,O
29,‐,O
29,19,NUMBER
29,produces,O
29,signs,O
29,and,O
29,symptoms,O
29,in,O
29,the,O
29,infected,O
29,individuals,O
29,within,O
29,114,DURATION
29,days,DURATION
29,.,O
29,the,O
29,average,O
29,period,O
29,is,O
29,56,DURATION
29,days,DURATION
29,.,O
29,Within,O
29,this,O
29,average,O
29,time,O
29,.,O
29,fever,CAUSE_OF_DEATH
29,and,O
29,mild,O
29,respiratory,O
29,symptoms,O
29,may,O
29,be,O
29,developed,O
29,in,O
29,af,O
29,‐,O
29,fected,O
29,individuals,O
29,[,O
29,43,NUMBER
29,],O
29,.,O
29,The,O
29,WHO,ORGANIZATION
29,‐,ORGANIZATION
29,China,ORGANIZATION
29,Joint,ORGANIZATION
29,Mission,ORGANIZATION
29,has,O
29,report,O
29,‐,O
29,ed,O
29,on,O
29,signs,O
29,and,O
29,symptoms,O
29,of,O
29,COVID,O
29,‐,O
29,19,NUMBER
29,and,O
29,they,O
29,revealed,O
29,that,O
29,the,O
29,disease,CAUSE_OF_DEATH
29,can,O
29,cause,O
29,non,O
29,‐,O
29,specific,O
29,symptoms,O
29,.,O
29,including,O
29,asymptomatic,O
29,to,O
29,severe,O
29,pneumonia,CAUSE_OF_DEATH
29,.,O
29,followed,O
29,by,O
29,death,O
29,[,O
29,53,NUMBER
29,],O
29,.,O
29,The,O
29,joint,O
29,mission,O
29,indicated,O
29,that,O
29,the,O
29,signs,O
29,and,O
29,symptoms,O
29,can,O
29,vary,O
29,according,O
29,to,O
29,their,O
29,laboratory,O
29,findings,O
29,collected,O
29,from,O
29,55.924,NUMBER
29,confirmed,O
29,cases,O
29,by,O
29,20,NUMBER
29,February,DATE
29,2020,DATE
29,[,O
29,53,NUMBER
29,],O
29,.,O
29,The,O
29,signs,O
29,and,O
29,symptoms,O
29,with,O
29,their,O
29,occurrence,O
29,are,O
29,shown,O
29,in,O
29,Among,O
29,total,O
29,cases,O
29,.,O
29,the,O
29,mortality,O
29,of,O
29,COVID,O
29,‐,O
29,19,NUMBER
29,was,O
29,5.2,PERCENT
29,%,PERCENT
29,(,O
29,total,O
29,death,O
29,/,O
29,total,O
29,confirmed,O
29,cases,O
29,),O
29,quite,O
29,lower,O
29,than,O
29,SARS,O
29,(,O
29,9.6,PERCENT
29,%,PERCENT
29,),O
29,and,O
29,far,O
29,away,O
29,from,O
29,MERS,O
29,(,O
29,34,PERCENT
29,%,PERCENT
29,),O
29,and,O
29,Ebola,MISC
29,(,O
29,65.7,PERCENT
29,%,PERCENT
29,),O
29,[,O
29,30.37.54,NUMBER
29,],O
29,.,O
29,The,O
29,highest,O
29,deaths,O
29,were,O
29,in,O
29,Italy,COUNTRY
29,(,O
29,13.915,NUMBER
29,),O
29,followed,O
29,by,O
29,Spain,COUNTRY
29,(,O
29,10.348,NUMBER
29,),O
29,.,O
29,USA,COUNTRY
29,(,O
29,6.095,NUMBER
29,),O
29,.,O
29,France,COUNTRY
29,(,O
29,5.387,NUMBER
29,),O
29,.,O
29,China,COUNTRY
29,(,O
29,3.322,NUMBER
29,),O
29,.,O
29,Iran,COUNTRY
29,(,O
29,3.160,NUMBER
29,),O
29,and,O
29,UK,COUNTRY
29,(,O
29,2.921,NUMBER
29,),O
29,4,NUMBER
29,),O
29,[,O
29,37.55,NUMBER
29,],O
29,.,O
29,There,O
29,are,O
29,fluctuations,O
29,of,O
29,death,O
29,based,O
29,on,O
29,age,O
29,.,O
29,country,O
29,.,O
29,and,O
29,date,O
29,.,O
29,In,O
29,context,O
29,to,O
29,sex,O
29,.,O
29,male,O
29,death,O
29,(,O
29,2.8,PERCENT
29,%,PERCENT
29,),O
29,was,O
29,higher,O
29,than,O
29,female,O
29,(,O
29,1.7,PERCENT
29,%,PERCENT
29,),O
29,among,O
29,all,O
29,cases,O
29,and,O
29,males,O
29,were,O
29,infected,O
29,more,O
29,than,O
29,female,O
29,[,O
29,56,NUMBER
29,],O
29,.,O
29,The,O
29,SARS,O
29,study,O
29,also,O
29,revealed,O
29,similar,O
29,findings,O
29,in,O
29,relation,O
29,to,O
29,sex,O
29,[,O
29,57,NUMBER
29,],O
29,.,O
29,This,DATE
29,may,DATE
29,be,O
29,due,O
29,to,O
29,the,O
29,presence,O
29,of,O
29,gene,O
29,for,O
29,angiotensin,O
29,I,O
29,converting,O
29,enzyme,O
29,‐,O
29,2,NUMBER
29,(,O
29,ACE,O
29,‐,O
29,2,NUMBER
29,),O
29,receptor,O
29,and,O
29,the,O
29,host,TITLE
29,receptor,O
29,for,O
29,SARS,O
29,found,O
29,on,O
29,the,O
29,X,O
29,chromosome,O
29,and,O
29,more,O
29,tendency,O
29,of,O
29,males,O
29,to,O
29,smoke,O
29,which,O
29,results,O
29,in,O
29,lung,O
29,damage,O
29,[,O
29,5860,NUMBER
29,],O
29,.,O
29,Patients,O
29,suffering,O
29,from,O
29,cardiovascular,O
29,dis,O
29,‐,O
29,ease,O
29,.,O
29,diabetes,CAUSE_OF_DEATH
29,.,O
29,chronic,O
29,respiratory,CAUSE_OF_DEATH
29,disease,CAUSE_OF_DEATH
29,.,O
29,hypertension,CAUSE_OF_DEATH
29,.,O
29,cancer,CAUSE_OF_DEATH
29,and,O
29,elderly,O
29,immunosuppressed,O
29,people,O
29,[,O
29,61,NUMBER
29,],O
29,.,O
29,are,O
29,the,O
29,most,O
29,suscepti,O
29,‐,O
29,ble,O
29,0.9,PERCENT
29,%,PERCENT
29,of,O
29,death,O
29,was,O
29,not,O
29,associated,O
29,with,O
29,any,O
29,pre,O
29,‐,O
29,existing,O
29,medi,O
29,‐,O
29,cal,O
29,conditions,O
29,[,O
29,56,NUMBER
29,],O
29,.,O
29,Is,O
29,there,O
29,any,O
29,effect,O
29,of,O
29,temperature,O
29,and,O
29,hu,O
29,‐,O
29,midity,O
29,on,O
29,COVID,O
29,‐,O
29,19,NUMBER
29,transmission,O
29,?,O
29,There,O
29,is,O
29,speculation,O
29,that,O
29,cli,O
29,‐,O
29,matic,O
29,factors,O
29,.,O
29,such,O
29,as,O
29,temperature,O
29,and,O
29,humidity,O
29,can,O
29,affect,O
29,the,O
29,transmission,O
29,of,O
29,SARS,O
29,‐,O
29,like,O
29,viruses,O
29,.,O
29,Recent,O
29,several,O
29,studies,O
29,indi,O
29,‐,O
29,cated,O
29,the,O
29,effectiveness,O
29,of,O
29,temperature,O
29,and,O
29,humidity,O
29,on,O
29,SARS,O
29,‐,O
29,CoV,O
29,‐,O
29,2,NUMBER
29,though,O
29,the,O
29,data,O
29,were,O
29,collected,O
29,during,O
29,the,O
29,pre,O
29,‐,O
29,stage,O
29,outbreak,O
29,[,O
29,62,NUMBER
29,64,NUMBER
29,],O
29,.,O
29,In,O
29,the,O
29,progression,O
29,of,O
29,pandemic,O
29,.,O
29,the,O
29,outbreak,O
29,is,O
29,occurring,O
29,in,O
29,a,O
29,few,O
29,countries,O
29,having,O
29,high,O
29,temperature,O
29,.,O
29,such,O
29,as,O
29,India,COUNTRY
29,.,O
29,Malaysia,COUNTRY
29,.,O
29,and,O
29,Brazil,COUNTRY
29,.,O
29,etc,O
29,.,O
29,On,O
29,the,O
29,other,O
29,hand,O
29,.,O
29,some,O
29,Islam,RELIGION
29,et,O
29,al.,O
29,/,O
29,J.,O
29,Adv.,O
29,Vet,O
29,.,O
29,Anim,O
29,.,O
29,Res.,O
29,.,O
29,7,NUMBER
29,(,O
29,2,NUMBER
29,),O
29,:,O
29,260280,NUMBER
29,.,O
29,June,DATE
29,2020,DATE
29,WHO,O
29,[,O
29,53,NUMBER
29,],O
29,),O
29,.,O
29,from,O
29,Worldometer,PERSON
29,[,O
29,56,NUMBER
29,],O
29,),O
29,.,O
29,Death,O
29,rate,O
29,(,O
29,confirmed,O
29,cases,O
29,),O
29,Death,O
29,rate,O
29,(,O
29,all,O
29,cases,O
29,),O
29,No,O
29,fatalities,O
29,countries,O
29,.,O
29,such,O
29,as,O
29,Japan,COUNTRY
29,and,O
29,South,COUNTRY
29,Korea,COUNTRY
29,having,O
29,low,O
29,temperatures,O
29,showed,O
29,a,O
29,limited,O
29,outbreak,O
29,[,O
29,37,NUMBER
29,],O
29,.,O
29,These,O
29,exceptions,O
29,interpret,O
29,that,O
29,the,O
29,virus,O
29,transmission,O
29,may,O
29,depend,O
29,on,O
29,the,O
29,taken,O
29,interventions,O
29,by,O
29,governments,O
29,.,O
29,Besides,O
29,.,O
29,the,O
29,transmission,O
29,can,O
29,be,O
29,influenced,O
29,by,O
29,population,O
29,density,O
29,.,O
29,awareness,O
29,of,O
29,people,O
29,.,O
29,economic,O
29,strength,O
29,.,O
29,and,O
29,health,O
29,system,O
29,of,O
29,a,O
29,country,O
29,.,O
29,Therefore,O
29,.,O
29,we,O
29,cant,O
29,directly,O
29,relate,O
29,the,O
29,influence,O
29,of,O
29,temperature,O
29,on,O
29,the,O
29,transmission,O
29,of,O
29,SARSCoV,O
29,‐,O
29,2,NUMBER
29,.,O
29,Robust,O
29,studies,O
29,should,O
29,be,O
29,taken,O
29,to,O
29,clarify,O
29,this,O
29,vague,O
29,Prevention,O
29,and,O
29,control,O
29,To,O
29,limit,O
29,the,O
29,loss,O
29,associated,O
29,with,O
29,COVID,O
29,‐,O
29,19,NUMBER
29,and,O
29,stop,O
29,its,O
29,spread,O
29,.,O
29,immediate,O
29,control,O
29,measures,O
29,are,O
29,crucial,O
29,[,O
29,65,NUMBER
29,],O
29,.,O
29,Travel,O
29,history,O
29,is,O
29,very,O
29,important,O
29,for,O
29,the,O
29,early,O
29,detection,O
29,of,O
29,SARS,O
29,‐,O
29,CoV,O
29,‐,O
29,2,NUMBER
29,to,O
29,prevent,O
29,the,O
29,local,O
29,transmis,O
29,‐,O
29,sion,O
29,[,O
29,66,NUMBER
29,],O
29,.,O
29,In,O
29,the,O
29,present,DATE
29,situation,O
29,.,O
29,travelers,O
29,from,O
29,the,O
29,infected,O
29,areas,O
29,are,O
29,the,O
29,main,O
29,route,O
29,of,O
29,virus,O
29,entry,O
29,to,O
29,a,O
29,new,O
29,country,O
29,.,O
29,WHO,O
29,stated,O
29,several,O
29,recommendations,O
29,for,O
29,travelers,O
29,particularly,O
29,inter,O
29,‐,O
29,national,O
29,passengers,O
29,in,O
29,relation,O
29,to,O
29,the,O
29,current,DATE
29,outbreak,O
29,[,O
29,67,NUMBER
29,],O
29,.,O
29,WHO,O
29,suggests,O
29,only,O
29,temperature,O
29,screening,O
29,at,O
29,entry,O
29,or,O
29,exit,O
29,.,O
29,is,O
29,always,O
29,not,O
29,enough,O
29,to,O
29,prevent,O
29,international,O
29,spread,O
29,.,O
29,since,O
29,infected,O
29,people,O
29,may,O
29,be,O
29,in,O
29,the,O
29,early,O
29,stage,O
29,of,O
29,the,O
29,disease,CAUSE_OF_DEATH
29,(,O
29,incubation,O
29,period,O
29,),O
29,and,O
29,may,O
29,not,O
29,show,O
29,apparent,O
29,symptoms,O
29,.,O
29,or,O
29,may,O
29,use,O
29,antipyretics,O
29,to,O
29,dis,O
29,‐,O
29,simulate,O
29,fever,CAUSE_OF_DEATH
29,.,O
29,In,O
29,the,O
29,current,DATE
29,situation,O
29,.,O
29,it,O
29,is,O
29,better,O
29,to,O
29,collect,O
29,contact,O
29,details,O
29,of,O
29,passengers,O
29,.,O
29,detailed,O
29,information,O
29,where,O
29,to,O
29,move,O
29,for,O
29,contact,O
29,tracing,O
29,and,O
29,provide,O
29,a,O
29,health,O
29,card,O
29,with,O
29,details,O
29,best,O
29,to,O
29,quarantine,O
29,individuals,O
29,who,O
29,came,O
29,from,O
29,the,O
29,affected,O
29,areas,O
29,.,O
29,Indi,O
29,‐,O
29,vidual,O
29,country,O
29,can,O
29,discourage,O
29,their,O
29,people,O
29,to,O
29,travel,O
29,to,O
29,an,O
29,af,O
29,‐,O
29,fected,O
29,area,O
29,if,O
29,not,O
29,emergency,O
29,[,O
29,67,NUMBER
29,],O
29,.,O
29,Many,O
29,of,O
29,the,O
29,countries,O
29,have,O
29,al,O
29,‐,O
29,ready,O
29,restricted,O
29,the,O
29,entry,O
29,of,O
29,flights,O
29,from,O
29,COVID,O
29,‐,O
29,19,NUMBER
29,affected,O
29,countries,O
29,and,O
29,issuing,O
29,an,O
29,on,O
29,‐,O
29,arrival,O
29,visa,O
29,.,O
29,Force,O
29,institutional,O
29,and,O
29,home,O
29,quarantine,O
29,is,O
29,also,O
29,and,O
29,collages,O
29,are,O
29,now,DATE
29,closed,O
29,in,O
29,many,O
29,parts,O
29,of,O
29,the,O
29,world,O
29,to,O
29,combat,O
29,COVID,O
29,‐,O
29,19,NUMBER
29,.,O
29,To,O
29,control,O
29,the,O
29,local,O
29,transmis,O
29,‐,O
29,sion,O
29,.,O
29,reducing,O
29,human,O
29,‐,O
29,to,O
29,‐,O
29,human,O
29,transmission,O
29,through,O
29,droplets,O
29,and,O
29,contact,O
29,is,O
29,crucial,O
29,.,O
29,WHO,O
29,recommendations,O
29,on,O
29,virus,O
29,control,O
29,inter,O
29,‐,O
29,ventions,O
29,to,O
29,lower,O
29,the,O
29,general,TITLE
29,risks,O
29,of,O
29,spread,O
29,includes,O
29,avoiding,O
29,close,O
29,contact,O
29,with,O
29,confirmed,O
29,or,O
29,suspected,O
29,patients,O
29,or,O
29,a,O
29,traveler,O
29,from,O
29,the,O
29,infected,O
29,area,O
29,;,O
29,hand,O
29,hygiene,O
29,through,O
29,the,O
29,frequent,O
29,wash,O
29,with,O
29,sanitizer,O
29,Islam,RELIGION
29,et,O
29,al.,O
29,/,O
29,J.,O
29,Adv.,O
29,Vet,O
29,.,O
29,Anim,O
29,.,O
29,Res.,O
29,.,O
29,7,NUMBER
29,(,O
29,2,NUMBER
29,),O
29,:,O
29,260280,NUMBER
29,.,O
29,June,DATE
29,2020,DATE
29,particularly,O
29,after,O
29,exposure,O
29,with,O
29,affected,O
29,people,O
29,or,O
29,with,O
29,their,O
29,environment,O
29,.,O
29,Besides,O
29,.,O
29,affected,O
29,people,O
29,should,O
29,use,O
29,protective,O
29,de,O
29,‐,O
29,vices,O
29,during,O
29,coughing,O
29,.,O
29,keep,O
29,up,O
29,a,O
29,distance,O
29,.,O
29,and,O
29,follow,O
29,the,O
29,nations,O
29,health,O
29,tips,O
29,.,O
29,Following,O
29,other,O
29,updates,O
29,and,O
29,recommendations,O
29,of,O
29,WHO,O
29,is,O
29,important,O
29,.,O
29,Previous,O
29,knowledge,O
29,of,O
29,MERS,O
29,and,O
29,SARS,O
29,control,O
29,is,O
29,al,O
29,‐,O
29,so,O
29,useful,O
29,[,O
29,67,NUMBER
29,],O
29,.,O
29,since,O
29,COVID,O
29,‐,O
29,19,NUMBER
29,is,O
29,a,O
29,member,O
29,of,O
29,the,O
29,same,O
29,group,O
29,of,O
29,viruses,O
29,.,O
29,Although,O
29,knowledge,O
29,dissemination,O
29,is,O
29,needed,O
29,.,O
29,the,O
29,govern,O
29,‐,O
29,ment,O
29,should,O
29,be,O
29,careful,O
29,about,O
29,the,O
29,misinformation,O
29,and,O
29,clarify,O
29,them,O
29,.,O
29,Finally,O
29,.,O
29,the,O
29,sharing,O
29,of,O
29,authentic,O
29,knowledge,O
29,and,O
29,technologies,O
29,.,O
29,and,O
29,health,O
29,care,O
29,facilities,O
29,among,O
29,the,O
29,countries,O
29,will,O
29,be,O
29,helpful,O
29,.,O
29,Coronavirus,O
29,changes,O
29,its,O
29,immunogenic,O
29,structures,O
29,frequently,O
29,as,O
29,COVID,O
29,‐,O
29,19,NUMBER
29,has,O
29,emerged,O
29,after,O
29,changing,O
29,its,O
29,antigenic,O
29,structures,O
29,sev,O
29,‐,O
29,eral,O
29,times,O
29,.,O
29,Thus,O
29,.,O
29,targeting,O
29,a,O
29,protein,O
29,COVID,O
29,‐,O
29,19,NUMBER
29,.,O
29,Recently,DATE
29,.,O
29,Ahmed,PERSON
29,et,O
29,al.,O
29,[,O
29,68,NUMBER
29,],O
29,identified,O
29,a,O
29,set,O
29,of,O
29,B,O
29,cell,O
29,and,O
29,T,O
29,cell,O
29,epitopes,O
29,in,O
29,the,O
29,spike,O
29,(,O
29,S,O
29,),O
29,and,O
29,nucleocapsid,O
29,(,O
29,N,O
29,),O
29,proteins,O
29,that,O
29,potentially,O
29,offer,O
29,protection,O
29,against,O
29,this,O
29,novel,O
29,virus,O
29,.,O
29,Interestingly,O
29,.,O
29,there,O
29,was,O
29,no,O
29,mutation,O
29,found,O
29,in,O
29,these,O
29,epitopes,O
29,considering,O
29,the,O
29,120,NUMBER
29,available,O
29,SARS,O
29,‐,O
29,CoV,O
29,‐,O
29,2,NUMBER
29,sequences,O
29,[,O
29,68,NUMBER
29,],O
29,.,O
29,China,COUNTRY
29,strategy,O
29,China,COUNTRY
29,aimed,O
29,at,O
29,COVID,O
29,‐,O
29,19,NUMBER
29,control,O
29,as,O
29,the,O
29,priority,O
29,at,O
29,all,O
29,levels,O
29,of,O
29,government,O
29,.,O
29,China,COUNTRY
29,already,O
29,has,O
29,proved,O
29,that,O
29,COVID19,O
29,is,O
29,controllable,O
29,and,O
29,they,O
29,reported,O
29,only,O
29,31,NUMBER
29,cases,O
29,on,O
29,April,DATE
29,3,DATE
29,.,DATE
29,2020,DATE
29,.,O
29,To,O
29,control,O
29,the,O
29,disease,CAUSE_OF_DEATH
29,.,O
29,China,COUNTRY
29,undertook,O
29,three,NUMBER
29,phases,O
29,that,O
29,could,O
29,be,O
29,adopted,O
29,by,O
29,other,O
29,coun,O
29,‐,O
29,tries,O
29,currently,DATE
29,having,O
29,COVID,O
29,‐,O
29,19,NUMBER
29,outbreaks,O
29,(,O
29,Fig.,O
29,2,NUMBER
29,),O
29,[,O
29,53,NUMBER
29,],O
29,.,O
29,Here,O
29,.,O
29,we,O
29,focused,O
29,on,O
29,China,COUNTRY
29,strategy,O
29,because,O
29,it,O
29,was,O
29,the,O
29,country,O
29,where,O
29,the,O
29,first,ORDINAL
29,epidemic,O
29,started,O
29,.,O
29,It,O
29,was,O
29,also,O
29,the,O
29,the,O
29,first,ORDINAL
29,success,O
29,story,O
29,too,O
29,.,O
29,Moreover,O
29,.,O
29,compare,O
29,to,O
29,other,O
29,countries,O
29,.,O
29,much,O
29,more,O
29,people,O
29,were,O
29,affected,O
29,in,O
29,China,COUNTRY
29,.,O
29,Basic,O
29,approaches,O
29,in,O
29,Korea,COUNTRY
29,.,O
29,Japan,COUNTRY
29,.,O
29,and,O
29,Norway,COUNTRY
29,who,O
29,also,O
29,controlled,O
29,COVID,O
29,‐,O
29,19,NUMBER
29,epidemic,O
29,later,O
29,were,O
29,quite,O
29,similar,O
29,to,O
29,China,COUNTRY
29,primarily,O
29,focusing,O
29,on,O
29,test,O
29,.,O
29,isolation,O
29,.,O
29,and,O
29,quarantine,O
29,.,O
29,First,ORDINAL
29,phase,O
29,The,O
29,first,ORDINAL
29,phase,O
29,focused,O
29,on,O
29,the,O
29,prevention,O
29,of,O
29,the,O
29,spread,O
29,of,O
29,the,O
29,virus,O
29,from,O
29,the,O
29,epicenter,O
29,Wuhan,CITY
29,and,O
29,other,O
29,infected,O
29,areas,O
29,of,O
29,Hubei,STATE_OR_PROVINCE
29,to,O
29,other,O
29,provinces,O
29,.,O
29,therefore,O
29,.,O
29,aimed,O
29,to,O
29,control,O
29,the,O
29,infection,CAUSE_OF_DEATH
29,source,O
29,.,O
29,stop,O
29,transmission,O
29,.,O
29,and,O
29,prevent,O
29,further,O
29,spread,O
29,.,O
29,Multi,O
29,‐,O
29,sectoral,O
29,approaches,O
29,were,O
29,taken,O
29,for,O
29,the,O
29,prevention,O
29,and,O
29,control,O
29,of,O
29,the,O
29,disease,CAUSE_OF_DEATH
29,.,O
29,Wet,O
29,markets,O
29,were,O
29,identified,O
29,and,O
29,closed,O
29,and,O
29,necessary,O
29,steps,O
29,were,O
29,taken,O
29,to,O
29,identify,O
29,the,O
29,zoonotic,O
29,connection,O
29,;,O
29,strict,O
29,supervision,O
29,.,O
29,and,O
29,control,O
29,measures,O
29,were,O
29,also,O
29,made,O
29,for,O
29,live,O
29,poultry,O
29,and,O
29,wildlife,O
29,markets,O
29,.,O
29,They,O
29,informed,O
29,WHO,O
29,about,O
29,the,O
29,epidemic,O
29,on,O
29,January,DATE
29,3,DATE
29,.,DATE
29,2020,DATE
29,.,O
29,and,O
29,also,O
29,shared,O
29,the,O
29,whole,O
29,genome,O
29,sequence,O
29,of,O
29,SARS,O
29,‐,O
29,CoV,O
29,‐,O
29,2,NUMBER
29,on,O
29,January,DATE
29,10,DATE
29,.,DATE
29,2020,DATE
29,.,O
29,Besides,O
29,.,O
29,they,O
29,established,O
29,diagnostic,O
29,and,O
29,therapy,O
29,.,O
29,surveillance,O
29,.,O
29,management,O
29,of,O
29,exposure,O
29,and,O
29,laboratory,O
29,detection,O
29,protocols,O
29,for,O
29,COVID,O
29,‐,O
29,19,NUMBER
29,and,O
29,de,O
29,‐,O
29,veloped,O
29,diagnostic,O
29,kits,O
29,for,O
29,the,O
29,test,O
29,.,O
29,Islam,RELIGION
29,et,O
29,al.,O
29,/,O
29,J.,O
29,Adv.,O
29,Vet,O
29,.,O
29,Anim,O
29,.,O
29,Res.,O
29,.,O
29,7,NUMBER
29,(,O
29,2,NUMBER
29,),O
29,:,O
29,260280,NUMBER
29,.,O
29,June,DATE
29,2020,DATE
29,Second,ORDINAL
29,phase,O
29,The,O
29,second,ORDINAL
29,phase,O
29,aimed,O
29,to,O
29,reduce,O
29,the,O
29,number,O
29,of,O
29,new,O
29,cases,O
29,as,O
29,well,O
29,as,O
29,to,O
29,treat,O
29,patients,O
29,.,O
29,reduce,O
29,deaths,O
29,.,O
29,and,O
29,prevent,O
29,explorations,O
29,in,O
29,Wuhan,CITY
29,and,O
29,nearby,O
29,priority,O
29,areas,O
29,in,O
29,Hubei,STATE_OR_PROVINCE
29,prov,O
29,‐,O
29,ince,O
29,.,O
29,The,O
29,main,O
29,focus,O
29,of,O
29,the,O
29,other,O
29,provinces,O
29,was,O
29,to,O
29,prevent,O
29,impor,O
29,‐,O
29,tations,O
29,.,O
29,curb,O
29,the,O
29,spread,O
29,.,O
29,and,O
29,implement,O
29,the,O
29,joint,O
29,control,O
29,mea,O
29,‐,O
29,sures,O
29,.,O
29,The,O
29,Chinese,NATIONALITY
29,government,O
29,categorized,O
29,the,O
29,COVID,O
29,‐,O
29,19,NUMBER
29,as,O
29,two,NUMBER
29,types,O
29,:,O
29,Class,O
29,B,O
29,infectious,CAUSE_OF_DEATH
29,disease,CAUSE_OF_DEATH
29,and,O
29,border,O
29,health,O
29,quarantine,O
29,infectious,CAUSE_OF_DEATH
29,disease,CAUSE_OF_DEATH
29,based,O
29,on,O
29,the,O
29,notifiable,O
29,reporton,O
29,January,DATE
29,20,DATE
29,.,O
29,2020,DATE
29,.,O
29,They,O
29,attributed,O
29,strong,O
29,transportation,O
29,law,O
29,to,O
29,prevent,O
29,the,O
29,transmission,O
29,of,O
29,disease,CAUSE_OF_DEATH
29,by,O
29,checking,O
29,body,O
29,temperature,O
29,.,O
29,declaring,O
29,health,O
29,care,O
29,approbation,O
29,.,O
29,and,O
29,practicing,O
29,quarantine,O
29,at,O
29,the,O
29,trans,O
29,‐,O
29,portation,O
29,depots,O
29,.,O
29,Moreover,O
29,.,O
29,on,O
29,23,DATE
29,January,DATE
29,2020,DATE
29,.,O
29,the,O
29,Wuhan,CITY
29,gov,O
29,‐,O
29,ernment,O
29,implemented,O
29,strict,O
29,traffic,O
29,restrictions,O
29,.,O
29,With,O
29,the,O
29,progress,O
29,of,O
29,the,O
29,disease,CAUSE_OF_DEATH
29,.,O
29,diagnostic,O
29,.,O
29,treatment,O
29,.,O
29,and,O
29,other,O
29,associ,O
29,‐,O
29,ated,O
29,protocols,O
29,were,O
29,improved,O
29,;,O
29,isolation,O
29,of,O
29,case,O
29,and,O
29,treatment,O
29,of,O
29,patients,O
29,were,O
29,strengthened,O
29,.,O
29,The,O
29,public,O
29,movement,O
29,was,O
29,restricted,O
29,.,O
29,Medical,O
29,knowledge,O
29,dissemination,O
29,was,O
29,strengthened,O
29,and,O
29,prevention,O
29,and,O
29,control,O
29,measures,O
29,were,O
29,regularly,O
29,released,O
29,.,O
29,New,O
29,hospitals,O
29,were,O
29,built,O
29,.,O
29,medical,O
29,supplies,O
29,were,O
29,coordinated,O
29,and,O
29,the,O
29,best,O
29,use,O
29,of,O
29,all,O
29,other,O
29,resources,O
29,was,O
29,done,O
29,.,O
29,The,O
29,supply,O
29,of,O
29,daily,SET
29,needs,O
29,and,O
29,their,O
29,prices,O
29,were,O
29,strictly,O
29,monitored,O
29,to,O
29,make,O
29,sure,O
29,smooth,O
29,daily,SET
29,opera,O
29,‐,O
29,tion,O
29,of,O
29,society,O
29,.,O
29,Third,ORDINAL
29,phase,O
29,This,O
29,stage,O
29,focused,O
29,to,O
29,reduce,O
29,the,O
29,clusters,O
29,of,O
29,cases,O
29,.,O
29,introducing,O
29,a,O
29,scientific,O
29,evidence,O
29,‐,O
29,based,O
29,policy,O
29,for,O
29,prevention,O
29,and,O
29,control,O
29,.,O
29,Patients,O
29,in,O
29,Wuhan,CITY
29,and,O
29,other,O
29,poten,O
29,‐,O
29,tially,O
29,risky,O
29,areas,O
29,of,O
29,Hubei,STATE_OR_PROVINCE
29,province,LOCATION
29,.,O
29,patients,O
29,were,O
29,treated,O
29,care,O
29,‐,O
29,fully,O
29,to,O
29,reduce,O
29,virus,O
29,transmission,O
29,.,O
29,A,O
29,differentiated,O
29,prevention,O
29,and,O
29,control,O
29,measures,O
29,were,O
29,adopted,O
29,for,O
29,different,O
29,regions,O
29,of,O
29,the,O
29,country,O
29,and,O
29,provinces,O
29,based,O
29,on,O
29,the,O
29,level,O
29,of,O
29,risk,O
29,they,O
29,were,O
29,ex,O
29,‐,O
29,posed,O
29,.,O
29,Sophisticated,O
29,hitch,O
29,technologies,O
29,.,O
29,such,O
29,as,O
29,Big,O
29,‐,O
29,data,O
29,and,O
29,ar,O
29,‐,O
29,tificial,O
29,intelligence,O
29,were,O
29,used,O
29,for,O
29,strengthening,O
29,contact,O
29,tracing,O
29,along,O
29,with,O
29,the,O
29,management,O
29,of,O
29,priority,O
29,populations,O
29,.,O
29,Health,O
29,insur,O
29,‐,O
29,ance,O
29,payment,O
29,.,O
29,off,O
29,‐,O
29,site,O
29,settlement,O
29,.,O
29,and,O
29,financial,O
29,compensation,O
29,were,O
29,promulgated,O
29,as,O
29,a,O
29,part,O
29,of,O
29,the,O
29,better,O
29,health,O
29,management,O
29,sys,O
29,‐,O
29,tem,O
29,.,O
29,Other,O
29,provinces,O
29,supported,O
29,in,O
29,all,O
29,ways,O
29,to,O
29,curb,O
29,quickly,O
29,the,O
29,spread,O
29,of,O
29,the,O
29,disease,CAUSE_OF_DEATH
29,.,O
29,Steps,O
29,were,O
29,being,O
29,taken,O
29,to,O
29,re,O
29,‐,O
29,establish,O
29,the,O
29,normal,O
29,social,O
29,activities,O
29,in,O
29,a,O
29,stepwise,O
29,fashion,O
29,along,O
29,with,O
29,improv,O
29,‐,O
29,ing,O
29,public,O
29,awareness,O
29,on,O
29,disease,CAUSE_OF_DEATH
29,prevention,O
29,and,O
29,control,O
29,.,O
29,and,O
29,pub,O
29,‐,O
29,lic,O
29,health,O
29,.,O
29,Besides,O
29,.,O
29,research,O
29,and,O
29,development,O
29,activities,O
29,focusing,O
29,on,O
29,development,O
29,of,O
29,diagnostics,O
29,.,O
29,therapeutics,O
29,.,O
29,and,O
29,vaccines,O
29,were,O
29,Why,O
29,European,NATIONALITY
29,countries,O
29,including,O
29,the,O
29,USA,COUNTRY
29,failed,O
29,to,O
29,control,O
29,A,O
29,col,O
29,‐,O
29,lective,O
29,failure,O
29,in,O
29,taking,O
29,swift,O
29,measures,O
29,in,O
29,time,O
29,and,O
29,being,O
29,uncon,O
29,‐,O
29,cerned,O
29,leads,O
29,to,O
29,enormous,O
29,and,O
29,unnecessary,O
29,deaths,O
29,to,O
29,the,O
29,public,O
29,due,O
29,to,O
29,the,O
29,coronavirus,O
29,disease,CAUSE_OF_DEATH
29,.,O
29,Among,O
29,European,NATIONALITY
29,countries,O
29,.,O
29,Italy,COUNTRY
29,first,ORDINAL
29,faced,O
29,the,O
29,serious,O
29,and,O
29,disastrous,O
29,outbreak,O
29,of,O
29,COVID,O
29,‐,O
29,19,NUMBER
29,.,O
29,For,O
29,the,O
29,severity,O
29,of,O
29,the,O
29,disease,CAUSE_OF_DEATH
29,.,O
29,lacking,O
29,concern,O
29,along,O
29,with,O
29,having,O
29,a,O
29,huge,O
29,aged,O
29,population,O
29,are,O
29,considered,O
29,as,O
29,foremost,O
29,causes,O
29,.,O
29,The,O
29,gov,O
29,‐,O
29,ernment,O
29,failed,O
29,to,O
29,enforce,O
29,full,O
29,lockdown,O
29,in,O
29,time,O
29,.,O
29,Furthermore,O
29,.,O
29,the,O
29,decision,O
29,to,O
29,lockdown,O
29,northern,O
29,Italy,COUNTRY
29,was,O
29,leaked,O
29,before,O
29,being,O
29,approved,O
29,and,O
29,the,O
29,people,O
29,started,O
29,to,O
29,escape,O
29,from,O
29,North,LOCATION
29,to,O
29,South,LOCATION
29,.,O
29,This,DATE
29,may,DATE
29,have,O
29,caused,O
29,the,O
29,rapid,O
29,spread,O
29,of,O
29,the,O
29,virus,O
29,.,O
29,Besides,O
29,.,O
29,failure,O
29,to,O
29,rule,O
29,proper,O
29,social,O
29,distance,O
29,also,O
29,made,O
29,a,O
29,big,O
29,role,O
29,in,O
29,the,O
29,spread,O
29,of,O
29,COVID,O
29,‐,O
29,19,NUMBER
29,.,O
29,They,O
29,failed,O
29,to,O
29,track,O
29,contact,O
29,tracing,O
29,.,O
29,comprehensive,O
29,testing,O
29,.,O
29,and,O
29,self,O
29,‐,O
29,isolation,O
29,.,O
29,Like,O
29,Italy,COUNTRY
29,.,O
29,most,O
29,of,O
29,the,O
29,European,NATIONALITY
29,countries,O
29,also,O
29,couldnt,O
29,control,O
29,the,O
29,severity,O
29,of,O
29,COVID,O
29,‐,O
29,19,NUMBER
29,because,O
29,of,O
29,waiting,O
29,for,O
29,long,O
29,to,O
29,enforce,O
29,the,O
29,lockdown,O
29,and,O
29,failure,O
29,to,O
29,maintain,O
29,social,O
29,distance,O
29,.,O
29,Even,O
29,the,O
29,USA,COUNTRY
29,is,O
29,being,O
29,ex,O
29,‐,O
29,ploded,O
29,by,O
29,COVID,O
29,‐,O
29,19,NUMBER
29,due,O
29,to,O
29,the,O
29,failure,O
29,in,O
29,pursuing,O
29,widespread,O
29,testing,O
29,.,O
29,maintaining,O
29,contact,O
29,tracing,O
29,.,O
29,and,O
29,ascribing,O
29,mandatory,O
29,quarantine,O
29,for,O
29,risk,O
29,individuals,O
29,.,O
29,Almost,O
29,all,O
29,countries,O
29,.,O
29,around,O
29,the,O
29,world,O
29,where,O
29,the,O
29,COVID,O
29,‐,O
29,19,NUMBER
29,is,O
29,highly,O
29,prevalent,O
29,.,O
29,faced,O
29,the,O
29,severity,O
29,due,O
29,to,O
29,the,O
29,lack,O
29,of,O
29,concern,O
29,and,O
29,failure,O
29,of,O
29,maintaining,O
29,social,O
29,Knowledge,O
29,gap,O
29,There,O
29,is,O
29,evidence,O
29,of,O
29,SARS,O
29,‐,O
29,CoV,O
29,‐,O
29,2,NUMBER
29,presence,O
29,in,O
29,patient,O
29,stools,O
29,[,O
29,25,NUMBER
29,],O
29,.,O
29,However,O
29,.,O
29,fecal,O
29,‐,O
29,oral,O
29,route,O
29,transmission,O
29,is,O
29,still,O
29,un,O
29,‐,O
29,clear,O
29,.,O
29,Previous,O
29,reports,O
29,revealed,O
29,the,O
29,capability,O
29,of,O
29,SARS,O
29,and,O
29,oth,O
29,‐,O
29,er,O
29,coronaviruses,O
29,of,O
29,surviving,O
29,on,O
29,an,O
29,inanimate,O
29,object,O
29,and,O
29,environ,O
29,‐,O
29,mental,O
29,surfaces,O
29,[,O
29,69.70,NUMBER
29,],O
29,.,O
29,However,O
29,.,O
29,there,O
29,is,O
29,no,O
29,report,O
29,of,O
29,SARS,O
29,‐,O
29,CoV,O
29,‐,O
29,2,NUMBER
29,presence,O
29,in,O
29,the,O
29,environment,O
29,except,O
29,Hunan,STATE_OR_PROVINCE
29,Market,LOCATION
29,.,O
29,The,O
29,effec,O
29,‐,O
29,tiveness,O
29,of,O
29,travel,O
29,restriction,O
29,.,O
29,maintaining,O
29,social,O
29,distance,O
29,.,O
29,wearing,O
29,a,O
29,mask,O
29,in,O
29,the,O
29,general,TITLE
29,public,O
29,.,O
29,home,O
29,.,O
29,or,O
29,self,O
29,‐,O
29,quarantine,O
29,is,O
29,not,O
29,clear,O
29,.,O
29,Although,O
29,there,O
29,are,O
29,some,O
29,studies,O
29,on,O
29,the,O
29,treatment,O
29,of,O
29,COVID,O
29,‐,O
29,19,NUMBER
29,.,O
29,more,O
29,study,O
29,needed,O
29,[,O
29,25.71.72,NUMBER
29,],O
29,.,O
29,Several,O
29,studies,O
29,are,O
29,fo,O
29,‐,O
29,cusing,O
29,on,O
29,the,O
29,influence,O
29,of,O
29,environmental,O
29,parameters,O
29,.,O
29,such,O
29,as,O
29,tem,O
29,‐,O
29,perature,O
29,and,O
29,humidity,O
29,.,O
29,on,O
29,SARS,O
29,‐,O
29,like,O
29,virus,O
29,transmission,O
29,[,O
29,69.73,NUMBER
29,],O
29,.,O
29,The,O
29,seasonality,O
29,of,O
29,the,O
29,outbreak,O
29,is,O
29,also,O
29,required,O
29,to,O
29,study,O
29,.,O
29,More,O
29,studies,O
29,are,O
29,needed,O
29,to,O
29,explore,O
29,the,O
29,role,O
29,of,O
29,environment,O
29,in,O
29,the,O
29,spread,O
29,of,O
29,the,O
29,virus,O
29,and,O
29,its,O
29,viability,O
29,that,O
29,are,O
29,crucial,O
29,for,O
29,adopt,O
29,‐,O
29,ing,O
29,strategies,O
29,to,O
29,control,O
29,COVID,O
29,‐,O
29,19,NUMBER
29,outbreaks,O
29,.,O
29,Besides,O
29,the,O
29,envi,O
29,‐,O
29,ronment,O
29,.,O
29,more,O
29,studies,O
29,are,O
29,required,O
29,to,O
29,identify,O
29,the,O
29,intermediate,O
29,host,TITLE
29,(,O
29,s,O
29,),O
29,of,O
29,COVID,O
29,‐,O
29,19,NUMBER
29,.,O
29,because,O
29,bats,O
29,are,O
29,known,O
29,to,O
29,be,O
29,a,O
29,reservoir,O
29,of,O
29,SARS,O
29,‐,O
29,CoV,O
29,‐,O
29,2,NUMBER
29,[,O
29,38,NUMBER
29,],O
29,.,O
29,Islam,RELIGION
29,et,O
29,al.,O
29,/,O
29,J.,O
29,Adv.,O
29,Vet,O
29,.,O
29,Anim,O
29,.,O
29,Res.,O
29,.,O
29,7,NUMBER
29,(,O
29,2,NUMBER
29,),O
29,:,O
29,260280,NUMBER
29,.,O
29,June,DATE
29,2020,DATE
29,Failed,O
29,to,O
29,Deciding,O
29,in,O
29,time,O
29,;,O
29,Widespread,O
29,testing,O
29,;,O
29,Contact,O
29,tracing,O
29,;,O
29,Attribute,O
29,mandatory,O
29,quarantine,O
29,.,O
29,Failed,O
29,to,O
29,Enforce,O
29,lockdown,O
29,in,O
29,time,O
29,;,O
29,Maintainsocial,O
29,distancing,O
29,.,O
29,Political,O
29,issue,O
29,Fail,O
29,to,O
29,Enforce,O
29,lockdown,O
29,in,O
29,time,O
29,;,O
29,Maintain,O
29,social,O
29,distancing,O
29,.,O
29,Having,O
29,a,O
29,huge,O
29,old,O
29,population,O
29,Lack,O
29,of,O
29,concern,O
29,Playing,O
29,football,O
29,matches,O
29,with,O
29,huge,O
29,supporters,O
29,during,O
29,the,O
29,COVID,O
29,‐,O
29,19,NUMBER
29,outbreak,O
29,.,O
29,Failed,O
29,to,O
29,Maintain,O
29,so,O
29,‐,O
29,cial,O
29,distancing,O
29,;,O
29,Enforce,O
29,lockdown,O
29,in,O
29,time,O
29,;,O
29,Take,O
29,effective,O
29,quaran,O
29,‐,O
29,tine,O
29,measures,O
29,.,O
29,Limitation,O
29,in,O
29,The,O
29,capacity,O
29,of,O
29,test,O
29,centers,O
29,and,O
29,existing,O
29,diagnostic,O
29,laboratories,O
29,interms,O
29,of,O
29,personnel,O
29,and,O
29,reagents,O
29,;,O
29,Maintaining,O
29,social,O
29,distancing,O
29,.,O
29,Failed,O
29,to,O
29,Take,O
29,effec,O
29,‐,O
29,tive,O
29,quarantine,O
29,measures,O
29,;,O
29,Disinfect,O
29,the,O
29,cities,O
29,.,O
29,Political,O
29,issues,O
29,Failed,O
29,to,O
29,Maintain,O
29,social,O
29,distancing,O
29,;,O
29,Track,O
29,contact,O
29,tracing,O
29,.,O
29,Failed,O
29,to,O
29,track,O
29,the,O
29,contact,O
29,tracing,O
29,Lack,O
29,of,O
29,seriousness,O
29,among,O
29,people,O
29,of,O
29,government,O
29,.,O
29,Failed,O
29,to,O
29,implement,O
29,restrictions,O
29,timely,O
29,Tried,O
29,to,O
29,adopt,O
29,an,O
29,intelligent,O
29,lockdown,O
29,but,O
29,failed,O
29,.,O
29,COVID,O
29,‐,O
29,19,NUMBER
29,out,O
29,‐,O
29,break,O
29,in,O
29,China,COUNTRY
29,has,O
29,been,O
29,declared,O
29,as,O
29,pandemic,O
29,due,O
29,to,O
29,its,O
29,rapid,O
29,and,O
29,extensive,O
29,spread,O
29,in,O
29,at,O
29,least,O
29,204,NUMBER
29,countries,O
29,and,O
29,territories,O
29,.,O
29,After,O
29,China,COUNTRY
29,.,O
29,Europe,LOCATION
29,is,O
29,the,O
29,new,O
29,epicenter,O
29,of,O
29,the,O
29,outbreak,O
29,.,O
29,The,O
29,importa,O
29,‐,O
29,tion,O
29,of,O
29,infected,O
29,individuals,O
29,to,O
29,uninfected,O
29,countries,O
29,was,O
29,the,O
29,main,O
29,cause,O
29,of,O
29,the,O
29,current,DATE
29,pandemic,O
29,and,O
29,most,O
29,of,O
29,them,O
29,occurred,O
29,from,O
29,Eu,O
29,‐,O
29,rope,O
29,.,O
29,especially,O
29,Italy,COUNTRY
29,.,O
29,More,O
29,than,O
29,1,NUMBER
29,million,NUMBER
29,people,O
29,have,O
29,been,O
29,af,O
29,‐,O
29,fected,O
29,bythe,O
29,COVID,O
29,‐,O
29,19,NUMBER
29,virus,O
29,with,O
29,more,O
29,than,O
29,50.000,NUMBER
29,mortality,O
29,until,O
29,today,DATE
29,.,O
29,The,O
29,number,O
29,of,O
29,new,O
29,cases,O
29,and,O
29,death,O
29,are,O
29,increasing,O
29,every,SET
29,day,SET
29,sharply,O
29,.,O
29,Earlier,O
29,study,O
29,and,O
29,current,DATE
29,data,O
29,suggest,O
29,that,O
29,the,O
29,trans,O
29,‐,O
29,mission,O
29,of,O
29,SARS,O
29,‐,O
29,CoV,O
29,‐,O
29,2,NUMBER
29,can,O
29,be,O
29,influenced,O
29,by,O
29,some,O
29,metrological,O
29,pa,O
29,‐,O
29,rameters,O
29,.,O
29,population,O
29,density,O
29,.,O
29,droplet,O
29,.,O
29,and,O
29,direct,O
29,‐,O
29,indirect,O
29,con,O
29,‐,O
29,tact,O
29,;,O
29,however,O
29,.,O
29,further,O
29,study,O
29,should,O
29,be,O
29,undertaken,O
29,.,O
29,In,O
29,context,O
29,to,O
29,control,O
29,the,O
29,current,DATE
29,outbreak,O
29,.,O
29,Chinas,O
29,strategy,O
29,is,O
29,a,O
29,role,O
29,model,TITLE
29,for,O
29,the,O
29,world,O
29,.,O
29,Besides,O
29,.,O
29,an,O
29,effective,O
29,vaccine,O
29,will,O
29,be,O
29,a,O
29,permanent,O
29,so,O
29,‐,O
29,lution,O
29,along,O
29,with,O
29,the,O
29,development,O
29,of,O
29,SARS,O
29,‐,O
29,CoV,O
29,‐,O
29,2,NUMBER
29,specific,O
29,antivi,O
29,‐,O
29,ral,O
29,therapy,O
29,.,O
29,Rahman,PERSON
29,.,O
29,Adhunik,PERSON
29,Sadar,PERSON
29,Hospital,PERSON
29,.,O
29,Naogaon,LOCATION
29,.,O
29,Bangladesh,COUNTRY
29,Conflict,O
29,of,O
29,interest,O
29,MTR,O
29,and,O
29,MAS,O
29,designed,O
29,the,O
29,study,O
29,.,O
29,MSI,O
29,and,O
29,MA,STATE_OR_PROVINCE
29,collected,O
29,data,O
29,.,O
29,MSI,ORGANIZATION
29,and,O
29,MAS,O
29,analyzed,O
29,and,O
29,interpreted,O
29,the,O
29,data,O
29,.,O
29,Islam,RELIGION
29,et,O
29,al.,O
29,/,O
29,J.,O
29,Adv.,O
29,Vet,O
29,.,O
29,Anim,O
29,.,O
29,Res.,O
29,.,O
29,7,NUMBER
29,(,O
29,2,NUMBER
29,),O
29,:,O
29,260280,NUMBER
29,.,O
29,June,DATE
29,2020,DATE
29,Su,O
29,S,O
29,.,O
29,Wong,PERSON
29,G,PERSON
29,.,O
29,Shi,PERSON
29,W,PERSON
29,.,O
29,Liu,PERSON
29,J,PERSON
29,.,O
29,Lai,O
29,AC,O
29,.,O
29,Zhou,PERSON
29,J,PERSON
29,.,O
29,et,O
29,al,O
29,.,O
29,Epidemiology,O
29,.,O
29,genetic,O
29,recombination,O
29,.,O
29,and,O
29,pathogenesis,O
29,of,O
29,coronaviruses,O
29,.,O
29,Trends,O
29,Cavanagh,PERSON
29,D.,O
29,Coronavirus,O
29,avian,O
29,infectious,O
29,bronchitis,CAUSE_OF_DEATH
29,virus,O
29,.,O
29,Vet,O
29,Res,O
29,Ismail,O
29,MM,O
29,.,O
29,Tang,O
29,Y,O
29,.,O
29,Saif,O
29,YM,O
29,.,O
29,Pathogenicity,O
29,of,O
29,turkey,COUNTRY
29,coron,O
29,‐,O
29,avirus,O
29,in,O
29,Chen,PERSON
29,L,PERSON
29,.,O
29,Liu,PERSON
29,W,PERSON
29,.,O
29,Zhang,PERSON
29,Q,O
29,.,O
29,Xu,PERSON
29,K,PERSON
29,.,O
29,Ye,PERSON
29,G,PERSON
29,.,O
29,Wu,PERSON
29,W,PERSON
29,.,O
29,et,O
29,al,O
29,.,O
29,RNA,O
29,based,O
29,mNGS,O
29,approach,O
29,identifies,O
29,a,O
29,novel,O
29,human,O
29,coronavirus,O
29,from,O
29,two,NUMBER
29,individual,O
29,pneumonia,CAUSE_OF_DEATH
29,cases,O
29,in,O
29,2019,DATE
29,Wuhan,CITY
29,outbreak,O
29,.,O
29,Emerg,O
29,Microbes,O
29,Peiris,PERSON
29,JS,O
29,.,O
29,Guan,O
29,Y,O
29,.,O
29,Yuen,LOCATION
29,KY,LOCATION
29,.,O
29,Severe,O
29,acute,O
29,respiratory,O
29,syndrome,O
29,.,O
29,Nat,PERSON
29,Lu,PERSON
29,R,PERSON
29,.,O
29,Zhao,PERSON
29,X,PERSON
29,.,O
29,Li,PERSON
29,J,PERSON
29,.,O
29,Niu,PERSON
29,P,O
29,.,O
29,Yang,PERSON
29,B,PERSON
29,.,O
29,Wu,PERSON
29,H,PERSON
29,.,O
29,et,O
29,al,O
29,.,O
29,Genomic,O
29,char,O
29,‐,O
29,acterisation,O
29,and,O
29,epidemiology,O
29,of,O
29,2019,DATE
29,novel,O
29,coronavirus,O
29,:,O
29,implica,O
29,‐,O
29,tions,O
29,for,O
29,virus,O
29,origins,O
29,and,O
29,receptor,O
29,binding,O
29,.,O
29,Lancet,O
29,2020,DATE
29,;,O
29,395,NUMBER
29,(,O
29,10224,NUMBER
29,),O
29,:,O
29,565,NUMBER
29,Zaki,PERSON
29,AM,O
29,.,O
29,Van,PERSON
29,Boheemen,PERSON
29,S,O
29,.,O
29,Bestebroer,O
29,TM,O
29,.,O
29,Osterhaus,PERSON
29,AD,O
29,.,O
29,Fouchier,O
29,RA,O
29,.,O
29,Isolation,O
29,of,O
29,a,O
29,novel,O
29,coronavirus,O
29,from,O
29,a,O
29,man,O
29,with,O
29,pneumonia,CAUSE_OF_DEATH
29,Lee,PERSON
29,J,PERSON
29,.,O
29,Chowell,PERSON
29,G,PERSON
29,.,O
29,Jung,PERSON
29,E,PERSON
29,.,O
29,A,O
29,dynamic,O
29,compartmental,O
29,model,TITLE
29,for,O
29,of,O
29,Korea,COUNTRY
29,:,O
29,a,O
29,retrospective,O
29,analysis,O
29,on,O
29,control,O
29,interventions,O
29,and,O
29,Lee,PERSON
29,JY,PERSON
29,.,O
29,Kim,PERSON
29,YJ,PERSON
29,.,O
29,Chung,PERSON
29,EH,O
29,.,O
29,Kim,PERSON
29,DW,PERSON
29,.,O
29,Jeong,PERSON
29,I,O
29,.,O
29,Kim,PERSON
29,Y,PERSON
29,.,O
29,et,O
29,al,O
29,.,O
29,The,O
29,clinical,O
29,and,O
29,virological,O
29,features,O
29,of,O
29,the,O
29,first,ORDINAL
29,imported,O
29,case,O
29,causing,O
29,MERS,O
29,‐,O
29,CoV,O
29,outbreak,O
29,in,O
29,South,COUNTRY
29,Korea,COUNTRY
29,.,O
29,2015,DATE
29,.,O
29,BMC,O
29,Infect,O
29,Dis,PERSON
29,2017,DATE
29,;,O
29,Zhu,PERSON
29,N,PERSON
29,.,O
29,Zhang,PERSON
29,D,PERSON
29,.,O
29,Wang,PERSON
29,W,PERSON
29,.,O
29,Li,PERSON
29,X,PERSON
29,.,O
29,Yang,PERSON
29,B,O
29,.,O
29,Song,O
29,J,O
29,.,O
29,et,O
29,al,O
29,.,O
29,A,O
29,nov,DATE
29,‐,O
29,el,O
29,coronavirus,O
29,from,O
29,patients,O
29,with,O
29,pneumonia,CAUSE_OF_DEATH
29,in,O
29,China,COUNTRY
29,.,O
29,2019,DATE
29,.,O
29,New,O
29,Engl,O
29,J,O
29,Med,O
29,Zhou,O
29,P,O
29,.,O
29,Yang,LOCATION
29,XL,LOCATION
29,.,O
29,Wang,O
29,XG,O
29,.,O
29,Hu,O
29,B,O
29,.,O
29,Zhang,PERSON
29,L,PERSON
29,.,O
29,Zhang,PERSON
29,W,PERSON
29,.,O
29,et,O
29,al,O
29,.,O
29,A,O
29,pneumonia,CAUSE_OF_DEATH
29,outbreak,O
29,associated,O
29,with,O
29,a,O
29,new,O
29,coronavirus,O
29,of,O
29,probable,O
29,Wu,PERSON
29,F,PERSON
29,.,O
29,Zhao,PERSON
29,S,O
29,.,O
29,Yu,O
29,B,O
29,.,O
29,Chen,PERSON
29,YM,PERSON
29,.,O
29,Wang,PERSON
29,W,PERSON
29,.,O
29,Song,O
29,ZG,O
29,.,O
29,et,O
29,al,O
29,.,O
29,A,O
29,new,O
29,coronavirus,O
29,associated,O
29,with,O
29,human,O
29,respiratory,CAUSE_OF_DEATH
29,disease,CAUSE_OF_DEATH
29,in,O
29,Chi,O
29,‐,O
29,na,O
29,.,O
29,Nature,ORGANIZATION
29,Ren,ORGANIZATION
29,LL,ORGANIZATION
29,.,O
29,Wang,PERSON
29,YM,PERSON
29,.,O
29,Wu,PERSON
29,ZQ,PERSON
29,.,O
29,Xiang,PERSON
29,ZC,PERSON
29,.,O
29,Guo,PERSON
29,L,PERSON
29,.,O
29,Xu,PERSON
29,T,PERSON
29,.,O
29,et,O
29,al,O
29,.,O
29,Identification,O
29,of,O
29,a,O
29,novel,O
29,coronavirus,O
29,causing,O
29,severe,O
29,pneumonia,CAUSE_OF_DEATH
29,in,O
29,human,O
29,:,O
29,a,O
29,Chan,RELIGION
29,JF,O
29,.,O
29,Yuan,O
29,S,O
29,.,O
29,Kok,PERSON
29,KH,O
29,.,O
29,To,ORGANIZATION
29,KK,ORGANIZATION
29,.,O
29,Chu,PERSON
29,H,PERSON
29,.,O
29,Yang,PERSON
29,J,PERSON
29,.,O
29,et,O
29,al,O
29,.,O
29,A,O
29,familial,O
29,Tan,O
29,W,O
29,.,O
29,Zhao,PERSON
29,X,PERSON
29,.,O
29,Ma,O
29,X,O
29,.,O
29,Wang,PERSON
29,W,PERSON
29,.,O
29,Niu,PERSON
29,P,O
29,.,O
29,Xu,PERSON
29,W,PERSON
29,.,O
29,et,O
29,al,O
29,.,O
29,A,O
29,novel,O
29,coronavirus,O
29,genome,O
29,identified,O
29,in,O
29,a,O
29,cluster,O
29,of,O
29,pneumonia,CAUSE_OF_DEATH
29,cas,O
29,‐,O
29,esWuhan,O
29,.,O
29,China,COUNTRY
29,20192020,NUMBER
29,.,O
29,China,COUNTRY
29,CDC,O
29,Weekly,SET
29,.,O
29,N,O
29,Engl,O
29,J,O
29,Med,O
29,2020,DATE
29,;,O
29,2,NUMBER
29,(,O
29,4,NUMBER
29,),O
29,:,O
29,612,NUMBER
29,.,O
29,Wu,O
29,A,O
29,.,O
29,Peng,O
29,Y,O
29,.,O
29,Huang,PERSON
29,B,PERSON
29,.,O
29,Ding,PERSON
29,X,PERSON
29,.,O
29,Wang,PERSON
29,X,PERSON
29,.,O
29,Niu,PERSON
29,P,O
29,.,O
29,et,O
29,al,O
29,.,O
29,Genome,O
29,composition,O
29,and,O
29,divergence,O
29,of,O
29,the,O
29,novel,O
29,coronavirus,O
29,(,O
29,2019,DATE
29,‐,O
29,nCoV,O
29,),O
29,WHO,O
29,.,O
29,Naming,O
29,the,O
29,coronavirus,O
29,disease,CAUSE_OF_DEATH
29,(,O
29,COVID,O
29,‐,O
29,19,NUMBER
29,),O
29,and,O
29,the,O
29,virus,O
29,diseases,CAUSE_OF_DEATH
29,/,O
29,novel,O
29,‐,O
29,coronavirus,O
29,‐,O
29,2019,DATE
29,/,O
29,technical,O
29,‐,O
29,guidance,O
29,/,O
29,nam,O
29,‐,O
29,ingthe,O
29,‐,O
29,coronavirus,O
29,‐,O
29,disease,CAUSE_OF_DEATH
29,‐,O
29,(,O
29,covid,O
29,‐,O
29,2019,DATE
29,),O
29,‐,O
29,and,O
29,‐,O
29,the,O
29,‐,O
29,virus,O
29,‐,O
29,that,O
29,‐,O
29,caus,O
29,‐,O
29,es,O
29,‐,O
29,it,O
29,(,O
29,Accessed,O
29,3,DATE
29,April,DATE
29,2020,DATE
29,),O
29,.,O
29,Gorbalenya,ORGANIZATION
29,AE,ORGANIZATION
29,.,O
29,Baker,PERSON
29,SC,STATE_OR_PROVINCE
29,.,O
29,Baric,PERSON
29,RS,O
29,.,O
29,de,O
29,Groot,O
29,RJ,O
29,.,O
29,Drosten,PERSON
29,C,O
29,.,O
29,Gulyaev,PERSON
29,Lu,PERSON
29,H,PERSON
29,.,O
29,Stratton,ORGANIZATION
29,CW,ORGANIZATION
29,.,O
29,Tang,PERSON
29,YW,O
29,.,O
29,Outbreak,O
29,of,O
29,pneumonia,CAUSE_OF_DEATH
29,of,O
29,unknown,O
29,etiology,O
29,in,O
29,Wuhan,CITY
29,China,COUNTRY
29,:,O
29,themys,O
29,‐,O
29,tery,O
29,and,O
29,the,O
29,miracle,O
29,.,O
29,J,O
29,Med,MISC
29,Virol,MISC
29,Arab,MISC
29,‐,O
29,Mazar,O
29,Z,O
29,.,O
29,Sah,PERSON
29,R,PERSON
29,.,O
29,Rabaan,O
29,AA,O
29,.,O
29,Dhama,PERSON
29,K,PERSON
29,.,O
29,Rodriguez,PERSON
29,‐,O
29,Morales,O
29,AJ,O
29,.,O
29,Mapping,O
29,the,O
29,incidence,O
29,of,O
29,the,O
29,COVID,O
29,‐,O
29,19,NUMBER
29,hotspot,O
29,in,O
29,Iran,COUNTRY
29,Implications,O
29,for,O
29,Travellers,O
29,.,O
29,Travel,O
29,Med,O
29,Infect,O
29,Di,O
29,2020,DATE
29,;,O
29,101630,NUMBER
29,.,O
29,Chen,O
29,N,O
29,.,O
29,Zhou,PERSON
29,M,O
29,.,O
29,Dong,PERSON
29,X,PERSON
29,.,O
29,Qu,O
29,J,O
29,.,O
29,Gong,O
29,F,O
29,.,O
29,Han,MISC
29,Y,MISC
29,.,O
29,et,O
29,al,O
29,.,O
29,Epidemiological,O
29,and,O
29,clinical,O
29,characteristics,O
29,of,O
29,99,NUMBER
29,cases,O
29,of,O
29,2019,DATE
29,novel,O
29,coronavirus,O
29,pneumonia,CAUSE_OF_DEATH
29,in,O
29,Wuhan,CITY
29,.,O
29,China,COUNTRY
29,:,O
29,a,O
29,de,O
29,‐,O
29,scriptive,O
29,study,O
29,.,O
29,Lancet,O
29,2020,DATE
29,;,O
29,Huang,PERSON
29,C,PERSON
29,.,O
29,Wang,O
29,Y,O
29,.,O
29,Li,PERSON
29,X,PERSON
29,.,O
29,Ren,PERSON
29,L,PERSON
29,.,O
29,Zhao,PERSON
29,J,O
29,.,O
29,Hu,O
29,Y,O
29,.,O
29,et,O
29,al,O
29,.,O
29,Clinical,O
29,features,O
29,of,O
29,patients,O
29,infected,O
29,with,O
29,2019,DATE
29,novel,O
29,coronavirus,O
29,in,O
29,Wuhan,CITY
29,.,O
29,Holshue,ORGANIZATION
29,ML,ORGANIZATION
29,.,O
29,DeBolt,PERSON
29,C,O
29,.,O
29,Lindquist,PERSON
29,S,O
29,.,O
29,Lofy,O
29,KH,O
29,.,O
29,Wiesman,PERSON
29,J,PERSON
29,.,O
29,Bruce,PERSON
29,H,PERSON
29,.,O
29,et,O
29,al,O
29,.,O
29,First,ORDINAL
29,case,O
29,of,O
29,2019,DATE
29,novel,O
29,coronavirus,O
29,in,O
29,the,O
29,United,COUNTRY
29,States,COUNTRY
29,.,O
29,Wang,PERSON
29,D,PERSON
29,.,O
29,Hu,O
29,B,O
29,.,O
29,Hu,O
29,C,O
29,.,O
29,Zhu,PERSON
29,F,O
29,.,O
29,Liu,PERSON
29,X,O
29,.,O
29,Zhang,PERSON
29,J,PERSON
29,.,O
29,et,O
29,al,O
29,.,O
29,Clinical,O
29,characteristics,O
29,of,O
29,138,NUMBER
29,hospitalized,O
29,patients,O
29,with,O
29,2019,DATE
29,novel,O
29,coronavirusinfected,O
29,pneumonia,CAUSE_OF_DEATH
29,in,O
29,Wuhan,CITY
29,.,O
29,China,COUNTRY
29,.,O
29,JAMA,O
29,2020,DATE
29,;,O
29,WHO,O
29,.,O
29,Coronavirus,O
29,disease,CAUSE_OF_DEATH
29,(,O
29,COVID,O
29,‐,O
29,2019,DATE
29,),O
29,situation,O
29,reports,O
29,:,O
29,default,O
29,‐,O
29,source,O
29,/,O
29,coronaviruse,O
29,/,O
29,situation,O
29,‐,O
29,re,O
29,‐,O
29,ports,O
29,/,O
29,20200402,NUMBER
29,‐,O
29,sitrep,O
29,‐,O
29,73,NUMBER
29,‐,O
29,covid,O
29,‐,O
29,19.pdf,O
29,?,O
29,sfvrsn,O
29,=,O
29,5ae25bc7_4,NUMBER
29,(,O
29,Accessed,O
29,3,DATE
29,April,DATE
29,.,O
29,WHO,O
29,.,O
29,Coronavirus,O
29,disease,CAUSE_OF_DEATH
29,(,O
29,COVID,O
29,‐,O
29,2019,DATE
29,),O
29,press,O
29,briefings,O
29,:,O
29,WHO,O
29,Emergencies,O
29,Press,O
29,Conference,O
29,on,O
29,coronavirus,O
29,disease,CAUSE_OF_DEATH
29,outbreak,O
29,diseases,CAUSE_OF_DEATH
29,/,O
29,novel,O
29,‐,O
29,coronavirus,O
29,‐,O
29,2019,DATE
29,/,O
29,media,O
29,‐,O
29,resources,O
29,/,O
29,press,O
29,‐,O
29,briefings,O
29,(,O
29,Accessed,O
29,3,DATE
29,April,DATE
29,2020,DATE
29,),O
29,.,O
29,WHO,O
29,.,O
29,WHO,O
29,Director,TITLE
29,‐,O
29,Generals,O
29,opening,O
29,re,O
29,‐,O
29,marks,O
29,at,O
29,the,O
29,media,O
29,Wang,O
29,Y,O
29,.,O
29,Wang,O
29,Y,O
29,.,O
29,Chen,O
29,Y,O
29,.,O
29,Qin,PERSON
29,Q.,O
29,Unique,O
29,epidemi,O
29,‐,O
29,ological,O
29,and,O
29,clinical,O
29,features,O
29,of,O
29,the,O
29,emerging,O
29,2019,DATE
29,novel,O
29,coron,O
29,‐,O
29,avirus,O
29,pneumonia,CAUSE_OF_DEATH
29,(,O
29,COVID19,O
29,),O
29,implicate,O
29,special,O
29,control,O
29,measures,O
29,.,O
29,J,O
29,Med,O
29,Virol,O
29,2020,DATE
29,;,O
29,Peng,PERSON
29,X,PERSON
29,.,O
29,Xu,PERSON
29,X,PERSON
29,.,O
29,Li,O
29,Y,O
29,.,O
29,Cheng,PERSON
29,L,PERSON
29,.,O
29,Zhou,PERSON
29,X,PERSON
29,.,O
29,Ren,PERSON
29,B.,PERSON
29,Transmission,O
29,routes,O
29,of,O
29,2019,DATE
29,‐,O
29,nCoV,O
29,and,O
29,controls,O
29,in,O
29,dental,O
29,practice,O
29,.,O
29,Int,O
29,J,O
29,Oral,O
29,Sci,O
29,2020,DATE
29,;,O
29,Rodrguez,PERSON
29,‐,O
29,Morales,O
29,AJ,O
29,.,O
29,MacGregor,PERSON
29,K,PERSON
29,.,O
29,Kanagara,O
29,‐,O
29,jah,O
29,S,O
29,.,O
29,Patel,PERSON
29,D,O
29,.,O
29,To,ORGANIZATION
29,KK,ORGANIZATION
29,.,O
29,Tsang,PERSON
29,OT,O
29,.,O
29,Chik,PERSON
29,‐,PERSON
29,Yan,PERSON
29,Yip,PERSON
29,C,O
29,.,O
29,Chan,ORGANIZATION
29,KH,ORGANIZATION
29,.,O
29,Wu,PERSON
29,TC,PERSON
29,.,O
29,Chan,RELIGION
29,JMC,O
29,.,O
29,et,O
29,al,O
29,.,O
29,Consistent,O
29,detection,O
29,of,O
29,2019,DATE
29,novel,O
29,coronavirus,O
29,in,O
29,saliva,O
29,.,O
29,Clin,PERSON
29,Islam,RELIGION
29,et,O
29,al.,O
29,/,O
29,J.,O
29,Adv.,O
29,Vet,O
29,.,O
29,Anim,O
29,.,O
29,Res.,O
29,.,O
29,7,NUMBER
29,(,O
29,2,NUMBER
29,),O
29,:,O
29,260280,NUMBER
29,.,O
29,June,DATE
29,2020,DATE
29,Cyranoski,PERSON
29,D,PERSON
29,.,O
29,What,O
29,Chinas,O
29,coronavirus,O
29,response,O
29,can,O
29,teach,O
29,the,O
29,Shen,O
29,K,O
29,.,O
29,Yang,PERSON
29,Y,PERSON
29,.,O
29,Wang,PERSON
29,T,PERSON
29,.,O
29,Zhao,PERSON
29,D,O
29,.,O
29,Jiang,PERSON
29,Y,O
29,.,O
29,Jin,PERSON
29,R,PERSON
29,.,O
29,et,O
29,al,O
29,.,O
29,Diagnosis,O
29,.,O
29,treatment,O
29,.,O
29,and,O
29,prevention,O
29,of,O
29,2019,DATE
29,novel,O
29,coronavirus,O
29,infection,CAUSE_OF_DEATH
29,in,O
29,children,O
29,:,O
29,experts,O
29,consensus,O
29,statement,O
29,.,O
29,World,O
29,J,O
29,Pediatr,O
29,2020,DATE
29,;,O
29,19,NUMBER
29,;,O
29,Worldometer,O
29,.,O
29,COVID,O
29,‐,O
29,19,NUMBER
29,coronavirus,O
29,outbreak,O
29,.,O
29,Available,O
29,via,O
29,Fan,O
29,Y,O
29,.,O
29,Zhao,PERSON
29,K,PERSON
29,.,O
29,Shi,O
29,ZL,O
29,.,O
29,Zhou,O
29,P.,O
29,Bat,O
29,coronaviruses,O
29,in,O
29,China,COUNTRY
29,.,O
29,Viruses,O
29,Gralinski,PERSON
29,LE,PERSON
29,.,O
29,Menachery,O
29,VD,O
29,.,O
29,Return,O
29,of,O
29,the,O
29,coronavirus,O
29,:,O
29,2019,DATE
29,‐,O
29,nCoV,O
29,.,O
29,Ji,PERSON
29,W,PERSON
29,.,O
29,Wang,PERSON
29,W,PERSON
29,.,O
29,Zhao,PERSON
29,X,PERSON
29,.,O
29,Zai,PERSON
29,J,PERSON
29,.,O
29,Li,PERSON
29,X.,PERSON
29,Homologous,PERSON
29,recombination,O
29,with,O
29,‐,O
29,in,O
29,the,O
29,spike,O
29,glycoprotein,O
29,of,O
29,the,O
29,newly,O
29,identified,O
29,coronavirus,O
29,may,O
29,boost,O
29,cross,O
29,‐,O
29,species,O
29,transmission,O
29,from,O
29,snake,O
29,to,O
29,human,O
29,.,O
29,J,PERSON
29,Med,PERSON
29,Virol,PERSON
29,Paraskevis,O
29,D,O
29,.,O
29,Kostaki,PERSON
29,EG,PERSON
29,.,O
29,Magiorkinis,O
29,G,O
29,.,O
29,Panayiotakopoulos,O
29,G,O
29,.,O
29,Sourvinos,O
29,G,O
29,.,O
29,Tsiodras,PERSON
29,S.,PERSON
29,Full,PERSON
29,‐,O
29,genome,O
29,evolutionary,O
29,analysis,O
29,of,O
29,the,O
29,novel,O
29,coronavirus,O
29,(,O
29,2019,DATE
29,‐,O
29,nCoV,O
29,),O
29,rejects,O
29,the,O
29,hypothesis,O
29,of,O
29,emergence,O
29,as,O
29,a,O
29,result,O
29,of,O
29,a,O
29,recent,O
29,recombination,O
29,event,O
29,.,O
29,Zhang,PERSON
29,T,PERSON
29,.,O
29,Wu,PERSON
29,Q,O
29,.,O
29,Zhang,O
29,Z.,O
29,Probable,O
29,pangolin,O
29,origin,O
29,of,O
29,SARSCoV,O
29,‐,O
29,2,NUMBER
29,associated,O
29,with,O
29,the,O
29,COVID,O
29,‐,O
29,19,NUMBER
29,outbreak,O
29,.,O
29,Curr,O
29,Biol,O
29,2020,DATE
29,;,O
29,Zheng,PERSON
29,J.,O
29,SARS,O
29,‐,O
29,CoV,O
29,‐,O
29,2,NUMBER
29,:,O
29,ane,O
29,‐,O
29,merging,O
29,coronavirus,O
29,that,O
29,causes,O
29,a,O
29,Ye,O
29,ZW,O
29,.,O
29,Yuan,O
29,S,O
29,.,O
29,Yuen,PERSON
29,KS,PERSON
29,.,O
29,Fung,PERSON
29,SY,O
29,.,O
29,Chan,RELIGION
29,CP,O
29,.,O
29,Jin,PERSON
29,DY,PERSON
29,.,O
29,Zoonotic,MISC
29,origins,O
29,of,O
29,human,O
29,coronaviruses,O
29,.,O
29,Int,O
29,J,O
29,BiolSci,O
29,2020,DATE
29,;,O
29,16,NUMBER
29,(,O
29,10,NUMBER
29,),O
29,:,O
29,168697,NUMBER
29,;,O
29,Lu,PERSON
29,R,PERSON
29,.,O
29,Zhao,PERSON
29,X,PERSON
29,.,O
29,Li,PERSON
29,J,PERSON
29,.,O
29,Niu,PERSON
29,P,O
29,.,O
29,Yang,PERSON
29,B,PERSON
29,.,O
29,Wu,PERSON
29,H,PERSON
29,.,O
29,et,O
29,al,O
29,.,O
29,Genomic,O
29,characterisation,O
29,and,O
29,epidemiology,O
29,of,O
29,2019,DATE
29,novel,O
29,coronavirus,O
29,:,O
29,implications,O
29,for,O
29,virus,O
29,origins,O
29,and,O
29,receptor,O
29,binding,O
29,.,O
29,Lancet,O
29,2020,DATE
29,;,O
29,395,NUMBER
29,(,O
29,10224,NUMBER
29,),O
29,:,O
29,565,NUMBER
29,Riou,PERSON
29,J,PERSON
29,.,O
29,Althaus,PERSON
29,CL,O
29,.,O
29,Pattern,O
29,of,O
29,early,O
29,human,O
29,‐,O
29,to,O
29,‐,O
29,human,O
29,transmission,O
29,of,O
29,Wuhan,CITY
29,2019,DATE
29,novel,O
29,coron,O
29,‐,O
29,avirus,O
29,(,O
29,2019,DATE
29,‐,O
29,nCoV,O
29,),O
29,.,O
29,December,DATE
29,2019,DATE
29,Chen,PERSON
29,T,PERSON
29,.,O
29,Rui,PERSON
29,J,PERSON
29,.,O
29,Wang,O
29,Q,O
29,.,O
29,Zhao,PERSON
29,Z,PERSON
29,.,O
29,Cui,PERSON
29,JA,PERSON
29,.,O
29,Yin,PERSON
29,L,PERSON
29,.,O
29,A,O
29,mathematical,O
29,model,TITLE
29,for,O
29,simulating,O
29,the,O
29,transmis,O
29,‐,O
29,sion,O
29,of,O
29,Wuhan,CITY
29,novel,O
29,Coronavirus,O
29,.,O
29,Huang,PERSON
29,Y,PERSON
29,.,O
29,Tu,PERSON
29,M,PERSON
29,.,O
29,Wang,PERSON
29,S,PERSON
29,.,O
29,Chen,PERSON
29,S,PERSON
29,.,O
29,Zhou,PERSON
29,W,PERSON
29,.,O
29,Chen,PERSON
29,D,PERSON
29,.,O
29,et,O
29,al,O
29,.,O
29,Clinical,O
29,characteristics,O
29,of,O
29,laboratory,O
29,confirmed,O
29,positive,O
29,cases,O
29,of,O
29,SARS,O
29,‐,O
29,CoV,O
29,‐,O
29,2,NUMBER
29,infection,CAUSE_OF_DEATH
29,in,O
29,Wuhan,CITY
29,.,O
29,China,COUNTRY
29,:,O
29,a,O
29,retrospective,O
29,single,O
29,center,O
29,analysis,O
29,.,O
29,European,NATIONALITY
29,Centre,O
29,for,O
29,Dis,O
29,‐,O
29,ease,O
29,Prevention,O
29,and,O
29,Control,O
29,.,O
29,Situation,O
29,geographical,O
29,‐,O
29,distribu,O
29,‐,O
29,tion,O
29,‐,O
29,2019,DATE
29,‐,O
29,ncov,O
29,‐,O
29,cases,O
29,(,O
29,Accessed,O
29,14,DATE
29,March,DATE
29,Van,PERSON
29,Doremalen,PERSON
29,N,O
29,.,O
29,Bushmak,O
29,‐,O
29,er,O
29,T,O
29,.,O
29,Morris,ORGANIZATION
29,DH,ORGANIZATION
29,.,O
29,Holbrook,ORGANIZATION
29,MG,ORGANIZATION
29,.,O
29,Gamble,MISC
29,A,MISC
29,.,O
29,Williamson,ORGANIZATION
29,BN,ORGANIZATION
29,.,O
29,et,O
29,al,O
29,.,O
29,Aerosol,O
29,and,O
29,surface,O
29,stability,O
29,of,O
29,SARS,O
29,‐,O
29,CoV,O
29,‐,O
29,2,NUMBER
29,news,O
29,/,O
29,2020/03/13,DATE
29,/,O
29,what,O
29,‐,O
29,coronavirus,O
29,‐,O
29,does,O
29,‐,O
29,body,O
29,‐,O
29,covid,O
29,‐,O
29,19,NUMBER
29,‐,O
29,infection,CAUSE_OF_DEATH
29,‐,O
29,process,O
29,‐,O
29,symp,O
29,‐,O
29,toms,O
29,/,O
29,5009057002,NUMBER
29,/,O
29,(,O
29,Accessed,O
29,3,DATE
29,April,DATE
29,2020,DATE
29,),O
29,.,O
29,default,O
29,‐,O
29,source,O
29,/,O
29,coron,O
29,‐,O
29,aviruse,O
29,/,O
29,who,O
29,‐,O
29,china,COUNTRY
29,‐,O
29,joint,O
29,‐,O
29,mission,O
29,‐,O
29,on,O
29,‐,O
29,covid19,O
29,‐,O
29,final,O
29,‐,O
29,report.pdf,O
29,(,O
29,Ac,O
29,‐,O
29,cessed,O
29,3,DATE
29,April,DATE
29,2020,DATE
29,),O
29,.,O
29,who.int,O
29,/,O
29,health,O
29,‐,O
29,topics,O
29,/,O
29,ebola,O
29,‐,O
29,virus,O
29,‐,O
29,disease,CAUSE_OF_DEATH
29,(,O
29,Accessed,O
29,3,DATE
29,April,DATE
29,KFF,O
29,‐,O
29,Global,O
29,Health,O
29,Policy,O
29,.,O
29,COVID,O
29,‐,O
29,19,NUMBER
29,coronavirus,O
29,tracker,O
29,.,O
29,Available,O
29,Worldometer,O
29,.,O
29,Age,O
29,.,O
29,sex,O
29,.,O
29,existing,O
29,conditions,O
29,of,O
29,COVID,O
29,‐,O
29,19,NUMBER
29,cases,O
29,and,O
29,Karlberg,PERSON
29,J,PERSON
29,.,O
29,Chong,PERSON
29,DS,PERSON
29,.,O
29,Lai,O
29,WY,STATE_OR_PROVINCE
29,.,O
29,Do,O
29,men,O
29,have,O
29,a,O
29,higher,O
29,case,O
29,fatality,O
29,rate,O
29,of,O
29,severe,O
29,acute,O
29,respiratory,O
29,syndrome,O
29,than,O
29,women,O
29,do,O
29,?,O
29,Am,O
29,J,PERSON
29,Chan,PERSON
29,JF,PERSON
29,.,O
29,Kok,PERSON
29,KH,PERSON
29,.,O
29,Zhu,PERSON
29,Z,PERSON
29,.,O
29,Chu,PERSON
29,H,PERSON
29,.,O
29,To,ORGANIZATION
29,KK,ORGANIZATION
29,.,O
29,Yuan,O
29,S,O
29,.,O
29,et,O
29,al,O
29,.,O
29,Genomic,O
29,characterization,O
29,of,O
29,the,O
29,2019,DATE
29,novel,O
29,human,O
29,‐,O
29,pathogen,O
29,‐,O
29,ic,O
29,coronavirus,O
29,isolated,O
29,from,O
29,a,O
29,patient,O
29,with,O
29,atypical,O
29,pneumonia,CAUSE_OF_DEATH
29,after,O
29,visiting,O
29,Wuhan,CITY
29,.,O
29,Zhao,PERSON
29,Y,PERSON
29,.,O
29,Zhao,PERSON
29,Z,PERSON
29,.,O
29,Wang,O
29,Y,O
29,.,O
29,Zhou,O
29,Y,O
29,.,O
29,Ma,O
29,Y,O
29,.,O
29,Zuo,PERSON
29,W.,O
29,Single,O
29,‐,O
29,cell,O
29,RNA,O
29,expression,O
29,profiling,O
29,of,O
29,ACE2,O
29,.,O
29,the,O
29,putative,O
29,re,O
29,‐,O
29,ceptor,O
29,of,O
29,Wuhan,CITY
29,2019,DATE
29,‐,O
29,nCov,O
29,.,O
29,Cao,O
29,Y,O
29,.,O
29,Li,PERSON
29,L,PERSON
29,.,O
29,Feng,O
29,Z,O
29,.,O
29,Wan,O
29,S,O
29,.,O
29,Huang,PERSON
29,P,PERSON
29,.,O
29,Sun,O
29,X,O
29,.,O
29,et,O
29,al,O
29,.,O
29,Comparative,O
29,genetic,O
29,analysis,O
29,of,O
29,the,O
29,novel,O
29,coron,O
29,‐,O
29,avirus,O
29,(,O
29,2019,DATE
29,‐,O
29,nCoV,O
29,/,O
29,SARS,O
29,‐,O
29,CoV,O
29,‐,O
29,2,NUMBER
29,),O
29,receptor,O
29,ACE2,O
29,in,O
29,different,O
29,popula,O
29,‐,O
29,tions,O
29,.,O
29,Cell,O
29,Discov,O
29,2020,DATE
29,;,O
29,6,NUMBER
29,(,O
29,1,NUMBER
29,),O
29,:,O
29,14,NUMBER
29,;,O
29,WHO,O
29,.,O
29,Coronavirus,O
29,disease,CAUSE_OF_DEATH
29,(,O
29,COVID,O
29,‐,O
29,2019,DATE
29,),O
29,situation,O
29,reports,O
29,:,O
29,Wang,PERSON
29,J,PERSON
29,.,O
29,Tang,O
29,K,O
29,.,O
29,Feng,O
29,K,O
29,.,O
29,Lv,PERSON
29,W.,PERSON
29,High,O
29,temperature,O
29,and,O
29,high,O
29,humidity,O
29,reduce,O
29,the,O
29,transmission,O
29,of,O
29,COVID,O
29,‐,O
29,19,NUMBER
29,.,O
29,Available,O
29,via,O
29,SSRN,O
29,3551767,NUMBER
29,.,O
29,Ma,O
29,Y,O
29,.,O
29,Zhao,PERSON
29,Y,PERSON
29,.,O
29,Liu,PERSON
29,J,PERSON
29,.,O
29,He,O
29,X,O
29,.,O
29,Wang,PERSON
29,B,PERSON
29,.,O
29,Fu,PERSON
29,S,PERSON
29,.,O
29,et,O
29,al,O
29,.,O
29,Effects,O
29,of,O
29,temperature,O
29,variation,O
29,and,O
29,humidi,O
29,‐,O
29,ty,O
29,on,O
29,the,O
29,mortality,O
29,of,O
29,COVID,O
29,‐,O
29,19,NUMBER
29,in,O
29,Wuhan,CITY
29,.,O
29,Zhu,PERSON
29,Y,PERSON
29,.,O
29,Xie,PERSON
29,J.,PERSON
29,Associa,PERSON
29,‐,PERSON
29,tion,O
29,between,O
29,ambient,O
29,temperature,O
29,and,O
29,COVID19,O
29,infection,CAUSE_OF_DEATH
29,in,O
29,122,NUMBER
29,cities,O
29,from,O
29,China,COUNTRY
29,.,O
29,Sci,O
29,Total,O
29,Environ,O
29,2020,DATE
29,;,O
29,Song,O
29,F,O
29,.,O
29,Shi,O
29,N,O
29,.,O
29,Shan,O
29,F,O
29,.,O
29,Zhang,PERSON
29,Z,PERSON
29,.,O
29,Shen,PERSON
29,J,PERSON
29,.,O
29,Lu,PERSON
29,H,PERSON
29,.,O
29,et,O
29,al,O
29,.,O
29,Emerging,O
29,2019,DATE
29,Novel,O
29,Coronavirus,O
29,(,O
29,2019,DATE
29,‐,O
29,nCoV,O
29,),O
29,Pneumonia,CAUSE_OF_DEATH
29,.,O
29,Radiology,O
29,2020,DATE
29,;,O
29,Kim,PERSON
29,JY,PERSON
29,.,O
29,Choe,PERSON
29,PG,PERSON
29,.,O
29,Oh,O
29,Y,O
29,.,O
29,Oh,O
29,KJ,PERSON
29,.,O
29,Kim,PERSON
29,J,PERSON
29,.,O
29,Park,O
29,SJ,O
29,.,O
29,et,O
29,al,O
29,.,O
29,The,O
29,first,ORDINAL
29,case,O
29,of,O
29,2019,DATE
29,novel,O
29,coron,O
29,‐,O
29,avirus,O
29,pneumonia,CAUSE_OF_DEATH
29,imported,O
29,into,O
29,Korea,COUNTRY
29,from,O
29,Ahmed,ORGANIZATION
29,SF,ORGANIZATION
29,.,O
29,Quadeer,O
29,AA,O
29,.,O
29,McKay,PERSON
29,MR.,O
29,Preliminary,O
29,identification,O
29,of,O
29,potential,O
29,vaccine,O
29,targets,O
29,for,O
29,the,O
29,COVID,O
29,‐,O
29,19,NUMBER
29,coronavirus,O
29,(,O
29,SARSCoV,O
29,‐,O
29,2,NUMBER
29,),O
29,based,O
29,on,O
29,SARS,O
29,‐,O
29,CoV,O
29,im,O
29,‐,O
29,munological,O
29,studies,O
29,.,O
29,Viruses,O
29,2020,DATE
29,;,O
29,Casanova,ORGANIZATION
29,LM,ORGANIZATION
29,.,O
29,Jeon,PERSON
29,S,PERSON
29,.,O
29,Rutala,PERSON
29,WA,STATE_OR_PROVINCE
29,.,O
29,Weber,PERSON
29,DJ,PERSON
29,.,O
29,Sobsey,PERSON
29,MD,O
29,.,O
29,Effects,O
29,of,O
29,air,O
29,temperature,O
29,and,O
29,relative,O
29,humidity,O
29,on,O
29,coronavirus,O
29,survival,O
29,Islam,RELIGION
29,et,O
29,al.,O
29,/,O
29,J.,O
29,Adv.,O
29,Vet,O
29,.,O
29,Anim,O
29,.,O
29,Res.,O
29,.,O
29,7,NUMBER
29,(,O
29,2,NUMBER
29,),O
29,:,O
29,260280,NUMBER
29,.,O
29,June,DATE
29,2020,DATE
29,Liu,PERSON
29,W,PERSON
29,.,O
29,Morse,ORGANIZATION
29,JS,ORGANIZATION
29,.,O
29,Lalonde,PERSON
29,T,O
29,.,O
29,Xu,PERSON
29,S.,PERSON
29,Learning,PERSON
29,from,O
29,the,DATE
29,past,DATE
29,:,O
29,possi,O
29,‐,O
29,ble,O
29,urgent,O
29,prevention,O
29,and,O
29,treatment,O
29,options,O
29,for,O
29,severe,O
29,acute,O
29,res,O
29,‐,O
29,piratory,O
29,infections,CAUSE_OF_DEATH
29,caused,O
29,by,O
29,2019nCoV,O
29,.,O
29,Chembiochem,O
29,2020,DATE
29,;,O
29,Lai,O
29,CC,O
29,.,O
29,Shih,PERSON
29,TP,O
29,.,O
29,Ko,PERSON
29,WC,O
29,.,O
29,Tang,O
29,HJ,O
29,.,O
29,Hsueh,PERSON
29,PR,STATE_OR_PROVINCE
29,.,O
29,Severe,O
29,acute,O
29,respiratory,O
29,syn,O
29,‐,O
29,drome,O
29,coronavirus,O
29,2,NUMBER
29,(,O
29,SARS,O
29,‐,O
29,CoV,O
29,‐,O
29,2,NUMBER
29,),O
29,and,O
29,coronavirus,O
29,disease,CAUSE_OF_DEATH
29,‐,O
29,2019,DATE
29,(,O
29,COVID,O
29,‐,O
29,19,NUMBER
29,),O
29,:,O
29,the,O
29,epidemic,O
29,and,O
29,the,O
29,challenges,O
29,.,O
29,Int,PERSON
29,J,PERSON
29,Chan,PERSON
29,KH,PERSON
29,.,O
29,Peiris,PERSON
29,JS,PERSON
29,.,O
29,Lam,PERSON
29,SY,PERSON
29,.,O
29,Poon,PERSON
29,LL,O
29,.,O
29,Yuen,PERSON
29,KY,PERSON
29,.,O
29,Seto,PERSON
29,WH,PERSON
29,.,O
29,The,O
29,effects,O
29,of,O
29,tem,O
29,‐,O
29,perature,O
29,and,O
29,relative,O
29,humidity,O
29,on,O
29,the,O
29,viability,O
29,of,O
29,Project,O
29,Syndi,O
29,‐,O
29,cate,O
29,.,O
29,Why,O
29,America,COUNTRY
29,Is,O
29,Losing,O
29,to,O
29,COVID,O
29,‐,O
29,19,NUMBER
29,.,O
29,Available,O
29,Politics,O
29,&,O
29,Policy,O
29,.,O
29,The,O
29,lessons,O
29,from,O
29,Italys,O
29,Covid,O
29,‐,O
29,19,NUMBER
29,mistakes,O
29,.,O
29,The,O
29,NewYork,O
29,Time,O
29,.,O
29,Europe,LOCATION
29,struggles,O
29,to,O
29,combat,O
29,coronavirus,O
29,as,O
29,Salath,O
29,M,O
29,.,O
29,Althaus,PERSON
29,CL,ORGANIZATION
29,.,O
29,Neher,PERSON
29,R,PERSON
29,.,O
29,Stringhini,PERSON
29,S,PERSON
29,.,O
29,Hodcroft,PERSON
29,E,O
29,.,O
29,Fellay,PERSON
29,J,PERSON
29,.,O
29,et,O
29,al,O
29,.,O
29,COVID,O
29,‐,O
29,19,NUMBER
29,epidemic,O
29,in,O
29,Switzerland,COUNTRY
29,:,O
29,on,O
29,the,O
29,importance,O
29,of,O
29,testing,O
29,.,O
29,contact,O
29,tracing,O
29,and,O
29,isolation,O
29,.,O
29,Swiss,NATIONALITY
29,Med,O
29,Wkly,O
29,2020,DATE
29,;,O
29,150:1112,NUMBER
29,;,O
29,AA,O
29,.,O
29,Iran,COUNTRY
29,fails,O
29,to,O
29,take,O
29,timely,O
29,measures,O
29,for,O
29,COVID,O
29,‐,O
29,19,NUMBER
29,:,O
29,Expert,O
29,.,O
29,ALJAZEERA,O
29,.,O
29,COVID,O
29,‐,O
29,19,NUMBER
29,:,O
29,Irans,MISC
29,government,O
29,did,O
29,nt,O
29,botch,O
29,the,O
29,up,O
29,‐,O
29,front,O
29,/,O
29,2020,DATE
29,/,O
29,04,NUMBER
29,/,O
29,covid,O
29,‐,O
29,19,NUMBER
29,‐,O
29,iran,NUMBER
29,‐,O
29,government,O
29,‐,O
29,didn,O
29,‐,O
29,botch,O
29,‐,O
29,re,O
29,‐,O
29,sponse,O
29,‐,O
29,200403075538214.html,NUMBER
29,(,O
29,Accessed,O
29,3,DATE
29,April,DATE
29,2020,DATE
29,),O
29,.,O
29,Al,O
29,‐,O
29,monitor,O
29,.,O
29,Turkey,COUNTRY
29,and,O
29,COVID,O
29,‐,O
29,19,NUMBER
29,:,O
29,Is,O
29,another,O
29,Italy,COUNTRY
29,in,O
29,the,O
29,origi,O
29,‐,O
29,nals,O
29,/,O
29,2020,DATE
29,/,O
29,03,NUMBER
29,/,O
29,turkey,COUNTRY
29,‐,O
29,might,O
29,‐,O
29,be,O
29,‐,O
29,another,O
29,‐,O
29,italy,COUNTRY
29,‐,O
29,in,O
29,‐,O
29,the,O
29,‐,O
29,making,O
29,‐,O
29,coron,O
29,‐,O
29,avirus.html,O
29,(,O
29,Accessed,O
29,3,DATE
29,April,DATE
29,2020,DATE
29,),O
29,.,O
29,BBC,ORGANIZATION
29,.,O
29,Coronavirus,O
29,:,O
29,Why,O
29,Dutch,NATIONALITY
29,lockdown,O
29,may,O
29,be,O
29,a,O
29,high,O
29,‐,O
29,risk,O
29,Islam,RELIGION
29,et,O
29,al.,O
29,/,O
29,J.,O
29,Adv.,O
29,Vet,O
29,.,O
29,Anim,O
29,.,O
29,Res.,O
29,.,O
29,7,NUMBER
29,(,O
29,2,NUMBER
29,),O
29,:,O
29,260280,NUMBER
29,.,O
29,June,DATE
29,2020,DATE
29,SUPPLEMENTARY,O
29,MATERIAL,O
29,Reporting,O
29,Country,O
29,/,O
29,Territory,O
29,*,O
29,/,O
29,Area,O
29,Total,O
29,confirmed,O
29,cases,O
29,Total,O
29,deaths,O
29,Total,O
29,recovery,O
29,New,COUNTRY
29,Zealand,COUNTRY
29,Viet,PERSON
29,Nam,PERSON
29,Brunei,COUNTRY
29,Darussalam,LOCATION
29,Papua,COUNTRY
29,New,COUNTRY
29,Guinea,COUNTRY
29,French,NATIONALITY
29,Polynesia,O
29,*,O
29,New,O
29,Caledo,O
29,‐,O
29,nia,O
29,*,O
29,Northern,O
29,Mariana,CITY
29,Islands,LOCATION
29,*,O
29,(,O
29,Commonwealth,O
29,of,O
29,the,O
29,),O
29,The,O
29,United,O
29,Kingdom,O
29,Russian,COUNTRY
29,Federation,COUNTRY
29,Western,O
29,Pacific,O
29,Region,O
29,European,NATIONALITY
29,Region,O
29,Islam,RELIGION
29,et,O
29,al.,O
29,/,O
29,J.,O
29,Adv.,O
29,Vet,O
29,.,O
29,Anim,O
29,.,O
29,Res.,O
29,.,O
29,7,NUMBER
29,(,O
29,2,NUMBER
29,),O
29,:,O
29,260280,NUMBER
29,.,O
29,June,DATE
29,2020,DATE
29,Reporting,O
29,Country,O
29,/,O
29,Territory,O
29,*,O
29,/,O
29,Area,O
29,Total,O
29,confirmed,O
29,cases,O
29,Total,O
29,deaths,O
29,Bosnia,LOCATION
29,and,O
29,Herzegovina,ORGANIZATION
29,North,ORGANIZATION
29,Macedonia,ORGANIZATION
29,San,ORGANIZATION
29,Marino,ORGANIZATION
29,Holy,ORGANIZATION
29,See,ORGANIZATION
29,Total,O
29,recovery,O
29,Faroe,LOCATION
29,Islands,LOCATION
29,*,O
29,Isle,O
29,of,O
29,Man,O
29,*,O
29,South,O
29,‐,O
29,East,O
29,Asia,O
29,Region,O
29,Islam,RELIGION
29,et,O
29,al.,O
29,/,O
29,J.,O
29,Adv.,O
29,Vet,O
29,.,O
29,Anim,O
29,.,O
29,Res.,O
29,.,O
29,7,NUMBER
29,(,O
29,2,NUMBER
29,),O
29,:,O
29,260280,NUMBER
29,.,O
29,June,DATE
29,2020,DATE
29,Reporting,O
29,Country,O
29,/,O
29,Territory,O
29,*,O
29,/,O
29,Area,O
29,Total,O
29,confirmed,O
29,cases,O
29,Total,O
29,deaths,O
29,Total,O
29,recovery,O
29,Sri,COUNTRY
29,Lanka,COUNTRY
29,Saudi,COUNTRY
29,Arabia,COUNTRY
29,United,COUNTRY
29,Arab,COUNTRY
29,Emirates,COUNTRY
29,Eastern,O
29,Mediterranean,LOCATION
29,Region,LOCATION
29,Costa,COUNTRY
29,Rica,COUNTRY
29,Occupied,O
29,Palestinian,NATIONALITY
29,ter,TITLE
29,‐,O
29,ritory,O
29,*,O
29,Region,O
29,of,O
29,the,O
29,Americas,LOCATION
29,United,COUNTRY
29,States,COUNTRY
29,of,COUNTRY
29,America,COUNTRY
29,Islam,RELIGION
29,et,O
29,al.,O
29,/,O
29,J.,O
29,Adv.,O
29,Vet,O
29,.,O
29,Anim,O
29,.,O
29,Res.,O
29,.,O
29,7,NUMBER
29,(,O
29,2,NUMBER
29,),O
29,:,O
29,260280,NUMBER
29,.,O
29,June,DATE
29,2020,DATE
29,Reporting,O
29,Country,O
29,/,O
29,Territory,O
29,*,O
29,/,O
29,Area,O
29,Total,O
29,confirmed,O
29,cases,O
29,Total,O
29,deaths,O
29,Bolivia,COUNTRY
29,(,O
29,Plurinational,O
29,State,O
29,of,O
29,),O
29,Trinidad,LOCATION
29,and,O
29,Tobago,PERSON
29,El,PERSON
29,Salvador,CITY
29,Saint,COUNTRY
29,Lucia,COUNTRY
29,Saint,LOCATION
29,Kitts,LOCATION
29,and,O
29,Nevis,LOCATION
29,Antigua,LOCATION
29,and,O
29,Barbuda,LOCATION
29,Saint,COUNTRY
29,Vincent,COUNTRY
29,and,COUNTRY
29,the,COUNTRY
29,Grenadines,COUNTRY
29,Total,O
29,recovery,O
29,Puerto,LOCATION
29,Rico,CRIMINAL_CHARGE
29,French,NATIONALITY
29,Guiana,LOCATION
29,United,COUNTRY
29,States,COUNTRY
29,Virgin,STATE_OR_PROVINCE
29,Islands,STATE_OR_PROVINCE
29,Sint,LOCATION
29,Maarten,LOCATION
29,Cayman,LOCATION
29,Islands,O
29,Saint,TITLE
29,Barthlemy,PERSON
29,Saint,PERSON
29,Martin,PERSON
29,Turks,PERSON
29,and,O
29,Caicos,LOCATION
29,Islands,LOCATION
29,British,NATIONALITY
29,Virgin,STATE_OR_PROVINCE
29,Islands,STATE_OR_PROVINCE
29,African,NATIONALITY
29,Region,LOCATION
29,South,COUNTRY
29,Africa,COUNTRY
29,Burkina,COUNTRY
29,Faso,COUNTRY
29,Cte,O
29,dIvoire,O
29,Islam,RELIGION
29,et,O
29,al.,O
29,/,O
29,J.,O
29,Adv.,O
29,Vet,O
29,.,O
29,Anim,O
29,.,O
29,Res.,O
29,.,O
29,7,NUMBER
29,(,O
29,2,NUMBER
29,),O
29,:,O
29,260280,NUMBER
29,.,O
29,June,DATE
29,2020,DATE
29,Reporting,O
29,Country,O
29,/,O
29,Territory,O
29,*,O
29,/,O
29,Area,O
29,Total,O
29,confirmed,O
29,cases,O
29,Total,O
29,deaths,O
29,Total,O
29,recovery,O
29,Equatorial,COUNTRY
29,Guinea,COUNTRY
29,Cabo,LOCATION
29,Verde,LOCATION
29,Sierra,COUNTRY
29,Leone,COUNTRY
29,International,O
29,conveyance,O
29,Islam,RELIGION
29,et,O
29,al.,O
29,/,O
29,J.,O
29,Adv.,O
29,Vet,O
29,.,O
29,Anim,O
29,.,O
29,Res.,O
29,.,O
29,7,NUMBER
29,(,O
29,2,NUMBER
29,),O
29,:,O
29,260280,NUMBER
29,.,O
29,June,DATE
29,2020,DATE
29,Reporting,O
29,Country,O
29,/,O
29,Territory,O
29,*,O
29,/,O
29,Area,O
29,Imported,O
29,from,O
29,Border,O
29,Transmis,O
29,‐,O
29,sion,O
29,Local,O
29,Transmission,O
29,China,COUNTRY
29,(,O
29,Except,LOCATION
29,Hubei,STATE_OR_PROVINCE
29,),O
29,Wuhan,CITY
29,.,O
29,Italy,COUNTRY
29,Local,O
29,transmission,O
29,China,COUNTRY
29,.,O
29,Hongkong,LOCATION
29,.,O
29,UK,COUNTRY
29,Local,O
29,transmission,O
29,Hong,CITY
29,Kong,CITY
29,Lo,LOCATION
29,‐,LOCATION
29,cal,O
29,transmission,O
29,China,COUNTRY
29,.,O
29,Singapore,COUNTRY
29,Local,O
29,transmission,O
29,China,COUNTRY
29,.,O
29,USA,COUNTRY
29,Local,O
29,transmission,O
29,Local,O
29,transmission,O
29,China,COUNTRY
29,.,O
29,Japan,COUNTRY
29,.,O
29,Iran,COUNTRY
29,.,O
29,Italy,COUNTRY
29,Local,O
29,transmission,O
29,Local,O
29,transmission,O
29,Japan,COUNTRY
29,.,O
29,Taiwan,COUNTRY
29,.,O
29,USA,COUNTRY
29,.,O
29,South,O
29,Korea,COUNTRY
29,Local,O
29,transmission,O
29,Viet,COUNTRY
29,Nam,COUNTRY
29,China,COUNTRY
29,.,O
29,France,COUNTRY
29,/,O
29,UK,COUNTRY
29,.,O
29,Italy,COUNTRY
29,.,O
29,South,O
29,Korea,COUNTRY
29,Local,LOCATION
29,transmission,O
29,Brunei,COUNTRY
29,Darussalam,LOCATION
29,Imported,O
29,cases,O
29,only,O
29,Local,O
29,transmission,O
29,New,COUNTRY
29,Zealand,COUNTRY
29,Iran,COUNTRY
29,.,O
29,Italy,COUNTRY
29,Local,O
29,transmission,O
29,Im,O
29,‐,O
29,ported,O
29,cases,O
29,only,O
29,French,NATIONALITY
29,Polynesia,O
29,*,O
29,Western,O
29,Pacific,O
29,Region,O
29,Im,O
29,‐,O
29,ported,O
29,cases,O
29,only,O
29,European,ORGANIZATION
29,Region,ORGANIZATION
29,Local,ORGANIZATION
29,transmission,O
29,Italy,COUNTRY
29,.,O
29,Iran,COUNTRY
29,Local,O
29,transmission,O
29,Singapore,COUNTRY
29,.,O
29,Italy,COUNTRY
29,.,O
29,China,COUNTRY
29,Local,O
29,transmission,O
29,Singapore,COUNTRY
29,.,O
29,Italy,COUNTRY
29,.,O
29,China,COUNTRY
29,Local,O
29,transmission,O
29,Local,O
29,transmission,O
29,Lo,PERSON
29,‐,PERSON
29,cal,O
29,transmission,O
29,Italy,COUNTRY
29,.,O
29,Germany,COUNTRY
29,.,O
29,Iran,COUNTRY
29,Local,O
29,transmission,O
29,Local,O
29,transmission,O
29,The,O
29,United,COUNTRY
29,Kingdom,COUNTRY
29,France,COUNTRY
29,.,O
29,China,COUNTRY
29,.,O
29,Japan,COUNTRY
29,.,O
29,Italy,COUNTRY
29,.,O
29,Iran,COUNTRY
29,Local,O
29,transmission,O
29,Local,O
29,transmission,O
29,China,COUNTRY
29,.,O
29,France,COUNTRY
29,.,O
29,Italy,COUNTRY
29,Local,O
29,transmission,O
29,China,COUNTRY
29,.,O
29,Italy,COUNTRY
29,.,O
29,Iran,COUNTRY
29,Local,O
29,transmission,O
29,Local,O
29,trans,O
29,‐,O
29,mission,O
29,Local,O
29,transmission,O
29,Italy,COUNTRY
29,.,O
29,Israel,COUNTRY
29,or,O
29,Egypt,COUNTRY
29,Local,O
29,transmis,O
29,‐,O
29,sion,O
29,Japan,COUNTRY
29,.,O
29,Italy,COUNTRY
29,.,O
29,Germany,COUNTRY
29,.,O
29,France,COUNTRY
29,.,O
29,Spain,COUNTRY
29,.,O
29,Local,O
29,transmission,O
29,Lo,PERSON
29,‐,PERSON
29,cal,O
29,transmission,O
29,San,COUNTRY
29,Marino,COUNTRY
29,Local,LOCATION
29,transmission,O
29,Italy,COUNTRY
29,.,O
29,Austria,COUNTRY
29,Lo,O
29,‐,O
29,cal,O
29,transmission,O
29,Local,O
29,transmission,O
29,Local,O
29,transmission,O
29,Local,O
29,transmission,O
29,Local,O
29,transmission,O
29,Russian,COUNTRY
29,Federation,COUNTRY
29,China,COUNTRY
29,.,O
29,Italy,COUNTRY
29,Imported,O
29,cases,O
29,only,O
29,Iran,COUNTRY
29,.,O
29,Italy,COUNTRY
29,Imported,O
29,cases,O
29,only,O
29,Imported,O
29,cas,O
29,‐,O
29,es,O
29,only,O
29,Islam,RELIGION
29,et,O
29,al.,O
29,/,O
29,J.,O
29,Adv.,O
29,Vet,O
29,.,O
29,Anim,O
29,.,O
29,Res.,O
29,.,O
29,7,NUMBER
29,(,O
29,2,NUMBER
29,),O
29,:,O
29,260280,NUMBER
29,.,O
29,June,DATE
29,2020,DATE
29,Reporting,O
29,Country,O
29,/,O
29,Territory,O
29,*,O
29,/,O
29,Area,O
29,Imported,O
29,from,O
29,Border,O
29,Transmis,O
29,‐,O
29,sion,O
29,Local,O
29,Transmission,O
29,Local,O
29,transmission,O
29,Under,O
29,investigation,O
29,Imported,O
29,cases,O
29,only,O
29,Local,O
29,transmission,O
29,Iran,COUNTRY
29,.,O
29,Italy,COUNTRY
29,Local,O
29,trans,O
29,‐,O
29,mission,O
29,Imported,O
29,cases,O
29,only,O
29,Iran,COUNTRY
29,.,O
29,Italy,COUNTRY
29,Imported,O
29,cases,O
29,only,O
29,Local,O
29,transmission,O
29,Iran,COUNTRY
29,.,O
29,Italy,COUNTRY
29,Imported,O
29,cases,O
29,only,O
29,Imported,O
29,cases,O
29,only,O
29,Local,O
29,transmission,O
29,North,LOCATION
29,Macedonia,COUNTRY
29,Local,O
29,transmission,O
29,Imported,O
29,cases,O
29,only,O
29,Bosnia,LOCATION
29,and,O
29,Herzegovina,ORGANIZATION
29,Local,ORGANIZATION
29,transmission,O
29,Imported,O
29,cases,O
29,only,O
29,Imported,O
29,cases,O
29,only,O
29,Imported,O
29,cases,O
29,only,O
29,Imported,O
29,cases,O
29,only,O
29,Imported,O
29,cases,O
29,only,O
29,Imported,O
29,cases,O
29,only,O
29,Under,O
29,investigation,O
29,Imported,O
29,cases,O
29,only,O
29,Imported,O
29,cases,O
29,only,O
29,Vatican,LOCATION
29,City,LOCATION
29,Under,O
29,inves,O
29,‐,O
29,tigation,O
29,Faroe,LOCATION
29,Islands,LOCATION
29,*,O
29,Imported,O
29,cases,O
29,only,O
29,Under,O
29,investigation,O
29,Imported,O
29,cases,O
29,only,O
29,Imported,O
29,cases,O
29,only,O
29,Japan,COUNTRY
29,.,O
29,Iran,COUNTRY
29,.,O
29,Italy,COUNTRY
29,Local,O
29,transmission,O
29,Italy,COUNTRY
29,.,O
29,Iran,COUNTRY
29,.,O
29,Thailand,COUNTRY
29,/,O
29,Malaysia,COUNTRY
29,.,O
29,Greece,COUNTRY
29,Local,O
29,trans,O
29,‐,O
29,mission,O
29,Local,O
29,transmission,O
29,Local,O
29,transmission,O
29,Italy,COUNTRY
29,.,O
29,Germany,COUNTRY
29,Lo,O
29,‐,O
29,cal,O
29,transmission,O
29,Sri,COUNTRY
29,Lanka,COUNTRY
29,Imported,O
29,cases,O
29,only,O
29,Imported,O
29,cases,O
29,on,O
29,‐,O
29,ly,O
29,Imported,O
29,cases,O
29,only,O
29,USA,ORGANIZATION
29,/,ORGANIZATION
29,France,ORGANIZATION
29,Imported,ORGANIZATION
29,cases,O
29,only,O
29,Local,O
29,transmission,O
29,Imported,O
29,cases,O
29,only,O
29,Local,O
29,transmission,O
29,United,PERSON
29,Arab,PERSON
29,Emirates,LOCATION
29,China,COUNTRY
29,.,O
29,Iran,COUNTRY
29,Local,O
29,transmission,O
29,Imported,O
29,cases,O
29,only,O
29,South,O
29,‐,O
29,East,O
29,Asia,O
29,Region,O
29,Eastern,O
29,Mediterranean,O
29,Region,O
29,Islam,RELIGION
29,et,O
29,al.,O
29,/,O
29,J.,O
29,Adv.,O
29,Vet,O
29,.,O
29,Anim,O
29,.,O
29,Res.,O
29,.,O
29,7,NUMBER
29,(,O
29,2,NUMBER
29,),O
29,:,O
29,260280,NUMBER
29,.,O
29,June,DATE
29,2020,DATE
29,Reporting,O
29,Country,O
29,/,O
29,Territory,O
29,*,O
29,/,O
29,Area,O
29,Imported,O
29,from,O
29,Border,O
29,Transmis,O
29,‐,O
29,sion,O
29,Local,O
29,Transmission,O
29,Local,O
29,transmission,O
29,China,COUNTRY
29,.,O
29,Italy,COUNTRY
29,Local,O
29,transmission,O
29,Iran,COUNTRY
29,.,O
29,UK,COUNTRY
29,Local,O
29,transmission,O
29,Saudi,COUNTRY
29,Arabia,COUNTRY
29,Imported,O
29,cases,O
29,only,O
29,Local,O
29,transmission,O
29,Iran,COUNTRY
29,.,O
29,Italy,COUNTRY
29,Imported,O
29,cases,O
29,only,O
29,Im,O
29,‐,O
29,ported,O
29,cases,O
29,only,O
29,Italy,COUNTRY
29,.,O
29,France,COUNTRY
29,Imported,O
29,cases,O
29,only,O
29,Imported,O
29,cas,O
29,‐,O
29,es,O
29,only,O
29,Imported,O
29,cases,O
29,only,O
29,Occupied,O
29,Palestinian,NATIONALITY
29,territory,O
29,*,O
29,Local,O
29,transmission,O
29,United,COUNTRY
29,States,COUNTRY
29,of,COUNTRY
29,America,COUNTRY
29,China,COUNTRY
29,.,O
29,Japan,COUNTRY
29,.,O
29,South,COUNTRY
29,Korea,COUNTRY
29,.,O
29,Iran,COUNTRY
29,.,O
29,Italy,COUNTRY
29,Local,O
29,transmission,O
29,China,COUNTRY
29,.,O
29,Iran,COUNTRY
29,.,O
29,Egypt,COUNTRY
29,.,O
29,Italy,COUNTRY
29,Local,O
29,transmission,O
29,Local,O
29,transmission,O
29,South,MISC
29,‐,MISC
29,East,MISC
29,Asian,NATIONALITY
29,country,O
29,.,O
29,Italy,COUNTRY
29,Local,O
29,transmission,O
29,Imported,O
29,cases,O
29,only,O
29,Costa,COUNTRY
29,Rica,COUNTRY
29,Local,O
29,transmis,O
29,‐,O
29,sion,O
29,Spain,COUNTRY
29,/,O
29,France,COUNTRY
29,Local,O
29,transmission,O
29,Local,O
29,transmission,O
29,Spain,COUNTRY
29,.,O
29,Italy,COUNTRY
29,Imported,O
29,cases,O
29,only,O
29,Imported,O
29,cases,O
29,only,O
29,Imported,O
29,cases,O
29,only,O
29,Italy,COUNTRY
29,.,O
29,Canada,COUNTRY
29,Imported,O
29,cases,O
29,only,O
29,Imported,O
29,cases,O
29,only,O
29,Bolivia,COUNTRY
29,(,O
29,Plurinational,O
29,State,O
29,of,O
29,),O
29,Imported,O
29,cases,O
29,only,O
29,Imported,O
29,cases,O
29,only,O
29,Spain,COUNTRY
29,.,O
29,Switzerland,COUNTRY
29,Imported,O
29,cases,O
29,only,O
29,Imported,O
29,cases,O
29,only,O
29,Im,O
29,‐,O
29,ported,O
29,cases,O
29,only,O
29,St.,ORGANIZATION
29,Lucia,ORGANIZATION
29,Imported,ORGANIZATION
29,cases,O
29,only,O
29,Imported,O
29,cases,O
29,only,O
29,Saint,COUNTRY
29,Vincent,COUNTRY
29,and,COUNTRY
29,the,COUNTRY
29,Grenadines,COUNTRY
29,Imported,O
29,cases,O
29,only,O
29,Trinidad,COUNTRY
29,and,COUNTRY
29,Tobago,COUNTRY
29,Imported,O
29,cases,O
29,only,O
29,Imported,O
29,cases,O
29,only,O
29,Im,O
29,‐,O
29,ported,O
29,cases,O
29,only,O
29,French,NATIONALITY
29,Guiana,O
29,*,O
29,Imported,O
29,cases,O
29,only,O
29,Imported,O
29,cases,O
29,only,O
29,Saint,TITLE
29,Martin,PERSON
29,*,O
29,Under,O
29,investigation,O
29,Saint,TITLE
29,Barthelemy,PERSON
29,*,O
29,Under,O
29,investigation,O
29,Region,O
29,of,O
29,the,O
29,Americas,O
29,African,NATIONALITY
29,Region,O
29,Local,O
29,transmission,O
29,South,COUNTRY
29,Africa,COUNTRY
29,Italy,COUNTRY
29,.,O
29,Germany,COUNTRY
29,.,O
29,Portugal,COUNTRY
29,Imported,O
29,cases,O
29,only,O
29,Imported,O
29,cases,O
29,only,O
29,Islam,RELIGION
29,et,O
29,al.,O
29,/,O
29,J.,O
29,Adv.,O
29,Vet,O
29,.,O
29,Anim,O
29,.,O
29,Res.,O
29,.,O
29,7,NUMBER
29,(,O
29,2,NUMBER
29,),O
29,:,O
29,260280,NUMBER
29,.,O
29,June,DATE
29,2020,DATE
29,Reporting,O
29,Country,O
29,/,O
29,Territory,O
29,*,O
29,/,O
29,Area,O
29,Imported,O
29,from,O
29,Border,O
29,Transmis,O
29,‐,O
29,sion,O
29,Local,O
29,Transmission,O
29,Burkina,COUNTRY
29,Faso,COUNTRY
29,Imported,O
29,cases,O
29,only,O
29,Local,O
29,transmission,O
29,Imported,O
29,cases,O
29,only,O
29,Ivory,COUNTRY
29,Coast,COUNTRY
29,Imported,O
29,cases,O
29,only,O
29,Imported,O
29,cases,O
29,only,O
29,Imported,O
29,cases,O
29,only,O
29,Imported,O
29,cases,O
29,only,O
29,Nor,O
29,‐,O
29,way,O
29,.,O
29,Turkey,COUNTRY
29,Imported,O
29,cases,O
29,only,O
29,Japan,COUNTRY
29,/,O
29,Burkina,COUNTRY
29,Faso,COUNTRY
29,Imported,O
29,cas,O
29,‐,O
29,es,O
29,only,O
29,Germany,COUNTRY
29,/,O
29,France,COUNTRY
29,/,O
29,Turkey,COUNTRY
29,Local,O
29,transmission,O
29,Imported,O
29,cases,O
29,only,O
29,China,COUNTRY
29,.,O
29,Japan,COUNTRY
29,Local,O
29,transmission,O
29,International,O
29,conveyance,O
29,cases,O
29,as,O
29,of,O
29,22,DATE
29,January,DATE
29,to,O
29,2,DATE
29,April,DATE
29,.,DATE
29,2020,DATE
29,(,O
29,reproduced,O
29,from,O
29,[,O
29,49,NUMBER
29,],O
29,),O
29,.,O
29,Islam,RELIGION
29,et,O
29,al.,O
29,/,O
29,J.,O
29,Adv.,O
29,Vet,O
29,.,O
29,Anim,O
29,.,O
29,Res.,O
29,.,O
29,7,NUMBER
29,(,O
29,2,NUMBER
29,),O
29,:,O
29,260280,NUMBER
29,.,O
29,June,DATE
29,2020,DATE
29,(,O
29,reproduced,O
29,from,O
29,[,O
29,55,NUMBER
29,],O
29,),O
29,.,O
29,Islam,RELIGION
29,et,O
29,al.,O
29,/,O
29,J.,O
29,Adv.,O
29,Vet,O
29,.,O
29,Anim,O
29,.,O
29,Res.,O
29,.,O
29,7,NUMBER
29,(,O
29,2,NUMBER
29,),O
29,:,O
29,260280,NUMBER
29,.,O
29,June,DATE
29,2020,DATE
29,(,O
29,B,O
29,),O
29,Selective,O
29,countries,O
29,(,O
29,reproduced,O
29,from,O
29,[,O
29,55,NUMBER
29,],O
29,),O
29,.,O
29,Islam,RELIGION
29,et,O
29,al.,O
29,/,O
29,J.,O
29,Adv.,O
29,Vet,O
29,.,O
29,Anim,O
29,.,O
29,Res.,O
29,.,O
29,7,NUMBER
29,(,O
29,2,NUMBER
29,),O
29,:,O
29,260280,NUMBER
29,.,O
29,June,DATE
29,2020,DATE
