12,JoGH,O
12,2020,DATE
12,ISGH,O
12,The,O
12,role,O
12,of,O
12,children,O
12,in,O
12,transmission,O
12,of,O
12,Xue,PERSON
12,Li1,O
12,.,O
12,*,O
12,.,O
12,Wei,PERSON
12,Xu1,PERSON
12,.,O
12,*,O
12,.,O
12,Marshall,O
12,Dozier2,O
12,.,O
12,Yazhou,LOCATION
12,He1,O
12,.,O
12,Amir,PERSON
12,Kirolos1,O
12,.3,O
12,.,O
12,Evropi,MISC
12,on,O
12,behalf,O
12,of,O
12,UNCOVER,O
12,entre,O
12,for,O
12,Global,ORGANIZATION
12,Health,ORGANIZATION
12,.,O
12,Usher,TITLE
12,Edinburgh,O
12,.,O
12,UK,ORGANIZATION
12,College,ORGANIZATION
12,of,ORGANIZATION
12,Medicine,ORGANIZATION
12,and,O
12,Veterinary,O
12,Edinburgh,CITY
12,.,O
12,UK,COUNTRY
12,of,O
12,Infection,CAUSE_OF_DEATH
12,.,O
12,Veterinary,O
12,&,O
12,Ecologi,O
12,‐,O
12,cal,O
12,Liverpool,ORGANIZATION
12,.,O
12,UK,COUNTRY
12,Cancer,ORGANIZATION
12,Research,ORGANIZATION
12,UK,ORGANIZATION
12,Edinburgh,ORGANIZATION
12,Centre,ORGANIZATION
12,.,O
12,Medical,O
12,Research,ORGANIZATION
12,Council,ORGANIZATION
12,Edinburgh,ORGANIZATION
12,.,O
12,UK,COUNTRY
12,children,O
12,in,O
12,the,O
12,transmission,O
12,of,O
12,SARS,O
12,‐,O
12,CoV,O
12,‐,O
12,2,NUMBER
12,.,O
12,We,O
12,synthesized,O
12,evidence,O
12,for,O
12,four,NUMBER
12,categories,O
12,:,O
12,1,NUMBER
12,),O
12,stud,O
12,‐,O
12,ies,O
12,reporting,O
12,documented,O
12,cases,O
12,of,O
12,SARS,O
12,‐,O
12,CoV,O
12,‐,O
12,2,NUMBER
12,transmission,O
12,by,O
12,in,O
12,‐,O
12,fected,O
12,children,O
12,;,O
12,2,NUMBER
12,),O
12,studies,O
12,presenting,O
12,indirect,O
12,evidence,O
12,on,O
12,the,O
12,potential,O
12,estimating,O
12,the,O
12,proportions,O
12,of,O
12,children,O
12,infected,O
12,by,O
12,SARS,O
12,‐,O
12,CoV,O
12,‐,O
12,2,NUMBER
12,.,O
12,and,O
12,reported,O
12,results,O
12,narratively,O
12,.,O
12,Results,O
12,A,O
12,total,O
12,of,O
12,16,NUMBER
12,unique,O
12,studies,O
12,were,O
12,included,O
12,for,O
12,narrative,O
12,synthesis,O
12,.,O
12,There,O
12,is,O
12,limited,O
12,evidence,O
12,detailing,O
12,transmission,O
12,of,O
12,SARS,O
12,‐,O
12,CoV,O
12,‐,O
12,2,NUMBER
12,from,O
12,in,O
12,‐,O
12,fected,O
12,children,O
12,.,O
12,We,O
12,found,O
12,two,NUMBER
12,studies,O
12,that,O
12,reported,O
12,a,O
12,3,NUMBER
12,‐,O
12,month,DURATION
12,‐,O
12,old,O
12,whose,O
12,parents,O
12,developed,O
12,symptomatic,O
12,COVID,O
12,‐,O
12,19,NUMBER
12,seven,DURATION
12,days,DURATION
12,after,O
12,caring,O
12,for,O
12,the,O
12,infant,O
12,and,O
12,two,NUMBER
12,children,O
12,who,O
12,may,O
12,have,O
12,contracted,O
12,COVID,O
12,‐,O
12,19,NUMBER
12,from,O
12,the,O
12,initial,O
12,cases,O
12,at,O
12,a,O
12,indirect,O
12,evidence,O
12,on,O
12,the,O
12,po,O
12,‐,O
12,tential,O
12,for,O
12,SARS,O
12,‐,O
12,CoV,O
12,‐,O
12,2,NUMBER
12,transmission,O
12,by,O
12,children,O
12,.,O
12,three,NUMBER
12,of,O
12,which,O
12,found,O
12,prolonged,O
12,virus,O
12,shedding,O
12,in,O
12,stools,O
12,.,O
12,There,O
12,is,O
12,little,O
12,data,O
12,a,O
12,child,O
12,attending,O
12,classes,O
12,but,O
12,not,O
12,infecting,O
12,any,O
12,other,O
12,pupils,O
12,or,O
12,staff,O
12,.,O
12,Lastly,O
12,.,O
12,we,O
12,identified,O
12,six,NUMBER
12,studies,O
12,estimating,O
12,the,O
12,propor,O
12,‐,O
12,tion,O
12,of,O
12,children,O
12,infected,O
12,;,O
12,data,O
12,from,O
12,population,O
12,‐,O
12,based,O
12,studies,O
12,in,O
12,Iceland,COUNTRY
12,.,O
12,Italy,COUNTRY
12,.,O
12,South,COUNTRY
12,Korea,COUNTRY
12,.,O
12,Netherlands,COUNTRY
12,.,O
12,California,STATE_OR_PROVINCE
12,and,O
12,a,O
12,hospi,O
12,‐,O
12,tal,O
12,‐,O
12,based,O
12,study,O
12,in,O
12,the,O
12,UK,COUNTRY
12,suggest,O
12,children,O
12,may,O
12,be,O
12,less,O
12,likely,O
12,to,O
12,be,O
12,infected,O
12,.,O
12,studies,O
12,suggest,O
12,that,O
12,children,O
12,may,O
12,be,O
12,less,O
12,frequent,O
12,‐,O
12,ly,O
12,infected,O
12,or,O
12,infect,O
12,others,O
12,.,O
12,however,O
12,current,DATE
12,evidence,O
12,is,O
12,limit,O
12,‐,O
12,ed,O
12,.,O
12,Prolonged,O
12,faecal,O
12,shedding,O
12,observed,O
12,in,O
12,studies,O
12,highlights,O
12,the,O
12,potentially,O
12,increased,O
12,risk,O
12,of,O
12,faeco,O
12,‐,O
12,oral,O
12,transmission,O
12,in,O
12,chil,O
12,‐,O
12,dren,O
12,.,O
12,Further,O
12,seroprevalence,O
12,studies,O
12,(,O
12,powered,O
12,adequately,O
12,for,O
12,the,O
12,paediatric,O
12,population,O
12,),O
12,are,O
12,urgently,O
12,required,O
12,to,O
12,establish,O
12,whether,O
12,children,O
12,are,O
12,in,O
12,fact,O
12,less,O
12,likely,O
12,to,O
12,be,O
12,infected,O
12,compared,O
12,to,O
12,adults,O
12,.,O
12,Correspondence,O
12,to,O
12,:,O
12,Prof,TITLE
12,Evropi,O
12,Theodoratou,O
12,Centre,O
12,for,O
12,Global,O
12,Health,O
12,COVID,O
12,‐,O
12,19,NUMBER
12,.,O
12,caused,O
12,by,O
12,severe,O
12,acute,O
12,respiratory,O
12,syn,O
12,‐,O
12,drome,O
12,coronavirus,O
12,2,NUMBER
12,(,O
12,SARSCoV,O
12,‐,O
12,2,NUMBER
12,),O
12,.,O
12,was,O
12,declared,O
12,a,O
12,pandemic,O
12,on,O
12,11,NUMBER
12,March,DATE
12,2020,DATE
12,by,O
12,the,O
12,World,ORGANIZATION
12,Health,ORGANIZATION
12,Organization,ORGANIZATION
12,.,O
12,Children,O
12,are,O
12,less,O
12,likely,O
12,to,O
12,develop,O
12,severe,O
12,disease,CAUSE_OF_DEATH
12,from,O
12,COVID,O
12,‐,O
12,19,NUMBER
12,compared,O
12,to,O
12,adults,O
12,.,O
12,although,O
12,the,O
12,reasons,O
12,for,O
12,this,O
12,remain,O
12,unclear,O
12,[,O
12,1,NUMBER
12,],O
12,.,O
12,Despite,O
12,the,O
12,fewer,O
12,number,O
12,of,O
12,cases,O
12,reported,O
12,in,O
12,children,O
12,.,O
12,there,O
12,are,O
12,con,O
12,‐,O
12,cerns,O
12,about,O
12,asymptomatic,O
12,or,O
12,June,DATE
12,2020,DATE
12,Vol.,O
12,10,NUMBER
12,No.,O
12,1,NUMBER
12,011101,NUMBER
12,RE,O
12,‐,O
12,SEARCH,O
12,THEME,O
12,7,NUMBER
12,:,O
12,RAPID,O
12,REVIEWS,O
12,OF,O
12,COVID,O
12,‐,O
12,19,NUMBER
12,EVIDENCE,O
12,Electronic,O
12,supplementary,O
12,material,O
12,:,O
12,OF,O
12,COVID,O
12,‐,O
12,19,NUMBER
12,EVIDENCE,O
12,RESEARCH,O
12,THEME,O
12,7,NUMBER
12,:,O
12,RAPID,O
12,REVIEWS,O
12,Li,PERSON
12,et,O
12,al,O
12,.,O
12,mildly,O
12,symptomatic,O
12,paediatric,O
12,cases,O
12,go,O
12,‐,O
12,ing,O
12,undetected,O
12,and,O
12,unknowingly,O
12,transmitting,O
12,SARS,O
12,‐,O
12,CoV,O
12,‐,O
12,2,NUMBER
12,in,O
12,the,O
12,of,O
12,children,O
12,in,O
12,the,O
12,transmission,O
12,of,O
12,SARS,O
12,‐,O
12,CoV,O
12,‐,O
12,2,NUMBER
12,.,O
12,Literature,O
12,search,O
12,and,O
12,eligibility,O
12,criteria,O
12,We,O
12,searched,O
12,PubMed,O
12,.,O
12,medRxiv,O
12,and,O
12,the,O
12,WHO,O
12,COVID,O
12,‐,O
12,19,NUMBER
12,database,O
12,on,O
12,30,DATE
12,April,DATE
12,2020,DATE
12,with,O
12,entry,O
12,date,O
12,Document,O
12,),O
12,.,O
12,to,O
12,identify,O
12,studies,O
12,that,O
12,investigated,O
12,transmission,O
12,of,O
12,SARS,O
12,‐,O
12,CoV,O
12,‐,O
12,2,NUMBER
12,in,O
12,children,O
12,(,O
12,0,NUMBER
12,‐,O
12,18,DURATION
12,years,DURATION
12,),O
12,or,O
12,predefined,O
12,inclusion,O
12,and,O
12,exclusion,O
12,cri,O
12,‐,O
12,teria,O
12,.,O
12,We,O
12,hand,O
12,‐,O
12,searched,O
12,reference,O
12,lists,O
12,of,O
12,the,O
12,retrieved,O
12,eligible,O
12,publications,O
12,to,O
12,identify,O
12,any,O
12,additional,O
12,relevant,O
12,studies,O
12,.,O
12,In,O
12,par,O
12,‐,O
12,ticular,O
12,.,O
12,we,O
12,included,O
12,1,NUMBER
12,),O
12,studies,O
12,reporting,O
12,documented,O
12,COVID,O
12,‐,O
12,19,NUMBER
12,cases,O
12,transmitted,O
12,by,O
12,SARS,O
12,‐,O
12,CoV,O
12,‐,O
12,2,NUMBER
12,positive,O
12,children,O
12,;,O
12,2,NUMBER
12,),O
12,studies,O
12,presenting,O
12,indirect,O
12,evidence,O
12,on,O
12,the,O
12,potential,O
12,of,O
12,SARS,O
12,‐,O
12,CoV,O
12,‐,O
12,2,NUMBER
12,transmission,O
12,by,O
12,(,O
12,both,O
12,symptomatic,O
12,and,O
12,asymptomatic,O
12,),O
12,children,O
12,;,O
12,children,O
12,infected,O
12,by,O
12,SARS,O
12,‐,O
12,CoV,O
12,‐,O
12,2,NUMBER
12,.,O
12,Conversely,O
12,.,O
12,we,O
12,excluded,O
12,studies,O
12,investigating,O
12,clinical,O
12,features,O
12,and,O
12,/,O
12,or,O
12,We,O
12,restricted,O
12,studies,O
12,to,O
12,those,O
12,reported,O
12,in,O
12,English,NATIONALITY
12,or,O
12,Chinese,NATIONALITY
12,.,O
12,In,O
12,addition,O
12,.,O
12,we,O
12,summarized,O
12,and,O
12,checked,O
12,Data,O
12,extraction,O
12,and,O
12,evidence,O
12,synthesis,O
12,[,O
12,4.5,NUMBER
12,],O
12,;,O
12,six,NUMBER
12,studies,O
12,presenting,O
12,indirect,O
12,evidence,O
12,on,O
12,the,O
12,potential,O
12,of,O
12,SARS,O
12,‐,O
12,CoV,O
12,‐,O
12,2,NUMBER
12,transmission,O
12,by,O
12,children,O
12,June,DATE
12,2020,DATE
12,Vol.,O
12,10,NUMBER
12,No,O
12,.,O
12,1,NUMBER
12,011101,NUMBER
12,(,O
12,ie,O
12,.,O
12,proportion,O
12,of,O
12,children,O
12,infected,O
12,as,O
12,identified,O
12,through,O
12,random,O
12,or,O
12,targeted,O
12,population,O
12,testing,O
12,),O
12,and,O
12,we,O
12,also,O
12,report,O
12,results,O
12,from,O
12,a,O
12,large,O
12,hospital,O
12,‐,O
12,based,O
12,study,O
12,in,O
12,the,O
12,UK,COUNTRY
12,[,O
12,18,NUMBER
12,],O
12,.,O
12,Documented,O
12,cases,O
12,of,O
12,SARS,O
12,‐,O
12,CoV,O
12,‐,O
12,2,NUMBER
12,transmission,O
12,by,O
12,children,O
12,We,O
12,did,O
12,not,O
12,identify,O
12,any,O
12,stud,O
12,‐,O
12,ies,O
12,directly,O
12,addressing,O
12,the,O
12,transmission,O
12,dynamics,O
12,of,O
12,SARS,O
12,‐,O
12,CoV,O
12,‐,O
12,2,NUMBER
12,by,O
12,children,O
12,.,O
12,A,O
12,case,O
12,series,O
12,from,O
12,China,COUNTRY
12,described,O
12,10,NUMBER
12,paediatric,O
12,patients,O
12,admitted,O
12,to,O
12,a,O
12,childrens,O
12,hospital,O
12,in,O
12,China,COUNTRY
12,[,O
12,4,NUMBER
12,],O
12,.,O
12,They,O
12,identified,O
12,one,NUMBER
12,potential,O
12,case,O
12,of,O
12,SARS,O
12,‐,O
12,CoV,O
12,‐,O
12,2,NUMBER
12,transmission,O
12,from,O
12,an,O
12,infant,O
12,to,O
12,parents,O
12,.,O
12,who,O
12,subsequently,O
12,developed,O
12,symptomatic,O
12,COVID,O
12,‐,O
12,19,NUMBER
12,seven,DURATION
12,days,DURATION
12,after,O
12,looking,O
12,after,O
12,the,O
12,infant,O
12,.,O
12,This,O
12,is,O
12,prob,O
12,‐,O
12,ably,O
12,the,O
12,first,ORDINAL
12,piece,O
12,of,O
12,direct,O
12,evidence,O
12,indicating,O
12,children,O
12,as,O
12,a,O
12,source,O
12,of,O
12,adult,O
12,infection,CAUSE_OF_DEATH
12,.,O
12,contacts,O
12,(,O
12,735,NUMBER
12,students,O
12,and,O
12,128,NUMBER
12,staff,O
12,),O
12,of,O
12,18,NUMBER
12,initial,O
12,COVID,O
12,‐,O
12,19,NUMBER
12,cases,O
12,(,O
12,nine,NUMBER
12,students,O
12,and,O
12,nine,NUMBER
12,staff,O
12,),O
12,to,O
12,see,O
12,who,O
12,they,O
12,subsequently,O
12,infected,O
12,.,O
12,They,O
12,found,O
12,that,O
12,two,NUMBER
12,children,O
12,(,O
12,secondary,O
12,cases,O
12,),O
12,may,O
12,have,O
12,contracted,O
12,no,O
12,evidence,O
12,of,O
12,children,O
12,in,O
12,‐,O
12,fecting,O
12,teachers,O
12,or,O
12,staff,O
12,members,O
12,.,O
12,Indirect,O
12,evidence,O
12,of,O
12,the,O
12,po,O
12,‐,O
12,tential,O
12,for,O
12,SARS,O
12,‐,O
12,CoV,O
12,‐,O
12,2,NUMBER
12,transmission,O
12,by,O
12,children,O
12,One,NUMBER
12,study,O
12,as,O
12,‐,O
12,sessed,O
12,environmental,O
12,contamination,O
12,in,O
12,the,O
12,isolation,O
12,room,O
12,of,O
12,an,O
12,infected,O
12,infant,O
12,[,O
12,6,NUMBER
12,],O
12,.,O
12,Although,O
12,this,O
12,infant,O
12,was,O
12,asymptomatic,O
12,.,O
12,na,O
12,‐,O
12,sopharyngeal,O
12,swabs,O
12,confirmed,O
12,COVID,O
12,‐,O
12,19,NUMBER
12,infection,CAUSE_OF_DEATH
12,with,O
12,a,O
12,very,O
12,high,O
12,viral,O
12,load,O
12,.,O
12,The,O
12,presence,O
12,of,O
12,SARS,O
12,‐,O
12,CoV,O
12,‐,O
12,2,NUMBER
12,was,O
12,detected,O
12,on,O
12,the,O
12,sur,O
12,‐,O
12,faces,O
12,exposed,O
12,to,O
12,the,O
12,infant,O
12,(,O
12,eg,O
12,.,O
12,bedding,O
12,.,O
12,this,O
12,study,O
12,indicate,O
12,the,O
12,potential,O
12,risk,O
12,of,O
12,airborne,O
12,transmission,O
12,or,O
12,transmission,O
12,through,O
12,indirect,O
12,contact,O
12,of,O
12,hygiene,O
12,when,O
12,caring,O
12,for,O
12,infants,O
12,with,O
12,COVID,O
12,‐,O
12,19,NUMBER
12,.,O
12,Population,O
12,setting,O
12,.,O
12,patient,O
12,demographics,O
12,.,O
12,clinical,O
12,characteristics,O
12,Primary,O
12,results,O
12,Population,O
12,setting,O
12,:,O
12,Ten,NUMBER
12,patients,O
12,admitted,O
12,to,O
12,a,O
12,childrens,O
12,hospital,O
12,for,O
12,screening,O
12,based,O
12,on,O
12,presenta,O
12,‐,O
12,tion,O
12,with,O
12,acute,O
12,fever,CAUSE_OF_DEATH
12,and,O
12,or,O
12,respiratory,O
12,symptoms,O
12,AND,O
12,an,O
12,epidemi,O
12,‐,O
12,ological,O
12,link,O
12,to,O
12,an,O
12,adult,O
12,case,O
12,/,O
12,exposure,O
12,to,O
12,an,O
12,epidemic,O
12,area,O
12,.,O
12,De,O
12,‐,O
12,mographics,O
12,:,O
12,Age,O
12,:,O
12,3,NUMBER
12,‐,O
12,131,DURATION
12,months,DURATION
12,(,O
12,mean,O
12,:,O
12,74,DURATION
12,months,DURATION
12,),O
12,.,O
12,Gender,O
12,:,O
12,male,O
12,n,O
12,=,O
12,4,NUMBER
12,.,O
12,female,O
12,n,O
12,=,O
12,6,NUMBER
12,.,O
12,Clinical,O
12,characteristics,O
12,:,O
12,Presentation,O
12,:,O
12,Fever,CAUSE_OF_DEATH
12,n,O
12,=,O
12,8,NUMBER
12,(,O
12,80,PERCENT
12,%,PERCENT
12,),O
12,;,O
12,cough,O
12,n,O
12,=,O
12,6,NUMBER
12,(,O
12,60,PERCENT
12,%,PERCENT
12,),O
12,;,O
12,sore,O
12,throat,O
12,n,O
12,=,O
12,4,NUMBER
12,(,O
12,40,PERCENT
12,%,PERCENT
12,),O
12,;,O
12,stuffy,O
12,nose,O
12,n,O
12,=,O
12,3,NUMBER
12,(,O
12,30,PERCENT
12,%,PERCENT
12,),O
12,;,O
12,sneezing,O
12,and,O
12,rhinorrhoea,O
12,n,O
12,=,O
12,2,NUMBER
12,(,O
12,20,PERCENT
12,%,PERCENT
12,),O
12,.,O
12,RNA,O
12,(,O
12,mean,O
12,:,O
12,12,NUMBER
12,d,O
12,),O
12,after,O
12,illness,CAUSE_OF_DEATH
12,onset,O
12,.,O
12,and,O
12,9,NUMBER
12,staff,O
12,),O
12,18,NUMBER
12,individuals,O
12,(,O
12,9,NUMBER
12,students,O
12,and,O
12,9,NUMBER
12,staff,O
12,),O
12,from,O
12,15,NUMBER
12,and,O
12,128,NUMBER
12,staff,O
12,were,O
12,close,O
12,contacts,O
12,of,O
12,these,O
12,initial,O
12,cases,O
12,.,O
12,Confirmed,O
12,transmission,O
12,:,O
12,Transmission,O
12,from,O
12,infected,O
12,infant,O
12,to,O
12,adults,O
12,:,O
12,n,O
12,=,O
12,2,NUMBER
12,.,O
12,3,NUMBER
12,‐,O
12,mo,DURATION
12,‐,O
12,old,O
12,infant,O
12,whose,O
12,two,NUMBER
12,parents,O
12,developed,O
12,symptomatic,O
12,COVID,O
12,‐,O
12,19,NUMBER
12,seven,DURATION
12,days,DURATION
12,after,O
12,looking,O
12,after,O
12,the,O
12,infant,O
12,.,O
12,Source,O
12,of,O
12,infant,O
12,infection,CAUSE_OF_DEATH
12,not,O
12,reported,O
12,.,O
12,Infant,O
12,had,O
12,positive,O
12,nasopharyngeal,O
12,swabs,O
12,for,O
12,8,NUMBER
12,d.,O
12,National,O
12,Centre,O
12,for,O
12,Immunisation,ORGANIZATION
12,Research,ORGANIZATION
12,and,ORGANIZATION
12,Surveillance,ORGANIZATION
12,(,O
12,NCIRS,O
12,),O
12,[,O
12,5,NUMBER
12,],O
12,.,O
12,Australia,COUNTRY
12,De,O
12,‐,O
12,mographics,O
12,:,O
12,Not,O
12,reported,O
12,Clinical,O
12,characteristics,O
12,:,O
12,Not,O
12,reported,O
12,Mean,O
12,time,O
12,to,O
12,transmission,O
12,/,O
12,symptoms,O
12,onset,O
12,:,O
12,Not,O
12,reported,O
12,.,O
12,Parents,O
12,developed,O
12,symptomatic,O
12,COVID,O
12,‐,O
12,19,NUMBER
12,seven,DURATION
12,days,DURATION
12,after,O
12,looking,O
12,after,O
12,the,O
12,infant,O
12,.,O
12,Confirmed,O
12,transmission,O
12,:,O
12,Transmission,O
12,from,O
12,infected,O
12,stu,O
12,‐,O
12,dents,O
12,/,O
12,staff,O
12,to,O
12,students,O
12,:,O
12,n,O
12,=,O
12,2,NUMBER
12,.,O
12,No,O
12,confirmed,O
12,transmission,O
12,from,O
12,students,O
12,to,O
12,staff,O
12,.,O
12,One,NUMBER
12,secondary,O
12,a,O
12,staff,O
12,member,O
12,(,O
12,teacher,TITLE
12,),O
12,who,O
12,was,O
12,a,O
12,case,O
12,.,O
12,Mean,O
12,time,O
12,to,O
12,transmission,O
12,/,O
12,symptoms,O
12,onset,O
12,:,O
12,One,NUMBER
12,of,O
12,them,O
12,was,O
12,diagnosed,O
12,by,O
12,nose,O
12,/,O
12,throat,O
12,swab,O
12,testing,O
12,5,NUMBER
12,‐,O
12,10,DURATION
12,days,DURATION
12,after,O
12,the,O
12,last,O
12,contact,O
12,and,O
12,one,NUMBER
12,had,O
12,a,O
12,positive,O
12,antibody,O
12,test,O
12,4,DURATION
12,weeks,DURATION
12,after,O
12,their,O
12,exposure,O
12,.,O
12,June,DATE
12,2020,DATE
12,Vol.,O
12,10,NUMBER
12,No.,O
12,1,NUMBER
12,011101,NUMBER
12,RESEARCH,O
12,THEME,O
12,7,NUMBER
12,:,O
12,RAPID,O
12,REVIEWS,O
12,OF,O
12,COVID,O
12,‐,O
12,19,NUMBER
12,EVIDENCE,O
12,Children,O
12,and,O
12,transmission,O
12,of,O
12,SARS,O
12,‐,O
12,CoV,O
12,‐,O
12,2,NUMBER
12,OF,O
12,COVID,O
12,‐,O
12,19,NUMBER
12,EVIDENCE,O
12,RESEARCH,O
12,THEME,O
12,7,NUMBER
12,:,O
12,RAPID,O
12,RE,O
12,‐,O
12,VIEWS,O
12,Li,O
12,et,O
12,al,O
12,.,O
12,Yung,PERSON
12,[,O
12,6,NUMBER
12,],O
12,.,O
12,Singapore,ORGANIZATION
12,Service,ORGANIZATION
12,.,O
12,KK,LOCATION
12,Women,O
12,’s,O
12,and,O
12,Children,O
12,’s,O
12,Population,O
12,setting,O
12,:,O
12,A,O
12,6,DURATION
12,month,DURATION
12,‐,O
12,old,O
12,infant,O
12,was,O
12,admitted,O
12,for,O
12,isolation,O
12,because,O
12,both,O
12,parents,O
12,tested,O
12,positive,O
12,for,O
12,COVID,O
12,‐,O
12,19,NUMBER
12,.,O
12,On,O
12,admission,O
12,.,O
12,infant,O
12,was,O
12,asymptomatic,O
12,.,O
12,but,O
12,nasopharyngeal,O
12,swabs,O
12,confirmed,O
12,COVID,O
12,‐,O
12,19,NUMBER
12,infection,CAUSE_OF_DEATH
12,with,O
12,very,O
12,high,O
12,viral,O
12,load,O
12,.,O
12,Con,O
12,‐,O
12,firmed,O
12,transmission,O
12,:,O
12,On,O
12,day,DURATION
12,2,NUMBER
12,of,O
12,admission,O
12,.,O
12,the,O
12,infant,O
12,’s,O
12,isola,O
12,‐,O
12,tion,O
12,environment,O
12,and,O
12,the,O
12,personal,O
12,protective,O
12,equipment,O
12,(,O
12,PPE,O
12,),O
12,of,O
12,a,O
12,health,O
12,care,O
12,worker,O
12,(,O
12,HCW,O
12,),O
12,who,O
12,was,O
12,looking,O
12,after,O
12,the,O
12,infant,O
12,were,O
12,sampled,O
12,.,O
12,For,O
12,the,O
12,infant,O
12,.,O
12,Ct,O
12,values,O
12,on,O
12,real,O
12,‐,O
12,time,O
12,PCR,O
12,for,O
12,the,O
12,N,O
12,gene,O
12,and,O
12,Orf1ab,O
12,gene,O
12,were,O
12,18.8,NUMBER
12,and,O
12,18.6,NUMBER
12,.,O
12,respectively,O
12,.,O
12,while,O
12,urine,O
12,and,O
12,stool,O
12,samples,O
12,remained,O
12,m,NUMBER
12,away,O
12,(,O
12,all,O
12,3,NUMBER
12,environment,O
12,sam,O
12,‐,O
12,ples,O
12,),O
12,were,O
12,found,O
12,to,O
12,be,O
12,positive,O
12,for,O
12,SARS,O
12,‐,O
12,CoV,O
12,‐,O
12,2,NUMBER
12,.,O
12,The,O
12,SARS,O
12,‐,O
12,CoV,O
12,‐,O
12,2,NUMBER
12,RdRp,O
12,28.7,NUMBER
12,.,O
12,33.3,NUMBER
12,.,O
12,and,O
12,29.7,NUMBER
12,.,O
12,respectively,O
12,.,O
12,For,O
12,all,O
12,3,NUMBER
12,samples,O
12,from,O
12,the,O
12,HCWs,O
12,.,O
12,PPE,O
12,were,O
12,found,O
12,to,O
12,be,O
12,negative,O
12,for,O
12,Demographics,O
12,:,O
12,Age,O
12,:,O
12,6,NUMBER
12,months,DURATION
12,.,O
12,Gender,O
12,:,O
12,NA,O
12,In,O
12,summary,O
12,.,O
12,a,O
12,generally,O
12,well,O
12,infant,O
12,with,O
12,COVID,O
12,‐,O
12,19,NUMBER
12,Clinical,O
12,characteristics,O
12,:,O
12,The,O
12,cycle,O
12,threshold,O
12,(,O
12,Ct,O
12,),O
12,val,O
12,‐,O
12,ues,O
12,can,O
12,contaminate,O
12,the,O
12,environment,O
12,with,O
12,PCR,O
12,‐,O
12,detectfor,O
12,N,O
12,gene,O
12,and,O
12,Orf1ab,O
12,gene,O
12,polymerase,O
12,chain,O
12,reaction,O
12,able,O
12,virus,O
12,.,O
12,Despite,O
12,close,O
12,physical,O
12,contact,O
12,with,O
12,the,O
12,(,O
12,PCR,O
12,),O
12,assay,O
12,were,O
12,15.6,NUMBER
12,and,O
12,13.7,NUMBER
12,.,O
12,respec,O
12,‐,O
12,tively,O
12,.,O
12,on,O
12,the,DATE
12,day,DATE
12,infant,O
12,during,O
12,feeding,O
12,.,O
12,the,O
12,evidence,O
12,of,O
12,SARS,O
12,‐,O
12,CoV,O
12,‐,O
12,2,NUMBER
12,on,O
12,the,O
12,gown,O
12,of,O
12,the,O
12,HCW,O
12,was,O
12,not,O
12,found,O
12,.,O
12,of,O
12,admission,O
12,.,O
12,Xu,PERSON
12,[,O
12,7,NUMBER
12,],O
12,.,O
12,China,COUNTRY
12,(,O
12,Guangzhou,CITY
12,.,O
12,Guangdong,STATE_OR_PROVINCE
12,Province,LOCATION
12,),O
12,.,O
12,Single,O
12,‐,O
12,center,O
12,Popula,LOCATION
12,‐,O
12,tion,O
12,setting,O
12,:,O
12,Between,O
12,22,DATE
12,January,DATE
12,2020,DATE
12,and,O
12,20,DATE
12,February,DATE
12,2020,DATE
12,.,O
12,745,NUMBER
12,highly,O
12,suspected,O
12,children,O
12,were,O
12,screened,O
12,by,O
12,real,O
12,‐,O
12,time,O
12,RTPCR,O
12,using,O
12,nasopharyngeal,O
12,swabs,O
12,to,O
12,detect,O
12,people,O
12,with,O
12,SARS,O
12,‐,O
12,CoV,O
12,‐,O
12,2,NUMBER
12,infection,CAUSE_OF_DEATH
12,.,O
12,10,NUMBER
12,children,O
12,tested,O
12,positive,O
12,and,O
12,were,O
12,admitted,O
12,to,O
12,Guangzhou,CITY
12,Women,O
12,and,O
12,Childrens,O
12,Medical,O
12,Centre,O
12,.,O
12,Ma,O
12,[,O
12,8,NUMBER
12,],O
12,.,O
12,China,COUNTRY
12,Province,LOCATION
12,),O
12,.,O
12,case,O
12,se,O
12,‐,O
12,ries,O
12,Population,O
12,setting,O
12,:,O
12,The,O
12,study,O
12,found,O
12,8,NUMBER
12,of,O
12,27,NUMBER
12,(,O
12,29.6,PERCENT
12,%,PERCENT
12,),O
12,Trans,O
12,‐,O
12,mission,O
12,route,O
12,:,O
12,All,O
12,6,NUMBER
12,children,O
12,had,O
12,close,O
12,conpatients,O
12,.,O
12,all,O
12,of,O
12,whom,O
12,were,O
12,diagnosed,O
12,with,O
12,mild,O
12,to,O
12,mod,O
12,‐,O
12,tact,O
12,with,O
12,infected,O
12,family,O
12,mem,O
12,‐,O
12,bers,O
12,.,O
12,erate,O
12,infection,CAUSE_OF_DEATH
12,and,O
12,discharged,O
12,12,DATE
12,weeks,DATE
12,ago,DATE
12,.,O
12,showed,O
12,posi,O
12,‐,O
12,tive,O
12,PCR,O
12,results,O
12,in,O
12,their,O
12,stool,O
12,but,O
12,negative,O
12,results,O
12,in,O
12,their,O
12,respiratory,O
12,specimens,O
12,.,O
12,Six,NUMBER
12,(,O
12,75,PERCENT
12,%,PERCENT
12,),O
12,of,O
12,these,O
12,8,NUMBER
12,patients,O
12,were,O
12,chil,O
12,‐,O
12,dren,O
12,.,O
12,Transmission,O
12,route,O
12,:,O
12,Four,NUMBER
12,of,O
12,them,O
12,had,O
12,definite,O
12,contact,O
12,his,O
12,‐,O
12,tory,O
12,with,O
12,a,O
12,confirmed,O
12,patient,O
12,.,O
12,seven,NUMBER
12,were,O
12,from,O
12,families,O
12,with,O
12,a,O
12,cluster,O
12,of,O
12,infection,CAUSE_OF_DEATH
12,and,O
12,7,NUMBER
12,had,O
12,travel,O
12,history,O
12,to,O
12,epidemic,O
12,areas,O
12,in,O
12,Hubei,STATE_OR_PROVINCE
12,Province,LOCATION
12,2,DURATION
12,weeks,DURATION
12,before,O
12,the,O
12,onset,O
12,of,O
12,infection,CAUSE_OF_DEATH
12,.,O
12,Demo,O
12,‐,O
12,graphics,O
12,:,O
12,Age,O
12,:,O
12,2,NUMBER
12,‐,O
12,188,DURATION
12,months,DURATION
12,(,O
12,mean,O
12,:,O
12,90.5,DURATION
12,months,DURATION
12,),O
12,.,O
12,Faecal,O
12,viral,O
12,shedding,O
12,:,O
12,Positive,O
12,real,O
12,‐,O
12,time,O
12,RTPCR,O
12,Gender,O
12,:,O
12,male,O
12,n,O
12,=,O
12,6,NUMBER
12,.,O
12,female,O
12,n,O
12,=,O
12,4,NUMBER
12,n,O
12,=,O
12,2,NUMBER
12,(,O
12,20,PERCENT
12,%,PERCENT
12,),O
12,;,O
12,diarrhoea,CAUSE_OF_DEATH
12,n,O
12,=,O
12,3,NUMBER
12,(,O
12,30,PERCENT
12,%,PERCENT
12,),O
12,;,O
12,more,O
12,than,O
12,one,NUMBER
12,sign,O
12,the,O
12,gas,O
12,‐,O
12,trointestinal,O
12,tract,O
12,may,O
12,shed,O
12,virus,O
12,and,O
12,faeco,O
12,oral,O
12,transmission,O
12,may,O
12,be,O
12,possible,O
12,.,O
12,Demographics,O
12,:,O
12,Age,O
12,:,O
12,11,NUMBER
12,‐,O
12,108,DURATION
12,months,DURATION
12,(,O
12,mean,O
12,:,O
12,55.8,NUMBER
12,Faecal,O
12,viral,O
12,shedding,O
12,:,O
12,SARS,O
12,‐,O
12,CoV,O
12,‐,O
12,2,NUMBER
12,can,O
12,be,O
12,shed,O
12,in,O
12,months,DURATION
12,),O
12,.,O
12,Gender,O
12,:,O
12,male,O
12,n,O
12,=,O
12,2,NUMBER
12,.,O
12,female,O
12,n,O
12,=,O
12,4,NUMBER
12,the,O
12,stool,O
12,of,O
12,patients,O
12,in,O
12,the,O
12,recovery,O
12,phase,O
12,.,O
12,Children,O
12,Clinical,O
12,characteristics,O
12,:,O
12,Presentation,O
12,:,O
12,fever,CAUSE_OF_DEATH
12,n,O
12,=,O
12,2,NUMBER
12,(,O
12,33.3,PERCENT
12,%,PERCENT
12,),O
12,show,O
12,a,O
12,longer,O
12,shedding,O
12,time,O
12,than,O
12,adults,O
12,.,O
12,Xing,PERSON
12,[,O
12,9,NUMBER
12,],O
12,.,O
12,China,COUNTRY
12,Province,LOCATION
12,),O
12,.,O
12,case,O
12,series,O
12,Population,O
12,setting,O
12,:,O
12,From,O
12,January,DATE
12,17,DATE
12,.,O
12,2020,DATE
12,to,O
12,February,DATE
12,23,DATE
12,.,DATE
12,2020,DATE
12,.,O
12,three,NUMBER
12,paediatric,O
12,cases,O
12,of,O
12,COVID,O
12,‐,O
12,19,NUMBER
12,were,O
12,reported,O
12,in,O
12,Qingdao,CITY
12,.,O
12,Shandong,STATE_OR_PROVINCE
12,Province,LOCATION
12,.,O
12,China,COUNTRY
12,.,O
12,Epidemiologi,O
12,‐,O
12,cal,O
12,.,O
12,clinical,O
12,.,O
12,laboratory,O
12,.,O
12,and,O
12,radiological,O
12,characteristics,O
12,and,O
12,treatment,O
12,data,O
12,were,O
12,collected,O
12,.,O
12,Patients,O
12,were,O
12,followed,O
12,up,O
12,to,O
12,March,DATE
12,10,NUMBER
12,.,O
12,2020,DATE
12,.,O
12,and,O
12,dynamic,O
12,profiles,O
12,of,O
12,nucleic,O
12,acid,O
12,testing,O
12,results,O
12,in,O
12,throat,O
12,swabs,O
12,and,O
12,faecal,O
12,specimens,O
12,were,O
12,closely,O
12,monitored,O
12,.,O
12,Trans,MISC
12,‐,O
12,mission,O
12,route,O
12,:,O
12,None,O
12,of,O
12,these,O
12,children,O
12,had,O
12,travel,O
12,history,O
12,outside,O
12,of,O
12,Qingdao,CITY
12,one,DURATION
12,month,DURATION
12,before,O
12,onset,O
12,of,O
12,the,O
12,disease,CAUSE_OF_DEATH
12,.,O
12,All,O
12,three,NUMBER
12,chil,O
12,‐,O
12,dren,O
12,were,O
12,infected,O
12,because,O
12,of,O
12,close,O
12,contact,O
12,with,O
12,infected,O
12,family,O
12,members,O
12,.,O
12,There,O
12,was,O
12,no,O
12,evidence,O
12,showing,O
12,the,O
12,virus,O
12,was,O
12,transmitted,O
12,from,O
12,the,O
12,children,O
12,to,O
12,others,O
12,.,O
12,Demographics,O
12,:,O
12,Case,O
12,1,NUMBER
12,:,O
12,age,O
12,:,O
12,1.5,NUMBER
12,years,DURATION
12,;,O
12,gender,O
12,:,O
12,male,O
12,.,O
12,Case,O
12,Faecal,O
12,viral,O
12,shedding,O
12,:,O
12,Case,O
12,1,NUMBER
12,and,O
12,2,NUMBER
12,:,O
12,RT,O
12,‐,O
12,PCR,O
12,re2,O
12,:,O
12,age,O
12,:,O
12,5,DURATION
12,years,DURATION
12,;,O
12,gender,O
12,:,O
12,male,O
12,.,O
12,Case,O
12,3,NUMBER
12,:,O
12,age,O
12,:,O
12,6,DURATION
12,years,DURATION
12,;,O
12,gen,O
12,‐,O
12,der,O
12,:,O
12,sults,O
12,remained,O
12,positive,O
12,in,O
12,stools,O
12,of,O
12,the,O
12,two,NUMBER
12,children,O
12,for,O
12,8,NUMBER
12,and,O
12,20,NUMBER
12,d,O
12,.,O
12,respectively,O
12,.,O
12,after,O
12,nucleic,O
12,acid,O
12,turnClinical,O
12,charac,O
12,‐,O
12,teristics,O
12,:,O
12,Presentation,O
12,:,O
12,fever,CAUSE_OF_DEATH
12,n,O
12,=,O
12,3,NUMBER
12,(,O
12,100,PERCENT
12,%,PERCENT
12,),O
12,;,O
12,ing,O
12,negative,O
12,in,O
12,res,O
12,‐,O
12,piratory,O
12,samples,O
12,.,O
12,Case,O
12,3,NUMBER
12,:,O
12,Clearcough,O
12,n,O
12,=,O
12,1,NUMBER
12,(,O
12,33.3,PERCENT
12,%,PERCENT
12,),O
12,;,O
12,stuffy,O
12,nose,O
12,n,O
12,=,O
12,1,NUMBER
12,(,O
12,33.3,PERCENT
12,%,PERCENT
12,),O
12,;,O
12,abdominal,O
12,ance,O
12,of,O
12,SARS,O
12,‐,O
12,CoV,O
12,‐,O
12,2,NUMBER
12,in,O
12,stool,O
12,samples,O
12,oc,O
12,‐,O
12,curred,O
12,20,DURATION
12,days,DURATION
12,after,O
12,viral,O
12,RNA,MISC
12,in,O
12,respiratory,O
12,specimens,O
12,turnpain,O
12,n,O
12,=,O
12,1,NUMBER
12,(,O
12,33.3,PERCENT
12,%,PERCENT
12,),O
12,;,O
12,diarrhea,O
12,n,O
12,=,O
12,1,NUMBER
12,(,O
12,33.3,PERCENT
12,%,PERCENT
12,),O
12,ing,O
12,negative,O
12,.,O
12,June,DATE
12,2020,DATE
12,Vol.,O
12,10,NUMBER
12,No.,O
12,1,NUMBER
12,011101,NUMBER
12,Terry,PERSON
12,[,O
12,10,NUMBER
12,],O
12,.,O
12,Germany,COUNTRY
12,(,O
12,Berlin,CITY
12,),O
12,.,O
12,Retrospective,O
12,study,O
12,Population,O
12,setting,O
12,:,O
12,From,O
12,January,DATE
12,to,O
12,26,DATE
12,April,DATE
12,2020,DATE
12,.,O
12,virology,O
12,laboratories,O
12,at,O
12,Charite,ORGANIZATION
12,and,O
12,Labor,LOCATION
12,Berlin,CITY
12,screened,O
12,59,NUMBER
12,831,NUMBER
12,patients,O
12,for,O
12,COVID,O
12,‐,O
12,19,NUMBER
12,infection,CAUSE_OF_DEATH
12,.,O
12,3712,NUMBER
12,(,O
12,6.2,PERCENT
12,%,PERCENT
12,),O
12,with,O
12,a,O
12,positive,O
12,real,O
12,‐,O
12,time,O
12,RT,O
12,‐,O
12,PCR,O
12,result,O
12,.,O
12,Patients,O
12,were,O
12,divided,O
12,according,O
12,to,O
12,two,NUMBER
12,categoriza,O
12,‐,O
12,tions,O
12,to,O
12,investigate,O
12,whether,O
12,there,O
12,is,O
12,a,O
12,relationship,O
12,between,O
12,pa,O
12,‐,O
12,tient,O
12,age,O
12,and,O
12,viral,O
12,load,O
12,.,O
12,The,O
12,first,ORDINAL
12,categorization,O
12,is,O
12,based,O
12,on,O
12,ten,NUMBER
12,‐,O
12,year,DURATION
12,brackets,O
12,.,O
12,The,O
12,second,ORDINAL
12,categorization,O
12,is,O
12,based,O
12,on,O
12,broad,O
12,adult,O
12,(,O
12,26,NUMBER
12,‐,O
12,45,NUMBER
12,),O
12,.,O
12,and,O
12,mature,O
12,(,O
12,age,O
12,over,O
12,45,NUMBER
12,),O
12,.,O
12,Demographics,O
12,:,O
12,Kinder,O
12,‐,O
12,garten,O
12,(,O
12,ages,O
12,0,NUMBER
12,‐,O
12,6,NUMBER
12,),O
12,:,O
12,n,O
12,=,O
12,1759,DATE
12,),O
12,;,O
12,(,O
12,ages,O
12,26,NUMBER
12,‐,O
12,45,NUMBER
12,),O
12,:,O
12,n,O
12,=,O
12,23,NUMBER
12,665,NUMBER
12,;,O
12,Mature,O
12,(,O
12,age,O
12,over,O
12,45,NUMBER
12,),O
12,:,O
12,n,O
12,=,O
12,27,NUMBER
12,407,NUMBER
12,Clinical,O
12,characteristics,O
12,:,O
12,Positive,O
12,PCR,O
12,counts,O
12,and,O
12,percentages,O
12,.,O
12,Kindergarten,O
12,(,O
12,ages,O
12,0,NUMBER
12,‐,O
12,6,NUMBER
12,),O
12,:,O
12,n,O
12,=,O
12,37,NUMBER
12,(,O
12,2.10,PERCENT
12,%,PERCENT
12,),O
12,;,O
12,Grade,O
12,(,O
12,5.82,PERCENT
12,%,PERCENT
12,),O
12,;,O
12,Adult,O
12,(,O
12,ages,O
12,26,NUMBER
12,‐,O
12,45,NUMBER
12,),O
12,:,O
12,n,O
12,=,O
12,1247,DATE
12,(,O
12,5.27,PERCENT
12,%,PERCENT
12,),O
12,;,O
12,Mature,O
12,(,O
12,age,O
12,over,O
12,45,NUMBER
12,),O
12,:,O
12,n,O
12,=,O
12,2071,DATE
12,(,O
12,7.56,PERCENT
12,%,PERCENT
12,),O
12,Population,O
12,setting,O
12,:,O
12,Nationwide,O
12,case,O
12,series,O
12,of,O
12,2135,DATE
12,paeDong,O
12,[,O
12,3,NUMBER
12,],O
12,.,O
12,China,COUNTRY
12,(,O
12,nationwide,O
12,),O
12,.,O
12,Retro,O
12,‐,O
12,diatric,O
12,patients,O
12,with,O
12,COVID,O
12,‐,O
12,19,NUMBER
12,reported,O
12,to,O
12,the,O
12,Chinese,NATIONALITY
12,were,O
12,728,NUMBER
12,(,O
12,34.1,PERCENT
12,%,PERCENT
12,),O
12,laboratory,O
12,‐,O
12,confirmed,O
12,cases,O
12,and,O
12,1407,DATE
12,(,O
12,65.9,PERCENT
12,%,PERCENT
12,),O
12,suspected,O
12,cases,O
12,.,O
12,De,O
12,‐,O
12,mographics,O
12,:,O
12,Age,O
12,:,O
12,1,NUMBER
12,day18,O
12,years,DURATION
12,(,O
12,mean,O
12,:,O
12,7,DURATION
12,years,DURATION
12,),O
12,;,O
12,Gender,O
12,:,O
12,male,O
12,n,O
12,=,O
12,1208,DATE
12,(,O
12,56.6,PERCENT
12,%,PERCENT
12,),O
12,.,O
12,female,O
12,n,O
12,=,O
12,927,NUMBER
12,(,O
12,43.4,PERCENT
12,%,PERCENT
12,),O
12,Clinical,O
12,characteristics,O
12,:,O
12,Regarding,O
12,the,O
12,severity,O
12,(,O
12,including,O
12,both,O
12,confirmed,O
12,and,O
12,suspected,O
12,cases,O
12,),O
12,.,O
12,94,NUMBER
12,(,O
12,4.4,PERCENT
12,%,PERCENT
12,),O
12,.,O
12,1088,DATE
12,(,O
12,51.0,PERCENT
12,%,PERCENT
12,),O
12,.,O
12,and,O
12,826,NUMBER
12,(,O
12,38.7,PERCENT
12,%,PERCENT
12,),O
12,cases,O
12,were,O
12,diag,O
12,‐,O
12,nosed,O
12,as,O
12,asymptomatic,O
12,.,O
12,mild,O
12,.,O
12,or,O
12,moderate,O
12,.,O
12,respectively,O
12,;,O
12,account,O
12,‐,O
12,ing,O
12,for,O
12,94.1,PERCENT
12,%,PERCENT
12,of,O
12,all,O
12,cases,O
12,.,O
12,However,O
12,.,O
12,the,O
12,proportion,O
12,of,O
12,severe,O
12,and,O
12,critical,O
12,cases,O
12,was,O
12,10.6,PERCENT
12,%,PERCENT
12,.,O
12,7.3,PERCENT
12,%,PERCENT
12,.,O
12,4.2,PERCENT
12,%,PERCENT
12,.,O
12,4.1,PERCENT
12,%,PERCENT
12,.,O
12,and,O
12,3.0,PERCENT
12,%,PERCENT
12,for,O
12,the,O
12,age,O
12,groups,O
12,.,O
12,1,NUMBER
12,.,O
12,1,NUMBER
12,to,O
12,5,NUMBER
12,.,O
12,6,NUMBER
12,to,O
12,10,NUMBER
12,.,O
12,11,NUMBER
12,to,O
12,15,NUMBER
12,.,O
12,and,O
12,over,O
12,15,DURATION
12,years,DURATION
12,.,O
12,respec,O
12,‐,O
12,tively,O
12,.,O
12,These,O
12,results,O
12,suggest,O
12,that,O
12,young,O
12,children,O
12,.,O
12,particularly,O
12,infants,O
12,.,O
12,were,O
12,vulnerable,O
12,to,O
12,SARS,O
12,‐,O
12,CoV,O
12,‐,O
12,2,NUMBER
12,infection,CAUSE_OF_DEATH
12,.,O
12,Viral,O
12,load,O
12,distribution,O
12,:,O
12,Kindergarten,O
12,(,O
12,ages,O
12,0,NUMBER
12,‐,O
12,6,NUMBER
12,),O
12,:,O
12,Adult,O
12,(,O
12,ages,O
12,26,NUMBER
12,‐,O
12,4,NUMBER
12,5,NUMBER
12,),O
12,:,O
12,n,O
12,=,O
12,1247,DATE
12,(,O
12,mean,O
12,:,O
12,5.23,NUMBER
12,;,O
12,SD,STATE_OR_PROVINCE
12,:,O
12,1.87,NUMBER
12,),O
12,;,O
12,Mature,O
12,(,O
12,age,O
12,over,O
12,45,NUMBER
12,),O
12,:,O
12,n,O
12,=,O
12,2071,DATE
12,(,O
12,mean,O
12,:,O
12,5.28,NUMBER
12,;,O
12,SD,STATE_OR_PROVINCE
12,:,O
12,1.95,NUMBER
12,),O
12,.,O
12,The,O
12,study,O
12,found,O
12,no,O
12,significant,O
12,differences,O
12,in,O
12,viral,O
12,load,O
12,exists,O
12,between,O
12,different,O
12,age,O
12,subgroups,O
12,.,O
12,However,O
12,.,O
12,there,O
12,were,O
12,smaller,O
12,sample,O
12,sizes,O
12,in,O
12,the,O
12,paediatric,O
12,age,O
12,groups,O
12,.,O
12,Transmission,O
12,route,O
12,:,O
12,Approximately,O
12,half,O
12,of,O
12,the,O
12,patients,O
12,were,O
12,from,O
12,Hubei,STATE_OR_PROVINCE
12,province,O
12,(,O
12,981,NUMBER
12,;,O
12,46.0,PERCENT
12,%,PERCENT
12,),O
12,.,O
12,whereas,O
12,396,NUMBER
12,(,O
12,18.5,PERCENT
12,%,PERCENT
12,),O
12,case,O
12,patients,O
12,were,O
12,from,O
12,Anhui,STATE_OR_PROVINCE
12,.,O
12,Henan,STATE_OR_PROVINCE
12,.,O
12,Hunan,STATE_OR_PROVINCE
12,.,O
12,Jiangxi,STATE_OR_PROVINCE
12,.,O
12,Shanxi,STATE_OR_PROVINCE
12,and,O
12,Chongqing,CITY
12,.,O
12,which,O
12,border,O
12,Hubei,STATE_OR_PROVINCE
12,province,LOCATION
12,.,O
12,In,O
12,the,O
12,spatial,O
12,distribution,O
12,.,O
12,there,O
12,was,O
12,a,O
12,clear,O
12,trend,O
12,that,O
12,disease,CAUSE_OF_DEATH
12,spread,O
12,rapidly,O
12,from,O
12,Hubei,STATE_OR_PROVINCE
12,province,LOCATION
12,to,O
12,surrounding,O
12,provinces,O
12,and,O
12,cities,O
12,over,O
12,time,O
12,.,O
12,There,O
12,were,O
12,more,O
12,children,O
12,infected,O
12,in,O
12,the,O
12,areas,O
12,around,O
12,Hubei,STATE_OR_PROVINCE
12,province,O
12,than,O
12,in,O
12,ar,O
12,‐,O
12,eas,O
12,farther,O
12,away,O
12,except,O
12,for,O
12,Heilongjiang,LOCATION
12,province,LOCATION
12,.,O
12,This,O
12,study,O
12,provided,O
12,strong,O
12,evidence,O
12,at,O
12,the,O
12,start,O
12,of,O
12,the,O
12,outbreak,O
12,of,O
12,human,O
12,‐,O
12,to,O
12,‐,O
12,human,O
12,At,O
12,least,O
12,three,NUMBER
12,studies,O
12,have,O
12,shown,O
12,that,O
12,children,O
12,show,O
12,prolonged,O
12,faecal,O
12,shedding,O
12,compared,O
12,to,O
12,adults,O
12,(,O
12,and,O
12,well,O
12,after,O
12,na,O
12,‐,O
12,sopharyngeal,O
12,swabs,O
12,turned,O
12,negative,O
12,.,O
12,The,O
12,researchers,O
12,of,O
12,one,NUMBER
12,study,O
12,also,O
12,found,O
12,that,O
12,the,O
12,viral,O
12,load,O
12,of,O
12,SARS,O
12,‐,O
12,CoV,O
12,‐,O
12,2,NUMBER
12,in,O
12,the,O
12,gastroin,O
12,‐,O
12,testinal,O
12,tract,O
12,was,O
12,greater,O
12,and,O
12,lasted,O
12,longer,O
12,than,O
12,that,O
12,in,O
12,the,O
12,respiratory,O
12,system,O
12,[,O
12,9,NUMBER
12,],O
12,.,O
12,These,O
12,findings,O
12,lead,O
12,to,O
12,concerns,O
12,about,O
12,the,O
12,potential,O
12,for,O
12,faeco,O
12,‐,O
12,oral,O
12,transmission,O
12,of,O
12,SARSCoV,O
12,‐,O
12,2,NUMBER
12,.,O
12,particularly,O
12,in,O
12,infants,O
12,and,O
12,children,O
12,who,O
12,are,O
12,not,O
12,toilet,O
12,‐,O
12,trained,O
12,and,O
12,who,O
12,have,O
12,poorer,O
12,hand,O
12,hygiene,O
12,.,O
12,A,O
12,study,O
12,of,O
12,3712,NUMBER
12,COVID,O
12,‐,O
12,19,NUMBER
12,patients,O
12,analysed,O
12,the,O
12,variance,O
12,of,O
12,viral,O
12,loads,O
12,in,O
12,patients,O
12,of,O
12,different,O
12,age,O
12,cate,O
12,‐,O
12,gories,O
12,[,O
12,10,NUMBER
12,],O
12,.,O
12,They,O
12,initially,O
12,reported,O
12,a,O
12,similar,O
12,viral,O
12,load,O
12,in,O
12,children,O
12,as,O
12,in,O
12,adults,O
12,[,O
12,10,NUMBER
12,],O
12,.,O
12,however,O
12,.,O
12,re,O
12,‐,O
12,analysis,O
12,of,O
12,these,O
12,data,O
12,show,O
12,that,O
12,young,O
12,children,O
12,(,O
12,<,O
12,10,DURATION
12,years,DURATION
12,old,DURATION
12,),O
12,had,O
12,statistically,O
12,sig,O
12,‐,O
12,nificant,O
12,lower,O
12,viral,O
12,load,O
12,[,O
12,19,NUMBER
12,],O
12,.,O
12,It,O
12,is,O
12,estimated,O
12,that,O
12,the,O
12,propor,O
12,‐,O
12,tion,O
12,of,O
12,infected,O
12,children,O
12,with,O
12,latent,O
12,asymptomatic,O
12,or,O
12,with,O
12,mild,O
12,symptoms,O
12,of,O
12,respiratory,O
12,illness,CAUSE_OF_DEATH
12,is,O
12,higher,O
12,than,O
12,in,O
12,adults,O
12,.,O
12,which,O
12,highlights,O
12,the,O
12,possibility,O
12,that,O
12,children,O
12,and,O
12,young,O
12,adolescents,O
12,may,O
12,be,O
12,potential,O
12,sources,O
12,of,O
12,undetected,O
12,community,O
12,transmission,O
12,[,O
12,3,NUMBER
12,],O
12,.,O
12,A,O
12,nationwide,O
12,case,O
12,‐,O
12,series,O
12,of,O
12,2135,DATE
12,paediatric,O
12,patients,O
12,with,O
12,COVID,O
12,‐,O
12,19,NUMBER
12,reported,O
12,to,O
12,the,O
12,Chinese,NATIONALITY
12,Centre,O
12,for,O
12,Disease,CAUSE_OF_DEATH
12,Control,O
12,and,O
12,Prevention,O
12,found,O
12,that,O
12,more,O
12,than,O
12,90,PERCENT
12,%,PERCENT
12,had,O
12,asymptomatic,O
12,(,O
12,4,PERCENT
12,%,PERCENT
12,),O
12,.,O
12,mild,O
12,(,O
12,50.9,PERCENT
12,%,PERCENT
12,),O
12,.,O
12,or,O
12,moderate,O
12,(,O
12,38.8,PERCENT
12,%,PERCENT
12,),O
12,symptoms,O
12,[,O
12,3,NUMBER
12,],O
12,.,O
12,This,O
12,is,O
12,a,O
12,hospital,O
12,‐,O
12,based,O
12,study,O
12,.,O
12,which,O
12,may,O
12,underestimate,O
12,the,O
12,true,O
12,rate,O
12,of,O
12,asympto,O
12,‐,O
12,matic,O
12,infection,CAUSE_OF_DEATH
12,.,O
12,since,O
12,many,O
12,asymptomatic,O
12,children,O
12,are,O
12,unlikely,O
12,to,O
12,be,O
12,hospitalised,O
12,or,O
12,tested,O
12,[,O
12,3,NUMBER
12,],O
12,.,O
12,While,O
12,there,O
12,are,O
12,studies,O
12,describing,O
12,the,O
12,infective,O
12,potential,O
12,of,O
12,asymptomatic,O
12,adult,O
12,cases,O
12,[,O
12,20.21,NUMBER
12,],O
12,.,O
12,few,O
12,describe,O
12,this,O
12,in,O
12,children,O
12,.,O
12,June,DATE
12,2020,DATE
12,Vol.,O
12,10,NUMBER
12,No.,O
12,1,NUMBER
12,011101,NUMBER
12,RE,O
12,‐,O
12,SEARCH,O
12,THEME,O
12,7,NUMBER
12,:,O
12,RAPID,O
12,REVIEWS,O
12,OF,O
12,COVID,O
12,‐,O
12,19,NUMBER
12,EVIDENCE,O
12,Children,O
12,and,O
12,transmission,O
12,of,O
12,SARS,O
12,‐,O
12,CoV,O
12,‐,O
12,2,NUMBER
12,OF,O
12,COVID,O
12,‐,O
12,19,NUMBER
12,EVIDENCE,O
12,RESEARCH,O
12,THEME,O
12,7,NUMBER
12,:,O
12,RAPID,O
12,REVIEWS,O
12,Li,PERSON
12,et,O
12,al,O
12,.,O
12,an,O
12,outbreak,O
12,of,O
12,COVID,O
12,‐,O
12,19,NUMBER
12,[,O
12,5,NUMBER
12,],O
12,.,O
12,They,O
12,found,O
12,that,O
12,40.9,PERCENT
12,%,PERCENT
12,of,O
12,pupils,O
12,and,O
12,staff,O
12,(,O
12,with,O
12,no,O
12,significant,O
12,difference,O
12,and,O
12,siblings,O
12,of,O
12,infected,O
12,pupils,O
12,were,O
12,also,O
12,infected,O
12,.,O
12,However,O
12,.,O
12,it,O
12,should,O
12,be,O
12,noted,O
12,that,O
12,almost,O
12,all,O
12,the,O
12,students,O
12,in,O
12,the,O
12,study,O
12,were,O
12,aged,O
12,15,NUMBER
12,‐,O
12,17,DURATION
12,years,DURATION
12,of,O
12,age,O
12,.,O
12,and,O
12,appeared,O
12,to,O
12,have,O
12,similar,O
12,disease,CAUSE_OF_DEATH
12,characteristics,O
12,to,O
12,young,O
12,adults,O
12,.,O
12,Therefore,O
12,.,O
12,the,O
12,rate,O
12,of,O
12,infection,CAUSE_OF_DEATH
12,reported,O
12,might,O
12,be,O
12,not,O
12,applicable,O
12,to,O
12,younger,O
12,children,O
12,.,O
12,One,NUMBER
12,case,O
12,report,O
12,describes,O
12,a,O
12,paediatric,O
12,patient,O
12,who,O
12,was,O
12,infected,O
12,during,O
12,a,O
12,holiday,O
12,in,O
12,France,COUNTRY
12,[,O
12,12,NUMBER
12,],O
12,.,O
12,Despite,O
12,a,O
12,large,O
12,number,O
12,of,O
12,contacts,O
12,in,O
12,different,O
12,classes,O
12,after,O
12,returning,O
12,to,O
12,the,O
12,UK,COUNTRY
12,.,O
12,the,O
12,paediatric,O
12,case,O
12,did,O
12,not,O
12,transmit,O
12,the,O
12,disease,CAUSE_OF_DEATH
12,to,O
12,any,O
12,other,O
12,pupils,O
12,.,O
12,Proportion,O
12,of,O
12,children,O
12,infected,O
12,by,O
12,SARS,O
12,‐,O
12,CoV,O
12,‐,O
12,2,NUMBER
12,We,O
12,next,O
12,sought,O
12,to,O
12,identify,O
12,stud,O
12,‐,O
12,ies,O
12,which,O
12,estimated,O
12,the,O
12,proportion,O
12,of,O
12,children,O
12,infected,O
12,in,O
12,the,O
12,community,O
12,.,O
12,We,O
12,included,O
12,five,NUMBER
12,studies,O
12,[,O
12,13,NUMBER
12,‐,O
12,17,NUMBER
12,],O
12,estimating,O
12,the,O
12,pro,O
12,‐,O
12,portion,O
12,of,O
12,children,O
12,infected,O
12,through,O
12,either,O
12,random,O
12,or,O
12,Targeted,O
12,(,O
12,n,O
12,=,O
12,9199,NUMBER
12,),O
12,and,O
12,random,O
12,population,O
12,screening,O
12,(,O
12,n,O
12,=,O
12,13,NUMBER
12,607,NUMBER
12,),O
12,from,O
12,Iceland,COUNTRY
12,found,O
12,that,O
12,children,O
12,under,O
12,10,NUMBER
12,were,O
12,less,O
12,likely,O
12,to,O
12,test,O
12,positive,O
12,than,O
12,those,O
12,10,NUMBER
12,and,O
12,over,O
12,(,O
12,6.7,PERCENT
12,%,PERCENT
12,vs,O
12,13.7,PERCENT
12,%,PERCENT
12,for,O
12,targeted,O
12,testing,O
12,;,O
12,and,O
12,0,PERCENT
12,%,PERCENT
12,vs,O
12,National,ORGANIZATION
12,Centre,ORGANIZATION
12,for,ORGANIZATION
12,Immunisation,ORGANIZATION
12,Research,ORGANIZATION
12,and,ORGANIZATION
12,Surveillance,ORGANIZATION
12,(,O
12,NCIRS,O
12,),O
12,[,O
12,5,NUMBER
12,],O
12,.,O
12,Australia,COUNTRY
12,(,O
12,New,LOCATION
12,South,LOCATION
12,Wales,LOCATION
12,),O
12,.,O
12,were,O
12,confirmed,O
12,as,O
12,COVID,O
12,‐,O
12,19,NUMBER
12,cases,O
12,;,O
12,735,NUMBER
12,students,O
12,and,O
12,128,NUMBER
12,staff,O
12,were,O
12,close,O
12,contacts,O
12,of,O
12,these,O
12,initial,O
12,cases,O
12,.,O
12,Arnaud,PERSON
12,[,O
12,11,NUMBER
12,],O
12,.,O
12,French,NATIONALITY
12,Population,MISC
12,setting,O
12,:,O
12,661,NUMBER
12,participants,O
12,included,O
12,pupils,O
12,.,O
12,their,O
12,parents,O
12,and,O
12,siblings,O
12,.,O
12,as,O
12,well,O
12,as,O
12,teachers,O
12,and,O
12,non,O
12,‐,O
12,teaching,O
12,staff,O
12,Demographics,O
12,:,O
12,Age,O
12,:,O
12,14,DURATION
12,years,DURATION
12,(,O
12,n,O
12,=,O
12,37,NUMBER
12,),O
12,;,O
12,15,NUMBER
12,‐,O
12,17,DURATION
12,years,DURATION
12,(,O
12,n,O
12,=,O
12,205,NUMBER
12,),O
12,Case,O
12,confirmation,O
12,:,O
12,A,O
12,participant,O
12,with,O
12,positive,O
12,serology,O
12,at,O
12,the,O
12,time,DATE
12,of,O
12,blood,O
12,sampling,O
12,was,O
12,consid,O
12,‐,O
12,ered,O
12,as,O
12,a,O
12,confirmed,O
12,case,O
12,.,O
12,Population,O
12,setting,O
12,:,O
12,A,O
12,paediatric,O
12,pa,O
12,‐,O
12,tient,O
12,was,O
12,confirmed,O
12,as,O
12,a,O
12,secondary,O
12,case,O
12,by,O
12,close,O
12,contacts,O
12,with,O
12,the,O
12,index,O
12,case,O
12,in,O
12,Demographics,O
12,:,O
12,9,DURATION
12,year,DURATION
12,‐,O
12,old,O
12,child,O
12,with,O
12,respiratory,O
12,symptoms,O
12,DANIS,PERSON
12,[,O
12,12,NUMBER
12,],O
12,.,O
12,French,NATIONALITY
12,(,O
12,Alps,O
12,),O
12,.,O
12,a,O
12,Confirmed,O
12,transmission,O
12,:,O
12,Transmission,O
12,from,O
12,infected,O
12,students,O
12,/,O
12,staff,O
12,to,O
12,students,O
12,:,O
12,n,O
12,=,O
12,2,NUMBER
12,;,O
12,No,O
12,confirmed,O
12,transmission,O
12,from,O
12,students,O
12,to,O
12,staff,O
12,;,O
12,One,NUMBER
12,secondary,O
12,a,O
12,staff,O
12,member,O
12,(,O
12,teacher,TITLE
12,),O
12,who,O
12,was,O
12,a,O
12,case,O
12,.,O
12,Demographics,O
12,:,O
12,Not,O
12,report,O
12,‐,O
12,ed,O
12,Mean,O
12,time,O
12,to,O
12,transmission,O
12,/,O
12,symptoms,O
12,onset,O
12,:,O
12,One,NUMBER
12,Case,O
12,confirma,O
12,‐,O
12,tion,O
12,:,O
12,Participants,O
12,were,O
12,swabbed,O
12,for,O
12,SARS,O
12,‐,O
12,of,O
12,them,O
12,was,O
12,diagnosed,O
12,by,O
12,nose,O
12,/,O
12,throat,O
12,swab,O
12,testing,O
12,CoV,O
12,‐,O
12,2,NUMBER
12,virus,O
12,testing,O
12,and,O
12,had,O
12,a,O
12,blood,O
12,sample,O
12,taken,O
12,to,O
12,detect,O
12,5,NUMBER
12,‐,O
12,10,DURATION
12,days,DURATION
12,after,O
12,the,O
12,last,O
12,contact,O
12,and,O
12,one,NUMBER
12,had,O
12,a,O
12,positive,O
12,antibody,O
12,test,O
12,4,DURATION
12,weeks,DURATION
12,after,O
12,their,O
12,exposure,O
12,.,O
12,anti,O
12,‐,O
12,bodies,O
12,to,O
12,the,O
12,virus,O
12,.,O
12,June,DATE
12,2020,DATE
12,Vol.,O
12,10,NUMBER
12,No.,O
12,1,NUMBER
12,011101,NUMBER
12,Confirmed,O
12,transmission,O
12,:,O
12,92,NUMBER
12,out,O
12,of,O
12,240,NUMBER
12,pupils,O
12,had,O
12,anti,O
12,‐,O
12,SARS,O
12,‐,O
12,CoV,O
12,‐,O
12,2,NUMBER
12,antibod,O
12,‐,O
12,ies,O
12,.,O
12,and,O
12,the,O
12,infection,CAUSE_OF_DEATH
12,attack,CAUSE_OF_DEATH
12,rate,O
12,(,O
12,IAR,ORGANIZATION
12,),O
12,was,O
12,38.3,PERCENT
12,%,PERCENT
12,among,O
12,chil,O
12,‐,O
12,dren,O
12,.,O
12,The,O
12,overall,O
12,infection,CAUSE_OF_DEATH
12,attack,CAUSE_OF_DEATH
12,rate,O
12,(,O
12,IAR,ORGANIZATION
12,),O
12,was,O
12,40.9,PERCENT
12,%,PERCENT
12,in,O
12,the,O
12,high,O
12,while,O
12,symptomatic,O
12,.,O
12,but,O
12,did,O
12,not,O
12,transmit,O
12,the,O
12,virus,O
12,.,O
12,Gudb,O
12,‐,O
12,jartsson,O
12,[,O
12,13,NUMBER
12,],O
12,.,O
12,Iceland,COUNTRY
12,.,O
12,Population,O
12,setting,O
12,:,O
12,9919,DATE
12,persons,O
12,(,O
12,564,NUMBER
12,children,O
12,),O
12,from,O
12,the,O
12,high,O
12,‐,O
12,risk,O
12,population,O
12,(,O
12,mainly,O
12,those,O
12,who,O
12,were,O
12,symptomatic,O
12,.,O
12,had,O
12,recently,DATE
12,travelled,O
12,to,O
12,high,O
12,‐,O
12,risk,O
12,countries,O
12,.,O
12,or,O
12,had,O
12,contact,O
12,with,O
12,infected,O
12,persons,O
12,),O
12,.,O
12,and,O
12,13080,NUMBER
12,persons,O
12,(,O
12,848,NUMBER
12,chil,O
12,‐,O
12,dren,O
12,),O
12,from,O
12,the,O
12,population,O
12,‐,O
12,screening,O
12,programme,O
12,Demographics,O
12,:,O
12,Age,O
12,:,O
12,<,O
12,10,DURATION
12,years,DURATION
12,Proportion,O
12,of,O
12,children,O
12,infected,O
12,by,O
12,COVID,O
12,‐,O
12,19,NUMBER
12,:,O
12,38,NUMBER
12,(,O
12,6.7,PERCENT
12,%,PERCENT
12,),O
12,children,O
12,from,O
12,the,O
12,high,O
12,‐,O
12,risk,O
12,group,O
12,tested,O
12,positive,O
12,.,O
12,in,O
12,contrast,O
12,to,O
12,1183,DATE
12,of,O
12,8635,NUMBER
12,persons,O
12,(,O
12,13.7,PERCENT
12,%,PERCENT
12,),O
12,who,O
12,were,O
12,10,DURATION
12,years,DURATION
12,of,O
12,age,O
12,or,O
12,older,O
12,.,O
12,In,O
12,the,O
12,population,O
12,‐,O
12,screening,O
12,group,O
12,.,O
12,none,O
12,of,O
12,the,O
12,848,NUMBER
12,children,O
12,test,O
12,‐,O
12,ed,O
12,positive,O
12,Case,O
12,confirmation,O
12,:,O
12,RNA,O
12,sequencing,O
12,Population,O
12,setting,O
12,:,O
12,5155,NUMBER
12,persons,O
12,(,O
12,234,NUMBER
12,children,O
12,),O
12,from,O
12,2,NUMBER
12,pop,O
12,‐,O
12,Proportion,O
12,of,O
12,children,O
12,infected,O
12,by,O
12,COVID,O
12,‐,O
12,19,NUMBER
12,:,O
12,ulation,O
12,‐,O
12,based,O
12,surveys,O
12,None,O
12,of,O
12,the,O
12,234,NUMBER
12,chil,O
12,‐,O
12,dren,O
12,tested,O
12,positive,O
12,.,O
12,COVID,O
12,‐,O
12,19,NUMBER
12,National,O
12,Emergency,O
12,Response,O
12,Cen,O
12,‐,O
12,tre,O
12,Population,O
12,setting,O
12,:,O
12,7755,NUMBER
12,cases,O
12,(,O
12,480,NUMBER
12,children,O
12,),O
12,from,O
12,2,NUMBER
12,popu,O
12,‐,O
12,Proportion,O
12,of,O
12,children,O
12,infected,O
12,by,O
12,COVID,O
12,‐,O
12,19,NUMBER
12,:,O
12,lation,O
12,‐,O
12,based,O
12,surveys,O
12,1,PERCENT
12,%,PERCENT
12,of,O
12,confirmed,O
12,cases,O
12,were,O
12,<,O
12,10,DURATION
12,years,DURATION
12,old,DURATION
12,and,O
12,Demographics,O
12,:,O
12,Age,O
12,:,O
12,0,NUMBER
12,‐,O
12,9,DURATION
12,years,DURATION
12,(,O
12,n,O
12,=,O
12,75,NUMBER
12,),O
12,;,O
12,10,NUMBER
12,‐,O
12,19,DURATION
12,years,DURATION
12,(,O
12,n,O
12,=,O
12,405,NUMBER
12,),O
12,5.2,PERCENT
12,%,PERCENT
12,were,O
12,10,NUMBER
12,‐,O
12,19,DURATION
12,years,DURATION
12,old,O
12,.,O
12,Health,O
12,and,O
12,Environment,O
12,.,O
12,Children,O
12,and,O
12,COVID,O
12,‐,O
12,19,NUMBER
12,(,O
12,PIENTER,O
12,Corona,O
12,study,O
12,),O
12,[,O
12,16,NUMBER
12,],O
12,.,O
12,Netherlands,COUNTRY
12,.,O
12,population,O
12,‐,O
12,based,O
12,survey,O
12,Popula,O
12,‐,O
12,tion,O
12,setting,O
12,:,O
12,6100,NUMBER
12,persons,O
12,(,O
12,480,NUMBER
12,children,O
12,),O
12,from,O
12,the,O
12,PI,O
12,‐,O
12,Proportion,O
12,of,O
12,children,O
12,infected,O
12,by,O
12,COVID,O
12,‐,O
12,19,NUMBER
12,:,O
12,ENTER,O
12,Corona,O
12,study,O
12,2,PERCENT
12,%,PERCENT
12,tested,O
12,positive,O
12,for,O
12,antibodies,O
12,in,O
12,their,O
12,blood,O
12,.,O
12,Population,O
12,setting,O
12,:,O
12,3330,DATE
12,persons,O
12,(,O
12,889,NUMBER
12,children,O
12,),O
12,recruited,O
12,Proportion,O
12,of,O
12,children,O
12,infected,O
12,by,O
12,COVID,O
12,‐,O
12,19,NUMBER
12,:,O
12,from,O
12,residents,O
12,in,O
12,Santa,CITY
12,Clara,CITY
12,county,O
12,Among,O
12,621,NUMBER
12,chil,O
12,‐,O
12,dren,O
12,who,O
12,were,O
12,tested,O
12,.,O
12,1.4,PERCENT
12,%,PERCENT
12,of,O
12,children,O
12,0,NUMBER
12,‐,O
12,4,DURATION
12,years,DURATION
12,old,DURATION
12,and,O
12,1.5,PERCENT
12,%,PERCENT
12,of,O
12,children,O
12,5,NUMBER
12,‐,O
12,18,NUMBER
12,Demographics,O
12,:,O
12,Age,O
12,:,O
12,<,O
12,19,DURATION
12,years,DURATION
12,years,DURATION
12,old,O
12,tested,O
12,posi,O
12,‐,O
12,tive,O
12,.,O
12,Case,O
12,confirmation,O
12,:,O
12,Blood,O
12,antibodies,O
12,Annemarie,PERSON
12,[,O
12,18,NUMBER
12,],O
12,.,O
12,UK,COUNTRY
12,(,O
12,166,NUMBER
12,Population,O
12,setting,O
12,:,O
12,16,NUMBER
12,749,NUMBER
12,people,O
12,with,O
12,COVID,O
12,‐,O
12,19,NUMBER
12,diagnosed,O
12,Proportion,O
12,of,O
12,children,O
12,infected,O
12,by,O
12,COVID,O
12,‐,O
12,19,NUMBER
12,:,O
12,from,O
12,166,NUMBER
12,UK,COUNTRY
12,hospi,O
12,‐,O
12,tals,O
12,between,O
12,6,DATE
12,February,DATE
12,and,DATE
12,18,DATE
12,April,DATE
12,2020,DATE
12,.,O
12,Severe,O
12,COVID,O
12,‐,O
12,19,NUMBER
12,infec,O
12,‐,O
12,tions,O
12,are,O
12,rare,O
12,in,O
12,those,O
12,unDemographics,O
12,:,O
12,The,O
12,median,O
12,age,O
12,was,O
12,72,NUMBER
12,years,DURATION
12,(,O
12,IQR,O
12,57,NUMBER
12,.,O
12,82,NUMBER
12,;,O
12,der,O
12,18,DURATION
12,years,DURATION
12,of,O
12,age,O
12,.,O
12,comprising,O
12,1.4,PERCENT
12,%,PERCENT
12,of,O
12,those,O
12,adrange,O
12,0,NUMBER
12,.,O
12,104,NUMBER
12,),O
12,.,O
12,the,O
12,median,O
12,duration,O
12,of,O
12,symptoms,O
12,before,O
12,admis,O
12,‐,O
12,mitted,O
12,to,O
12,hospital,O
12,.,O
12,Only,O
12,0.8,PERCENT
12,%,PERCENT
12,of,O
12,those,O
12,in,O
12,the,O
12,study,O
12,sion,O
12,was,O
12,4,NUMBER
12,days,DURATION
12,(,O
12,IQR,O
12,1,NUMBER
12,.,O
12,8,NUMBER
12,),O
12,and,O
12,the,O
12,median,O
12,duration,O
12,of,O
12,hospital,O
12,were,O
12,under,O
12,5,NUMBER
12,years,DURATION
12,of,O
12,age,O
12,.,O
12,Demographics,O
12,:,O
12,Age,O
12,:,O
12,<,O
12,10,DURATION
12,years,DURATION
12,Case,O
12,confirmation,O
12,:,O
12,Real,O
12,time,O
12,RT,O
12,‐,O
12,PCR,O
12,Case,O
12,confirmation,O
12,:,O
12,Laboratory,O
12,‐,O
12,confirmed,O
12,cases,O
12,Demographics,O
12,:,O
12,Age,O
12,:,O
12,<,O
12,20,DURATION
12,years,DURATION
12,Case,O
12,confirmation,O
12,:,O
12,Blood,O
12,antibodies,O
12,stay,O
12,was,O
12,7,DURATION
12,days,DURATION
12,(,O
12,IQR,O
12,4,NUMBER
12,.,O
12,12,NUMBER
12,),O
12,.,O
12,0.8,PERCENT
12,%,PERCENT
12,for,O
12,random,O
12,population,O
12,testing,O
12,),O
12,[,O
12,13,NUMBER
12,],O
12,.,O
12,The,O
12,Italian,NATIONALITY
12,principality,O
12,of,O
12,Vo,O
12,tested,O
12,>,O
12,85,PERCENT
12,%,PERCENT
12,of,O
12,their,O
12,popula,O
12,‐,O
12,tion,O
12,following,O
12,their,O
12,first,ORDINAL
12,death,O
12,from,O
12,COVID,O
12,‐,O
12,19,NUMBER
12,and,O
12,found,O
12,no,O
12,posi,O
12,‐,O
12,tive,O
12,cases,O
12,in,O
12,children,O
12,despite,O
12,2.6,PERCENT
12,%,PERCENT
12,of,O
12,the,O
12,population,O
12,testing,O
12,positive,O
12,[,O
12,14,NUMBER
12,],O
12,.,O
12,A,O
12,demographic,O
12,breakdown,O
12,of,O
12,the,O
12,first,ORDINAL
12,7755,NUMBER
12,labora,O
12,‐,O
12,tory,O
12,‐,O
12,confirmed,O
12,cases,O
12,in,O
12,South,COUNTRY
12,Korea,COUNTRY
12,(,O
12,where,O
12,extensive,O
12,community,O
12,testing,O
12,has,O
12,been,O
12,implemented,O
12,),O
12,showed,O
12,that,O
12,only,O
12,1,PERCENT
12,%,PERCENT
12,of,O
12,the,O
12,con,O
12,‐,O
12,firmed,O
12,cases,O
12,were,O
12,<,O
12,10,DURATION
12,years,DURATION
12,old,DURATION
12,and,O
12,5.2,PERCENT
12,%,PERCENT
12,were,O
12,10,NUMBER
12,‐,O
12,19,DURATION
12,years,DURATION
12,old,DURATION
12,[,O
12,15,NUMBER
12,],O
12,.,O
12,A,O
12,study,O
12,in,O
12,the,O
12,Netherlands,COUNTRY
12,is,O
12,undertaking,O
12,community,O
12,serolo,O
12,‐,O
12,gy,O
12,testing,O
12,for,O
12,antibodies,O
12,against,O
12,SARS,O
12,‐,O
12,CoV,O
12,‐,O
12,2,NUMBER
12,and,O
12,in,O
12,their,O
12,first,ORDINAL
12,release,O
12,of,O
12,preliminary,O
12,results,O
12,they,O
12,have,O
12,found,O
12,4.2,PERCENT
12,%,PERCENT
12,of,O
12,adults,O
12,were,O
12,positive,O
12,compared,O
12,to,O
12,2,PERCENT
12,%,PERCENT
12,of,O
12,those,O
12,aged,O
12,<,O
12,20,DURATION
12,years,DURATION
12,[,O
12,16,NUMBER
12,],O
12,.,O
12,Final,O
12,‐,O
12,ly,O
12,.,O
12,a,O
12,COVID,O
12,‐,O
12,19,NUMBER
12,antibody,O
12,seroprevalence,O
12,study,O
12,in,O
12,Santa,O
12,Clara,O
12,Coun,O
12,‐,O
12,ty,O
12,.,O
12,California,STATE_OR_PROVINCE
12,showed,O
12,that,O
12,positivity,O
12,of,O
12,the,O
12,antibody,O
12,test,O
12,was,O
12,not,O
12,significantly,O
12,different,O
12,across,O
12,age,O
12,groups,O
12,(,O
12,but,O
12,children,O
12,were,O
12,from,O
12,the,O
12,same,O
12,households,O
12,of,O
12,the,O
12,adults,O
12,that,O
12,were,O
12,selected,O
12,for,O
12,testing,O
12,),O
12,[,O
12,18,NUMBER
12,],O
12,.,O
12,There,O
12,is,O
12,no,O
12,population,O
12,‐,O
12,based,O
12,study,O
12,in,O
12,the,O
12,UK,COUNTRY
12,to,O
12,accurately,O
12,assess,O
12,the,O
12,level,O
12,of,O
12,infection,CAUSE_OF_DEATH
12,in,O
12,the,O
12,community,O
12,.,O
12,An,O
12,IS,O
12,‐,O
12,ARIC,ORGANIZATION
12,study,O
12,of,O
12,16,NUMBER
12,749,NUMBER
12,hospitalised,O
12,UK,COUNTRY
12,patients,O
12,with,O
12,COVID,O
12,‐,O
12,19,NUMBER
12,from,O
12,166,NUMBER
12,UK,COUNTRY
12,hospitals,O
12,found,O
12,that,O
12,only,O
12,2,PERCENT
12,%,PERCENT
12,of,O
12,the,O
12,patients,O
12,were,O
12,under,O
12,18,NUMBER
12,years,DURATION
12,old,O
12,(,O
12,n,O
12,=,O
12,239,NUMBER
12,patients,O
12,),O
12,and,O
12,1.1,PERCENT
12,%,PERCENT
12,were,O
12,under,O
12,5,DURATION
12,years,DURATION
12,old,DURATION
12,(,O
12,n,O
12,=,O
12,139,NUMBER
12,patients,O
12,),O
12,[,O
12,18,NUMBER
12,],O
12,.,O
12,that,O
12,transmission,O
12,by,O
12,children,O
12,is,O
12,possible,O
12,but,O
12,do,O
12,not,O
12,quantify,O
12,the,O
12,likelihood,O
12,of,O
12,transmission,O
12,in,O
12,children,O
12,compared,O
12,to,O
12,adults,O
12,.,O
12,(,O
12,ii,O
12,),O
12,There,O
12,is,O
12,theoretical,O
12,evidence,O
12,that,O
12,al,O
12,‐,O
12,ternative,O
12,transmission,O
12,routes,O
12,such,O
12,as,O
12,faeco,O
12,‐,O
12,oral,O
12,June,DATE
12,2020,DATE
12,Vol,O
12,.,O
12,10,NUMBER
12,No.,O
12,1,NUMBER
12,011101,NUMBER
12,RESEARCH,O
12,THEME,O
12,7,NUMBER
12,:,O
12,RAPID,O
12,REVIEWS,O
12,OF,O
12,COVID,O
12,‐,O
12,19,NUMBER
12,EVI,O
12,‐,O
12,DENCE,MISC
12,Children,MISC
12,and,O
12,transmission,O
12,of,O
12,SARS,O
12,‐,O
12,CoV,O
12,‐,O
12,2,NUMBER
12,OF,O
12,COVID,O
12,‐,O
12,19,NUMBER
12,EVI,O
12,‐,O
12,DENCE,O
12,RESEARCH,O
12,THEME,O
12,7,NUMBER
12,:,O
12,RAPID,O
12,REVIEWS,O
12,Li,O
12,et,O
12,al,O
12,.,O
12,transmission,O
12,may,O
12,pose,O
12,a,O
12,higher,O
12,risk,O
12,in,O
12,children,O
12,.,O
12,Further,O
12,investigation,O
12,is,O
12,required,O
12,to,O
12,confirm,O
12,whether,O
12,have,O
12,remained,O
12,open,O
12,.,O
12,(,O
12,iv,O
12,),O
12,Children,O
12,are,O
12,infect,O
12,‐,O
12,ed,O
12,.,O
12,but,O
12,perhaps,O
12,less,O
12,frequently,O
12,than,O
12,adults,O
12,.,O
12,However,O
12,.,O
12,these,O
12,stud,O
12,‐,O
12,ies,O
12,are,O
12,limited,O
12,by,O
12,small,O
12,numbers,O
12,and,O
12,additional,O
12,community,O
12,sero,O
12,‐,O
12,prevalence,O
12,surveys,O
12,are,O
12,needed,O
12,to,O
12,confirm,O
12,the,O
12,proportion,O
12,of,O
12,chil,O
12,‐,O
12,dren,O
12,infected,O
12,.,O
12,Direct,O
12,evidence,O
12,showing,O
12,children,O
12,as,O
12,a,O
12,source,O
12,of,O
12,transmission,O
12,is,O
12,scarce,O
12,and,O
12,largely,O
12,based,O
12,on,O
12,small,O
12,studies,O
12,or,O
12,studies,O
12,investigating,O
12,few,O
12,paediatric,O
12,cases,O
12,.,O
12,We,O
12,identified,O
12,two,NUMBER
12,studies,O
12,indicating,O
12,that,O
12,children,O
12,can,O
12,transmit,O
12,COVID,O
12,‐,O
12,19,NUMBER
12,to,O
12,other,O
12,children,O
12,or,O
12,adults,O
12,[,O
12,4.5,NUMBER
12,],O
12,.,O
12,however,O
12,.,O
12,these,O
12,studies,O
12,have,O
12,a,O
12,high,O
12,de,O
12,‐,O
12,gree,O
12,of,O
12,uncertainty,O
12,.,O
12,The,O
12,early,O
12,case,O
12,series,O
12,of,O
12,paediatric,O
12,cases,O
12,in,O
12,China,COUNTRY
12,[,O
12,4,NUMBER
12,],O
12,(,O
12,providing,O
12,evidence,O
12,on,O
12,children,O
12,as,O
12,a,O
12,source,O
12,of,O
12,adult,O
12,infection,CAUSE_OF_DEATH
12,),O
12,has,O
12,been,O
12,questioned,O
12,by,O
12,the,O
12,Swiss,NATIONALITY
12,National,O
12,Science,O
12,Task,O
12,Force,O
12,group,O
12,[,O
12,22,NUMBER
12,],O
12,.,O
12,who,O
12,stated,O
12,that,O
12,a,O
12,check,O
12,of,O
12,the,O
12,original,O
12,data,O
12,does,O
12,not,O
12,confirm,O
12,the,O
12,reported,O
12,transmission,O
12,from,O
12,the,O
12,infant,O
12,to,O
12,their,O
12,parents,O
12,.,O
12,transmission,O
12,chains,O
12,in,O
12,such,O
12,a,O
12,widespread,O
12,outbreak,O
12,[,O
12,5,NUMBER
12,],O
12,.,O
12,While,O
12,there,O
12,is,O
12,lack,O
12,of,O
12,direct,O
12,evidence,O
12,on,O
12,the,O
12,frequency,O
12,that,O
12,children,O
12,transmit,O
12,the,O
12,disease,CAUSE_OF_DEATH
12,.,O
12,indirect,O
12,evidence,O
12,illustrates,O
12,the,O
12,potential,O
12,risk,O
12,of,O
12,viral,O
12,transmission,O
12,by,O
12,children,O
12,.,O
12,First,ORDINAL
12,.,O
12,there,O
12,is,O
12,evidence,O
12,showing,O
12,that,O
12,an,O
12,infected,O
12,infant,O
12,contaminated,O
12,(,O
12,with,O
12,SARS,O
12,‐,O
12,CoV,O
12,‐,O
12,2,NUMBER
12,),O
12,the,O
12,surfaces,O
12,they,O
12,were,O
12,in,O
12,contact,O
12,with,O
12,.,O
12,thus,O
12,rendering,O
12,the,O
12,risk,O
12,of,O
12,transmitting,O
12,the,O
12,virus,O
12,to,O
12,caregivers,O
12,through,O
12,indirect,O
12,contact,O
12,with,O
12,fomites,O
12,[,O
12,6,NUMBER
12,],O
12,.,O
12,This,O
12,finding,O
12,rein,O
12,‐,O
12,forces,O
12,the,O
12,need,O
12,for,O
12,caregivers,O
12,of,O
12,children,O
12,to,O
12,practice,O
12,hand,O
12,hy,O
12,‐,O
12,giene,O
12,as,O
12,recommended,O
12,by,O
12,the,O
12,WHO,O
12,.,O
12,Second,ORDINAL
12,.,O
12,persistent,O
12,shedding,O
12,of,O
12,SARS,O
12,‐,O
12,CoV,O
12,‐,O
12,2,NUMBER
12,in,O
12,stools,O
12,of,O
12,infected,O
12,children,O
12,raises,O
12,the,O
12,possibility,O
12,of,O
12,faeco,O
12,‐,O
12,oral,O
12,transmission,O
12,.,O
12,This,O
12,potential,O
12,is,O
12,evidenced,O
12,by,O
12,at,O
12,least,O
12,three,NUMBER
12,studies,O
12,.,O
12,which,O
12,demonstrated,O
12,that,O
12,SARS,O
12,‐,O
12,CoV,O
12,‐,O
12,2,DATE
12,may,DATE
12,be,O
12,present,DATE
12,in,O
12,the,O
12,gastrointestinal,O
12,tract,O
12,for,O
12,a,O
12,longer,O
12,duration,O
12,than,O
12,viral,O
12,presence,O
12,in,O
12,the,O
12,respiratory,O
12,system,O
12,[,O
12,7,NUMBER
12,‐,O
12,9,NUMBER
12,],O
12,.,O
12,Findings,O
12,from,O
12,these,O
12,studies,O
12,suggest,O
12,that,O
12,paediatric,O
12,patients,O
12,discharged,O
12,on,O
12,the,O
12,basis,O
12,of,O
12,a,O
12,negative,O
12,respiratory,O
12,test,O
12,may,O
12,remain,O
12,a,O
12,potential,O
12,source,O
12,of,O
12,viral,O
12,transmission,O
12,and,O
12,indicate,O
12,that,O
12,further,O
12,precau,O
12,‐,O
12,tions,O
12,may,O
12,need,O
12,to,O
12,be,O
12,taken,O
12,to,O
12,avoid,O
12,secondary,O
12,infection,CAUSE_OF_DEATH
12,during,O
12,the,O
12,convalescent,O
12,phase,O
12,.,O
12,Third,ORDINAL
12,.,O
12,several,O
12,studies,O
12,reporting,O
12,that,O
12,children,O
12,are,O
12,more,O
12,likely,O
12,to,O
12,be,O
12,asymptomatic,O
12,or,O
12,mild,O
12,symptomatic,O
12,carriers,O
12,of,O
12,SARS,O
12,‐,O
12,CoV,O
12,‐,O
12,2,NUMBER
12,lead,O
12,to,O
12,the,O
12,concern,O
12,that,O
12,children,O
12,may,O
12,transmit,O
12,the,O
12,virus,O
12,to,O
12,other,O
12,groups,O
12,covertly,O
12,[,O
12,2.3,NUMBER
12,],O
12,.,O
12,The,O
12,possibili,O
12,‐,O
12,ty,O
12,of,O
12,asymptomatic,O
12,transmission,O
12,of,O
12,SARS,O
12,‐,O
12,CoV,O
12,‐,O
12,2,NUMBER
12,has,O
12,been,O
12,reported,O
12,in,O
12,adults,O
12,by,O
12,several,O
12,studies,O
12,[,O
12,20,NUMBER
12,.,O
12,21,NUMBER
12,],O
12,.,O
12,while,O
12,studies,O
12,specifically,O
12,targeting,O
12,the,O
12,infectiousness,O
12,of,O
12,asymptomatic,O
12,children,O
12,are,O
12,yet,O
12,to,O
12,be,O
12,carried,O
12,out,O
12,.,O
12,Future,DATE
12,studies,O
12,aiming,O
12,to,O
12,understand,O
12,childrens,O
12,contribution,O
12,to,O
12,asymptomatic,O
12,transmission,O
12,of,O
12,SARS,O
12,‐,O
12,CoV,O
12,‐,O
12,2,NUMBER
12,should,O
12,be,O
12,given,O
12,priority,O
12,.,O
12,as,O
12,this,O
12,will,O
12,influence,O
12,the,O
12,balance,O
12,of,O
12,control,O
12,measures,O
12,for,O
12,identification,O
12,and,O
12,isolation,O
12,of,O
12,children,O
12,and,O
12,for,O
12,tracing,O
12,and,O
12,quarantining,O
12,close,O
12,contacts,O
12,.,O
12,infecting,O
12,other,O
12,pupils,O
12,or,O
12,staff,O
12,members,O
12,[,O
12,12,NUMBER
12,],O
12,.,O
12,Data,O
12,from,O
12,both,O
12,virus,O
12,and,O
12,antibody,O
12,testing,O
12,suggest,O
12,that,O
12,there,O
12,is,O
12,limited,O
12,evidence,O
12,to,O
12,suggest,O
12,significant,O
12,spread,O
12,among,O
12,children,O
12,and,O
12,from,O
12,children,O
12,to,O
12,adults,O
12,.,O
12,This,O
12,is,O
12,con,O
12,‐,O
12,sistent,O
12,with,O
12,studies,O
12,showing,O
12,the,O
12,majority,O
12,of,O
12,infected,O
12,children,O
12,are,O
12,related,O
12,to,O
12,family,O
12,‐,O
12,cluster,O
12,outbreaks,O
12,and,O
12,showing,O
12,low,O
12,rates,O
12,of,O
12,infection,CAUSE_OF_DEATH
12,in,O
12,children,O
12,[,O
12,3.23,NUMBER
12,],O
12,.,O
12,Understanding,O
12,the,O
12,proportion,O
12,of,O
12,SARS,O
12,‐,O
12,CoV,O
12,‐,O
12,2,NUMBER
12,infection,CAUSE_OF_DEATH
12,in,O
12,children,O
12,will,O
12,help,O
12,to,O
12,determine,O
12,childrens,O
12,relative,O
12,contribution,O
12,to,O
12,SARS,O
12,‐,O
12,CoV,O
12,‐,O
12,2,NUMBER
12,transmission,O
12,in,O
12,the,O
12,communi,O
12,‐,O
12,ty,O
12,.,O
12,Based,O
12,on,O
12,the,O
12,infection,CAUSE_OF_DEATH
12,rates,O
12,reported,O
12,from,O
12,Iceland,COUNTRY
12,.,O
12,Italy,COUNTRY
12,.,O
12,South,COUNTRY
12,Korea,COUNTRY
12,.,O
12,Netherlands,COUNTRY
12,.,O
12,and,O
12,US,COUNTRY
12,[,O
12,13,NUMBER
12,‐,O
12,17,NUMBER
12,],O
12,.,O
12,it,O
12,seems,O
12,increasingly,O
12,likely,O
12,that,O
12,there,O
12,are,O
12,comparatively,O
12,fewer,O
12,children,O
12,with,O
12,COVID,O
12,‐,O
12,19,NUMBER
12,in,O
12,the,O
12,community,O
12,.,O
12,particularly,O
12,younger,O
12,children,O
12,under,O
12,the,O
12,age,O
12,of,O
12,10,NUMBER
12,.,O
12,Data,O
12,from,O
12,these,O
12,studies,O
12,confirm,O
12,that,O
12,the,O
12,percentage,O
12,of,O
12,chil,O
12,‐,O
12,dren,O
12,among,O
12,the,O
12,confirmed,O
12,COVID,O
12,‐,O
12,19,NUMBER
12,patients,O
12,is,O
12,small,O
12,.,O
12,varying,O
12,from,O
12,1,PERCENT
12,%,PERCENT
12,in,O
12,young,O
12,children,O
12,up,O
12,to,O
12,6,PERCENT
12,%,PERCENT
12,in,O
12,older,O
12,children,O
12,.,O
12,It,O
12,should,O
12,be,O
12,noted,O
12,that,O
12,these,O
12,studies,O
12,are,O
12,limited,O
12,by,O
12,the,O
12,small,O
12,numbers,O
12,of,O
12,children,O
12,tested,O
12,and,O
12,the,O
12,potential,O
12,of,O
12,biased,O
12,non,O
12,‐,O
12,random,O
12,sampling,O
12,.,O
12,Better,O
12,seroprevalence,O
12,studies,O
12,are,O
12,therefore,O
12,needed,O
12,to,O
12,understand,O
12,whether,O
12,infection,CAUSE_OF_DEATH
12,rates,O
12,in,O
12,the,O
12,community,O
12,are,O
12,truly,O
12,lower,O
12,among,O
12,children,O
12,.,O
12,The,O
12,reason,O
12,why,O
12,COVID,O
12,‐,O
12,19,NUMBER
12,seems,O
12,to,O
12,affect,O
12,children,O
12,less,O
12,often,O
12,and,O
12,less,O
12,severely,O
12,than,O
12,adults,O
12,is,O
12,not,O
12,yet,O
12,fully,O
12,understood,O
12,.,O
12,but,O
12,it,O
12,could,O
12,lower,O
12,chance,O
12,of,O
12,exposure,O
12,.,O
12,children,O
12,are,O
12,unlikely,O
12,to,O
12,have,O
12,been,O
12,significant,O
12,drivers,O
12,of,O
12,the,O
12,epidemic,O
12,so,O
12,far,O
12,.,O
12,and,O
12,there,O
12,is,O
12,not,O
12,any,O
12,evidence,O
12,yet,O
12,to,O
12,indicate,O
12,they,O
12,are,O
12,at,O
12,higher,O
12,risk,O
12,of,O
12,causing,O
12,super,O
12,‐,O
12,spreading,O
12,events,O
12,in,O
12,the,O
12,community,O
12,.,O
12,June,DATE
12,2020,DATE
12,Vol,O
12,.,O
12,10,NUMBER
12,No,O
12,.,O
12,1,NUMBER
12,011101,NUMBER
12,closures,O
12,and,O
12,re,O
12,‐,O
12,openings,O
12,.,O
12,During,O
12,the,O
12,COVID,O
12,‐,O
12,19,NUMBER
12,pandemic,O
12,.,O
12,many,O
12,countries,O
12,have,O
12,taken,O
12,precautionary,O
12,Taiwan,COUNTRY
12,(,O
12,Febru,O
12,‐,O
12,ary,O
12,),O
12,.,O
12,Denmark,COUNTRY
12,(,O
12,April,DATE
12,),O
12,.,O
12,Norway,COUNTRY
12,(,O
12,April,DATE
12,),O
12,.,O
12,China,COUNTRY
12,(,O
12,May,DATE
12,),O
12,.,O
12,France,COUNTRY
12,(,O
12,May,DATE
12,),O
12,and,O
12,Germany,COUNTRY
12,(,O
12,May,DATE
12,),O
12,.,O
12,Children,O
12,are,O
12,less,O
12,likely,O
12,to,O
12,suffer,O
12,severe,O
12,and,O
12,critical,O
12,COVID,O
12,‐,O
12,19,NUMBER
12,disease,CAUSE_OF_DEATH
12,than,O
12,adults,O
12,[,O
12,24,NUMBER
12,],O
12,.,O
12,however,O
12,.,O
12,a,O
12,new,O
12,paedi,O
12,‐,O
12,atric,O
12,multisystem,O
12,inflammatory,O
12,syndrome,O
12,associated,O
12,with,O
12,SARS,O
12,‐,O
12,CoV,O
12,‐,O
12,2,NUMBER
12,epidemic,O
12,has,O
12,recently,DATE
12,been,O
12,identified,O
12,in,O
12,the,O
12,UK,COUNTRY
12,.,O
12,the,O
12,US,COUNTRY
12,.,O
12,France,COUNTRY
12,.,O
12,Italy,COUNTRY
12,.,O
12,Spain,COUNTRY
12,and,O
12,Switzerland,COUNTRY
12,.,O
12,A,O
12,small,O
12,number,O
12,of,O
12,children,O
12,with,O
12,diagnosed,O
12,COVID,O
12,‐,O
12,19,NUMBER
12,developed,O
12,a,O
12,significant,O
12,systemic,O
12,inflam,O
12,‐,O
12,matory,O
12,response,O
12,with,O
12,a,O
12,higher,O
12,rate,O
12,of,O
12,cardiac,O
12,involvement,O
12,.,O
12,caused,O
12,by,O
12,a,O
12,severe,O
12,form,O
12,of,O
12,Kawasaki,O
12,‐,O
12,like,O
12,disease,CAUSE_OF_DEATH
12,[,O
12,25,NUMBER
12,],O
12,.,O
12,This,O
12,condition,O
12,could,O
12,be,O
12,fatal,O
12,and,O
12,requires,O
12,prompt,O
12,and,O
12,aggressive,O
12,medical,O
12,inter,O
12,‐,O
12,ventions,O
12,.,O
12,This,O
12,has,O
12,triggered,O
12,the,O
12,release,O
12,of,O
12,a,O
12,new,O
12,guidance,O
12,from,O
12,the,O
12,Royal,ORGANIZATION
12,College,ORGANIZATION
12,of,ORGANIZATION
12,Paediatrics,ORGANIZATION
12,and,ORGANIZATION
12,Child,ORGANIZATION
12,Health,ORGANIZATION
12,[,O
12,26,NUMBER
12,],O
12,.,O
12,Research,O
12,on,O
12,this,O
12,topic,O
12,is,O
12,currently,DATE
12,ongoing,O
12,(,O
12,DIAMONDS,O
12,.,O
12,ISARIC,O
12,),O
12,and,O
12,a,O
12,new,O
12,study,O
12,from,O
12,the,O
12,British,ORGANIZATION
12,Paediatric,ORGANIZATION
12,Surveillance,ORGANIZATION
12,Unit,ORGANIZATION
12,will,O
12,be,O
12,launching,O
12,soon,O
12,.,O
12,performed,O
12,quality,O
12,assessment,O
12,for,O
12,the,O
12,included,O
12,studies,O
12,.,O
12,so,O
12,this,DATE
12,may,DATE
12,have,O
12,biased,O
12,the,O
12,results,O
12,.,O
12,Many,O
12,of,O
12,the,O
12,not,O
12,re,O
12,‐,O
12,place,O
12,individual,O
12,clinical,O
12,judgement,O
12,and,O
12,the,O
12,sources,O
12,cited,O
12,should,O
12,be,O
12,checked,O
12,.,O
12,The,O
12,views,O
12,expressed,O
12,There,O
12,is,O
12,very,O
12,limited,O
12,evidence,O
12,on,O
12,paediatric,O
12,cases,O
12,acting,O
12,as,O
12,a,O
12,source,O
12,of,O
12,infection,CAUSE_OF_DEATH
12,.,O
12,which,O
12,high,O
12,‐,O
12,lights,O
12,the,O
12,importance,O
12,of,O
12,obtaining,O
12,robust,O
12,data,O
12,on,O
12,transmission,O
12,dynamics,O
12,in,O
12,children,O
12,in,O
12,future,DATE
12,studies,O
12,.,O
12,Preliminary,O
12,infected,O
12,or,O
12,infect,O
12,others,O
12,.,O
12,Further,O
12,seroprevalence,O
12,studies,O
12,(,O
12,powered,O
12,adequately,O
12,for,O
12,the,O
12,paediatric,O
12,population,O
12,),O
12,.,O
12,are,O
12,urgently,O
12,required,O
12,to,O
12,estab,O
12,‐,O
12,lish,O
12,whether,O
12,children,O
12,are,O
12,in,O
12,fact,O
12,less,O
12,likely,O
12,to,O
12,be,O
12,infected,O
12,com,O
12,‐,O
12,pared,O
12,to,O
12,adults,O
12,.,O
12,Faeco,O
12,‐,O
12,oral,O
12,transmission,O
12,appears,O
12,to,O
12,pose,O
12,a,O
12,higher,O
12,risk,O
12,of,O
12,onward,O
12,transmission,O
12,in,O
12,infected,O
12,children,O
12,compared,O
12,to,O
12,adults,O
12,.,O
12,given,O
12,the,O
12,longer,O
12,faecal,O
12,shedding,O
12,time,O
12,observed,O
12,in,O
12,several,O
12,studies,O
12,.,O
12,This,DATE
12,may,DATE
12,have,O
12,a,O
12,high,O
12,level,O
12,of,O
12,basic,O
12,hygiene,O
12,measures,O
12,in,O
12,these,O
12,settings,O
12,to,O
12,limit,O
12,spread,O
12,.,O
12,Funding,O
12,:,O
12,ET,O
12,is,O
12,supported,O
12,by,O
12,a,O
12,Cancer,ORGANIZATION
12,Research,ORGANIZATION
12,UK,ORGANIZATION
12,Career,ORGANIZATION
12,Development,ORGANIZATION
12,Fellowship,ORGANIZATION
12,(,O
12,C31250,O
12,/,O
12,A22804,O
12,),O
12,.,O
12,AK,STATE_OR_PROVINCE
12,is,O
12,supported,O
12,by,O
12,a,O
12,Wellcome,O
12,Trust,O
12,Clinical,O
12,PhD,O
12,Programme,O
12,Fel,O
12,‐,O
12,lowship,O
12,with,O
12,grant,O
12,reference,O
12,:,O
12,203919,NUMBER
12,/,O
12,Z,O
12,/,O
12,16,NUMBER
12,/,O
12,Z.,O
12,Additional,O
12,material,O
12,June,DATE
12,2020,DATE
12,Vol.,O
12,10,NUMBER
12,No.,O
12,1,NUMBER
12,011101,NUMBER
12,RESEARCH,O
12,THEME,O
12,7,NUMBER
12,:,O
12,RAPID,O
12,REVIEWS,O
12,OF,O
12,COVID,O
12,‐,O
12,19,NUMBER
12,EVIDENCE,O
12,Children,O
12,and,O
12,transmission,O
12,of,O
12,SARS,O
12,‐,O
12,CoV,O
12,‐,O
12,2,NUMBER
12,OF,O
12,COVID,O
12,‐,O
12,19,NUMBER
12,EVIDENCE,O
12,RESEARCH,O
12,THEME,O
12,7,NUMBER
12,:,O
12,RAPID,O
12,REVIEWS,O
12,Li,O
12,et,O
12,al,O
12,.,O
12,1,NUMBER
12,Cruz,PERSON
12,AT,O
12,.,O
12,Zeichner,PERSON
12,S.,O
12,COVID,O
12,‐,O
12,19,NUMBER
12,in,O
12,children,O
12,:,O
12,Initial,O
12,characteriza,O
12,‐,O
12,tion,O
12,of,O
12,the,O
12,pediatric,O
12,disease,CAUSE_OF_DEATH
12,.,O
12,Pediatrics,O
12,.,O
12,2020,DATE
12,;,O
12,145,NUMBER
12,:,O
12,e20200834,O
12,.,O
12,2,NUMBER
12,Qiu,PERSON
12,H,PERSON
12,.,O
12,Wu,PERSON
12,J,PERSON
12,.,O
12,Hong,CITY
12,L,LOCATION
12,.,O
12,Luo,O
12,Y,O
12,.,O
12,Song,O
12,Q,O
12,.,O
12,Chen,PERSON
12,D.,PERSON
12,Clinical,PERSON
12,and,O
12,epidemi,O
12,‐,O
12,ological,O
12,features,O
12,of,O
12,36,NUMBER
12,children,O
12,with,O
12,coronavirus,O
12,3,NUMBER
12,Dong,O
12,Y,O
12,.,O
12,Mo,PERSON
12,X,PERSON
12,.,O
12,Hu,O
12,Y,O
12,.,O
12,Qi,PERSON
12,X,PERSON
12,.,O
12,Jiang,PERSON
12,F,O
12,.,O
12,Jiang,PERSON
12,Z,O
12,.,O
12,et,O
12,al,O
12,.,O
12,Epidemiology,O
12,of,O
12,COVID,O
12,‐,O
12,19,NUMBER
12,Among,O
12,Children,O
12,in,O
12,China,COUNTRY
12,.,O
12,Pediatrics,O
12,.,O
12,4,NUMBER
12,Cai,PERSON
12,J,PERSON
12,.,O
12,Xu,PERSON
12,J,PERSON
12,.,O
12,Lin,PERSON
12,D,O
12,.,O
12,Yang,PERSON
12,Z,O
12,.,O
12,Xu,PERSON
12,L,PERSON
12,.,O
12,Qu,O
12,Z,O
12,.,O
12,Zhang,O
12,Y,O
12,.,O
12,et,O
12,al,O
12,.,O
12,A,O
12,Case,O
12,Series,O
12,of,O
12,children,O
12,with,O
12,2019,DATE
12,novel,O
12,coronavirus,O
12,infection,CAUSE_OF_DEATH
12,:,O
12,public_26,PERCENT
12,%,PERCENT
12,20April,PERCENT
12,%,PERCENT
12,202020.pdf,O
12,.,O
12,Accessed,O
12,:,O
12,26,DATE
12,April,DATE
12,2020,DATE
12,.,O
12,6,NUMBER
12,Yung,PERSON
12,CF,PERSON
12,.,O
12,Kam,PERSON
12,K,PERSON
12,.,O
12,Wong,PERSON
12,M,O
12,.,O
12,Maiwald,PERSON
12,M,O
12,.,O
12,Tan,MISC
12,Y,O
12,.,O
12,Tan,O
12,B,O
12,.,O
12,et,O
12,al,O
12,.,O
12,Environment,O
12,and,O
12,Personal,O
12,Protective,O
12,Equip,O
12,‐,O
12,ment,O
12,Tests,O
12,for,O
12,SARS,O
12,‐,O
12,CoV,O
12,‐,O
12,2,NUMBER
12,in,O
12,the,O
12,Isolation,O
12,Room,O
12,of,O
12,an,O
12,Infant,O
12,With,O
12,Infection,CAUSE_OF_DEATH
12,.,O
12,Ann,O
12,Intern,TITLE
12,Med,O
12,.,O
12,2020,DATE
12,;,O
12,M20,O
12,‐,O
12,0942,DATE
12,.,O
12,Medline,O
12,:,O
12,32236490,NUMBER
12,8,NUMBER
12,Ma,O
12,X,O
12,.,O
12,Su,PERSON
12,L,PERSON
12,.,O
12,Zhang,O
12,Y,O
12,.,O
12,Zhang,PERSON
12,X,PERSON
12,.,O
12,Gai,O
12,Z,O
12,.,O
12,Zhang,O
12,Z.,O
12,Do,O
12,children,O
12,need,O
12,a,O
12,longer,O
12,time,O
12,to,O
12,shed,O
12,SARS,O
12,‐,O
12,CoV,O
12,‐,O
12,2,NUMBER
12,in,O
12,stool,O
12,than,O
12,adults,O
12,?,O
12,erry,O
12,C,O
12,.,O
12,Barbara,PERSON
12,M,PERSON
12,.,O
12,Talitha,PERSON
12,V,PERSON
12,.,O
12,Marta,PERSON
12,Z,PERSON
12,.,O
12,Jorg,PERSON
12,H,PERSON
12,.,O
12,Angela,PERSON
12,S,PERSON
12,.,O
12,et,O
12,al,O
12,.,O
12,An,O
12,analysis,O
12,of,O
12,SARS,O
12,‐,O
12,CoV,O
12,‐,O
12,2,NUMBER
12,viral,O
12,load,O
12,by,O
12,patient,O
12,age,O
12,.,O
12,1134v1,O
12,?,O
12,ver,O
12,‐,O
12,sioned,O
12,=,O
12,TRUE,O
12,.,O
12,Accessed,O
12,:,O
12,5,DATE
12,May,DATE
12,2020,DATE
12,.,O
12,anis,O
12,K,O
12,.,O
12,Epaulard,PERSON
12,O,PERSON
12,.,O
12,Bnet,O
12,T,O
12,.,O
12,Gaymard,PERSON
12,A,O
12,.,O
12,Campoy,PERSON
12,S,O
12,.,O
12,Botelho,PERSON
12,‐,O
12,Nevers,O
12,E,O
12,.,O
12,et,O
12,al,O
12,.,O
12,Cluster,O
12,of,O
12,Coronavirus,O
12,Disease,CAUSE_OF_DEATH
12,2019,DATE
12,14,NUMBER
12,Lavezzo,PERSON
12,E,O
12,.,O
12,Franchin,O
12,E,O
12,.,O
12,Ciavarella,PERSON
12,C,O
12,.,O
12,Cuomo,PERSON
12,‐,O
12,Dannenburg,O
12,G,O
12,.,O
12,Barzon,PERSON
12,L,PERSON
12,.,O
12,Del,STATE_OR_PROVINCE
12,Vec,O
12,‐,O
12,chio,O
12,C,O
12,.,O
12,et,O
12,al,O
12,.,O
12,Suppression,O
12,of,O
12,COVID,O
12,‐,O
12,19,NUMBER
12,15,NUMBER
12,COVID,O
12,‐,O
12,19,NUMBER
12,National,O
12,Emer,O
12,‐,O
12,gency,O
12,Response,O
12,Center,O
12,.,O
12,Epidemiology,O
12,and,O
12,Case,O
12,Management,O
12,Team,O
12,.,O
12,Ko,O
12,‐,O
12,rea,O
12,Centers,O
12,for,O
12,Disease,CAUSE_OF_DEATH
12,3v2,NUMBER
12,?,O
12,versioned,O
12,=,O
12,TRUE,O
12,.,O
12,Accessed,O
12,:,O
12,5,DATE
12,May,DATE
12,2020,DATE
12,.,O
12,18,NUMBER
12,Docherty,O
12,A,O
12,.,O
12,Harrison,PERSON
12,E,O
12,.,O
12,Green,ORGANIZATION
12,C,ORGANIZATION
12,.,O
12,Hardwick,PERSON
12,H,O
12,.,O
12,Pius,PERSON
12,R,PERSON
12,.,O
12,Norman,PERSON
12,L,PERSON
12,.,O
12,et,O
12,al,O
12,.,O
12,Features,O
12,of,O
12,16.749,NUMBER
12,hospitalised,O
12,UK,COUNTRY
12,patients,O
12,with,O
12,org,O
12,/,O
12,con,O
12,‐,O
12,tent,O
12,/,O
12,10.1101,NUMBER
12,/,O
12,2020.04.23.20076042,NUMBER
12,v1?versioned,O
12,=,O
12,TRUE,O
12,.,O
12,Accessed,O
12,:,O
12,5,NUMBER
12,May,DATE
12,2020,DATE
12,.,O
12,20,NUMBER
12,Kimball,PERSON
12,A,O
12,.,O
12,Hatfield,PERSON
12,K,PERSON
12,.,O
12,Arons,PERSON
12,M,O
12,.,O
12,James,PERSON
12,A,PERSON
12,.,O
12,Taylor,PERSON
12,J,PERSON
12,.,O
12,Spicer,PERSON
12,K,PERSON
12,.,O
12,et,O
12,al,O
12,.,O
12,Asymptomatic,O
12,and,O
12,Presymptomatic,O
12,SARS,O
12,‐,O
12,CoV,O
12,‐,O
12,2,NUMBER
12,In,O
12,‐,O
12,fections,O
12,in,O
12,Residents,O
12,of,O
12,a,O
12,long,O
12,‐,O
12,term,O
12,care,O
12,skilled,O
12,nursing,O
12,facili,O
12,‐,O
12,ty,O
12,King,TITLE
12,County,O
12,.,O
12,Washington,STATE_OR_PROVINCE
12,.,O
12,March,DATE
12,2020,DATE
12,.,O
12,MMWR,O
12,Morb,O
12,21,NUMBER
12,Wei,O
12,WE,O
12,.,O
12,Li,PERSON
12,Z,O
12,.,O
12,Chiew,PERSON
12,C,PERSON
12,.,O
12,Yong,PERSON
12,S,PERSON
12,.,O
12,Toh,PERSON
12,M,O
12,.,O
12,Lee,PERSON
12,V.,PERSON
12,Presymptomatic,PERSON
12,Transmission,PERSON
12,of,PERSON
12,SARS,O
12,‐,O
12,CoV,O
12,‐,O
12,2,NUMBER
12,Singapore,COUNTRY
12,.,O
12,January,DATE
12,23,DATE
12,ang,O
12,Y,O
12,.,O
12,Wang,PERSON
12,X,PERSON
12,.,O
12,Yang,O
12,Y,O
12,.,O
12,Liu,PERSON
12,Y,PERSON
12,.,O
12,Liu,PERSON
12,L.,PERSON
12,Epidemiological,PERSON
12,and,O
12,clini,O
12,‐,O
12,cal,O
12,characteristics,O
12,analysis,O
12,of,O
12,30,NUMBER
12,childhood,O
12,cases,O
12,with,O
12,2019,DATE
12,nov,DATE
12,‐,O
12,el,O
12,coronavirus,O
12,infection,CAUSE_OF_DEATH
12,in,O
12,Shenzhen,CITY
12,.,O
12,Chin,PERSON
12,J,PERSON
12,Inf,PERSON
12,Dis,PERSON
12,.,O
12,2020,DATE
12,.,O
12,25,NUMBER
12,Verdoni,O
12,L,O
12,.,O
12,Mazza,PERSON
12,A,O
12,.,O
12,Gervasoni,PERSON
12,A,O
12,.,O
12,Martelli,PERSON
12,L,O
12,.,O
12,Ruggeri,PERSON
12,M,O
12,.,O
12,Ciuffreda,PERSON
12,M,O
12,.,O
12,et,O
12,al,O
12,.,O
12,An,O
12,outbreak,O
12,of,O
12,severe,O
12,Kawasaki,ORGANIZATION
12,‐,O
12,like,O
12,disease,CAUSE_OF_DEATH
12,26,NUMBER
12,Royal,O
12,College,ORGANIZATION
12,of,ORGANIZATION
12,Paediatrics,ORGANIZATION
12,and,ORGANIZATION
12,Child,ORGANIZATION
12,Health,ORGANIZATION
12,.,O
12,Guidance,O
12,:,O
12,Paediatric,O
12,multisystem,O
12,inflammatory,O
12,syndrome,O
12,temporally,O
12,June,DATE
12,2020,DATE
12,Vol.,O
12,10,NUMBER
12,No.,O
12,1,NUMBER
12,011101,NUMBER
