3,PLOS,O
3,ONE,NUMBER
3,RESEARCH,O
3,ARTICLE,O
3,A,O
3,scalable,O
3,method,O
3,of,O
3,applying,O
3,heat,O
3,and,O
3,humidity,O
3,for,O
3,decontamination,O
3,of,O
3,N95,O
3,respirators,O
3,during,O
3,the,O
3,COVID,O
3,‐,O
3,19,NUMBER
3,crisis,O
3,Loc,O
3,Anderegg,O
3,ID1,O
3,.2,NUMBER
3,*,O
3,.,O
3,Cole,O
3,Meisenhelder,O
3,ID1,O
3,.,O
3,Chiu,PERSON
3,Oan,MISC
3,Ngooi,MISC
3,ID3,MISC
3,.,O
3,Lei,O
3,Liao4,O
3,.,O
3,Wang,PERSON
3,Xiao4,PERSON
3,.,O
3,Steven,PERSON
3,Chu5,O
3,.6,O
3,.,O
3,Yi,O
3,Cui7,O
3,.8,O
3,.,O
3,John,PERSON
3,M.,PERSON
3,Doyle1,PERSON
3,.2,O
3,Center,ORGANIZATION
3,for,ORGANIZATION
3,Ultracold,ORGANIZATION
3,Atoms,ORGANIZATION
3,.,O
3,Cambridge,CITY
3,.,O
3,MA,STATE_OR_PROVINCE
3,.,O
3,Unit,O
3,‐,O
3,ed,O
3,States,LOCATION
3,of,LOCATION
3,America,COUNTRY
3,.,O
3,3,NUMBER
3,Environmental,ORGANIZATION
3,Health,ORGANIZATION
3,and,O
3,Safety,O
3,.,O
3,Sci,O
3,‐,O
3,ences,O
3,.,O
3,Menlo,CITY
3,Park,CITY
3,.,O
3,CA,STATE_OR_PROVINCE
3,.,O
3,United,ORGANIZATION
3,States,ORGANIZATION
3,of,ORGANIZATION
3,America,ORGANIZATION
3,OPEN,ORGANIZATION
3,ACCESS,ORGANIZATION
3,Cita,ORGANIZATION
3,‐,O
3,tion,O
3,:,O
3,Anderegg,PERSON
3,L,O
3,.,O
3,Meisenhelder,O
3,C,O
3,.,O
3,Ngooi,ORGANIZATION
3,CO,ORGANIZATION
3,.,O
3,Liao,PERSON
3,L,PERSON
3,.,O
3,Xiao,PERSON
3,W,PERSON
3,.,O
3,Chu,PERSON
3,S,O
3,.,O
3,et,O
3,al.,O
3,(,O
3,2020,DATE
3,),O
3,A,O
3,scalable,O
3,method,O
3,of,O
3,applying,O
3,heat,O
3,and,O
3,humidity,O
3,for,O
3,decontamination,O
3,of,O
3,N95,O
3,respirators,O
3,during,O
3,the,O
3,COVID,O
3,‐,O
3,19,NUMBER
3,cri,O
3,‐,O
3,sis,O
3,.,O
3,PLoS,O
3,ONE,NUMBER
3,15,NUMBER
3,(,O
3,7,NUMBER
3,),O
3,:,O
3,e0234851,O
3,.,O
3,Copyright,O
3,:,O
3,2020,DATE
3,Anderegg,PERSON
3,et,O
3,al,O
3,.,O
3,This,O
3,is,O
3,an,O
3,open,O
3,permits,O
3,unrestricted,O
3,use,O
3,.,O
3,distribution,O
3,.,O
3,and,O
3,re,O
3,‐,O
3,production,O
3,in,O
3,any,O
3,medium,O
3,.,O
3,provided,O
3,the,O
3,original,O
3,Data,O
3,Availability,O
3,Statement,O
3,:,O
3,The,O
3,data,O
3,are,O
3,available,O
3,org,O
3,/,O
3,),O
3,.,O
3,4C,O
3,Air,O
3,provided,O
3,support,O
3,in,O
3,the,O
3,form,O
3,of,O
3,any,O
3,additional,O
3,role,O
3,in,O
3,the,O
3,study,O
3,design,O
3,.,O
3,data,O
3,con,O
3,‐,O
3,tributions,O
3,section,O
3,.,O
3,A,O
3,lack,O
3,of,O
3,N95,O
3,Filtering,O
3,Facepiece,O
3,Respira,O
3,‐,O
3,tors,O
3,(,O
3,FFRs,O
3,),O
3,during,O
3,the,O
3,COVID,O
3,‐,O
3,19,NUMBER
3,crisis,O
3,has,O
3,placed,O
3,healthcare,O
3,workers,O
3,at,O
3,risk,O
3,.,O
3,It,O
3,is,O
3,important,O
3,for,O
3,any,O
3,N95,O
3,reuse,O
3,strategy,O
3,to,O
3,determine,O
3,the,O
3,effects,O
3,that,O
3,proposed,O
3,protocols,O
3,would,O
3,have,O
3,on,O
3,the,O
3,physical,O
3,functioning,O
3,of,O
3,the,O
3,mask,O
3,.,O
3,as,O
3,well,O
3,as,O
3,the,O
3,practical,O
3,as,O
3,‐,O
3,pects,O
3,of,O
3,implementation,O
3,.,O
3,Here,O
3,we,O
3,propose,O
3,and,O
3,implement,O
3,a,O
3,method,O
3,of,O
3,heating,O
3,N95,O
3,respirators,O
3,with,O
3,moisture,O
3,(,O
3,85C,O
3,.,O
3,60,NUMBER
3,‐,O
3,85,PERCENT
3,%,PERCENT
3,humidity,O
3,),O
3,.,O
3,We,O
3,test,O
3,both,O
3,mask,O
3,filtration,O
3,efficiency,O
3,and,O
3,fit,O
3,to,O
3,validate,O
3,this,O
3,process,O
3,.,O
3,Our,O
3,tests,O
3,focus,O
3,on,O
3,the,O
3,3M,O
3,1860,DATE
3,.,O
3,3M,O
3,1870,DATE
3,.,O
3,and,O
3,3M,O
3,8210,NUMBER
3,Plus,O
3,N95,O
3,models,O
3,.,O
3,After,O
3,five,NUMBER
3,cycles,O
3,of,O
3,the,O
3,heating,O
3,procedure,O
3,.,O
3,all,O
3,three,NUMBER
3,respirators,O
3,pass,O
3,both,O
3,quantitative,O
3,fit,O
3,testing,O
3,(,O
3,score,O
3,of,O
3,>,O
3,100,NUMBER
3,),O
3,and,O
3,show,O
3,no,O
3,degradation,O
3,of,O
3,mask,O
3,filtration,O
3,efficiency,O
3,.,O
3,We,O
3,also,O
3,test,O
3,the,O
3,Chen,PERSON
3,Heng,PERSON
3,V9501,O
3,KN95,O
3,and,O
3,HKYQ,MISC
3,N95,MISC
3,finding,O
3,no,O
3,degra,O
3,‐,O
3,dation,O
3,of,O
3,mask,O
3,filtration,O
3,efficiency,O
3,.,O
3,however,O
3,even,O
3,for,O
3,unheated,O
3,masks,O
3,these,O
3,scored,O
3,<,O
3,50,NUMBER
3,for,O
3,every,O
3,fit,O
3,test,O
3,.,O
3,The,O
3,heating,O
3,method,O
3,presented,O
3,here,O
3,is,O
3,scalable,O
3,from,O
3,individual,O
3,masks,O
3,to,O
3,over,O
3,a,O
3,thou,O
3,‐,O
3,sand,O
3,a,DURATION
3,day,DURATION
3,with,O
3,a,O
3,single,O
3,industrial,O
3,convection,O
3,oven,O
3,.,O
3,making,O
3,this,O
3,method,O
3,practical,O
3,for,O
3,local,O
3,application,O
3,inside,O
3,health,O
3,‐,O
3,care,O
3,facili,O
3,‐,O
3,ties,O
3,.,O
3,While,O
3,N95,O
3,filtering,O
3,facepiece,O
3,respirators,O
3,(,O
3,FFRs,O
3,),O
3,were,O
3,made,O
3,for,O
3,single,O
3,use,O
3,operation,O
3,.,O
3,the,O
3,ongoing,O
3,COVID,O
3,‐,O
3,19,NUMBER
3,pandemic,O
3,has,O
3,caused,O
3,a,O
3,shortage,O
3,worldwide,O
3,of,O
3,these,O
3,FFRs,O
3,.,O
3,COVID,O
3,‐,O
3,19,NUMBER
3,.,O
3,caused,O
3,by,O
3,the,O
3,SARS,O
3,‐,O
3,CoV,O
3,‐,O
3,2,NUMBER
3,virus,O
3,.,O
3,has,O
3,been,O
3,shown,O
3,to,O
3,be,O
3,very,O
3,contagious,O
3,and,O
3,spread,O
3,through,O
3,aerosolized,O
3,droplets,O
3,.,O
3,These,O
3,aerosols,O
3,can,O
3,remain,O
3,in,O
3,the,O
3,air,O
3,for,O
3,hours,DURATION
3,.,O
3,increasing,O
3,the,O
3,risk,O
3,of,O
3,contagion,O
3,to,O
3,those,O
3,nearby,O
3,[,O
3,1,NUMBER
3,.,O
3,2,NUMBER
3,],O
3,.,O
3,In,O
3,order,O
3,for,O
3,an,O
3,N95,O
3,mask,O
3,to,O
3,be,O
3,reused,O
3,more,O
3,safely,O
3,.,O
3,the,O
3,mask,O
3,should,O
3,be,O
3,decontaminated,O
3,of,O
3,SARS,O
3,‐,O
3,CoV,O
3,‐,O
3,2,NUMBER
3,while,O
3,maintaining,O
3,its,O
3,filtration,O
3,efficiency,O
3,and,O
3,fit,O
3,factor,O
3,[,O
3,36,NUMBER
3,],O
3,.,O
3,Currently,DATE
3,.,O
3,limit,O
3,‐,O
3,ed,O
3,information,O
3,is,O
3,known,O
3,about,O
3,SARS,O
3,‐,O
3,CoV,O
3,‐,O
3,2,NUMBER
3,inactivation,O
3,.,O
3,Initial,O
3,data,O
3,indicate,O
3,PLOS,O
3,ONE,NUMBER
3,following,O
3,competing,O
3,interests,O
3,:,O
3,S.C.,STATE_OR_PROVINCE
3,and,O
3,Y.C.,PERSON
3,are,O
3,the,O
3,co,O
3,‐,O
3,founders,O
3,of,O
3,4C,ORGANIZATION
3,Air,ORGANIZATION
3,and,O
3,owns,O
3,the,O
3,shares,O
3,of,O
3,4C,ORGANIZATION
3,Air,ORGANIZATION
3,.,O
3,L.L,O
3,and,O
3,W.X.,O
3,are,O
3,paid,O
3,employees,O
3,of,O
3,4C,O
3,Air,O
3,.,O
3,S.C.,STATE_OR_PROVINCE
3,and,O
3,Y.C.,O
3,report,O
3,non,O
3,‐,O
3,financial,O
3,support,O
3,from,O
3,4C,O
3,Air,O
3,have,O
3,a,O
3,patent,O
3,PCT,O
3,/,O
3,US2015,O
3,/,O
3,065608,NUMBER
3,(,O
3,Air,O
3,filter,O
3,for,O
3,4C,O
3,Air,O
3,tested,O
3,face,O
3,masks,O
3,from,O
3,several,O
3,manufactur,O
3,‐,O
3,ers,O
3,that,O
3,include,O
3,4C,O
3,Airs,O
3,masks,O
3,and,O
3,those,O
3,of,O
3,other,O
3,manufacturers,O
3,.,O
3,This,O
3,does,O
3,not,O
3,alter,O
3,our,O
3,adherence,O
3,to,O
3,PLOS,O
3,ONE,NUMBER
3,policies,O
3,on,O
3,sharing,O
3,data,O
3,and,O
3,materials,O
3,.,O
3,A,O
3,scalable,O
3,method,O
3,of,O
3,applying,O
3,humid,O
3,heat,O
3,for,O
3,decontamination,O
3,of,O
3,N95,O
3,respirators,O
3,during,O
3,the,O
3,COVID,O
3,‐,O
3,19,NUMBER
3,crisis,O
3,that,O
3,70C,O
3,dry,O
3,heat,O
3,for,O
3,one,DURATION
3,hour,DURATION
3,was,O
3,sufficient,O
3,to,O
3,achieve,O
3,>,O
3,3,NUMBER
3,log,O
3,reduction,O
3,in,O
3,SARS,O
3,‐,O
3,CoV,O
3,‐,O
3,2,NUMBER
3,on,O
3,FFRs,O
3,[,O
3,7,NUMBER
3,],O
3,.,O
3,The,O
3,addition,O
3,of,O
3,moisture,O
3,possibly,O
3,plays,O
3,a,O
3,role,O
3,in,O
3,the,O
3,inactivation,O
3,of,O
3,some,O
3,viruses,O
3,[,O
3,8,NUMBER
3,10,NUMBER
3,],O
3,.,O
3,A,O
3,study,O
3,found,O
3,viral,O
3,inactivation,O
3,at,O
3,70C,O
3,for,O
3,5,DURATION
3,minutes,DURATION
3,[,O
3,11,NUMBER
3,],O
3,while,O
3,in,O
3,a,O
3,buffered,O
3,solution,O
3,.,O
3,SARS,O
3,‐,O
3,CoV,O
3,‐,O
3,1,NUMBER
3,has,O
3,also,O
3,been,O
3,shown,O
3,to,O
3,be,O
3,in,O
3,‐,O
3,activated,O
3,at,O
3,temperatures,O
3,of,O
3,60,NUMBER
3,‐,O
3,75C,O
3,for,O
3,5,NUMBER
3,‐,O
3,30,DURATION
3,minutes,DURATION
3,in,O
3,various,O
3,liquid,O
3,media,O
3,[,O
3,1214,DATE
3,],O
3,.,O
3,Other,O
3,enveloped,O
3,viruses,O
3,.,O
3,such,O
3,as,O
3,H1N1,O
3,and,O
3,H5N1,O
3,Influenza,CAUSE_OF_DEATH
3,strains,O
3,have,O
3,been,O
3,shown,O
3,to,O
3,be,O
3,inactivated,O
3,with,O
3,moist,O
3,heat,O
3,at,O
3,65C,O
3,and,O
3,over,O
3,50,PERCENT
3,%,PERCENT
3,humidity,O
3,[,O
3,810,NUMBER
3,],O
3,.,O
3,These,O
3,studies,O
3,also,O
3,found,O
3,that,O
3,dry,O
3,heat,O
3,alone,O
3,was,O
3,not,O
3,enough,O
3,to,O
3,deactivate,O
3,H1N1,O
3,.,O
3,While,O
3,previous,O
3,studies,O
3,have,O
3,looked,O
3,at,O
3,the,O
3,effects,O
3,of,O
3,moist,O
3,heat,O
3,on,O
3,N95,MISC
3,FFRs,MISC
3,.,O
3,these,O
3,were,O
3,done,O
3,at,O
3,substantially,O
3,lower,O
3,temperatures,O
3,of,O
3,60,NUMBER
3,‐,O
3,65C,O
3,[,O
3,8,NUMBER
3,.,O
3,10,NUMBER
3,.,O
3,15,NUMBER
3,.,O
3,16,NUMBER
3,],O
3,.,O
3,We,O
3,also,O
3,note,O
3,that,O
3,recent,O
3,CDC,ORGANIZATION
3,guide,TITLE
3,‐,O
3,lines,O
3,have,O
3,indicated,O
3,that,O
3,moist,O
3,heat,O
3,is,O
3,a,O
3,reasonable,O
3,method,O
3,for,O
3,reusing,O
3,N95,MISC
3,FFRs,MISC
3,[,O
3,3,NUMBER
3,],O
3,.,O
3,The,O
3,resistance,O
3,of,O
3,Clostridium,O
3,difficile,O
3,(,O
3,C.,O
3,diff,O
3,.,O
3,),O
3,spores,O
3,at,O
3,elevated,O
3,temperature,O
3,and,O
3,moisture,O
3,was,O
3,also,O
3,studied,O
3,and,O
3,found,O
3,temperatures,O
3,of,O
3,85C,O
3,resulted,O
3,in,O
3,a,O
3,5,NUMBER
3,to,O
3,6,NUMBER
3,log,O
3,reduction,O
3,in,O
3,15,DURATION
3,minutes,DURATION
3,of,O
3,heating,O
3,in,O
3,a,O
3,buffer,TITLE
3,solution,O
3,[,O
3,17,NUMBER
3,],O
3,.,O
3,Here,O
3,we,O
3,present,DATE
3,a,O
3,scalable,O
3,method,O
3,of,O
3,heating,O
3,N95,O
3,effects,O
3,of,O
3,heat,O
3,‐,O
3,ing,O
3,under,O
3,various,O
3,humidity,O
3,conditions,O
3,and,O
3,for,O
3,multiple,O
3,cycles,O
3,of,O
3,mask,O
3,reuse,O
3,N95,O
3,respirators,O
3,are,O
3,typically,O
3,made,O
3,of,O
3,meltblown,O
3,polypropylene,O
3,fabric,O
3,.,O
3,While,O
3,this,O
3,naturally,O
3,efficiency,O
3,plummets,O
3,.,O
3,even,O
3,if,O
3,there,O
3,are,O
3,no,O
3,visual,O
3,signs,O
3,of,O
3,degradation,O
3,to,O
3,the,O
3,mask,O
3,[,O
3,18,NUMBER
3,],O
3,.,O
3,Thus,O
3,it,O
3,is,O
3,critical,O
3,to,O
3,run,O
3,filtration,O
3,tests,O
3,on,O
3,any,O
3,decon,O
3,‐,O
3,tamination,O
3,procedure,O
3,.,O
3,Physical,O
3,characteristics,O
3,of,O
3,the,O
3,FFRs,O
3,.,O
3,such,O
3,as,O
3,the,O
3,elasticity,O
3,of,O
3,the,O
3,straps,O
3,.,O
3,which,O
3,impact,O
3,fit,O
3,may,O
3,be,O
3,altered,O
3,by,O
3,decontamination,O
3,.,O
3,Fit,O
3,of,O
3,the,O
3,FFR,O
3,must,O
3,also,O
3,be,O
3,considered,O
3,.,O
3,as,O
3,degradation,O
3,of,O
3,the,O
3,fit,O
3,factor,O
3,would,O
3,indicate,O
3,unfiltered,O
3,air,O
3,en,O
3,‐,O
3,tering,O
3,the,O
3,users,O
3,lungs,O
3,.,O
3,There,O
3,are,O
3,many,O
3,practical,O
3,considerations,O
3,which,O
3,must,O
3,be,O
3,taken,O
3,into,O
3,account,O
3,when,O
3,trying,O
3,to,O
3,apply,O
3,a,O
3,decontam,O
3,‐,O
3,ination,O
3,method,O
3,to,O
3,hospital,O
3,‐,O
3,scale,O
3,operations,O
3,[,O
3,3,NUMBER
3,.,O
3,4,NUMBER
3,],O
3,.,O
3,Masks,O
3,should,O
3,ideally,O
3,be,O
3,returned,O
3,to,O
3,the,O
3,same,O
3,individual,O
3,for,O
3,many,O
3,reasons,O
3,.,O
3,in,O
3,‐,O
3,cluding,O
3,fit,O
3,and,O
3,decreased,O
3,risk,O
3,of,O
3,spreading,O
3,other,O
3,diseases,CAUSE_OF_DEATH
3,.,O
3,Avoiding,O
3,any,O
3,cross,O
3,contamination,O
3,between,O
3,masks,O
3,is,O
3,also,O
3,important,O
3,.,O
3,Hospitals,O
3,with,O
3,limited,O
3,PPE,O
3,allocations,O
3,would,O
3,also,O
3,benefit,O
3,from,O
3,rapid,O
3,time,O
3,turnaround,O
3,capabilities,O
3,if,O
3,there,O
3,is,O
3,a,O
3,critical,O
3,short,O
3,‐,O
3,age,O
3,of,O
3,N95,MISC
3,FFRs,MISC
3,.,O
3,ideally,O
3,decontaminating,O
3,a,O
3,clinicians,O
3,mask,O
3,be,O
3,‐,O
3,tween,O
3,shifts,O
3,.,O
3,Finally,O
3,.,O
3,the,O
3,decontamination,O
3,method,O
3,must,O
3,also,O
3,be,O
3,effective,O
3,in,O
3,inactivating,O
3,the,O
3,target,O
3,species,O
3,[,O
3,7,NUMBER
3,],O
3,.,O
3,with,O
3,3,NUMBER
3,log,O
3,re,O
3,‐,O
3,duction,O
3,required,O
3,[,O
3,19,NUMBER
3,],O
3,.,O
3,We,O
3,note,O
3,this,O
3,method,O
3,has,O
3,now,DATE
3,been,O
3,employed,O
3,in,O
3,a,O
3,hospital,O
3,setting,O
3,achieving,O
3,the,O
3,requite,O
3,3,NUMBER
3,log,O
3,reduction,O
3,for,O
3,biological,O
3,indicators,O
3,[,O
3,20,NUMBER
3,],O
3,.,O
3,Heating,O
3,protocol,O
3,Here,O
3,we,O
3,place,O
3,an,O
3,N95,O
3,FFR,O
3,in,O
3,a,O
3,1.25,NUMBER
3,quart,O
3,hard,O
3,walled,O
3,polypropylene,O
3,container,O
3,(,O
3,Zi,O
3,‐,O
3,ploc,O
3,medium,O
3,square,O
3,),O
3,.,O
3,Fig,O
3,1,NUMBER
3,.,O
3,This,O
3,ensures,O
3,that,O
3,both,O
3,the,O
3,charged,O
3,layer,TITLE
3,of,O
3,the,O
3,mask,O
3,and,O
3,the,O
3,container,O
3,are,O
3,made,O
3,of,O
3,the,O
3,same,O
3,materi,O
3,‐,O
3,al,O
3,.,O
3,which,O
3,decreases,O
3,the,O
3,likelihood,O
3,of,O
3,material,O
3,incompatibility,O
3,.,O
3,which,O
3,could,O
3,damage,O
3,the,O
3,inner,O
3,layer,TITLE
3,or,O
3,spoil,O
3,the,O
3,FFR,O
3,.,O
3,We,O
3,found,O
3,in,O
3,our,O
3,tests,O
3,that,O
3,the,O
3,rigid,O
3,container,O
3,is,O
3,preferable,O
3,to,O
3,a,O
3,bag,O
3,as,O
3,it,O
3,ensures,O
3,constant,O
3,volume,O
3,.,O
3,leading,O
3,to,O
3,a,O
3,constant,O
3,humidity,O
3,and,O
3,pro,O
3,‐,O
3,vides,O
3,protection,O
3,to,O
3,the,O
3,mask,O
3,in,O
3,the,O
3,handling,O
3,process,O
3,.,O
3,In,O
3,each,O
3,container,O
3,is,O
3,added,O
3,a,O
3,small,O
3,(,O
3,2.5,NUMBER
3,x2,O
3,.5,NUMBER
3,),O
3,paper,O
3,towel,O
3,(,O
3,2,NUMBER
3,‐,O
3,ply,O
3,),O
3,.,O
3,which,O
3,is,O
3,wetted,O
3,with,O
3,500,NUMBER
3,(,O
3,40,NUMBER
3,),O
3,uL,O
3,of,O
3,water,O
3,.,O
3,The,O
3,amount,O
3,of,O
3,water,O
3,was,O
3,ini,O
3,‐,O
3,tially,O
3,calibrated,O
3,with,O
3,a,O
3,fixed,O
3,number,O
3,of,O
3,water,O
3,drops,O
3,.,O
3,This,O
3,was,O
3,later,O
3,replaced,O
3,by,O
3,a,O
3,single,O
3,channel,O
3,pipette,O
3,(,O
3,Eppendorf,ORGANIZATION
3,Research,ORGANIZATION
3,Plus,O
3,),O
3,capable,O
3,of,O
3,delivering,O
3,volumes,O
3,with,O
3,5L,O
3,accuracy,O
3,.,O
3,which,O
3,im,O
3,‐,O
3,proved,O
3,the,O
3,repeatability,O
3,of,O
3,the,O
3,humidity,O
3,achieved,O
3,(,O
3,Fig,O
3,2b,O
3,shows,O
3,the,O
3,humidity,O
3,prior,O
3,to,O
3,this,O
3,improvement,O
3,.,O
3,),O
3,.,O
3,In,O
3,a,O
3,hospital,O
3,setting,O
3,this,O
3,could,O
3,be,O
3,replaced,O
3,with,O
3,an,O
3,insulin,O
3,syringe,O
3,for,O
3,example,O
3,.,O
3,The,O
3,containers,O
3,are,O
3,sealed,O
3,by,O
3,placing,O
3,the,O
3,cover,O
3,on,O
3,and,O
3,then,O
3,placed,O
3,in,O
3,a,O
3,PLOS,O
3,ONE,NUMBER
3,A,O
3,scalable,O
3,method,O
3,of,O
3,applying,O
3,humid,O
3,heat,O
3,for,O
3,decontam,O
3,‐,O
3,ination,O
3,of,O
3,N95,O
3,respirators,O
3,during,O
3,the,O
3,COVID,O
3,‐,O
3,19,NUMBER
3,crisis,O
3,Fig,O
3,1,NUMBER
3,.,O
3,Ex,O
3,‐,O
3,perimental,O
3,method,O
3,.,O
3,A,O
3,:,O
3,Each,O
3,N95,O
3,FFR,O
3,(,O
3,1,NUMBER
3,),O
3,was,O
3,placed,O
3,into,O
3,a,O
3,plastic,O
3,container,O
3,with,O
3,a,O
3,paper,O
3,towel,O
3,(,O
3,2,NUMBER
3,),O
3,with,O
3,500,NUMBER
3,uL,O
3,of,O
3,water,O
3,.,O
3,Both,O
3,the,O
3,mask,O
3,(,O
3,3,NUMBER
3,),O
3,and,O
3,container,O
3,(,O
3,4,NUMBER
3,),O
3,were,O
3,labeled,O
3,with,O
3,a,O
3,Sharpie,MISC
3,black,O
3,per,O
3,‐,O
3,manent,O
3,ink,O
3,marker,TITLE
3,.,O
3,which,O
3,would,O
3,allow,O
3,the,O
3,mask,O
3,to,O
3,be,O
3,identified,O
3,by,O
3,the,O
3,correct,O
3,healthcare,O
3,worker,O
3,and,O
3,avoid,O
3,cross,O
3,contamination,O
3,.,O
3,B,O
3,/,O
3,C,O
3,:,O
3,For,O
3,testing,O
3,purposes,O
3,.,O
3,the,O
3,lid,O
3,of,O
3,each,O
3,container,O
3,was,O
3,modified,O
3,to,O
3,have,O
3,a,O
3,temperature,O
3,and,O
3,humidity,O
3,sensor,O
3,(,O
3,B,O
3,:,O
3,SHT30,O
3,C,O
3,:,O
3,SHT31,O
3,),O
3,.,O
3,con,O
3,‐,O
3,vection,O
3,oven,O
3,(,O
3,Despatch,O
3,LAC1,O
3,‐,O
3,38,NUMBER
3,‐,O
3,8,NUMBER
3,.,O
3,3.7,NUMBER
3,cu,O
3,.,O
3,Ft.,O
3,),O
3,.,O
3,We,O
3,note,O
3,that,O
3,a,O
3,convection,O
3,oven,O
3,produces,O
3,to,O
3,less,O
3,than,O
3,1C,NUMBER
3,regardless,O
3,of,O
3,the,O
3,number,O
3,of,O
3,containers,O
3,we,O
3,place,O
3,into,O
3,this,O
3,oven,O
3,(,O
3,1,NUMBER
3,‐,O
3,45,NUMBER
3,containers,O
3,),O
3,.,O
3,Fig,O
3,2a,O
3,.,O
3,It,O
3,is,O
3,important,O
3,to,O
3,note,O
3,that,O
3,a,O
3,convection,O
3,oven,O
3,has,O
3,no,O
3,direct,O
3,line,O
3,of,O
3,sight,O
3,to,O
3,any,O
3,radiative,O
3,heat,O
3,sources,O
3,.,O
3,which,O
3,would,O
3,have,O
3,the,O
3,po,O
3,‐,O
3,tential,O
3,to,O
3,damage,O
3,the,O
3,masks,O
3,.,O
3,For,O
3,testing,O
3,purposes,O
3,.,O
3,the,O
3,lids,O
3,of,O
3,the,O
3,containers,O
3,were,O
3,modified,O
3,to,O
3,allow,O
3,a,O
3,temperature,O
3,and,O
3,humidity,O
3,sensor,O
3,(,O
3,SHT30,O
3,DFR0588,O
3,or,O
3,SEK,O
3,‐,O
3,SHT31,O
3,‐,O
3,Sensors,O
3,),O
3,inside,O
3,.,O
3,We,O
3,found,O
3,that,O
3,the,O
3,humidity,O
3,will,O
3,drop,O
3,rapidly,O
3,in,O
3,the,O
3,presence,O
3,of,O
3,a,O
3,small,O
3,hole,O
3,in,O
3,the,O
3,lid,O
3,.,O
3,The,O
3,gap,O
3,between,O
3,the,O
3,wires,O
3,and,O
3,the,O
3,lid,O
3,was,O
3,thus,O
3,sealed,O
3,with,O
3,10,DURATION
3,minute,DURATION
3,epoxy,O
3,with,O
3,a,O
3,working,O
3,temperature,O
3,of,O
3,93C,O
3,.,O
3,For,O
3,tem,O
3,‐,O
3,perature,O
3,verification,O
3,.,O
3,we,O
3,also,O
3,used,O
3,both,O
3,a,O
3,K,O
3,type,O
3,thermocouple,O
3,(,O
3,readout,O
3,with,O
3,a,O
3,SR630,O
3,),O
3,and,O
3,an,O
3,IR,O
3,thermometer,O
3,Fig,O
3,3,NUMBER
3,shows,O
3,the,O
3,hu,O
3,‐,O
3,midity,O
3,as,O
3,a,O
3,function,O
3,of,O
3,time,O
3,within,O
3,each,O
3,container,O
3,for,O
3,various,O
3,volumes,O
3,of,O
3,water,O
3,at,O
3,various,O
3,temperatures,O
3,.,O
3,We,O
3,also,O
3,find,O
3,that,O
3,the,O
3,humidity,O
3,takes,O
3,between,O
3,10,NUMBER
3,‐,O
3,15,DURATION
3,minutes,DURATION
3,to,O
3,reach,O
3,the,O
3,60,PERCENT
3,%,PERCENT
3,level,O
3,.,O
3,This,O
3,is,O
3,an,O
3,important,O
3,consideration,O
3,when,O
3,applying,O
3,this,O
3,method,O
3,as,O
3,at,O
3,least,O
3,Fig,O
3,2,NUMBER
3,.,O
3,Temperature,O
3,and,O
3,humidity,O
3,traces,O
3,.,O
3,A,O
3,:,O
3,Temperature,O
3,rise,O
3,to,O
3,the,O
3,set,O
3,point,O
3,in,O
3,around,O
3,10,DURATION
3,minutes,DURATION
3,with,O
3,45,NUMBER
3,containers,O
3,vs,O
3,only,O
3,6,NUMBER
3,containers,O
3,.,O
3,the,O
3,temperature,O
3,rise,O
3,time,O
3,is,O
3,similar,O
3,and,O
3,final,O
3,tem,O
3,‐,O
3,perature,O
3,are,O
3,identical,O
3,.,O
3,Inset,O
3,Left,O
3,:,O
3,6,NUMBER
3,containers,O
3,with,O
3,humidity,O
3,and,O
3,temperature,O
3,logging,O
3,.,O
3,Inset,O
3,Right,O
3,:,O
3,3.7,NUMBER
3,cu,O
3,ft,O
3,oven,O
3,fully,O
3,loaded,O
3,with,O
3,45,NUMBER
3,containers,O
3,.,O
3,B,O
3,:,O
3,Temperature,O
3,and,O
3,humidity,O
3,of,O
3,3M,O
3,masks,O
3,which,O
3,underwent,O
3,filter,O
3,testing,O
3,during,O
3,5,NUMBER
3,heat,O
3,cycles,O
3,.,O
3,The,O
3,shaded,O
3,region,O
3,indicates,O
3,our,O
3,target,O
3,range,O
3,of,O
3,60,NUMBER
3,‐,O
3,85,PERCENT
3,%,PERCENT
3,humidity,O
3,.,O
3,PLOS,O
3,ONE,NUMBER
3,A,O
3,scal,O
3,‐,O
3,able,O
3,method,O
3,of,O
3,applying,O
3,humid,O
3,heat,O
3,for,O
3,decontamination,O
3,of,O
3,N95,O
3,respirators,O
3,during,O
3,the,O
3,COVID,O
3,‐,O
3,19,NUMBER
3,crisis,O
3,Fig,O
3,3,NUMBER
3,.,O
3,Humidity,O
3,versus,O
3,wa,O
3,‐,O
3,ter,TITLE
3,volume,O
3,at,O
3,various,O
3,temperatures,O
3,.,O
3,Humidity,O
3,curves,O
3,for,O
3,various,O
3,water,O
3,volumes,O
3,at,O
3,A,O
3,:,O
3,70C,O
3,B,O
3,:,O
3,75C,O
3,C,O
3,:,O
3,80C,O
3,d,O
3,:,O
3,85C,O
3,in,O
3,a,O
3,1.25,NUMBER
3,qt,O
3,.,O
3,con,O
3,‐,O
3,tainer,O
3,.,O
3,Each,O
3,humidity,O
3,curve,O
3,shown,O
3,is,O
3,an,O
3,average,O
3,of,O
3,3,NUMBER
3,runs,O
3,.,O
3,10,NUMBER
3,additional,O
3,minutes,DURATION
3,should,O
3,be,O
3,added,O
3,to,O
3,the,O
3,heating,O
3,cycle,O
3,to,O
3,achieve,O
3,the,O
3,desired,O
3,time,O
3,at,O
3,target,O
3,humidity,O
3,.,O
3,The,O
3,temperature,O
3,ris,O
3,‐,O
3,es,O
3,to,O
3,within,O
3,2C,O
3,of,O
3,the,O
3,target,O
3,temperature,O
3,in,O
3,a,O
3,similar,O
3,time,O
3,.,O
3,The,O
3,containers,O
3,are,O
3,placed,O
3,into,O
3,the,O
3,convection,O
3,oven,O
3,for,O
3,40,DURATION
3,minutes,DURATION
3,.,O
3,This,O
3,is,O
3,due,O
3,to,O
3,the,O
3,fact,O
3,that,O
3,it,O
3,takes,O
3,approximately,O
3,10,DURATION
3,minutes,DURATION
3,to,O
3,reach,O
3,the,O
3,60,PERCENT
3,%,PERCENT
3,humidity,O
3,level,O
3,inside,O
3,the,O
3,container,O
3,.,O
3,lid,O
3,was,O
3,opened,O
3,and,O
3,rotated,O
3,45,NUMBER
3,degrees,O
3,and,O
3,placed,O
3,back,O
3,on,O
3,top,O
3,of,O
3,the,O
3,con,O
3,‐,O
3,tainer,O
3,.,O
3,leaving,O
3,air,O
3,to,O
3,naturally,O
3,flow,O
3,around,O
3,the,O
3,FFR,O
3,.,O
3,This,O
3,is,O
3,done,O
3,while,O
3,the,O
3,container,O
3,is,O
3,still,O
3,warm,O
3,and,O
3,we,O
3,find,O
3,that,O
3,the,O
3,pro,O
3,‐,O
3,cessed,O
3,mask,O
3,is,O
3,dry,O
3,in,O
3,under,O
3,5,DURATION
3,minutes,DURATION
3,and,O
3,the,O
3,atmosphere,O
3,inside,O
3,the,O
3,container,O
3,is,O
3,the,O
3,same,O
3,or,O
3,slightly,O
3,below,O
3,ambient,O
3,humidity,O
3,af,O
3,‐,O
3,ter,TITLE
3,the,O
3,lid,O
3,is,O
3,resealed,O
3,.,O
3,For,O
3,storage,O
3,in,O
3,the,O
3,container,O
3,(,O
3,or,O
3,a,O
3,bag,O
3,.,O
3,if,O
3,moved,O
3,out,O
3,of,O
3,the,O
3,container,O
3,),O
3,the,O
3,humidity,O
3,could,O
3,be,O
3,further,O
3,re,O
3,‐,O
3,duced,O
3,if,O
3,desired,O
3,by,O
3,adding,O
3,a,O
3,very,O
3,inexpensive,O
3,small,O
3,desiccant,O
3,pouch,O
3,into,O
3,the,O
3,container,O
3,.,O
3,To,O
3,test,O
3,whether,O
3,any,O
3,degradation,O
3,of,O
3,the,O
3,masks,O
3,occured,O
3,.,O
3,we,O
3,measure,O
3,the,O
3,filtration,O
3,efficiency,O
3,after,O
3,five,NUMBER
3,decontamination,O
3,cycles,O
3,.,O
3,This,O
3,number,O
3,of,O
3,cycles,O
3,was,O
3,chosen,O
3,as,O
3,pre,O
3,‐,O
3,vious,O
3,reports,O
3,.,O
3,which,O
3,also,O
3,considered,O
3,the,O
3,3M,O
3,1860,DATE
3,.,O
3,have,O
3,shown,O
3,that,O
3,in,O
3,the,O
3,absence,O
3,of,O
3,any,O
3,decontamination,O
3,treatment,O
3,five,NUMBER
3,cycles,O
3,of,O
3,donning,O
3,could,O
3,be,O
3,performed,O
3,safely,O
3,before,O
3,fit,O
3,tests,O
3,began,O
3,to,O
3,fail,O
3,consistently,O
3,[,O
3,21,NUMBER
3,],O
3,.,O
3,We,O
3,tested,O
3,the,O
3,3M,O
3,1860,DATE
3,(,O
3,The,O
3,1860,DATE
3,masks,O
3,avail,O
3,‐,O
3,able,O
3,were,O
3,manufactured,O
3,in,O
3,2006,DATE
3,.,O
3,with,O
3,a,O
3,shelf,O
3,life,O
3,of,O
3,5,DURATION
3,years,DURATION
3,.,O
3,Hence,O
3,they,O
3,were,O
3,9,DURATION
3,years,DURATION
3,expired,O
3,at,O
3,the,O
3,time,DATE
3,of,O
3,testing,O
3,.,O
3,The,O
3,CDC,ORGANIZATION
3,states,O
3,that,O
3,model,O
3,1860,NUMBER
3,masks,O
3,beyond,O
3,the,O
3,manufacturer,TITLE
3,shelf,O
3,life,O
3,have,O
3,been,O
3,PLOS,O
3,ONE,NUMBER
3,A,O
3,scalable,O
3,method,O
3,of,O
3,applying,O
3,humid,O
3,heat,O
3,for,O
3,decontamination,O
3,of,O
3,N95,O
3,respirators,O
3,during,O
3,the,O
3,COVID,O
3,‐,O
3,19,NUMBER
3,crisis,O
3,Fig,O
3,4,NUMBER
3,.,O
3,Masks,O
3,after,O
3,5,NUMBER
3,heat,O
3,cycles,O
3,.,O
3,A,O
3,:,O
3,3M,O
3,1860,DATE
3,;,O
3,Slight,O
3,blurring,O
3,of,O
3,printed,O
3,label,O
3,.,O
3,no,O
3,other,O
3,visible,O
3,changes,O
3,.,O
3,B,O
3,:,O
3,3M,O
3,8210,NUMBER
3,Plus,O
3,;,O
3,Slight,PERSON
3,blurring,O
3,of,O
3,the,O
3,printed,O
3,label,O
3,.,O
3,C,O
3,:,O
3,3M,O
3,1870,DATE
3,;,O
3,Delamination,O
3,of,O
3,part,O
3,of,O
3,the,O
3,foam,O
3,nose,O
3,bridge,O
3,shown,O
3,here,O
3,after,O
3,5,NUMBER
3,cycles,O
3,.,O
3,The,O
3,foam,O
3,was,O
3,reset,O
3,in,O
3,place,O
3,prior,O
3,to,O
3,donning,O
3,and,O
3,still,O
3,passed,O
3,all,O
3,fit,O
3,tests,O
3,.,O
3,shown,O
3,to,O
3,still,O
3,be,O
3,in,O
3,accordance,O
3,with,O
3,NIOSH,ORGANIZATION
3,performance,O
3,standards,O
3,[,O
3,22,NUMBER
3,],O
3,.,O
3,),O
3,surgical,O
3,N95,O
3,.,O
3,3M,O
3,1870,DATE
3,surgical,O
3,N95,O
3,.,O
3,3M,O
3,8210,NUMBER
3,Plus,O
3,N95,O
3,.,O
3,Chen,PERSON
3,Heng,PERSON
3,V9501,O
3,KN95,O
3,(,O
3,certified,O
3,to,O
3,the,O
3,GB26262006,O
3,standard,O
3,),O
3,.,O
3,and,O
3,a,O
3,HKYQ,O
3,N95,O
3,(,O
3,Zhejiang,STATE_OR_PROVINCE
3,FDA,O
3,Medical,O
3,Device,O
3,Product,O
3,Certificate,O
3,20120065,NUMBER
3,.,O
3,certified,O
3,to,O
3,the,O
3,GB19083,O
3,standard,O
3,),O
3,.,O
3,We,O
3,perform,O
3,quanti,O
3,‐,O
3,tative,O
3,fit,O
3,test,O
3,measurements,O
3,after,O
3,each,O
3,decontamination,O
3,cycle,O
3,.,O
3,We,O
3,used,O
3,a,O
3,separate,O
3,batch,O
3,of,O
3,masks,O
3,for,O
3,the,O
3,filtration,O
3,and,O
3,fit,O
3,tests,O
3,as,O
3,the,O
3,masks,O
3,used,O
3,for,O
3,fit,O
3,testing,O
3,must,O
3,be,O
3,modified,O
3,to,O
3,adapt,O
3,to,O
3,the,O
3,fit,O
3,testing,O
3,apparatus,O
3,and,O
3,are,O
3,worn,O
3,by,O
3,a,O
3,user,O
3,.,O
3,After,O
3,the,O
3,de,O
3,‐,O
3,contamination,O
3,cycles,O
3,the,O
3,masks,O
3,are,O
3,inspected,O
3,for,O
3,any,O
3,qualitative,O
3,degradation,O
3,.,O
3,The,O
3,most,O
3,prominent,O
3,effect,O
3,observed,O
3,was,O
3,the,O
3,delami,O
3,‐,O
3,nation,O
3,of,O
3,the,O
3,foam,O
3,nose,O
3,bridge,O
3,on,O
3,the,O
3,1870,DATE
3,mask,O
3,.,O
3,Fig,O
3,4c,O
3,.,O
3,Notice,O
3,‐,O
3,able,O
3,blurring,O
3,of,O
3,the,O
3,printed,O
3,labels,O
3,on,O
3,the,O
3,1860,DATE
3,and,O
3,8210,DATE
3,plus,O
3,models,O
3,.,O
3,Fig,O
3,4a,O
3,and,O
3,4b,O
3,.,O
3,was,O
3,also,O
3,seen,O
3,.,O
3,Fit,O
3,test,O
3,methods,O
3,and,O
3,re,O
3,‐,O
3,sults,O
3,The,O
3,fit,O
3,tests,O
3,were,O
3,performed,O
3,with,O
3,a,O
3,TSI,ORGANIZATION
3,PortaCount,O
3,Respira,O
3,‐,O
3,tor,O
3,Fit,O
3,Tester,TITLE
3,8038,DATE
3,using,O
3,NaCl,O
3,for,O
3,variability,O
3,in,O
3,face,O
3,structure,O
3,.,O
3,The,O
3,user,O
3,gave,O
3,verbal,O
3,consent,O
3,to,O
3,participate,O
3,in,O
3,the,O
3,study,O
3,.,O
3,We,O
3,used,O
3,the,O
3,OSHA,ORGANIZATION
3,modified,O
3,ambient,O
3,aerosol,O
3,Condensation,O
3,Nuclei,O
3,Counter,O
3,(,O
3,CNC,ORGANIZATION
3,),O
3,Quantitative,O
3,Fit,O
3,Test,O
3,for,O
3,Filtering,O
3,Facepiece,O
3,Respirators,O
3,.,O
3,This,O
3,produces,O
3,a,O
3,quantitative,O
3,fit,O
3,factor,O
3,score,O
3,for,O
3,each,O
3,of,O
3,the,O
3,four,NUMBER
3,test,O
3,components,O
3,(,O
3,bending,O
3,over,O
3,.,O
3,talking,O
3,.,O
3,head,O
3,side,O
3,to,O
3,side,O
3,.,O
3,head,O
3,up,O
3,and,O
3,down,O
3,),O
3,as,O
3,well,O
3,as,O
3,an,O
3,overall,O
3,fit,O
3,factor,O
3,computed,O
3,as,O
3,the,O
3,geometric,O
3,mean,O
3,of,O
3,these,O
3,four,NUMBER
3,scores,O
3,.,O
3,A,O
3,passing,O
3,score,O
3,is,O
3,given,O
3,in,O
3,each,O
3,category,O
3,for,O
3,a,O
3,fit,O
3,factor,O
3,100,NUMBER
3,.,O
3,but,O
3,any,O
3,individual,O
3,catego,O
3,‐,O
3,ry,O
3,may,O
3,be,O
3,failed,O
3,so,O
3,long,O
3,as,O
3,the,O
3,overall,O
3,fit,O
3,factor,O
3,is,O
3,100,NUMBER
3,in,O
3,or,O
3,‐,O
3,der,O
3,to,O
3,pass,O
3,the,O
3,OSHA,ORGANIZATION
3,test,O
3,.,O
3,Additionally,O
3,.,O
3,the,O
3,system,O
3,does,O
3,not,O
3,pro,O
3,‐,O
3,vide,O
3,a,O
3,fit,O
3,factor,O
3,score,O
3,greater,O
3,than,O
3,200,NUMBER
3,.,O
3,and,O
3,instead,O
3,gives,O
3,a,O
3,maximum,O
3,possible,O
3,score,O
3,of,O
3,200,NUMBER
3,+,O
3,.,O
3,Each,O
3,fit,O
3,test,O
3,sequence,O
3,takes,O
3,ap,O
3,‐,O
3,proximately,O
3,two,DURATION
3,minutes,DURATION
3,and,O
3,30,DURATION
3,seconds,DURATION
3,.,O
3,For,O
3,these,O
3,tests,O
3,each,O
3,mask,O
3,was,O
3,punctured,O
3,and,O
3,fitted,O
3,with,O
3,a,O
3,metal,O
3,hose,O
3,adapter,O
3,to,O
3,connect,O
3,to,O
3,the,O
3,PortaCount,O
3,via,O
3,3/16,NUMBER
3,ID,STATE_OR_PROVINCE
3,tubing,O
3,.,O
3,Prior,O
3,to,O
3,starting,O
3,each,O
3,fit,O
3,test,O
3,measurement,O
3,.,O
3,the,O
3,user,O
3,donned,O
3,the,O
3,mask,O
3,and,O
3,performed,O
3,a,O
3,exhal,O
3,‐,O
3,ing,O
3,.,O
3,The,O
3,user,O
3,then,O
3,made,O
3,small,O
3,adjustments,O
3,to,O
3,the,O
3,fit,O
3,of,O
3,the,O
3,mask,O
3,based,O
3,on,O
3,the,O
3,results,O
3,of,O
3,this,O
3,seal,O
3,check,O
3,.,O
3,After,O
3,each,O
3,fit,O
3,test,O
3,mea,O
3,‐,O
3,surement,O
3,the,O
3,user,O
3,doffed,O
3,the,O
3,mask,O
3,to,O
3,simulate,O
3,the,O
3,wear,O
3,and,O
3,tear,O
3,produced,O
3,through,O
3,donning,O
3,and,O
3,doffing,O
3,masks,O
3,.,O
3,The,O
3,protocol,O
3,we,O
3,per,O
3,‐,O
3,formed,O
3,used,O
3,two,NUMBER
3,masks,O
3,of,O
3,each,O
3,type,O
3,.,O
3,one,NUMBER
3,of,O
3,which,O
3,was,O
3,treated,O
3,as,O
3,the,O
3,control,O
3,.,O
3,and,O
3,did,O
3,not,O
3,undergo,O
3,heating,O
3,.,O
3,and,O
3,one,NUMBER
3,mask,O
3,which,O
3,went,O
3,through,O
3,five,NUMBER
3,decontamination,O
3,cycles,O
3,.,O
3,Each,O
3,mask,O
3,in,O
3,the,O
3,test,O
3,group,O
3,was,O
3,fit,O
3,tested,O
3,prior,O
3,to,O
3,the,O
3,decontamination,O
3,cycles,O
3,to,O
3,ensure,O
3,that,O
3,the,O
3,mask,O
3,was,O
3,not,O
3,defective,O
3,.,O
3,Masks,O
3,in,O
3,the,O
3,test,O
3,group,O
3,that,O
3,passed,O
3,this,O
3,initial,O
3,fit,O
3,test,O
3,PLOS,O
3,ONE,NUMBER
3,A,O
3,scalable,O
3,method,O
3,of,O
3,applying,O
3,hu,O
3,‐,O
3,mid,O
3,heat,O
3,for,O
3,decontamination,O
3,of,O
3,N95,O
3,respirators,O
3,during,O
3,the,O
3,COVID,O
3,‐,O
3,19,NUMBER
3,crisis,O
3,failure,O
3,of,O
3,the,O
3,fit,O
3,test,O
3,.,O
3,Green,O
3,shaded,O
3,cells,O
3,indi,O
3,‐,O
3,cate,O
3,successful,O
3,fit,O
3,tests,O
3,.,O
3,The,O
3,cycle,O
3,number,O
3,indicates,O
3,the,O
3,number,O
3,of,O
3,heating,O
3,cycles,O
3,the,O
3,test,O
3,group,O
3,had,O
3,undergone,O
3,at,O
3,the,O
3,time,DATE
3,of,O
3,fit,O
3,Mask,O
3,Type,O
3,HKYQ,O
3,N95,O
3,Control,O
3,or,O
3,Test,O
3,Overall,O
3,Fit,O
3,Factor,O
3,HKYQ,O
3,N95,O
3,Chen,PERSON
3,Heng,PERSON
3,V9501,PERSON
3,KN95,PERSON
3,Chen,PERSON
3,Heng,PERSON
3,V9501,O
3,KN95,O
3,were,O
3,then,O
3,run,O
3,through,O
3,the,O
3,decontamination,O
3,cycle,O
3,five,NUMBER
3,times,O
3,.,O
3,Between,O
3,each,O
3,cycle,O
3,the,O
3,test,O
3,mask,O
3,was,O
3,removed,O
3,from,O
3,the,O
3,container,O
3,and,O
3,fit,O
3,tested,O
3,.,O
3,The,O
3,control,O
3,group,O
3,masks,O
3,were,O
3,fit,O
3,tested,O
3,six,NUMBER
3,times,O
3,to,O
3,correspond,O
3,to,O
3,the,O
3,ini,O
3,‐,O
3,tial,O
3,fit,O
3,test,O
3,and,O
3,the,O
3,fit,O
3,test,O
3,the,O
3,test,O
3,group,O
3,masks,O
3,would,O
3,receive,O
3,after,O
3,each,O
3,decontamination,O
3,cycle,O
3,.,O
3,After,O
3,the,O
3,fifth,ORDINAL
3,decontamination,O
3,cycle,O
3,for,O
3,the,O
3,test,O
3,group,O
3,masks,O
3,.,O
3,we,O
3,performed,O
3,three,NUMBER
3,additional,O
3,fit,O
3,tests,O
3,.,O
3,This,O
3,was,O
3,done,O
3,to,O
3,provide,O
3,a,O
3,better,O
3,sampling,O
3,of,O
3,any,O
3,variance,O
3,in,O
3,the,O
3,users,O
3,ability,O
3,to,O
3,form,O
3,a,O
3,tight,O
3,seal,O
3,with,O
3,the,O
3,mask,O
3,and,O
3,demonstrate,O
3,whether,O
3,there,O
3,had,O
3,been,O
3,any,O
3,degradation,O
3,at,O
3,the,O
3,very,O
3,end,O
3,of,O
3,the,O
3,cycles,O
3,.,O
3,HKYQ,ORGANIZATION
3,N95,O
3,mask,O
3,both,O
3,failed,O
3,the,O
3,initial,O
3,quali,O
3,‐,O
3,tative,O
3,user,O
3,seal,O
3,checks,O
3,.,O
3,and,O
3,the,O
3,fit,O
3,test,O
3,.,O
3,As,O
3,a,O
3,result,O
3,.,O
3,we,O
3,de,O
3,‐,O
3,clined,O
3,to,O
3,process,O
3,these,O
3,masks,O
3,through,O
3,the,O
3,decontamination,O
3,cycles,O
3,and,O
3,only,O
3,performed,O
3,further,O
3,tests,O
3,on,O
3,the,O
3,control,O
3,group,O
3,to,O
3,deter,O
3,‐,O
3,mine,O
3,their,O
3,fit,O
3,factor,O
3,.,O
3,The,O
3,two,NUMBER
3,3M,O
3,mask,O
3,models,O
3,.,O
3,8210,NUMBER
3,Plus,O
3,and,O
3,1860,DATE
3,.,O
3,both,O
3,passed,O
3,the,O
3,fit,O
3,test,O
3,on,O
3,every,O
3,trial,O
3,.,O
3,and,O
3,achieved,O
3,the,O
3,maximum,O
3,possible,O
3,fit,O
3,factors,O
3,after,O
3,five,NUMBER
3,heating,O
3,cycles,O
3,.,O
3,The,O
3,3M,O
3,1870,DATE
3,also,O
3,passed,O
3,all,O
3,fit,O
3,tests,O
3,.,O
3,however,O
3,with,O
3,lower,O
3,fit,O
3,factors,O
3,after,O
3,the,O
3,decontamination,O
3,procedure,O
3,.,O
3,This,O
3,is,O
3,most,O
3,likely,O
3,due,O
3,to,O
3,the,O
3,delamination,O
3,of,O
3,the,O
3,nose,O
3,bridge,O
3,foam,O
3,from,O
3,the,O
3,mask,O
3,.,O
3,Fig,O
3,4c,O
3,.,O
3,This,O
3,foam,O
3,was,O
3,pressed,O
3,back,O
3,into,O
3,place,O
3,by,O
3,the,O
3,user,O
3,prior,O
3,to,O
3,don,O
3,‐,O
3,ning,O
3,.,O
3,There,O
3,is,O
3,a,O
3,trend,O
3,in,O
3,which,O
3,fit,O
3,tests,O
3,of,O
3,the,O
3,1860,DATE
3,.,O
3,and,O
3,to,O
3,a,O
3,lesser,O
3,degree,O
3,the,O
3,8210,DATE
3,Plus,O
3,and,O
3,1870,DATE
3,.,O
3,which,O
3,were,O
3,performed,O
3,earli,O
3,‐,O
3,er,O
3,in,O
3,the,O
3,experiment,O
3,showed,O
3,lower,O
3,fit,O
3,factors,O
3,than,O
3,those,O
3,per,O
3,‐,O
3,formed,O
3,later,O
3,.,O
3,This,O
3,is,O
3,best,O
3,explained,O
3,by,O
3,both,O
3,a,O
3,training,O
3,effect,O
3,as,O
3,the,O
3,user,O
3,gained,O
3,experience,O
3,with,O
3,the,O
3,particular,O
3,mask,O
3,models,O
3,and,O
3,identifying,O
3,potential,O
3,leaks,O
3,during,O
3,user,O
3,seal,O
3,checks,O
3,and,O
3,a,O
3,break,O
3,‐,O
3,in,O
3,period,O
3,of,O
3,the,O
3,mask,O
3,adjusting,O
3,to,O
3,the,O
3,users,O
3,face,O
3,.,O
3,This,O
3,effect,O
3,is,O
3,less,O
3,clear,O
3,for,O
3,the,O
3,other,O
3,two,NUMBER
3,mask,O
3,models,O
3,.,O
3,as,O
3,the,O
3,user,O
3,was,O
3,unable,O
3,to,O
3,perform,O
3,a,O
3,satisfactory,O
3,user,O
3,seal,O
3,check,O
3,in,O
3,any,O
3,test,O
3,.,O
3,Filtra,O
3,‐,O
3,tion,O
3,testing,O
3,methods,O
3,and,O
3,results,O
3,The,O
3,filtration,O
3,tests,O
3,were,O
3,per,O
3,‐,O
3,formed,O
3,with,O
3,a,O
3,TSI,ORGANIZATION
3,Inc,ORGANIZATION
3,.,O
3,Automated,O
3,Filter,O
3,Tester,TITLE
3,8130A,O
3,using,O
3,0.26,NUMBER
3,m,O
3,(,O
3,mass,O
3,mean,O
3,diameter,O
3,),O
3,NaCl,O
3,as,O
3,the,O
3,aerosol,O
3,source,O
3,under,O
3,a,O
3,flow,O
3,rate,O
3,of,O
3,85,NUMBER
3,L,O
3,/,O
3,min,DURATION
3,.,O
3,With,O
3,this,O
3,system,O
3,we,O
3,were,O
3,able,O
3,to,O
3,determine,O
3,the,O
3,fil,O
3,‐,O
3,tration,O
3,efficiency,O
3,for,O
3,the,O
3,challenge,O
3,aerosol,O
3,and,O
3,the,O
3,pressure,O
3,drop,O
3,across,O
3,the,O
3,mask,O
3,.,O
3,For,O
3,these,O
3,measurements,O
3,we,O
3,report,O
3,the,O
3,ini,O
3,‐,O
3,tial,O
3,filtration,O
3,efficiency,O
3,as,O
3,opposed,O
3,to,O
3,the,O
3,minimum,O
3,loaded,O
3,effi,O
3,‐,O
3,ciency,O
3,.,O
3,as,O
3,we,O
3,do,O
3,not,O
3,expect,O
3,a,O
3,significant,O
3,difference,O
3,in,O
3,the,O
3,load,O
3,‐,O
3,ing,O
3,curves,O
3,for,O
3,treated,O
3,vs,O
3,untreated,O
3,masks,O
3,.,O
3,For,O
3,our,O
3,filtration,O
3,testing,O
3,protocol,O
3,we,O
3,included,O
3,one,NUMBER
3,of,O
3,each,O
3,mask,O
3,type,O
3,in,O
3,the,O
3,control,O
3,group,O
3,and,O
3,two,NUMBER
3,of,O
3,each,O
3,type,O
3,in,O
3,the,O
3,test,O
3,group,O
3,.,O
3,The,O
3,test,O
3,group,O
3,masks,O
3,were,O
3,each,O
3,put,O
3,through,O
3,five,NUMBER
3,PLOS,O
3,ONE,NUMBER
3,A,O
3,scalable,O
3,method,O
3,of,O
3,applying,O
3,humid,O
3,heat,O
3,for,O
3,decontamination,O
3,of,O
3,N95,O
3,respirators,O
3,during,O
3,the,O
3,COVID,O
3,‐,O
3,19,NUMBER
3,crisis,O
3,pressure,O
3,drop,O
3,shown,O
3,for,O
3,the,O
3,test,O
3,group,O
3,masks,O
3,is,O
3,an,O
3,average,O
3,of,O
3,the,O
3,two,NUMBER
3,masks,O
3,of,O
3,each,O
3,type,O
3,tested,O
3,.,O
3,Variation,O
3,be,O
3,‐,O
3,tween,O
3,the,O
3,two,NUMBER
3,samples,O
3,was,O
3,minimal,O
3,.,O
3,Testing,O
3,performed,O
3,with,O
3,a,O
3,TSI,ORGANIZATION
3,Inc,O
3,.,O
3,Automated,O
3,Filter,O
3,Tester,TITLE
3,8130A,O
3,.,O
3,Mask,O
3,Type,O
3,Control,O
3,Group,O
3,5,NUMBER
3,Cycles,O
3,at,O
3,85C,O
3,+,O
3,60,NUMBER
3,‐,O
3,85,PERCENT
3,%,PERCENT
3,Humidity,O
3,Filtration,O
3,Efficiency,O
3,(,O
3,%,O
3,),O
3,Pres,O
3,‐,O
3,sure,O
3,Drop,O
3,(,O
3,Pa,STATE_OR_PROVINCE
3,),O
3,Filtration,O
3,Efficiency,O
3,(,O
3,%,O
3,),O
3,Pressure,O
3,Drop,O
3,(,O
3,Pa,STATE_OR_PROVINCE
3,),O
3,Chen,PERSON
3,Heng,PERSON
3,V9501,O
3,KN95,O
3,HKYQ,O
3,N95,O
3,heating,O
3,cycles,O
3,.,O
3,while,O
3,the,O
3,control,O
3,group,O
3,was,O
3,not,O
3,heated,O
3,.,O
3,After,O
3,the,O
3,five,NUMBER
3,cycles,O
3,the,O
3,masks,O
3,were,O
3,all,O
3,For,O
3,all,O
3,four,NUMBER
3,mask,O
3,types,O
3,studied,O
3,.,O
3,there,O
3,was,O
3,no,O
3,significant,O
3,drop,O
3,between,O
3,the,O
3,control,O
3,group,O
3,and,O
3,the,O
3,test,O
3,group,O
3,masks,O
3,.,O
3,Additionally,O
3,.,O
3,all,O
3,of,O
3,the,O
3,masks,O
3,demonstrated,O
3,a,O
3,filtration,O
3,efficiency,O
3,above,O
3,the,O
3,95,PERCENT
3,%,PERCENT
3,threshold,O
3,for,O
3,N95,O
3,respirators,O
3,.,O
3,The,O
3,test,O
3,group,O
3,mask,O
3,results,O
3,were,O
3,averaged,O
3,together,O
3,.,O
3,but,O
3,there,O
3,were,O
3,also,O
3,no,O
3,individual,O
3,masks,O
3,that,O
3,showed,O
3,an,O
3,efficiency,O
3,below,O
3,the,O
3,95,PERCENT
3,%,PERCENT
3,standard,O
3,.,O
3,One,NUMBER
3,mask,O
3,of,O
3,each,O
3,type,O
3,was,O
3,also,O
3,run,O
3,through,O
3,a,O
3,30,DURATION
3,minute,DURATION
3,loading,O
3,test,O
3,to,O
3,simulate,O
3,the,O
3,test,O
3,.,O
3,the,O
3,minimum,O
3,efficiency,O
3,for,O
3,all,O
3,masks,O
3,remained,O
3,over,O
3,the,O
3,95,PERCENT
3,%,PERCENT
3,standard,O
3,.,O
3,While,O
3,the,O
3,pressure,O
3,drop,O
3,for,O
3,each,O
3,mask,O
3,changed,O
3,by,O
3,up,O
3,to,O
3,20,PERCENT
3,%,PERCENT
3,.,O
3,all,O
3,masks,O
3,were,O
3,still,O
3,well,O
3,below,O
3,the,O
3,maximum,O
3,resistance,O
3,to,O
3,airflow,O
3,specified,O
3,by,O
3,NIOSH,ORGANIZATION
3,(,O
3,[,O
3,23,NUMBER
3,],O
3,42,NUMBER
3,CFR,O
3,84.180,NUMBER
3,),O
3,.,O
3,With,O
3,a,O
3,total,O
3,cycle,O
3,time,O
3,of,O
3,about,DURATION
3,50,DURATION
3,minutes,DURATION
3,.,O
3,including,O
3,10,DURATION
3,minutes,DURATION
3,for,O
3,loading,O
3,and,O
3,unloading,O
3,the,O
3,oven,O
3,.,O
3,a,O
3,3.7,NUMBER
3,cu,O
3,ft,O
3,oven,O
3,.,O
3,as,O
3,was,O
3,used,O
3,here,O
3,.,O
3,can,O
3,treat,O
3,approximately,O
3,1.300,NUMBER
3,masks,O
3,per,O
3,24,DURATION
3,hours,DURATION
3,under,O
3,constant,O
3,pro,O
3,‐,O
3,cessing,O
3,conditions,O
3,.,O
3,Larger,O
3,convection,O
3,ovens,O
3,are,O
3,available,O
3,.,O
3,The,O
3,equipment,O
3,needed,O
3,to,O
3,implement,O
3,this,O
3,method,O
3,requires,O
3,the,O
3,convection,O
3,oven,O
3,.,O
3,containers,O
3,.,O
3,paper,O
3,towels,O
3,.,O
3,and,O
3,a,O
3,pipette,O
3,.,O
3,For,O
3,verification,O
3,and,O
3,validation,O
3,.,O
3,a,O
3,few,O
3,low,O
3,cost,O
3,sensors,O
3,are,O
3,used,O
3,.,O
3,This,O
3,makes,O
3,such,O
3,a,O
3,method,O
3,accessible,O
3,to,O
3,all,O
3,scales,O
3,of,O
3,health,O
3,services,O
3,.,O
3,Although,O
3,the,O
3,original,O
3,ink,O
3,labeling,O
3,on,O
3,the,O
3,masks,O
3,blurred,O
3,.,O
3,the,O
3,labels,O
3,we,O
3,ap,O
3,‐,O
3,plied,O
3,to,O
3,the,O
3,masks,O
3,and,O
3,containers,O
3,with,O
3,sharpie,O
3,were,O
3,still,O
3,clear,O
3,after,O
3,the,O
3,five,NUMBER
3,cycles,O
3,.,O
3,This,O
3,suggests,O
3,a,O
3,clear,O
3,method,O
3,for,O
3,ensuring,O
3,that,O
3,each,O
3,mask,O
3,is,O
3,always,O
3,returned,O
3,to,O
3,the,O
3,same,O
3,user,O
3,.,O
3,This,O
3,will,O
3,be,O
3,important,O
3,in,O
3,healthcare,O
3,settings,O
3,both,O
3,for,O
3,maintaining,O
3,good,O
3,fit,O
3,.,O
3,and,O
3,because,O
3,this,O
3,decontamination,O
3,protocol,O
3,may,O
3,not,O
3,sterilize,O
3,all,O
3,potential,O
3,pathogens,O
3,on,O
3,the,O
3,masks,O
3,at,O
3,the,O
3,temperature,O
3,chosen,O
3,.,O
3,Addi,O
3,‐,O
3,tionally,O
3,.,O
3,the,O
3,ability,O
3,to,O
3,label,O
3,closed,O
3,containers,O
3,could,O
3,both,O
3,help,O
3,to,O
3,protect,O
3,workers,O
3,who,O
3,process,O
3,masks,O
3,through,O
3,a,O
3,decontamination,O
3,protocol,O
3,.,O
3,and,O
3,to,O
3,prevent,O
3,cross,O
3,contamination,O
3,of,O
3,masks,O
3,during,O
3,the,O
3,process,O
3,.,O
3,This,O
3,research,O
3,studied,O
3,the,O
3,effect,O
3,of,O
3,five,NUMBER
3,cycles,O
3,of,O
3,heating,O
3,to,O
3,85C,O
3,for,O
3,30,DURATION
3,min,DURATION
3,with,O
3,a,O
3,relative,O
3,humidity,O
3,of,O
3,60,NUMBER
3,‐,O
3,85,PERCENT
3,%,PERCENT
3,on,O
3,a,O
3,selection,O
3,of,O
3,N95,MISC
3,FFRs,MISC
3,.,O
3,We,O
3,found,O
3,that,O
3,for,O
3,all,O
3,of,O
3,the,O
3,N95,O
3,models,O
3,we,O
3,investigated,O
3,there,O
3,was,O
3,no,O
3,significant,O
3,difference,O
3,in,O
3,filtration,O
3,efficacy,O
3,between,O
3,the,O
3,test,O
3,groups,O
3,of,O
3,masks,O
3,and,O
3,the,O
3,untreated,O
3,con,O
3,‐,O
3,trol,O
3,masks,O
3,.,O
3,For,O
3,the,O
3,3M,O
3,1860,DATE
3,and,O
3,3M,O
3,8210,NUMBER
3,Plus,O
3,.,O
3,there,O
3,was,O
3,no,O
3,mea,O
3,‐,O
3,surable,O
3,degradation,O
3,of,O
3,fit,O
3,after,O
3,each,O
3,decontamination,O
3,cycle,O
3,.,O
3,nor,O
3,relative,O
3,to,O
3,the,O
3,control,O
3,group,O
3,PLOS,O
3,ONE,NUMBER
3,A,O
3,scalable,O
3,method,O
3,of,O
3,ap,O
3,‐,O
3,plying,O
3,humid,O
3,heat,O
3,for,O
3,decontamination,O
3,of,O
3,N95,O
3,respirators,O
3,during,O
3,the,O
3,COVID,O
3,‐,O
3,19,NUMBER
3,crisis,O
3,KN95,O
3,and,O
3,HKYQ,MISC
3,N95,MISC
3,showed,O
3,no,O
3,degradation,O
3,in,O
3,the,O
3,filtration,O
3,tests,O
3,.,O
3,but,O
3,their,O
3,fit,O
3,factor,O
3,value,O
3,was,O
3,in,O
3,the,O
3,4,NUMBER
3,‐,O
3,45,NUMBER
3,and,O
3,5,NUMBER
3,‐,O
3,28,NUMBER
3,ranges,O
3,respectively,O
3,(,O
3,where,O
3,100,NUMBER
3,is,O
3,normally,O
3,considered,O
3,passing,O
3,),O
3,.,O
3,Further,O
3,work,O
3,is,O
3,still,O
3,required,O
3,to,O
3,ensure,O
3,viral,O
3,inacti,O
3,‐,O
3,vation,O
3,of,O
3,SARS,O
3,‐,O
3,CoV,O
3,‐,O
3,2,NUMBER
3,on,O
3,FFRs,O
3,under,O
3,the,O
3,given,O
3,We,O
3,would,O
3,like,O
3,to,O
3,thank,O
3,Robert,PERSON
3,Gustafson,PERSON
3,for,O
3,useful,O
3,discussions,O
3,and,O
3,the,O
3,suggestion,O
3,of,O
3,using,O
3,rigid,O
3,polypropylene,O
3,containers,O
3,.,O
3,Investigation,O
3,:,O
3,Loc,O
3,An,O
3,‐,O
3,deregg,O
3,.,O
3,Cole,O
3,Meisenhelder,O
3,.,O
3,Chiu,PERSON
3,Oan,PERSON
3,Ngooi,PERSON
3,.,O
3,Lei,PERSON
3,Liao,PERSON
3,.,O
3,Wang,PERSON
3,Xiao,PERSON
3,.,O
3,Supervision,O
3,:,O
3,Steven,PERSON
3,Chu,PERSON
3,.,O
3,Yi,PERSON
3,Cui,PERSON
3,.,O
3,John,PERSON
3,M.,PERSON
3,Doyle,PERSON
3,.,O
3,National,O
3,Re,O
3,‐,O
3,search,O
3,Council,O
3,.,O
3,Rapid,O
3,Expert,O
3,Consultation,O
3,on,O
3,the,O
3,Possibility,O
3,of,O
3,Bioaerosol,O
3,Spread,O
3,of,O
3,SARS,O
3,‐,O
3,CoV,O
3,‐,O
3,2,NUMBER
3,for,O
3,the,O
3,COVID,O
3,‐,O
3,19,NUMBER
3,Pandemic,O
3,.,O
3,2020,DATE
3,;,O
3,van,PERSON
3,Doremalen,PERSON
3,N,PERSON
3,.,O
3,Bushmaker,PERSON
3,T,PERSON
3,.,O
3,Morris,ORGANIZATION
3,DH,ORGANIZATION
3,.,O
3,Holbrook,ORGANIZATION
3,MG,ORGANIZATION
3,.,O
3,Gamble,MISC
3,A,MISC
3,.,O
3,Williamson,ORGANIZATION
3,BN,ORGANIZATION
3,.,O
3,et,O
3,al,O
3,.,O
3,Aerosol,ORGANIZATION
3,Centers,ORGANIZATION
3,for,ORGANIZATION
3,Disease,ORGANIZATION
3,Control,ORGANIZATION
3,and,O
3,Prevention,O
3,.,O
3,Decontamination,O
3,and,O
3,Reuse,O
3,of,O
3,Filtering,O
3,Facepiece,O
3,Res,O
3,‐,O
3,pirators,O
3,.,O
3,2020,DATE
3,;,O
3,.,O
3,N95DECON,O
3,.,O
3,Technical,O
3,Report,O
3,for,O
3,Heat,O
3,‐,O
3,Humidity,O
3,‐,O
3,Based,O
3,N95,O
3,Reuse,O
3,Risk,O
3,Management,O
3,.,O
3,2020,DATE
3,;,O
3,.,O
3,Viscusi,PERSON
3,DJ,PERSON
3,.,O
3,Bergman,PERSON
3,MS,STATE_OR_PROVINCE
3,.,O
3,Eimer,ORGANIZATION
3,BC,ORGANIZATION
3,.,O
3,Shaffer,PERSON
3,RE,O
3,.,O
3,Evaluation,O
3,of,O
3,Five,NUMBER
3,Decontamination,O
3,Methods,O
3,for,O
3,Filtering,O
3,Facepiece,O
3,Respirators,O
3,.,O
3,The,O
3,Annals,O
3,of,O
3,Occupational,O
3,Hygiene,O
3,.,O
3,2009,DATE
3,;,O
3,53,NUMBER
3,(,O
3,8,NUMBER
3,),O
3,:,O
3,815827,NUMBER
3,.,O
3,Lin,O
3,TH,O
3,.,O
3,Chen,PERSON
3,CC,O
3,.,O
3,Huang,PERSON
3,SH,PERSON
3,.,O
3,Kuo,PERSON
3,CW,PERSON
3,.,O
3,Lai,MISC
3,CY,MISC
3,.,O
3,Lin,PERSON
3,WY,STATE_OR_PROVINCE
3,.,O
3,Filter,O
3,quality,O
3,of,O
3,electret,O
3,masks,O
3,in,O
3,filtering,O
3,14.6,NUMBER
3,Fischer,PERSON
3,R,PERSON
3,.,O
3,Morris,PERSON
3,DH,O
3,.,O
3,van,O
3,Doremalen,O
3,N,O
3,.,O
3,Sarchette,PERSON
3,S,PERSON
3,.,O
3,Matson,PERSON
3,J,O
3,.,O
3,Bushmaker,PERSON
3,T,PERSON
3,.,O
3,et,O
3,al,O
3,.,O
3,Assessment,O
3,of,O
3,N95,O
3,respirator,O
3,decontamina,O
3,‐,O
3,tion,O
3,and,O
3,re,O
3,‐,O
3,use,O
3,for,O
3,SARS,O
3,‐,O
3,CoV,O
3,‐,O
3,2,NUMBER
3,.,O
3,medRxiv,O
3,.,O
3,2020,DATE
3,;,O
3,Lore,O
3,MB,STATE_OR_PROVINCE
3,.,O
3,Heimbuch,PERSON
3,BK,O
3,.,O
3,Brown,PERSON
3,TL,O
3,.,O
3,Wander,O
3,JD,O
3,.,O
3,Hinrichs,PERSON
3,SH,O
3,.,O
3,Effectiveness,O
3,of,O
3,Three,NUMBER
3,De,O
3,‐,O
3,contamination,O
3,Treatments,O
3,against,O
3,Influenza,CAUSE_OF_DEATH
3,Virus,O
3,Applied,O
3,to,O
3,Fil,O
3,‐,O
3,tering,O
3,Facepiece,O
3,Respirators,O
3,.,O
3,The,O
3,Annals,O
3,of,O
3,Occupational,O
3,Hygiene,O
3,.,O
3,2011,DATE
3,;,O
3,56,NUMBER
3,(,O
3,1,NUMBER
3,),O
3,:,O
3,92101,NUMBER
3,.,O
3,McDevitt,PERSON
3,J,PERSON
3,.,O
3,Rudnick,PERSON
3,S,O
3,.,O
3,First,ORDINAL
3,M,O
3,.,O
3,Spengler,PERSON
3,J.,PERSON
3,Role,O
3,of,O
3,Absolute,O
3,Humidity,O
3,in,O
3,the,O
3,Inactivation,O
3,of,O
3,Influenza,CAUSE_OF_DEATH
3,Chin,O
3,AWH,O
3,.,O
3,Chu,ORGANIZATION
3,JTS,ORGANIZATION
3,.,O
3,Perera,ORGANIZATION
3,MRA,ORGANIZATION
3,.,O
3,Hui,O
3,KPY,O
3,.,O
3,Yen,O
3,HL,O
3,.,O
3,Chan,ORGANIZATION
3,MCW,ORGANIZATION
3,.,O
3,et,O
3,al,O
3,.,O
3,Sta,O
3,‐,O
3,bility,O
3,of,O
3,SARS,O
3,‐,O
3,CoV,O
3,‐,O
3,2,NUMBER
3,in,O
3,different,O
3,environmental,O
3,conditions,O
3,.,O
3,The,O
3,Lancet,O
3,Microbe,O
3,.,O
3,2020,DATE
3,;,O
3,Rabenau,O
3,HF,O
3,.,O
3,Cinatl,PERSON
3,J,PERSON
3,.,O
3,Morgenstern,O
3,B,O
3,.,O
3,Bauer,PERSON
3,G,O
3,.,O
3,Preiser,PERSON
3,W,PERSON
3,.,O
3,Doerr,PERSON
3,HW,O
3,.,O
3,Stability,O
3,and,O
3,inactivation,O
3,of,O
3,SARS,O
3,coron,O
3,‐,O
3,avirus,O
3,.,O
3,Medical,O
3,Microbiology,O
3,and,O
3,Immunology,O
3,.,O
3,2004,DATE
3,;,O
3,194,NUMBER
3,(,O
3,1,NUMBER
3,‐,O
3,2,NUMBER
3,),O
3,:,O
3,16,NUMBER
3,.,O
3,Darnell,PERSON
3,MER,PERSON
3,.,O
3,Taylor,PERSON
3,DR.,O
3,Evaluation,O
3,of,O
3,inactivation,O
3,methods,O
3,for,O
3,severe,O
3,acute,O
3,respiratory,O
3,syndrome,O
3,Bergman,PERSON
3,MS,STATE_OR_PROVINCE
3,.,O
3,Viscusi,PERSON
3,DJ,PERSON
3,.,O
3,Heim,PERSON
3,‐,O
3,buch,O
3,BK,O
3,.,O
3,Wander,O
3,DJD,O
3,.,O
3,Sambol,ORGANIZATION
3,AR,ORGANIZATION
3,.,O
3,Shaffer,PERSON
3,DRE,PERSON
3,.,O
3,Evaluation,O
3,of,O
3,Multi,O
3,‐,O
3,ple,O
3,Fibers,O
3,and,O
3,Fabrics,O
3,.,O
3,2010,DATE
3,;,O
3,5,NUMBER
3,(,O
3,4,NUMBER
3,),O
3,:,O
3,155892501000500405,NUMBER
3,.,O
3,3M,O
3,.,O
3,Dis,O
3,‐,O
3,infection,CAUSE_OF_DEATH
3,of,O
3,Front,O
3,Facing,O
3,Respirators,O
3,.,O
3,2020,DATE
3,;,O
3,.,O
3,PLOS,O
3,ONE,NUMBER
3,A,O
3,scal,O
3,‐,O
3,able,O
3,method,O
3,of,O
3,applying,O
3,humid,O
3,heat,O
3,for,O
3,decontamination,O
3,of,O
3,N95,O
3,respirators,O
3,during,O
3,the,O
3,COVID,O
3,‐,O
3,19,NUMBER
3,crisis,O
3,Liao,PERSON
3,L,PERSON
3,.,O
3,Xiao,PERSON
3,W,PERSON
3,.,O
3,Zhao,PERSON
3,M,O
3,.,O
3,Yu,PERSON
3,X,O
3,.,O
3,Wang,PERSON
3,H,PERSON
3,.,O
3,Wang,O
3,Q,O
3,.,O
3,et,O
3,al,O
3,.,O
3,Can,O
3,N95,O
3,respirators,O
3,be,O
3,reused,O
3,after,O
3,disinfection,O
3,?,O
3,And,O
3,for,O
3,how,O
3,many,O
3,times,O
3,?,O
3,2020,DATE
3,;,O
3,FDA,ORGANIZATION
3,.,O
3,Enforcement,O
3,Pol,O
3,‐,O
3,icy,O
3,for,O
3,Face,O
3,Masks,O
3,and,O
3,Respirators,O
3,During,O
3,the,O
3,Coronavirus,O
3,Disease,CAUSE_OF_DEATH
3,(,O
3,COVID,O
3,‐,O
3,19,NUMBER
3,),O
3,Public,ORGANIZATION
3,Health,ORGANIZATION
3,Emergency,ORGANIZATION
3,.,O
3,2020,DATE
3,;,O
3,.,O
3,Centers,O
3,for,O
3,Disease,CAUSE_OF_DEATH
3,Control,O
3,and,O
3,Prevention,O
3,.,O
3,Release,O
3,of,O
3,Stockpiled,O
3,N95,O
3,Filtering,O
3,Face,O
3,‐,O
3,piece,O
3,Respirators,O
3,Beyond,O
3,the,O
3,Manufacturer,TITLE
3,‐,O
3,Designated,O
3,Shelf,O
3,Life,O
3,:,O
3,Considerations,O
3,for,O
3,the,O
3,COVID,O
3,‐,O
3,19,NUMBER
3,Response,O
3,.,O
3,2020,DATE
3,;,O
3,.,O
3,NIOSH,ORGANIZATION
3,.,O
3,Code,O
3,of,O
3,Federal,O
3,Regulations,O
3,(,O
3,42,NUMBER
3,CFR,O
3,84.180,NUMBER
3,),O
3,;,O
3,Airflow,O
3,resistance,O
3,tests,O
3,.,O
3,2020,DATE
3,;,O
3,.,O
