2,Since,O
2,January,DATE
2,2020,DATE
2,Elsevier,PERSON
2,has,O
2,created,O
2,a,O
2,COVID,O
2,‐,O
2,19,NUMBER
2,resource,O
2,cen,O
2,‐,O
2,tre,O
2,with,O
2,free,O
2,information,O
2,in,O
2,English,NATIONALITY
2,and,O
2,Mandarin,O
2,on,O
2,the,O
2,novel,O
2,coronavirus,O
2,COVID19,O
2,.,O
2,The,O
2,COVID,O
2,‐,O
2,19,NUMBER
2,resource,O
2,centre,O
2,is,O
2,hosted,O
2,on,O
2,Elsevier,O
2,Connect,O
2,.,O
2,the,O
2,company,O
2,’s,O
2,public,O
2,news,O
2,and,O
2,information,O
2,web,O
2,‐,O
2,site,O
2,.,O
2,Elsevier,PERSON
2,hereby,O
2,grants,O
2,permission,O
2,to,O
2,make,O
2,all,O
2,its,O
2,COVID,O
2,‐,O
2,19,NUMBER
2,‐,O
2,related,O
2,research,O
2,that,O
2,is,O
2,available,O
2,on,O
2,the,O
2,COVID,O
2,‐,O
2,19,NUMBER
2,re,O
2,‐,O
2,source,O
2,centre,O
2,‐,O
2,including,O
2,this,O
2,research,O
2,content,O
2,‐,O
2,immediately,O
2,available,O
2,in,O
2,PubMed,O
2,Central,O
2,and,O
2,other,O
2,publicly,O
2,funded,O
2,reposito,O
2,‐,O
2,ries,O
2,.,O
2,such,O
2,as,O
2,the,O
2,WHO,O
2,COVID,O
2,database,O
2,with,O
2,rights,O
2,for,O
2,unrestricted,O
2,research,O
2,re,O
2,‐,O
2,use,O
2,and,O
2,analyses,O
2,in,O
2,any,O
2,form,O
2,or,O
2,by,O
2,any,O
2,means,O
2,with,O
2,ac,O
2,‐,O
2,knowledgement,O
2,of,O
2,the,O
2,original,O
2,source,O
2,.,O
2,These,O
2,permissions,O
2,are,O
2,granted,O
2,for,O
2,free,O
2,by,O
2,Elsevier,O
2,for,O
2,as,O
2,long,O
2,as,O
2,the,O
2,COVID,O
2,‐,O
2,19,NUMBER
2,resource,O
2,centre,O
2,remains,O
2,active,O
2,.,O
2,Effects,O
2,of,O
2,Hydroxychloroquine,O
2,Treatment,O
2,on,O
2,QT,O
2,Interval,O
2,Matthew,PERSON
2,Hooks,PERSON
2,.,O
2,MD,STATE_OR_PROVINCE
2,.,O
2,Bradley,PERSON
2,Bart,PERSON
2,.,O
2,MD,STATE_OR_PROVINCE
2,.,O
2,Orly,CITY
2,Vardeny,LOCATION
2,.,O
2,PharmD,O
2,.,O
2,MS,STATE_OR_PROVINCE
2,.,O
2,Anders,PERSON
2,Westanmo,PERSON
2,.,O
2,PharmD,O
2,.,O
2,MBA,O
2,.,O
2,Seluk,PERSON
2,Adabag,PERSON
2,.,O
2,MD,STATE_OR_PROVINCE
2,.,O
2,MS,STATE_OR_PROVINCE
2,To,O
2,appear,O
2,in,O
2,:,O
2,Heart,O
2,Rhythm,O
2,Revised,O
2,Date,O
2,:,O
2,during,O
2,the,O
2,production,O
2,process,O
2,.,O
2,errors,O
2,may,O
2,be,O
2,discovered,O
2,which,O
2,could,O
2,affect,O
2,the,O
2,content,O
2,.,O
2,and,O
2,all,O
2,legal,O
2,Effects,O
2,of,O
2,Hydroxychloroquine,O
2,Treatment,O
2,on,O
2,QT,O
2,In,O
2,‐,O
2,terval,O
2,Matthew,PERSON
2,Hooks,PERSON
2,.,O
2,MDa,O
2,.,O
2,Bradley,PERSON
2,Bart,PERSON
2,.,O
2,MDa,O
2,.,O
2,b,O
2,.,O
2,Orly,PERSON
2,Vardeny,PERSON
2,.,O
2,PharmD,O
2,.,O
2,MSa,O
2,.,O
2,c,O
2,.,O
2,Anders,PERSON
2,Westanmo,PERSON
2,.,O
2,PharmD,O
2,.,O
2,MBAd,O
2,.,O
2,Seluk,PERSON
2,Adabag,PERSON
2,.,O
2,MD,STATE_OR_PROVINCE
2,.,O
2,MSa,O
2,.,O
2,b,O
2,Cardiology,O
2,.,O
2,Minneapolis,ORGANIZATION
2,VA,ORGANIZATION
2,Health,ORGANIZATION
2,Care,ORGANIZATION
2,System,ORGANIZATION
2,.,O
2,Minneapolis,CITY
2,.,O
2,MN,STATE_OR_PROVINCE
2,.,O
2,USA,COUNTRY
2,;,O
2,cCenter,O
2,for,O
2,Care,ORGANIZATION
2,Delivery,ORGANIZATION
2,&,ORGANIZATION
2,Outcomes,ORGANIZATION
2,Research,ORGANIZATION
2,.,O
2,Minneapo,O
2,‐,O
2,lis,O
2,VA,ORGANIZATION
2,Health,ORGANIZATION
2,Care,ORGANIZATION
2,System,ORGANIZATION
2,.,O
2,Minneapolis,CITY
2,.,O
2,MN,STATE_OR_PROVINCE
2,.,O
2,USA,COUNTRY
2,;,O
2,Department,O
2,of,O
2,Pharmacy,O
2,.,O
2,Minneapolis,ORGANIZATION
2,VA,ORGANIZATION
2,Health,ORGANIZATION
2,Care,ORGANIZATION
2,System,ORGANIZATION
2,.,O
2,Minneapolis,CITY
2,.,O
2,MN,STATE_OR_PROVINCE
2,.,O
2,USA,COUNTRY
2,Brief,O
2,Title,O
2,:,O
2,Hydroxychloroquine,O
2,QT,O
2,Word,O
2,Count,TITLE
2,:,O
2,4139,DATE
2,Selcuk,O
2,Ad,O
2,‐,O
2,abag,O
2,.,O
2,MD,STATE_OR_PROVINCE
2,.,O
2,MS,STATE_OR_PROVINCE
2,One,NUMBER
2,Veterans,O
2,Drive,O
2,.,O
2,Division,O
2,of,O
2,Cardiology,O
2,(,O
2,111C,O
2,),O
2,Minneapolis,CITY
2,.,O
2,MN,STATE_OR_PROVINCE
2,55417,NUMBER
2,Dr.,O
2,Adabag,PERSON
2,has,O
2,obtained,O
2,research,O
2,grants,O
2,from,O
2,the,O
2,American,ORGANIZATION
2,Heart,ORGANIZATION
2,Association,ORGANIZATION
2,.,O
2,Medtronic,ORGANIZATION
2,Inc.,ORGANIZATION
2,.,O
2,Acknowledge,O
2,‐,O
2,ments,O
2,:,O
2,This,O
2,research,O
2,did,O
2,not,O
2,receive,O
2,specific,O
2,grant,O
2,from,O
2,funding,O
2,agencies,O
2,in,O
2,the,O
2,resources,O
2,and,O
2,use,O
2,of,O
2,facilities,O
2,of,O
2,the,O
2,Minneapo,O
2,‐,O
2,lis,O
2,VA,ORGANIZATION
2,Health,ORGANIZATION
2,Care,ORGANIZATION
2,System,ORGANIZATION
2,.,O
2,The,O
2,contents,O
2,do,O
2,not,O
2,represent,O
2,the,O
2,views,O
2,of,O
2,the,O
2,U.S.,ORGANIZATION
2,Department,ORGANIZATION
2,of,ORGANIZATION
2,Veterans,ORGANIZATION
2,Affairs,ORGANIZATION
2,or,O
2,the,O
2,United,ORGANIZATION
2,States,O
2,Background,O
2,Hydroxychloroquine,O
2,(,O
2,HCQ,O
2,),O
2,has,O
2,been,O
2,promoted,O
2,as,O
2,a,O
2,potential,O
2,treatment,O
2,for,O
2,COVID,O
2,‐,DATE
2,19,DATE
2,but,O
2,there,O
2,are,O
2,safety,O
2,concerns,O
2,.,O
2,Objectives,O
2,To,O
2,determine,O
2,the,O
2,effect,O
2,of,O
2,HCQ,O
2,treatment,O
2,on,O
2,QT,O
2,inter,O
2,‐,O
2,val,O
2,Methods,O
2,We,O
2,retrospectively,O
2,studied,O
2,the,O
2,electrocardiograms,O
2,of,O
2,819,NUMBER
2,patients,O
2,treated,O
2,with,O
2,HCQ,O
2,for,O
2,rheumatologic,O
2,diseases,CAUSE_OF_DEATH
2,from,O
2,2000,DATE
2,to,O
2,2020,DATE
2,.,O
2,The,O
2,primary,O
2,outcome,O
2,was,O
2,corrected,O
2,QT,O
2,(,O
2,QTc,O
2,),O
2,inter,O
2,‐,O
2,val,O
2,.,O
2,by,O
2,Bazett,PERSON
2,formula,O
2,.,O
2,during,O
2,HCQ,O
2,therapy,O
2,.,O
2,Results,O
2,The,O
2,patients,O
2,were,O
2,64.0,NUMBER
2,(,O
2,10.9,NUMBER
2,),O
2,years,DURATION
2,in,O
2,age,O
2,and,O
2,734,NUMBER
2,(,O
2,90,PERCENT
2,%,PERCENT
2,),O
2,were,O
2,men,O
2,.,O
2,The,O
2,median,O
2,dosage,O
2,and,O
2,duration,O
2,of,O
2,HCQ,O
2,were,O
2,400,NUMBER
2,mg,O
2,daily,SET
2,and,O
2,1006,DATE
2,(,O
2,471,NUMBER
2,‐,O
2,2075,DATE
2,),O
2,days,DURATION
2,.,O
2,respectively,O
2,.,O
2,The,O
2,mean,O
2,on,O
2,‐,O
2,treatment,O
2,QTc,O
2,was,O
2,430.9,NUMBER
2,(,O
2,31.8,NUMBER
2,),O
2,msec,O
2,.,O
2,In,O
2,total,O
2,.,O
2,55,NUMBER
2,(,O
2,7,PERCENT
2,%,PERCENT
2,),O
2,patients,O
2,had,O
2,QTc,O
2,470,NUMBER
2,‐,O
2,500,NUMBER
2,msec,O
2,and,O
2,12,NUMBER
2,(,O
2,1.5,PERCENT
2,%,PERCENT
2,),O
2,had,O
2,QTc,O
2,>,O
2,500msec,NUMBER
2,.,O
2,Chronic,O
2,kidney,CAUSE_OF_DEATH
2,disease,CAUSE_OF_DEATH
2,(,O
2,CKD,O
2,),O
2,.,O
2,history,O
2,of,O
2,atrial,O
2,fibrillation,O
2,(,O
2,AF,O
2,),O
2,and,O
2,heart,CAUSE_OF_DEATH
2,failure,CAUSE_OF_DEATH
2,were,O
2,independent,RELIGION
2,risk,O
2,factors,O
2,for,O
2,prolonged,O
2,QTc,O
2,.,O
2,In,O
2,a,O
2,subset,O
2,of,O
2,591,NUMBER
2,patients,O
2,who,O
2,also,O
2,had,O
2,a,O
2,pre,O
2,‐,O
2,treatment,O
2,ECG,O
2,.,O
2,the,O
2,mean,O
2,QTc,O
2,increased,O
2,from,O
2,424.4,NUMBER
2,(,O
2,29.7,NUMBER
2,),O
2,msec,O
2,.,O
2,to,O
2,432.0,NUMBER
2,(,O
2,32.3,NUMBER
2,),O
2,msec,O
2,(,O
2,p,O
2,<,O
2,0.0001,NUMBER
2,),O
2,during,O
2,HCQ,O
2,treatment,O
2,.,O
2,Of,O
2,these,O
2,.,O
2,23,NUMBER
2,(,O
2,3.9,PERCENT
2,%,PERCENT
2,),O
2,patients,O
2,had,O
2,either,O
2,prolongation,O
2,of,O
2,QTc,O
2,>,O
2,15,PERCENT
2,%,PERCENT
2,or,O
2,an,O
2,on,O
2,‐,O
2,treatment,O
2,QTc,O
2,>,O
2,500,NUMBER
2,msec,O
2,.,O
2,Over,O
2,5.97,NUMBER
2,(,O
2,3.3310.11,NUMBER
2,),O
2,years,DURATION
2,of,O
2,follow,O
2,‐,O
2,up,O
2,.,O
2,269,NUMBER
2,(,O
2,33,PERCENT
2,%,PERCENT
2,),O
2,patients,O
2,died,O
2,.,O
2,QTc,O
2,>,O
2,470,NUMBER
2,msec,O
2,during,O
2,HCQ,O
2,treatment,O
2,was,O
2,associated,O
2,with,O
2,a,O
2,greater,O
2,mortality,O
2,risk,O
2,of,O
2,(,O
2,hazard,O
2,ratio,O
2,1.78,NUMBER
2,.,O
2,95,PERCENT
2,%,PERCENT
2,confidence,O
2,interval,O
2,1.16,NUMBER
2,‐,O
2,2.71,NUMBER
2,;,O
2,p,O
2,=,O
2,0.008,NUMBER
2,),O
2,in,O
2,uni,O
2,‐,O
2,variable,O
2,but,O
2,not,O
2,in,O
2,multivariable,O
2,analysis,O
2,.,O
2,Conclusion,O
2,Hydroxy,O
2,‐,O
2,chloroquine,O
2,is,O
2,associated,O
2,with,O
2,QT,O
2,prolongation,O
2,in,O
2,a,O
2,significant,O
2,fraction,O
2,of,O
2,patients,O
2,.,O
2,The,O
2,risk,O
2,of,O
2,QT,O
2,prolongation,O
2,is,O
2,higher,O
2,among,O
2,patients,O
2,with,O
2,CKD,O
2,.,O
2,AF,O
2,and,O
2,heart,CAUSE_OF_DEATH
2,failure,CAUSE_OF_DEATH
2,.,O
2,who,O
2,may,O
2,benefit,O
2,from,O
2,greater,O
2,scrutiny,O
2,.,O
2,Keywords,O
2,:,O
2,long,O
2,QT,O
2,syndrome,O
2,;,O
2,drugs,CRIMINAL_CHARGE
2,;,O
2,drug,O
2,‐,O
2,in,O
2,‐,O
2,duced,O
2,arrhythmia,O
2,;,O
2,mortality,O
2,;,O
2,electrocardiogram,O
2,Since,O
2,December,DATE
2,2019,DATE
2,.,O
2,the,O
2,novel,O
2,single,O
2,‐,O
2,stranded,O
2,RNA,O
2,virus,O
2,known,O
2,as,O
2,the,O
2,Severe,O
2,Acute,O
2,Respiratory,O
2,Syndrome,O
2,Coronavirus,O
2,‐,O
2,2,NUMBER
2,(,O
2,SARS,O
2,‐,O
2,CoV,O
2,‐,O
2,2,NUMBER
2,),O
2,has,O
2,caused,O
2,millions,O
2,of,O
2,cases,O
2,of,O
2,coronavirus,O
2,disease,CAUSE_OF_DEATH
2,(,O
2,COVID,O
2,‐,O
2,19,NUMBER
2,),O
2,in,O
2,a,O
2,global,O
2,pandemic,O
2,.,O
2,leading,O
2,to,O
2,substantial,O
2,morbidity,O
2,and,O
2,mortality1,O
2,.,O
2,Clini,O
2,‐,O
2,cal,O
2,trajectories,O
2,of,O
2,COVID,O
2,‐,O
2,19,NUMBER
2,vary,O
2,widely,O
2,.,O
2,with,O
2,worse,O
2,outcomes,O
2,ob,O
2,‐,O
2,served,O
2,in,O
2,older,O
2,individuals,O
2,and,O
2,those,O
2,with,O
2,concomitant,O
2,medical,O
2,conditions2,O
2,.,O
2,A,O
2,significant,O
2,proportion,O
2,of,O
2,hospitalized,O
2,patients,O
2,with,O
2,COVID,O
2,‐,O
2,19,NUMBER
2,have,O
2,cardiovascular,CAUSE_OF_DEATH
2,disease,CAUSE_OF_DEATH
2,.,O
2,Moreover,O
2,.,O
2,COVID,O
2,‐,O
2,19,NUMBER
2,has,O
2,been,O
2,purported,O
2,to,O
2,cause,O
2,several,O
2,types,O
2,of,O
2,cardiac,O
2,adverse,O
2,events,O
2,.,O
2,including,O
2,myocardial,O
2,injury,O
2,.,O
2,acute,O
2,myocardial,CAUSE_OF_DEATH
2,infarction,CAUSE_OF_DEATH
2,.,O
2,acute,O
2,heart,CAUSE_OF_DEATH
2,failure,CAUSE_OF_DEATH
2,.,O
2,myocarditis,CAUSE_OF_DEATH
2,.,O
2,and,O
2,arrhythmias35.There,O
2,is,O
2,no,O
2,ap,O
2,‐,O
2,proved,O
2,treatment,O
2,for,O
2,COVID,O
2,‐,O
2,19,NUMBER
2,.,O
2,although,O
2,several,O
2,strategies,O
2,are,O
2,under,O
2,investigation,O
2,.,O
2,such,O
2,as,O
2,antivirals,O
2,.,O
2,antiretrovirals,O
2,.,O
2,immune,O
2,modulators,O
2,and,O
2,hydroxychloroquine,O
2,(,O
2,HCQ,O
2,),O
2,.,O
2,Originally,O
2,used,O
2,to,O
2,treat,O
2,malaria,CAUSE_OF_DEATH
2,.,O
2,HCQ,O
2,was,O
2,approved,O
2,for,O
2,the,O
2,treatment,O
2,of,O
2,systemic,O
2,lu,O
2,‐,O
2,pus,O
2,erythematosus,O
2,(,O
2,SLE,O
2,),O
2,by,O
2,the,O
2,FDA,ORGANIZATION
2,in,O
2,19556,NUMBER
2,.,O
2,It,O
2,is,O
2,currently,DATE
2,the,O
2,most,O
2,commonly,O
2,prescribed,O
2,medication,O
2,for,O
2,SLE,O
2,and,O
2,is,O
2,frequently,O
2,used,O
2,for,O
2,a,O
2,variety,O
2,of,O
2,other,O
2,rheumatologic,O
2,conditions,O
2,.,O
2,Cardiac,O
2,toxicity,O
2,is,O
2,rare,O
2,but,O
2,there,O
2,are,O
2,reports,O
2,of,O
2,conduction,O
2,abnormali,O
2,‐,O
2,ties,O
2,including,O
2,bundle,O
2,‐,O
2,branch,O
2,block,O
2,.,O
2,atrioventricular,O
2,block,O
2,.,O
2,QT,O
2,prolongation,O
2,.,O
2,torsade,O
2,de,O
2,pointes,O
2,.,O
2,and,O
2,sudden,O
2,cardiac,O
2,death710,O
2,.,O
2,There,O
2,is,O
2,in,O
2,vitro,O
2,evidence,O
2,that,O
2,chloroquine,O
2,and,O
2,HCQ,O
2,possess,O
2,an,O
2,‐,O
2,tiviral,O
2,properties11,O
2,.,O
2,These,O
2,data,O
2,have,O
2,been,O
2,extrapolated,O
2,to,O
2,hy,O
2,‐,O
2,pothesize,O
2,that,O
2,HCQ,O
2,may,O
2,prevent,O
2,SARS,O
2,‐,O
2,CoV,O
2,‐,O
2,2,NUMBER
2,infection,CAUSE_OF_DEATH
2,and,O
2,attenuate,O
2,the,O
2,course,O
2,and,O
2,severity,O
2,of,O
2,the,O
2,COVID,O
2,‐,O
2,19,NUMBER
2,disease12,O
2,.,O
2,Indeed,O
2,.,O
2,on,O
2,March,DATE
2,28,DATE
2,.,DATE
2,2020,DATE
2,the,O
2,phosphate,O
2,),O
2,in,O
2,certain,O
2,hospitalized,O
2,patients,O
2,being,O
2,treated,O
2,for,O
2,COVID,O
2,‐,O
2,1913,DATE
2,.,O
2,However,O
2,.,O
2,recent,O
2,studies,O
2,showing,O
2,no,O
2,benefit,O
2,of,O
2,HCQ,O
2,in,O
2,COVID,O
2,‐,O
2,19,NUMBER
2,have,O
2,since,O
2,led,O
2,the,O
2,FDA,ORGANIZATION
2,to,O
2,remove,O
2,that,O
2,treated,O
2,with,O
2,HCQ,O
2,describe,O
2,significant,O
2,QT,O
2,prolongation,O
2,and,O
2,torsade,O
2,de,O
2,pointes,O
2,which,O
2,has,O
2,expanded,O
2,clinical,O
2,concern,O
2,regarding,O
2,the,O
2,ar,O
2,‐,O
2,rhythmogenic,O
2,risk,O
2,of,O
2,HCQ1821,O
2,.,O
2,The,O
2,purpose,O
2,of,O
2,this,O
2,study,O
2,is,O
2,to,O
2,provide,O
2,information,O
2,about,O
2,the,O
2,effects,O
2,of,O
2,HCQ,O
2,on,O
2,cardiac,O
2,conduc,O
2,‐,O
2,tion,O
2,abnormalities,O
2,that,O
2,appear,O
2,on,O
2,a,O
2,12,NUMBER
2,‐,O
2,lead,O
2,electrocardiogram,O
2,(,O
2,ECG,O
2,),O
2,.,O
2,Informed,O
2,consent,O
2,requirement,O
2,was,O
2,waived,O
2,.,O
2,Patient,O
2,Selec,O
2,‐,O
2,tion,O
2,We,O
2,identified,O
2,2665,DATE
2,patients,O
2,who,O
2,received,O
2,at,O
2,least,O
2,one,NUMBER
2,pre,O
2,‐,O
2,scription,O
2,for,O
2,HCQ,O
2,dispensed,O
2,at,O
2,the,O
2,Minneapolis,CITY
2,Veterans,O
2,Affairs,O
2,(,O
2,VA,ORGANIZATION
2,),ORGANIZATION
2,Health,ORGANIZATION
2,Care,ORGANIZATION
2,System,ORGANIZATION
2,from,O
2,the,DATE
2,year,DATE
2,2000,DATE
2,to,O
2,2020,DATE
2,.,O
2,Each,O
2,pre,O
2,‐,O
2,scription,O
2,represented,O
2,the,O
2,first,ORDINAL
2,dispense,O
2,of,O
2,HCQ,O
2,until,O
2,a,O
2,break,O
2,in,O
2,prescriptions,O
2,for,O
2,at,O
2,least,O
2,150,NUMBER
2,days22,O
2,.23,O
2,.,O
2,We,O
2,excluded,O
2,patients,O
2,without,O
2,an,O
2,ECG,O
2,performed,O
2,while,O
2,they,O
2,were,O
2,receiving,O
2,HCQ,O
2,treatment,O
2,(,O
2,n,O
2,=,O
2,1722,DATE
2,),O
2,.,O
2,After,O
2,also,O
2,excluding,O
2,the,O
2,124,NUMBER
2,duplicate,O
2,entries,O
2,.,O
2,we,O
2,in,O
2,‐,O
2,cluded,O
2,819,NUMBER
2,unique,O
2,patients,O
2,who,O
2,received,O
2,treatment,O
2,in,O
2,this,O
2,analy,O
2,‐,O
2,sis,O
2,.,O
2,All,O
2,ECGs,O
2,were,O
2,performed,O
2,with,O
2,the,O
2,General,ORGANIZATION
2,Electric,ORGANIZATION
2,MAC,ORGANIZATION
2,5000,NUMBER
2,and,O
2,stored,O
2,in,O
2,the,O
2,Marquette,O
2,Universal,O
2,System,O
2,for,O
2,Electrocardiog,O
2,‐,O
2,raphy,O
2,database24,O
2,.25,O
2,.,O
2,We,O
2,selected,O
2,the,O
2,first,ORDINAL
2,ECG,O
2,.,O
2,performed,O
2,at,O
2,least,O
2,5,DURATION
2,days,DURATION
2,after,O
2,starting,O
2,the,O
2,HCQ,O
2,treatment,O
2,for,O
2,analysis,O
2,.,O
2,When,O
2,present,DATE
2,.,O
2,we,O
2,also,O
2,analyzed,O
2,the,O
2,last,O
2,ECG,O
2,performed,O
2,before,O
2,starting,O
2,the,O
2,HCQ,O
2,treatment,O
2,.,O
2,We,O
2,recorded,O
2,the,O
2,ventricular,O
2,rate,O
2,.,O
2,QRS,O
2,dura,O
2,‐,O
2,tion,O
2,.,O
2,QT,O
2,interval,O
2,and,O
2,the,O
2,corrected,O
2,QT,O
2,interval,O
2,(,O
2,QTc,O
2,),O
2,calculated,O
2,via,O
2,the,O
2,Bazett,LOCATION
2,.,O
2,Framingham,CITY
2,and,O
2,Friderica,PERSON
2,formulas,O
2,.,O
2,For,O
2,patients,O
2,with,O
2,a,O
2,QRS,O
2,>,O
2,120,NUMBER
2,msec,O
2,we,O
2,used,O
2,the,O
2,Bogossian,MISC
2,formula26,O
2,to,O
2,calculate,O
2,a,O
2,modified,O
2,QT,O
2,interval,O
2,(,O
2,QTm,O
2,),O
2,.,O
2,QTm,O
2,=,O
2,QT,O
2,(,O
2,measured,O
2,),O
2,48.5,PERCENT
2,%,PERCENT
2,*,O
2,QRS,O
2,(,O
2,mea,O
2,‐,O
2,sured,O
2,),O
2,.,O
2,The,O
2,QTm,MISC
2,was,O
2,used,O
2,to,O
2,calculate,O
2,the,O
2,QTc,O
2,.,O
2,We,O
2,manually,O
2,mea,O
2,‐,O
2,sured,O
2,the,O
2,QT,O
2,interval,O
2,.,O
2,starting,O
2,from,O
2,the,O
2,beginning,O
2,of,O
2,the,O
2,Q,O
2,wave,O
2,to,O
2,the,O
2,end,O
2,of,O
2,the,O
2,T,O
2,wave,O
2,on,O
2,ECG,O
2,.,O
2,using,O
2,electronic,O
2,calipers,O
2,in,O
2,70,NUMBER
2,(,O
2,8.5,PERCENT
2,%,PERCENT
2,),O
2,randomly,O
2,selected,O
2,patients,O
2,in,O
2,the,O
2,cohort27,O
2,.,O
2,The,O
2,correla,O
2,‐,O
2,tion,O
2,coefficient,O
2,was,O
2,0.8,NUMBER
2,.,O
2,The,O
2,primary,O
2,outcome,O
2,variable,O
2,was,O
2,the,O
2,QTc,O
2,interval,O
2,during,O
2,HCQ,O
2,therapy,O
2,.,O
2,We,O
2,used,O
2,the,O
2,Bazett,O
2,formula,O
2,for,O
2,QT,O
2,correction,O
2,because,O
2,it,O
2,is,O
2,the,O
2,most,O
2,commonly,O
2,used,O
2,method,O
2,to,O
2,cal,O
2,‐,O
2,culate,O
2,QTc,O
2,.,O
2,QTc,O
2,>,O
2,470,NUMBER
2,msec,O
2,represents,O
2,the,O
2,99th,ORDINAL
2,percentile,O
2,of,O
2,QTc,O
2,distribution,O
2,in,O
2,the,O
2,general,TITLE
2,population,O
2,and,O
2,is,O
2,a,O
2,predictor,O
2,of,O
2,symptoms,O
2,in,O
2,patients,O
2,with,O
2,long,O
2,‐,O
2,QT,O
2,syndrome28,O
2,.29,O
2,.,O
2,QTc,O
2,>,O
2,500,NUMBER
2,msec,O
2,is,O
2,associated,O
2,with,O
2,a,O
2,higher,O
2,risk,O
2,of,O
2,life,O
2,‐,O
2,threatening,O
2,arrhyth,O
2,‐,O
2,mias29,O
2,.,O
2,In,O
2,a,O
2,subgroup,O
2,of,O
2,patients,O
2,who,O
2,had,O
2,ECGs,O
2,before,O
2,and,O
2,during,O
2,HCQ,O
2,treatment,O
2,.,O
2,we,O
2,also,O
2,assessed,O
2,the,O
2,change,O
2,in,O
2,QTc30,O
2,.,O
2,Secondary,O
2,outcome,O
2,variable,O
2,was,O
2,time,O
2,to,O
2,death,O
2,or,O
2,last,O
2,follow,O
2,‐,O
2,up,O
2,from,O
2,the,O
2,starting,O
2,date,O
2,of,O
2,the,O
2,HCQ,O
2,treatment,O
2,.,O
2,as,O
2,recorded,O
2,in,O
2,the,O
2,VA,STATE_OR_PROVINCE
2,vital,O
2,status,O
2,files24,O
2,.25.31,O
2,.,O
2,Predictor,O
2,variables,O
2,and,O
2,definitions,O
2,We,O
2,ex,O
2,‐,O
2,tracted,O
2,patient,O
2,demographics,O
2,.,O
2,comorbidities,O
2,.,O
2,and,O
2,laboratory,O
2,data,O
2,from,O
2,the,O
2,VA,STATE_OR_PROVINCE
2,corporate,O
2,data,O
2,warehouse,O
2,using,O
2,Structured,O
2,Query,O
2,Lan,O
2,‐,O
2,guage,O
2,.,O
2,The,O
2,VA,STATE_OR_PROVINCE
2,corporate,O
2,data,O
2,warehouse,O
2,contains,O
2,extracts,O
2,from,O
2,VA,STATE_OR_PROVINCE
2,clinical,O
2,and,O
2,administrative,O
2,system,O
2,that,O
2,includes,O
2,complete,O
2,and,O
2,other,O
2,medications,O
2,were,O
2,also,O
2,extracted,O
2,from,O
2,the,O
2,VHA,ORGANIZATION
2,CDW22,O
2,.,O
2,The,O
2,ECG,O
2,data,O
2,were,O
2,obtained,O
2,from,O
2,the,O
2,Marquette,ORGANIZATION
2,Universal,ORGANIZATION
2,System,ORGANIZATION
2,for,ORGANIZATION
2,Elec,ORGANIZATION
2,‐,O
2,trocardiography,O
2,database24,O
2,.25,O
2,.,O
2,Chronic,O
2,kidney,CAUSE_OF_DEATH
2,disease,CAUSE_OF_DEATH
2,(,O
2,CKD,O
2,),O
2,was,O
2,defined,O
2,as,O
2,estimated,O
2,glomerular,O
2,filtration,O
2,rate,O
2,(,O
2,eGFR,O
2,),O
2,<,O
2,60,NUMBER
2,ml,O
2,/,O
2,min,DURATION
2,.,O
2,The,O
2,eGFR,O
2,was,O
2,calculated,O
2,with,O
2,the,O
2,Cockcroft,O
2,‐,O
2,Gault,O
2,Equation,O
2,(,O
2,[,O
2,140,NUMBER
2,‐,O
2,age,O
2,],O
2,weight,O
2,in,O
2,kg,O
2,),O
2,/,O
2,(,O
2,serum,O
2,creatinine,O
2,72,NUMBER
2,;,O
2,multiplied,O
2,by,O
2,0.85,NUMBER
2,in,O
2,women,O
2,),O
2,.,O
2,Statistical,ORGANIZATION
2,Analysis,ORGANIZATION
2,Data,ORGANIZATION
2,are,O
2,presented,O
2,as,O
2,mean,O
2,(,O
2,standard,O
2,deviation,O
2,),O
2,or,O
2,median,O
2,(,O
2,interquartile,O
2,range,O
2,),O
2,for,O
2,continu,O
2,‐,O
2,ous,O
2,variables,O
2,.,O
2,and,O
2,number,O
2,(,O
2,n,O
2,),O
2,and,O
2,percentage,O
2,(,PERCENT
2,%,PERCENT
2,),O
2,for,O
2,categorical,O
2,variables,O
2,.,O
2,Comparisons,O
2,of,O
2,characteristics,O
2,among,O
2,patients,O
2,with,O
2,vs.,O
2,without,O
2,QTc,O
2,prolongation,O
2,were,O
2,made,O
2,with,O
2,chi,O
2,‐,O
2,square,O
2,test,O
2,or,O
2,Fish,O
2,‐,O
2,ers,O
2,exact,O
2,test,O
2,for,O
2,categorical,O
2,variables,O
2,and,O
2,unpaired,O
2,t,O
2,test,O
2,for,O
2,continuous,O
2,variables,O
2,.,O
2,The,O
2,ECG,O
2,characteristics,O
2,before,O
2,vs.,O
2,during,O
2,HCQ,O
2,therapy,O
2,were,O
2,compared,O
2,using,O
2,paired,O
2,t,O
2,‐,O
2,test,O
2,.,O
2,Independent,RELIGION
2,pre,O
2,‐,O
2,dictors,O
2,of,O
2,prolonged,O
2,QTc,O
2,were,O
2,identified,O
2,by,O
2,multivariable,O
2,logis,O
2,‐,O
2,tic,O
2,regression,O
2,analysis,O
2,.,O
2,Survival,O
2,curves,O
2,were,O
2,constructed,O
2,using,O
2,the,O
2,KaplanMeier,O
2,method,O
2,and,O
2,the,O
2,differences,O
2,of,O
2,survival,O
2,among,O
2,pa,O
2,‐,O
2,tients,O
2,with,O
2,vs.,O
2,without,O
2,prolonged,O
2,QTc,O
2,was,O
2,examined,O
2,by,O
2,the,O
2,log,O
2,‐,O
2,rank,O
2,test,O
2,.,O
2,Cox,O
2,proportional,O
2,hazards,O
2,analysis,O
2,was,O
2,used,O
2,to,O
2,assess,O
2,the,O
2,association,O
2,between,O
2,QTc,O
2,prolongation,O
2,and,O
2,mortality,O
2,.,O
2,and,O
2,to,O
2,calculate,O
2,the,O
2,hazard,O
2,ratio,O
2,(,O
2,HR,DURATION
2,),O
2,and,O
2,95,PERCENT
2,%,PERCENT
2,confidence,O
2,interval,O
2,(,O
2,CI,O
2,),O
2,.,O
2,Statistical,O
2,analyses,O
2,were,O
2,performed,O
2,with,O
2,IBM,ORGANIZATION
2,SPSS,O
2,(,O
2,version,O
2,25,NUMBER
2,;,O
2,IBM,ORGANIZATION
2,Corp,ORGANIZATION
2,.,O
2,Armonk,LOCATION
2,.,O
2,NY,STATE_OR_PROVINCE
2,.,O
2,Patient,O
2,characteristics,O
2,64.0,NUMBER
2,(,O
2,10.9,NUMBER
2,),O
2,years,DURATION
2,and,O
2,734,NUMBER
2,(,O
2,90,PERCENT
2,%,PERCENT
2,),O
2,of,O
2,the,O
2,patients,O
2,were,O
2,male,O
2,.,O
2,Cardiovascular,O
2,comor,O
2,‐,O
2,bidities,O
2,included,O
2,hypertension,CAUSE_OF_DEATH
2,(,O
2,n,O
2,=,O
2,532,NUMBER
2,.,O
2,65,PERCENT
2,%,PERCENT
2,),O
2,.,O
2,coronary,O
2,artery,O
2,dis,O
2,‐,O
2,ease,O
2,(,O
2,n,O
2,=,O
2,234,NUMBER
2,.,O
2,29,PERCENT
2,%,PERCENT
2,),O
2,.,O
2,diabetes,CAUSE_OF_DEATH
2,(,O
2,n,O
2,=,O
2,202,NUMBER
2,.,O
2,25,PERCENT
2,%,PERCENT
2,),O
2,and,O
2,heart,CAUSE_OF_DEATH
2,failure,CAUSE_OF_DEATH
2,(,O
2,n,O
2,=,O
2,65,NUMBER
2,.,O
2,8,PERCENT
2,%,PERCENT
2,),O
2,.,O
2,A,O
2,total,O
2,of,O
2,99,NUMBER
2,(,O
2,12,PERCENT
2,%,PERCENT
2,),O
2,patients,O
2,had,O
2,chronic,O
2,kidney,CAUSE_OF_DEATH
2,disease,CAUSE_OF_DEATH
2,Hy,O
2,‐,O
2,droxychloroquine,O
2,was,O
2,prescribed,O
2,to,O
2,treat,O
2,systemic,O
2,lupus,O
2,erhythe,O
2,‐,O
2,matosus,O
2,in,O
2,786,NUMBER
2,(,O
2,96,PERCENT
2,%,PERCENT
2,),O
2,of,O
2,the,O
2,patients,O
2,at,O
2,a,O
2,median,O
2,starting,O
2,dosage,O
2,of,O
2,400,NUMBER
2,mg,O
2,daily,SET
2,.,O
2,The,O
2,median,O
2,(,O
2,25th,ORDINAL
2,‐,O
2,75th,ORDINAL
2,percentile,O
2,),O
2,duration,O
2,of,O
2,HCQ,O
2,therapy,O
2,was,O
2,1006,DATE
2,(,O
2,471,NUMBER
2,‐,O
2,2075,DATE
2,),O
2,days,DURATION
2,.,O
2,ECG,O
2,characteristics,O
2,during,O
2,HCQ,O
2,treatment,O
2,A,O
2,12,NUMBER
2,‐,O
2,lead,O
2,ECG,O
2,was,O
2,performed,O
2,234,NUMBER
2,(,O
2,92,NUMBER
2,‐,O
2,586,NUMBER
2,),O
2,days,DURATION
2,after,O
2,starting,O
2,HCQ,O
2,therapy,O
2,in,O
2,all,O
2,study,O
2,rate,O
2,was,O
2,74.8,NUMBER
2,(,O
2,17.3,NUMBER
2,),O
2,beats,O
2,/,O
2,min,DURATION
2,.,O
2,The,O
2,mean,O
2,on,O
2,‐,O
2,treatment,O
2,QTc,O
2,.,O
2,based,O
2,on,O
2,Bazett,O
2,formula,O
2,.,O
2,was,O
2,430.9,NUMBER
2,(,O
2,31.8,NUMBER
2,),O
2,msec,O
2,.,O
2,A,O
2,total,O
2,of,O
2,55,NUMBER
2,(,O
2,7,PERCENT
2,%,PERCENT
2,),O
2,patients,O
2,had,O
2,on,O
2,‐,O
2,treatment,O
2,QTc,O
2,470,NUMBER
2,‐,O
2,500,NUMBER
2,msec,O
2,.,O
2,and,O
2,12,NUMBER
2,prolonged,O
2,QTc,O
2,were,O
2,older,O
2,and,O
2,more,O
2,likely,O
2,to,O
2,have,O
2,CKD,O
2,.,O
2,history,O
2,of,O
2,atrial,O
2,fibrillation,O
2,and,O
2,history,O
2,of,O
2,predic,O
2,‐,O
2,tors,O
2,of,O
2,QTc,O
2,>,O
2,470,NUMBER
2,msec,O
2,.,O
2,Notably,O
2,.,O
2,the,O
2,odds,O
2,of,O
2,QTc,O
2,prolongation,O
2,was,O
2,>,O
2,5,NUMBER
2,times,O
2,higher,O
2,(,O
2,OR,O
2,5.1,NUMBER
2,;,O
2,95,PERCENT
2,%,PERCENT
2,CI,O
2,1.23,NUMBER
2,‐,O
2,21.1,NUMBER
2,;,O
2,p,O
2,=,O
2,0.025,NUMBER
2,),O
2,when,O
2,eGFR,O
2,was,O
2,<,O
2,30,NUMBER
2,ml,O
2,/,O
2,min,DURATION
2,.,O
2,There,O
2,was,O
2,a,O
2,negative,O
2,correlation,O
2,Paired,O
2,ECG,O
2,before,O
2,and,O
2,during,O
2,HCQ,O
2,treatment,O
2,A,O
2,total,O
2,of,O
2,591,NUMBER
2,(,O
2,72,PERCENT
2,%,PERCENT
2,),O
2,patients,O
2,had,O
2,ECGs,O
2,performed,O
2,before,O
2,(,O
2,median,O
2,345,NUMBER
2,[,O
2,98,NUMBER
2,‐,O
2,833,NUMBER
2,],O
2,days,DURATION
2,),O
2,and,O
2,after,O
2,(,O
2,median,O
2,204,NUMBER
2,[,O
2,84,NUMBER
2,‐,O
2,489,NUMBER
2,],O
2,days,DURATION
2,),O
2,starting,O
2,the,O
2,HCQ,O
2,treatment,O
2,.,O
2,On,O
2,these,O
2,paired,O
2,ECGs,O
2,.,O
2,there,O
2,was,O
2,a,O
2,modest,O
2,prolongation,O
2,of,O
2,QTc,O
2,from,O
2,424.4,NUMBER
2,(,O
2,29.7,NUMBER
2,),O
2,msec,O
2,.,O
2,to,O
2,432.0,NUMBER
2,(,O
2,32.3,NUMBER
2,),O
2,msec,O
2,.,O
2,(,O
2,p,O
2,<,O
2,0.0001,NUMBER
2,),O
2,QTc,O
2,or,O
2,a,O
2,QTc,O
2,>,O
2,500,NUMBER
2,msec,O
2,with,O
2,HCQ,O
2,treatment,O
2,.,O
2,These,O
2,patients,O
2,were,O
2,more,O
2,likely,O
2,to,O
2,have,O
2,chronic,O
2,kidney,O
2,disease,CAUSE_OF_DEATH
2,(,O
2,44,PERCENT
2,%,PERCENT
2,vs.,O
2,14,PERCENT
2,%,PERCENT
2,;,O
2,p,O
2,=,O
2,0.0001,NUMBER
2,),O
2,than,O
2,the,O
2,rest,O
2,of,O
2,the,O
2,cohort,O
2,with,O
2,paired,O
2,ECGs,O
2,.,O
2,Survival,O
2,in,O
2,relation,O
2,to,O
2,QTc,O
2,Of,O
2,the,O
2,819,NUMBER
2,patients,O
2,in,O
2,the,O
2,whole,O
2,study,O
2,cohort,O
2,.,O
2,269,NUMBER
2,(,O
2,33,PERCENT
2,%,PERCENT
2,),O
2,died,O
2,over,O
2,a,O
2,median,O
2,5.97,NUMBER
2,(,O
2,3.3310.11,NUMBER
2,),O
2,years,DURATION
2,of,O
2,follow,O
2,up,O
2,.,O
2,In,O
2,comparison,O
2,to,O
2,those,O
2,who,O
2,sur,O
2,‐,O
2,vived,O
2,.,O
2,the,O
2,patients,O
2,who,O
2,died,O
2,were,O
2,older,O
2,.,O
2,more,O
2,likely,O
2,to,O
2,be,O
2,men,O
2,and,O
2,more,O
2,likely,O
2,to,O
2,have,O
2,coronary,O
2,disease,CAUSE_OF_DEATH
2,.,O
2,heart,CAUSE_OF_DEATH
2,failure,CAUSE_OF_DEATH
2,and,O
2,CKD,O
2,.,O
2,In,O
2,univariable,O
2,Cox,O
2,regression,O
2,analysis,O
2,.,O
2,QTc,O
2,>,O
2,470,NUMBER
2,msec,O
2,.,O
2,during,O
2,HCQ,O
2,therapy,O
2,was,O
2,associated,O
2,with,O
2,adjustment,O
2,for,O
2,age,O
2,.,O
2,sex,O
2,.,O
2,and,O
2,co,O
2,‐,O
2,morbidities,O
2,QTc,O
2,>,O
2,470,NUMBER
2,msec,O
2,.,O
2,during,O
2,HCQ,O
2,treatment,O
2,was,O
2,no,O
2,longer,O
2,associated,O
2,with,O
2,long,O
2,‐,O
2,term,O
2,mortality,O
2,.,O
2,In,O
2,patients,O
2,with,O
2,paired,O
2,ECG,O
2,.,O
2,delta,O
2,QTc,O
2,was,O
2,not,O
2,associated,O
2,with,O
2,mortality,O
2,(,O
2,HR,DURATION
2,1.001,NUMBER
2,.,O
2,95,PERCENT
2,%,PERCENT
2,CI,O
2,0.998,NUMBER
2,‐,O
2,1.005,NUMBER
2,;,O
2,p,O
2,=,O
2,0.51,NUMBER
2,),O
2,.,O
2,This,O
2,investigation,O
2,showed,O
2,that,O
2,a,O
2,signifi,O
2,‐,O
2,cant,O
2,fraction,O
2,(,O
2,8.3,PERCENT
2,%,PERCENT
2,),O
2,of,O
2,the,O
2,patients,O
2,prescribed,O
2,HCQ,O
2,for,O
2,the,O
2,treatment,O
2,of,O
2,SLE,O
2,had,O
2,QTc,O
2,>,O
2,470,NUMBER
2,msec,O
2,on,O
2,ECG,O
2,.,O
2,including,O
2,1.5,PERCENT
2,%,PERCENT
2,who,O
2,had,O
2,QTc,O
2,>,O
2,500,NUMBER
2,msec,O
2,.,O
2,Chronic,O
2,kidney,CAUSE_OF_DEATH
2,disease,CAUSE_OF_DEATH
2,.,O
2,atrial,O
2,fibrillation,O
2,and,O
2,heart,CAUSE_OF_DEATH
2,failure,CAUSE_OF_DEATH
2,were,O
2,associated,O
2,with,O
2,QTc,O
2,prolongation,O
2,.,O
2,Among,O
2,patients,O
2,with,O
2,ECGs,MISC
2,performed,O
2,both,O
2,before,O
2,and,O
2,during,O
2,treatment,O
2,.,O
2,HCQ,O
2,had,O
2,a,O
2,modest,O
2,effect,O
2,on,O
2,QTc,O
2,(,O
2,mean,O
2,increase,O
2,8,NUMBER
2,msec,O
2,),O
2,except,O
2,in,O
2,3.4,PERCENT
2,%,PERCENT
2,of,O
2,the,O
2,patients,O
2,who,O
2,had,O
2,>,O
2,15,PERCENT
2,%,PERCENT
2,increase,O
2,in,O
2,QTc,O
2,.,O
2,The,O
2,QTc,O
2,in,O
2,‐,O
2,terval,O
2,during,O
2,HCQ,O
2,treatment,O
2,was,O
2,associated,O
2,with,O
2,long,O
2,‐,O
2,term,O
2,sur,O
2,‐,O
2,vival,O
2,in,O
2,univariable,O
2,analysis,O
2,.,O
2,while,O
2,the,O
2,change,O
2,in,O
2,QTc,O
2,was,O
2,not,O
2,.,O
2,Hydroxychloroquine,O
2,blocks,O
2,the,O
2,KCNH2,O
2,‐,O
2,encoded,O
2,hERG,O
2,/,O
2,Kv11,O
2,.1,NUMBER
2,potassium,O
2,channel,O
2,and,O
2,can,O
2,contribute,O
2,to,O
2,prolongation,O
2,of,O
2,the,O
2,QTc,O
2,interval12,O
2,.,O
2,Mutations,O
2,involving,O
2,these,O
2,potassium,O
2,channels,O
2,cause,O
2,the,O
2,long,O
2,QT,O
2,syndrome,O
2,and,O
2,their,O
2,blockage,O
2,by,O
2,certain,O
2,drugs,CRIMINAL_CHARGE
2,can,O
2,be,O
2,associated,O
2,with,O
2,QT,O
2,prolongation,O
2,.,O
2,torsade,O
2,de,O
2,pointes,O
2,.,O
2,and,O
2,sudden,O
2,death,O
2,.,O
2,While,O
2,QT,O
2,prolongation,O
2,and,O
2,postings,O
2,on,O
2,the,O
2,FDA,ORGANIZATION
2,Adverse,O
2,Events,O
2,Reporting,O
2,System7,O
2,.8.10,O
2,.,O
2,A,O
2,retrospective,O
2,study,O
2,of,O
2,112,NUMBER
2,patients,O
2,with,O
2,SLE,O
2,treated,O
2,with,O
2,HCQ,O
2,reported,O
2,that,O
2,cardiac,O
2,conduction,O
2,abnormalities,O
2,were,O
2,present,DATE
2,in,O
2,18,PERCENT
2,%,PERCENT
2,of,O
2,the,O
2,subjects,O
2,.,O
2,These,O
2,included,O
2,incomplete,O
2,bundle,O
2,branch,O
2,blocks,O
2,and,O
2,second,ORDINAL
2,and,ORDINAL
2,third,ORDINAL
2,degree,O
2,atrioventricular,O
2,blocks,O
2,.,O
2,The,O
2,presence,O
2,of,O
2,conduction,O
2,abnormalities,O
2,were,O
2,not,O
2,associ,O
2,‐,O
2,ated,O
2,with,O
2,mortality,O
2,during,O
2,the,DURATION
2,first,DURATION
2,10,DURATION
2,years,DURATION
2,of,O
2,follow,O
2,‐,O
2,up,O
2,but,O
2,thereafter,O
2,.,O
2,subjects,O
2,with,O
2,cardiac,O
2,conduction,O
2,abnormalities,O
2,had,O
2,a,O
2,higher,O
2,risk,O
2,of,O
2,death33,O
2,.,O
2,In,O
2,a,O
2,larger,O
2,series,O
2,of,O
2,453,NUMBER
2,consecutive,O
2,SLE,O
2,patients,O
2,.,O
2,84,PERCENT
2,%,PERCENT
2,of,O
2,whom,O
2,were,O
2,taking,O
2,HCQ,O
2,.,O
2,16,PERCENT
2,%,PERCENT
2,had,O
2,cardiac,O
2,conduction,O
2,abnormalities34,O
2,.,O
2,Since,O
2,were,O
2,not,O
2,able,O
2,to,O
2,attribute,O
2,them,O
2,directly,O
2,to,O
2,the,O
2,use,O
2,of,O
2,HCQ,O
2,.,O
2,In,O
2,fact,O
2,.,O
2,higher,O
2,cumulative,O
2,doses,O
2,of,O
2,HCQ,O
2,were,O
2,associated,O
2,with,O
2,fewer,O
2,conduction,O
2,abnormalities,O
2,.,O
2,QTc,O
2,prolongation,O
2,was,O
2,rare,O
2,and,O
2,only,O
2,the,O
2,incidence,O
2,of,O
2,conduction,O
2,delays,O
2,and,O
2,QT,O
2,pro,O
2,‐,O
2,longation,O
2,was,O
2,similar,O
2,to,O
2,what,O
2,is,O
2,expected,O
2,in,O
2,the,O
2,general,TITLE
2,pub,O
2,‐,O
2,lic35,O
2,.,O
2,There,O
2,are,O
2,currently,DATE
2,more,O
2,than,O
2,7.15,MONEY
2,million,MONEY
2,confirmed,O
2,cased,O
2,of,O
2,COVID,O
2,‐,O
2,19,NUMBER
2,world,O
2,‐,O
2,wide,O
2,.,O
2,Initially,O
2,.,O
2,HCQ,O
2,has,O
2,emerged,O
2,as,O
2,a,O
2,potential,O
2,therapy,O
2,for,O
2,COVID,O
2,‐,O
2,19,NUMBER
2,given,O
2,in,O
2,vitro,O
2,evidence,O
2,of,O
2,antivi,O
2,‐,O
2,ral,O
2,properties11,O
2,.36,O
2,.,O
2,Guidelines,O
2,quickly,O
2,emerged,O
2,cautioning,O
2,the,O
2,use,O
2,of,O
2,the,O
2,medication,O
2,in,O
2,the,O
2,arrhythmic,O
2,toxicity,O
2,risk,O
2,of,O
2,HCQ,O
2,is,O
2,likely,O
2,low,O
2,given,O
2,the,O
2,relatively,O
2,short,O
2,duration,O
2,of,O
2,treatment,O
2,for,O
2,COVID,O
2,‐,O
2,1937,DATE
2,.,O
2,They,O
2,recommend,O
2,using,O
2,caution,O
2,in,O
2,patients,O
2,with,O
2,known,O
2,congenital,O
2,long,O
2,QT,O
2,syndrome,O
2,.,O
2,renal,O
2,insufficiency,O
2,.,O
2,on,O
2,QT,O
2,prolong,O
2,‐,O
2,ing,O
2,medications,O
2,(,O
2,e.g.,O
2,certain,O
2,antiarrhythmics,O
2,.,O
2,antipsychotics,O
2,.,O
2,antifungals,O
2,.,O
2,and,O
2,macrolide,O
2,antibiotics,O
2,such,O
2,as,O
2,azithromycin,O
2,),O
2,.,O
2,or,O
2,with,O
2,electrolyte,O
2,caution,O
2,when,O
2,using,O
2,HCQ,O
2,+,O
2,/,O
2,‐,O
2,azithromycin,O
2,in,O
2,any,O
2,patient,O
2,with,O
2,a,O
2,prolonged,O
2,QTc,O
2,>,O
2,470msec,NUMBER
2,in,O
2,males,O
2,and,O
2,>,O
2,480,NUMBER
2,msec,O
2,in,O
2,females12,O
2,.,O
2,Most,O
2,recently,DATE
2,.,O
2,a,O
2,small,O
2,randomized,O
2,controlled,O
2,trial,O
2,and,O
2,several,O
2,observational,O
2,studies,O
2,of,O
2,COVID,O
2,‐,O
2,19,NUMBER
2,patients,O
2,treated,O
2,with,O
2,HCQ,O
2,showed,O
2,no,O
2,evidence,O
2,of,O
2,benefit,O
2,and,O
2,some,O
2,concerning,O
2,trends,O
2,for,O
2,harm1417,NUMBER
2,.40,O
2,.,O
2,At,O
2,this,O
2,moment,O
2,.,O
2,the,O
2,FDA,ORGANIZATION
2,has,O
2,removed,O
2,the,O
2,combination,O
2,with,O
2,azithromycin,O
2,.,O
2,except,O
2,in,O
2,the,O
2,context,O
2,of,O
2,a,O
2,clinical,O
2,trial41,O
2,.,O
2,However,O
2,.,O
2,despite,O
2,the,O
2,negative,O
2,trials,O
2,the,O
2,medication,O
2,has,O
2,received,O
2,significant,O
2,media,O
2,attention,O
2,and,O
2,it,O
2,remains,O
2,possible,O
2,that,O
2,a,O
2,sig,O
2,‐,O
2,nificant,O
2,portion,O
2,of,O
2,the,O
2,population,O
2,is,O
2,exposed,O
2,to,O
2,the,O
2,medication,O
2,.,O
2,The,O
2,association,O
2,of,O
2,impaired,O
2,kidney,O
2,function,O
2,with,O
2,QTc,O
2,prolongation,O
2,is,O
2,especially,O
2,concerning,O
2,since,O
2,reports,O
2,from,O
2,China,COUNTRY
2,indicate,O
2,that,O
2,patients,O
2,with,O
2,COVID,O
2,‐,O
2,19,NUMBER
2,are,O
2,more,O
2,likely,O
2,to,O
2,experience,O
2,renal,O
2,dys,O
2,‐,O
2,function42,O
2,.,O
2,Given,O
2,the,O
2,higher,O
2,co,O
2,‐,O
2,morbidity,O
2,burden,O
2,and,O
2,acuity,O
2,of,O
2,patients,O
2,hospitalized,O
2,with,O
2,COVID,O
2,‐,O
2,19,NUMBER
2,.,O
2,it,O
2,is,O
2,possible,O
2,that,O
2,a,O
2,higher,O
2,percentage,O
2,would,O
2,exhibit,O
2,QTc,O
2,prolongation,O
2,with,O
2,HCQ,O
2,treatment,O
2,.,O
2,The,O
2,current,DATE
2,report,O
2,provides,O
2,contemporary,O
2,information,O
2,on,O
2,the,O
2,ef,O
2,‐,O
2,fect,O
2,of,O
2,HCQ,O
2,on,O
2,QTc,O
2,to,O
2,support,O
2,the,O
2,above,O
2,recommendations,O
2,.,O
2,While,O
2,the,O
2,additional,O
2,prolongation,O
2,of,O
2,QTc,O
2,with,O
2,HCQ,O
2,was,O
2,in,O
2,general,TITLE
2,mod,O
2,‐,O
2,est,O
2,.,O
2,substantial,O
2,prolongation,O
2,occurred,O
2,in,O
2,3.2,PERCENT
2,%,PERCENT
2,of,O
2,the,O
2,patients,O
2,.,O
2,Guidelines,O
2,for,O
2,performing,O
2,screening,O
2,ECGs,O
2,and,O
2,recommendations,O
2,for,O
2,monitoring,O
2,patients,O
2,started,O
2,on,O
2,HCQ,O
2,have,O
2,been,O
2,proposed18,O
2,.43,O
2,.,O
2,Therefore,O
2,.,O
2,it,O
2,is,O
2,prudent,O
2,to,O
2,check,O
2,a,O
2,baseline,O
2,ECG,O
2,prior,O
2,to,O
2,initi,O
2,‐,O
2,ating,O
2,therapy,O
2,.,O
2,avoid,O
2,hypokalemia,O
2,and,O
2,monitor,O
2,patients,O
2,with,O
2,im,O
2,‐,O
2,paired,O
2,kidney,O
2,function,O
2,and,O
2,those,O
2,taking,O
2,other,O
2,QT,O
2,prolonging,O
2,medi,O
2,‐,O
2,cations,O
2,closely38,O
2,.39,O
2,.,O
2,Although,O
2,this,O
2,study,O
2,did,O
2,not,O
2,include,O
2,genetic,O
2,data,O
2,.,O
2,extra,O
2,precautions,O
2,are,O
2,also,O
2,recommended,O
2,in,O
2,patients,O
2,with,O
2,congenital,O
2,long,O
2,QT,O
2,syndrome,O
2,.,O
2,This,O
2,study,O
2,showed,O
2,that,O
2,1.5,PERCENT
2,%,PERCENT
2,of,O
2,pa,O
2,‐,O
2,tients,O
2,taking,O
2,HCQ,O
2,had,O
2,QTc,O
2,>,O
2,500,NUMBER
2,msec,O
2,.,O
2,Class,O
2,III,O
2,antiarrhythmic,O
2,medications,O
2,dofetilide,O
2,and,O
2,sotalol,O
2,.,O
2,used,O
2,for,O
2,the,O
2,treatment,O
2,atrial,O
2,fibrillation,O
2,.,O
2,can,O
2,also,O
2,cause,O
2,QT,O
2,prolongation,O
2,.,O
2,In,O
2,the,O
2,DIAMOND,O
2,‐,O
2,CHF,O
2,study,O
2,.,O
2,dofetilide,O
2,was,O
2,discontinued,O
2,in,O
2,2,PERCENT
2,%,PERCENT
2,of,O
2,the,O
2,patients,O
2,for,O
2,QT,O
2,prolongation44,O
2,.,O
2,However,O
2,.,O
2,more,O
2,recent,O
2,data,O
2,from,O
2,general,TITLE
2,practice,O
2,showed,O
2,that,O
2,dofetilide,O
2,was,O
2,discontinued,O
2,in,O
2,up,O
2,to,O
2,17,PERCENT
2,%,PERCENT
2,of,O
2,patients,O
2,due,O
2,to,O
2,QT,O
2,prolongation38,O
2,.,O
2,Sotalol,PERSON
2,.,O
2,on,O
2,the,O
2,other,O
2,hand,O
2,.,O
2,was,O
2,discon,O
2,‐,O
2,tinued,O
2,in,O
2,4.3,PERCENT
2,%,PERCENT
2,of,O
2,patients,O
2,due,O
2,to,O
2,prolonged,O
2,QT,O
2,interval45,O
2,.,O
2,The,O
2,results,O
2,of,O
2,the,O
2,current,DATE
2,study,O
2,should,O
2,be,O
2,evaluated,O
2,within,O
2,this,O
2,con,O
2,‐,O
2,text,O
2,.,O
2,We,O
2,acknowledge,O
2,the,O
2,limitations,O
2,of,O
2,this,O
2,study,O
2,.,O
2,There,O
2,may,O
2,be,O
2,a,O
2,selection,O
2,bias,O
2,for,O
2,patients,O
2,who,O
2,had,O
2,ECGs,O
2,while,O
2,on,O
2,therapy,O
2,.,O
2,Pa,STATE_OR_PROVINCE
2,‐,O
2,tients,O
2,with,O
2,SLE,O
2,are,O
2,different,O
2,from,O
2,ill,O
2,patients,O
2,with,O
2,COVID,O
2,‐,O
2,19,NUMBER
2,who,O
2,are,O
2,likely,O
2,to,O
2,have,O
2,a,O
2,higher,O
2,burden,O
2,of,O
2,cardiovascular,O
2,comorbidi,O
2,‐,O
2,ties,O
2,and,O
2,impaired,O
2,kidney,O
2,function,O
2,making,O
2,them,O
2,more,O
2,vulnerable,O
2,to,O
2,the,O
2,adverse,O
2,effects,O
2,of,O
2,HCQ,O
2,.,O
2,Further,O
2,.,O
2,HCQ,O
2,has,O
2,a,O
2,long,O
2,half,O
2,‐,O
2,life,O
2,.,O
2,Steady,O
2,state,O
2,is,O
2,achieved,O
2,after,O
2,3,NUMBER
2,‐,O
2,4,DURATION
2,months,DURATION
2,of,O
2,therapy46,O
2,.,O
2,The,O
2,aver,O
2,‐,O
2,age,O
2,time,O
2,on,O
2,HCQ,O
2,at,O
2,the,O
2,time,DATE
2,the,O
2,ECG,O
2,was,O
2,performed,O
2,in,O
2,this,O
2,study,O
2,was,O
2,237,NUMBER
2,(,O
2,92,NUMBER
2,‐,O
2,575,NUMBER
2,),O
2,days,DURATION
2,suggesting,O
2,that,O
2,steady,O
2,state,O
2,had,O
2,been,O
2,achieved,O
2,.,O
2,However,O
2,.,O
2,patients,O
2,treated,O
2,for,O
2,COVID,O
2,‐,O
2,19,NUMBER
2,are,O
2,likely,O
2,to,O
2,receive,O
2,shorter,O
2,courses,O
2,of,O
2,therapy,O
2,and,O
2,this,O
2,study,O
2,can,O
2,not,O
2,address,O
2,expected,O
2,ECG,O
2,changes,O
2,in,O
2,this,O
2,timeframe,O
2,.,O
2,Finally,O
2,.,O
2,this,O
2,study,O
2,was,O
2,retrospective,O
2,.,O
2,lacked,O
2,genetic,O
2,diagnostics,O
2,and,O
2,largely,O
2,consisted,O
2,of,O
2,men,O
2,.,O
2,Hydroxychloroquine,O
2,therapy,O
2,is,O
2,associated,O
2,with,O
2,QT,O
2,prolon,O
2,‐,O
2,gation,O
2,in,O
2,a,O
2,significant,O
2,fraction,O
2,of,O
2,patients,O
2,who,O
2,were,O
2,on,O
2,chronic,O
2,therapy,O
2,with,O
2,this,O
2,medication,O
2,for,O
2,SLE,O
2,.,O
2,While,O
2,recent,O
2,trials,O
2,have,O
2,not,O
2,supported,O
2,the,O
2,expansion,O
2,of,O
2,HCQ,O
2,use,O
2,for,O
2,COVID,O
2,‐,O
2,19,NUMBER
2,.,O
2,it,O
2,has,O
2,raised,O
2,significant,O
2,concerns,O
2,with,O
2,QT,O
2,prolongation,O
2,and,O
2,arrhythmo,O
2,‐,O
2,genic,O
2,risk,O
2,.,O
2,Avoiding,O
2,hypokalemia,O
2,and,O
2,carefully,O
2,monitoring,O
2,of,O
2,QTc,O
2,are,O
2,warranted,O
2,;,O
2,particularly,O
2,in,O
2,those,O
2,with,O
2,impaired,O
2,kidney,O
2,func,O
2,‐,O
2,tion,O
2,and,O
2,those,O
2,receiving,O
2,other,O
2,QT,O
2,prolonging,O
2,drugs,CRIMINAL_CHARGE
2,.,O
2,COVID,O
2,‐,O
2,19,NUMBER
2,Dashboard,O
2,by,O
2,the,O
2,Center,ORGANIZATION
2,for,ORGANIZATION
2,Systems,ORGANIZATION
2,Science,ORGANIZATION
2,and,ORGANIZATION
2,Engineering,ORGANIZATION
2,(,O
2,CSSE,O
2,),O
2,at,O
2,Wu,O
2,Z,O
2,.,O
2,McGoogan,PERSON
2,JM,O
2,:,O
2,Characteristics,O
2,of,O
2,and,O
2,Important,O
2,Lessons,O
2,From,O
2,the,O
2,Coronavirus,O
2,Disease,CAUSE_OF_DEATH
2,2019,DATE
2,(,O
2,COVID,O
2,‐,O
2,19,NUMBER
2,),O
2,Outbreak,O
2,in,O
2,China,COUNTRY
2,.,O
2,JAMA,O
2,[,O
2,Internet,MISC
2,],O
2,2020,DATE
2,;,O
2,323:1239,NUMBER
2,.,O
2,Available,O
2,Madjid,O
2,M,O
2,.,O
2,Safavi,PERSON
2,‐,O
2,Naeini,O
2,P,O
2,.,O
2,Solomon,ORGANIZATION
2,SD,ORGANIZATION
2,.,O
2,Vardeny,O
2,O,O
2,:,O
2,Potential,O
2,Effects,O
2,of,O
2,Coronaviruses,MISC
2,on,O
2,the,O
2,Cardiovascular,O
2,System,O
2,.,O
2,JAMA,O
2,Cardiol,O
2,[,O
2,Inter,O
2,‐,O
2,net,O
2,],O
2,2020,DATE
2,;,O
2,.,O
2,Available,O
2,from,O
2,:,O
2,Fried,O
2,JA,O
2,.,O
2,Ramasubbu,PERSON
2,K,PERSON
2,.,O
2,Bhatt,PERSON
2,R,O
2,.,O
2,et,O
2,al.,O
2,:,O
2,The,O
2,Variety,O
2,of,O
2,Cardiovascular,O
2,Presentations,O
2,of,O
2,COVID,O
2,‐,O
2,19,NUMBER
2,.,O
2,Circulation,O
2,[,O
2,Internet,MISC
2,],O
2,Ovid,ORGANIZATION
2,Technologies,ORGANIZATION
2,(,O
2,Wolters,ORGANIZATION
2,Kluwer,ORGANIZATION
2,Health,ORGANIZATION
2,),O
2,.,O
2,2020,DATE
2,;,O
2,141:19301936,NUMBER
2,.,O
2,Available,O
2,from,O
2,:,O
2,Vardeny,O
2,O,O
2,.,O
2,Madjid,PERSON
2,M,O
2,.,O
2,Solomon,PERSON
2,SD,STATE_OR_PROVINCE
2,:,O
2,Applying,O
2,the,O
2,Lessons,O
2,of,O
2,Influenza,CAUSE_OF_DEATH
2,to,O
2,COVID,O
2,‐,O
2,19,NUMBER
2,During,O
2,a,O
2,Time,O
2,of,O
2,Uncertainty,O
2,.,O
2,Circulation,O
2,[,O
2,Internet,MISC
2,],O
2,2020,DATE
2,;,O
2,141:16671669,NUMBER
2,.,O
2,Avail,O
2,‐,O
2,able,O
2,from,O
2,:,O
2,U.S,ORGANIZATION
2,Food,ORGANIZATION
2,&,ORGANIZATION
2,Drug,ORGANIZATION
2,Administration,ORGANIZATION
2,[,O
2,Internet,MISC
2,],O
2,.,O
2,Available,O
2,from,O
2,:,O
2,Morgan,ORGANIZATION
2,ND,ORGANIZATION
2,.,O
2,Patel,PERSON
2,S,O
2,V.,O
2,.,O
2,Dvorkina,PERSON
2,O,O
2,:,O
2,Suspected,O
2,Hydroxychloro,O
2,‐,O
2,quine,O
2,‐,O
2,Associated,O
2,QTInterval,O
2,Prolongation,O
2,in,O
2,a,O
2,Patient,O
2,With,O
2,Sys,O
2,‐,O
2,temic,O
2,Lupus,CAUSE_OF_DEATH
2,Erythematosus,CAUSE_OF_DEATH
2,.,O
2,J,PERSON
2,Clin,PERSON
2,Rheumatol,PERSON
2,[,O
2,Internet,MISC
2,],O
2,2013,DATE
2,;,O
2,19:286288,NUMBER
2,.,O
2,Available,O
2,from,O
2,:,O
2,OLaughlin,O
2,JP,O
2,.,O
2,Mehta,ORGANIZATION
2,PH,ORGANIZATION
2,.,O
2,Wong,PERSON
2,BC,STATE_OR_PROVINCE
2,:,O
2,Life,O
2,Threatening,O
2,Severe,O
2,QTc,O
2,Prolongation,O
2,in,O
2,Patient,O
2,with,O
2,Systemic,O
2,Lu,PERSON
2,‐,PERSON
2,pus,O
2,Erythematosus,O
2,due,O
2,to,O
2,Hydroxychloroquine,PERSON
2,.,O
2,Case,O
2,Reports,O
2,Cardiol,PERSON
2,[,O
2,Internet,MISC
2,],O
2,2016,DATE
2,;,O
2,2016:14,NUMBER
2,.,O
2,Available,O
2,from,O
2,:,O
2,Chen,PERSON
2,C,O
2,‐,O
2,Y,O
2,.,O
2,Wang,PERSON
2,F,O
2,‐,O
2,L,O
2,.,O
2,Lin,PERSON
2,C,O
2,‐,O
2,C,O
2,:,O
2,Chronic,O
2,Hydroxychloroquine,O
2,Use,O
2,Associated,O
2,with,O
2,QT,O
2,Prolonga,O
2,‐,O
2,tion,O
2,and,O
2,Refractory,O
2,Ventricular,O
2,Arrhythmia,O
2,.,O
2,Clin,O
2,Toxicol,O
2,[,O
2,Inter,O
2,‐,O
2,net,O
2,],O
2,2006,DATE
2,;,O
2,44:173,NUMBER
2,FDA,O
2,Adverse,O
2,Events,O
2,Reporting,O
2,System,O
2,(,O
2,FAERS,O
2,),O
2,Public,O
2,Dashboard,MISC
2,[,MISC
2,Internet,MISC
2,],O
2,.,O
2,[,O
2,cited,O
2,2020,DATE
2,Yao,PERSON
2,X,PERSON
2,.,O
2,Ye,PERSON
2,F,PERSON
2,.,O
2,Zhang,O
2,M,O
2,.,O
2,et,O
2,al.,O
2,:,O
2,In,O
2,Vitro,O
2,Antiviral,O
2,Activity,O
2,and,O
2,Projection,O
2,of,O
2,Optimized,O
2,Dos,O
2,‐,O
2,ing,O
2,Design,O
2,of,O
2,Hydroxychloroquine,LOCATION
2,for,O
2,the,O
2,Treatment,O
2,of,O
2,Severe,O
2,Acute,O
2,Respiratory,O
2,Syndrome,O
2,Coronavirus,O
2,2,NUMBER
2,(,O
2,SARS,O
2,‐,O
2,CoV,O
2,‐,O
2,2,NUMBER
2,),O
2,.,O
2,Clin,O
2,In,O
2,‐,O
2,fect,O
2,Dis,O
2,[,O
2,Internet,MISC
2,],O
2,2020,DATE
2,;,O
2,.,O
2,Available,O
2,from,O
2,:,O
2,Giudicessi,PERSON
2,JR,PERSON
2,.,O
2,Nose,O
2,‐,O
2,worthy,O
2,PA,STATE_OR_PROVINCE
2,.,O
2,Friedman,ORGANIZATION
2,PA,ORGANIZATION
2,.,O
2,Ackerman,PERSON
2,MJ,O
2,:,O
2,Urgent,O
2,Guidance,O
2,for,O
2,Navigat,O
2,‐,O
2,ing,O
2,and,O
2,Circumventing,O
2,the,O
2,QTc,O
2,‐,O
2,Prolonging,O
2,and,O
2,Torsadogenic,O
2,Poten,O
2,‐,O
2,tial,O
2,of,O
2,Possible,O
2,Pharmacotherapies,O
2,for,O
2,Coronavirus,O
2,Disease,CAUSE_OF_DEATH
2,19,NUMBER
2,(,O
2,COVID,O
2,‐,O
2,19,NUMBER
2,),O
2,.,O
2,Mayo,O
2,Clin,O
2,Proc,O
2,[,O
2,Internet,MISC
2,],O
2,Elsevier,O
2,.,O
2,2020,DATE
2,[,O
2,cited,O
2,2020,DATE
2,Apr,DATE
2,19,DATE
2,],O
2,;,O
2,95:12131221,NUMBER
2,.,O
2,Available,O
2,from,O
2,:,O
2,or,O
2,Hydroxychloroquine,O
2,Sul,O
2,‐,O
2,fate,O
2,Supplied,O
2,From,O
2,the,O
2,Strategic,O
2,National,O
2,Stockpile,O
2,for,O
2,Treatment,O
2,of,O
2,2019,DATE
2,Coronavirus,O
2,Disease,CAUSE_OF_DEATH
2,.,O
2,2020,DATE
2,.,O
2,.,O
2,Tang,O
2,W,O
2,.,O
2,Cao,PERSON
2,Z,PERSON
2,.,O
2,Han,O
2,M,O
2,.,O
2,et,O
2,al.,O
2,:,O
2,Hydroxychloroquine,O
2,in,O
2,patients,O
2,with,O
2,mainly,O
2,mild,O
2,to,O
2,moderate,O
2,coronavirus,O
2,disease,CAUSE_OF_DEATH
2,2019,DATE
2,:,O
2,open,O
2,label,O
2,.,O
2,randomised,O
2,controlled,O
2,tri,O
2,‐,O
2,al,O
2,.,O
2,BMJ,O
2,[,O
2,Internet,MISC
2,],O
2,2020,DATE
2,;,O
2,369,NUMBER
2,:,O
2,m1849,O
2,.,O
2,Available,O
2,from,O
2,:,O
2,Mahvas,O
2,M,O
2,.,O
2,Tran,MISC
2,V,O
2,‐,O
2,T,O
2,.,O
2,Roumier,PERSON
2,M,O
2,.,O
2,et,O
2,al.,O
2,:,O
2,Clinical,O
2,efficacy,O
2,of,O
2,hydroxychloro,O
2,‐,O
2,quine,O
2,in,O
2,patients,O
2,with,O
2,covid,O
2,‐,O
2,19,NUMBER
2,pneumonia,CAUSE_OF_DEATH
2,who,O
2,require,O
2,oxygen,O
2,:,O
2,ob,O
2,‐,O
2,servational,O
2,comparative,O
2,study,O
2,using,O
2,routine,O
2,care,O
2,data,O
2,.,O
2,BMJ,O
2,[,O
2,In,O
2,‐,O
2,ternet,O
2,],O
2,2020,DATE
2,;,O
2,369,NUMBER
2,:,O
2,m1844,O
2,.,O
2,Available,O
2,from,O
2,:,O
2,Geleris,PERSON
2,J,PERSON
2,.,O
2,Sun,O
2,Y,O
2,.,O
2,Platt,PERSON
2,J,O
2,.,O
2,Zucker,PERSON
2,J,PERSON
2,.,O
2,Baldwin,PERSON
2,M,O
2,.,O
2,Hripcsak,PERSON
2,G,PERSON
2,.,O
2,Labella,PERSON
2,A,O
2,.,O
2,Manson,ORGANIZATION
2,DK,ORGANIZATION
2,.,O
2,Kubin,PERSON
2,C,O
2,.,O
2,Barr,PERSON
2,RG,PERSON
2,.,O
2,Sobieszczyk,PERSON
2,ME,STATE_OR_PROVINCE
2,.,O
2,Schluger,O
2,NW,O
2,:,O
2,Observational,O
2,Study,O
2,of,O
2,Hydroxychloroquine,O
2,in,O
2,Hospitalized,O
2,Patients,O
2,with,O
2,Covid,O
2,‐,O
2,19,NUMBER
2,.,O
2,N,O
2,Engl,O
2,J,O
2,Med,MISC
2,[,MISC
2,Internet,MISC
2,],O
2,2020,DATE
2,;,O
2,382:24112418,NUMBER
2,.,O
2,Magagnoli,PERSON
2,J,PERSON
2,.,O
2,Narendran,PERSON
2,S,PERSON
2,.,O
2,Pereira,PERSON
2,F,O
2,.,O
2,Cummings,ORGANIZATION
2,TH,ORGANIZATION
2,.,O
2,Hardin,PERSON
2,JW,PERSON
2,.,O
2,Sutton,PERSON
2,SS,O
2,.,O
2,Ambati,PERSON
2,J,O
2,:,O
2,Outcomes,O
2,of,O
2,hydroxychloroquine,O
2,usage,O
2,in,O
2,United,COUNTRY
2,States,COUNTRY
2,veterans,O
2,hospital,O
2,‐,O
2,ized,O
2,with,O
2,Mitra,ORGANIZATION
2,RL,ORGANIZATION
2,.,O
2,Greenstein,ORGANIZATION
2,SA,ORGANIZATION
2,.,O
2,Epstein,PERSON
2,LM,O
2,:,O
2,An,O
2,algorithm,O
2,for,O
2,managing,O
2,QT,O
2,prolongation,O
2,in,O
2,coronavirus,O
2,disease,CAUSE_OF_DEATH
2,2019,DATE
2,(,O
2,COVID,O
2,‐,O
2,19,NUMBER
2,),O
2,patients,O
2,treated,O
2,with,O
2,either,O
2,chloroquine,O
2,or,O
2,hydroxychloroquine,O
2,in,O
2,conjunction,O
2,with,O
2,azithromycin,O
2,:,O
2,Possible,O
2,benefits,O
2,of,O
2,intravenous,O
2,lidocaine,O
2,.,O
2,Hear,MISC
2,Case,MISC
2,Reports,MISC
2,[,MISC
2,Internet,MISC
2,],O
2,2020,DATE
2,;,O
2,6:244248,NUMBER
2,.,O
2,Available,O
2,from,O
2,:,O
2,Szekely,O
2,Y,O
2,.,O
2,Lichter,O
2,Y,O
2,.,O
2,Shrkihe,ORGANIZATION
2,BA,ORGANIZATION
2,.,O
2,Bruck,PERSON
2,H,O
2,.,O
2,Oster,PERSON
2,HS,O
2,.,O
2,Viskin,PERSON
2,S,O
2,:,O
2,Chloroquine,O
2,‐,O
2,induced,O
2,torsades,O
2,de,O
2,pointes,O
2,in,O
2,a,O
2,patient,O
2,with,O
2,coronavirus,O
2,disease,CAUSE_OF_DEATH
2,2019,DATE
2,.,O
2,Hear,MISC
2,Rhythm,MISC
2,[,MISC
2,Internet,MISC
2,],O
2,2020,DATE
2,;,O
2,S1547,O
2,‐,O
2,5271,DATE
2,(,O
2,20,NUMBER
2,),O
2,:,O
2,304203,NUMBER
2,.,O
2,Available,O
2,from,O
2,:,O
2,Jankelson,PERSON
2,L,O
2,.,O
2,Karam,PERSON
2,G,PERSON
2,.,O
2,Becker,PERSON
2,ML,O
2,.,O
2,Chinitz,ORGANIZATION
2,LA,ORGANIZATION
2,.,O
2,Tsai,PERSON
2,M,O
2,‐,O
2,C,O
2,:,O
2,QT,O
2,prolongation,O
2,.,O
2,torsades,O
2,de,O
2,pointes,O
2,.,O
2,and,O
2,sudden,O
2,death,O
2,with,O
2,short,O
2,courses,O
2,of,O
2,chloroquine,O
2,or,O
2,hydroxychloroquine,O
2,as,O
2,Chorin,O
2,E,O
2,.,O
2,Wadhwani,PERSON
2,L,O
2,.,O
2,Magnani,PERSON
2,S,O
2,.,O
2,et,O
2,al.,O
2,:,O
2,QT,O
2,interval,O
2,prolongation,O
2,and,O
2,torsade,O
2,de,O
2,pointes,O
2,in,O
2,patients,O
2,with,O
2,COVID,O
2,‐,O
2,19,NUMBER
2,treated,O
2,with,O
2,hydroxychloroquine,O
2,/,O
2,azithromycin,O
2,.,O
2,Hear,O
2,Rhythm,O
2,[,O
2,Internet,MISC
2,],O
2,2020,DATE
2,;,O
2,S1547,O
2,‐,O
2,5271,DATE
2,(,O
2,20,NUMBER
2,),O
2,:,O
2,304355,NUMBER
2,.,O
2,Available,O
2,from,O
2,:,O
2,Rector,PERSON
2,TS,PERSON
2,.,O
2,Adabag,O
2,S,O
2,.,O
2,Cunningham,PERSON
2,F,O
2,.,O
2,Nelson,PERSON
2,D,O
2,.,O
2,Dieperink,PERSON
2,E,O
2,:,O
2,Out,O
2,‐,O
2,comes,O
2,of,O
2,Citalopram,ORGANIZATION
2,Dosage,ORGANIZATION
2,Risk,ORGANIZATION
2,Mitigation,ORGANIZATION
2,in,O
2,a,O
2,Veteran,O
2,Popula,O
2,‐,O
2,tion,O
2,.,O
2,Am,O
2,J,O
2,Psychiatry,O
2,[,O
2,Internet,MISC
2,],O
2,2016,DATE
2,;,O
2,173:896902,NUMBER
2,.,O
2,Available,O
2,from,O
2,:,O
2,Westermeyer,PERSON
2,J,PERSON
2,.,O
2,Adabag,O
2,S,O
2,.,O
2,Anand,PERSON
2,V,PERSON
2,.,O
2,Thuras,O
2,P,O
2,.,O
2,Yoon,PERSON
2,G,PERSON
2,.,O
2,Batres,PERSON
2,‐,O
2,y,O
2,‐,O
2,Carr,PERSON
2,T,O
2,:,O
2,Methadone,CAUSE_OF_DEATH
2,maintenance,O
2,dose,O
2,/,O
2,weight,O
2,ratio,O
2,.,O
2,long,O
2,QTc,O
2,.,O
2,and,O
2,EKG,O
2,screening,O
2,.,O
2,Am,O
2,J,O
2,Addict,O
2,[,O
2,Internet,MISC
2,],O
2,Moulki,O
2,N,O
2,.,O
2,Kealhofer,PERSON
2,J,PERSON
2,V.,PERSON
2,.,O
2,Benditt,PERSON
2,DG,PERSON
2,.,O
2,Gravely,MISC
2,A,MISC
2,.,O
2,Vakil,PERSON
2,K,PERSON
2,.,O
2,Garcia,PERSON
2,S,O
2,.,O
2,Adabag,O
2,S,O
2,:,O
2,and,O
2,prolonged,O
2,PR,STATE_OR_PROVINCE
2,interval,O
2,on,O
2,electrocardiogram,O
2,.,O
2,J,PERSON
2,Interv,PERSON
2,Card,PERSON
2,Electrophysiol,PERSON
2,[,O
2,Internet,MISC
2,],O
2,Coumbe,ORGANIZATION
2,AG,ORGANIZATION
2,.,O
2,Naksuk,PERSON
2,N,PERSON
2,.,O
2,Newell,ORGANIZATION
2,MC,ORGANIZATION
2,.,O
2,Somasundaram,O
2,PE,STATE_OR_PROVINCE
2,.,O
2,Ben,PERSON
2,‐,PERSON
2,ditt,O
2,DG,O
2,.,O
2,Adabag,O
2,S,O
2,:,O
2,Longterm,O
2,follow,O
2,‐,O
2,up,O
2,of,O
2,older,O
2,patients,O
2,with,O
2,Mob,O
2,‐,O
2,itz,O
2,type,O
2,I,DURATION
2,second,DURATION
2,degree,O
2,atrioventricular,O
2,block,O
2,.,O
2,Heart,O
2,[,O
2,Inter,O
2,‐,O
2,net,O
2,],O
2,2013,DATE
2,;,O
2,99:334338,NUMBER
2,.,O
2,Available,O
2,from,O
2,:,O
2,Bogossian,O
2,H,O
2,.,O
2,Frommeyer,O
2,G,O
2,.,O
2,Ninios,MISC
2,I,O
2,.,O
2,et,O
2,al.,O
2,:,O
2,New,O
2,formula,O
2,for,O
2,evaluation,O
2,of,O
2,the,O
2,QT,O
2,interval,O
2,in,O
2,patients,O
2,with,O
2,left,O
2,bundle,O
2,branch,O
2,block,O
2,.,O
2,Hear,MISC
2,Rhythm,MISC
2,[,MISC
2,Internet,MISC
2,],O
2,2014,DATE
2,;,O
2,11:22732277,NUMBER
2,.,O
2,Al,O
2,‐,O
2,Khatib,O
2,SM,O
2,.,O
2,LaPointe,ORGANIZATION
2,NMA,ORGANIZATION
2,.,O
2,Kramer,PERSON
2,JM,O
2,.,O
2,Califf,PERSON
2,RM,O
2,:,O
2,What,O
2,Clinicians,O
2,Should,O
2,Know,O
2,About,O
2,the,O
2,QT,O
2,Interval,O
2,.,O
2,JAMA,O
2,[,O
2,In,O
2,‐,O
2,ternet,O
2,],O
2,2003,DATE
2,;,O
2,289:21202127,NUMBER
2,.,O
2,Available,O
2,from,O
2,:,O
2,Mason,ORGANIZATION
2,JW,ORGANIZATION
2,.,O
2,Ramseth,PERSON
2,DJ,PERSON
2,.,O
2,Chanter,O
2,DO,O
2,.,O
2,Moon,PERSON
2,TE,PERSON
2,.,O
2,Goodman,ORGANIZATION
2,DB,ORGANIZATION
2,.,O
2,Mendzelevski,PERSON
2,B,O
2,:,O
2,Electrocardio,O
2,‐,O
2,graphic,O
2,reference,O
2,ranges,O
2,derived,O
2,from,O
2,79.743,NUMBER
2,ambulatory,O
2,subjects,O
2,.,O
2,J,O
2,Electrocardiol,MISC
2,[,MISC
2,Internet,MISC
2,],O
2,Churchill,PERSON
2,Livingstone,PERSON
2,.,O
2,2007,DATE
2,[,O
2,cited,O
2,2020,DATE
2,Apr,DATE
2,19,DATE
2,],O
2,;,O
2,40:228,NUMBER
2,‐,O
2,234,NUMBER
2,.,O
2,e8,O
2,.,O
2,Available,O
2,from,O
2,:,O
2,Issa,PERSON
2,Z,PERSON
2,.,O
2,Miller,PERSON
2,J,O
2,:,O
2,Clinical,O
2,Arrhythmology,O
2,and,O
2,Electrophysiology,O
2,:,O
2,A,O
2,Companion,TITLE
2,to,O
2,Braunwalds,O
2,Heart,CAUSE_OF_DEATH
2,Disease,CAUSE_OF_DEATH
2,.,O
2,3rd,ORDINAL
2,Editio,O
2,.,O
2,Elsevier,O
2,.,O
2,2018,DATE
2,.,O
2,.,O
2,Bart,PERSON
2,G,PERSON
2,.,O
2,Wyman,PERSON
2,Z,PERSON
2,.,O
2,Wang,PERSON
2,Q,O
2,.,O
2,Hodges,PERSON
2,JS,O
2,.,O
2,Karim,PERSON
2,R,PERSON
2,.,O
2,Bart,PERSON
2,BA,O
2,:,O
2,Methadone,CAUSE_OF_DEATH
2,and,O
2,the,O
2,QTc,O
2,Interval,O
2,.,O
2,J,O
2,Addict,O
2,Med,O
2,[,O
2,Internet,MISC
2,],O
2,2017,DATE
2,;,O
2,11:489493,NUMBER
2,.,O
2,Available,O
2,from,O
2,:,O
2,Jain,PERSON
2,R,PERSON
2,.,O
2,Duval,PERSON
2,S,O
2,.,O
2,Adabag,O
2,S,O
2,:,O
2,How,O
2,Accurate,O
2,Is,O
2,the,O
2,Eyeball,O
2,Test,O
2,?,O
2,:,O
2,A,O
2,Comparison,O
2,of,O
2,Physicians,O
2,Subjective,O
2,Assessment,O
2,Versus,O
2,Statistical,O
2,Methods,O
2,in,O
2,Estimating,O
2,Mortality,O
2,Risk,O
2,After,O
2,Cardiac,O
2,Surgery,CAUSE_OF_DEATH
2,.,O
2,Circ,O
2,Cardiovasc,O
2,Qual,O
2,Outcomes,O
2,[,O
2,Internet,MISC
2,],O
2,2014,DATE
2,;,O
2,7:151156,NUMBER
2,.,O
2,Available,O
2,from,O
2,:,O
2,Westanmo,MISC
2,A,MISC
2,.,O
2,Marshall,PERSON
2,P,O
2,.,O
2,Jones,PERSON
2,E,O
2,.,O
2,Burns,PERSON
2,K,PERSON
2,.,O
2,Krebs,PERSON
2,EE,O
2,:,O
2,Opioid,O
2,Dose,O
2,Reduction,O
2,in,O
2,a,O
2,VA,ORGANIZATION
2,Health,ORGANIZATION
2,Care,ORGANIZATION
2,SystemImplementa,O
2,‐,O
2,tion,O
2,of,O
2,a,O
2,Primary,O
2,Care,O
2,Population,O
2,‐,O
2,Level,O
2,Initiative,O
2,.,O
2,Pain,O
2,Med,O
2,[,O
2,In,O
2,‐,O
2,ternet,O
2,],O
2,2015,DATE
2,;,O
2,16:10191026,NUMBER
2,.,O
2,Available,O
2,from,O
2,:,O
2,Godeau,PERSON
2,P,O
2,.,O
2,Guillevin,PERSON
2,L,PERSON
2,.,O
2,Fechner,PERSON
2,J,PERSON
2,.,O
2,Bletry,O
2,O,O
2,HG,O
2,:,O
2,Disorders,O
2,of,O
2,conduction,O
2,in,O
2,lupus,O
2,erythe,O
2,‐,O
2,matosus,O
2,:,O
2,Frequency,O
2,and,O
2,incidence,O
2,in,O
2,a,O
2,group,O
2,of,O
2,112,NUMBER
2,patients,O
2,.,O
2,Ann,PERSON
2,Med,ORGANIZATION
2,Interne,ORGANIZATION
2,McGhie,ORGANIZATION
2,TK,ORGANIZATION
2,.,O
2,Harvey,PERSON
2,P,O
2,.,O
2,Su,PERSON
2,J,PERSON
2,.,O
2,Anderson,PERSON
2,N,O
2,.,O
2,Tomlinson,PERSON
2,G,PERSON
2,.,O
2,Touma,PERSON
2,Z,O
2,:,O
2,Electrocardiogram,O
2,abnormalities,O
2,related,O
2,to,O
2,anti,O
2,‐,O
2,malari,O
2,‐,O
2,als,O
2,in,O
2,systemic,O
2,lupus,CAUSE_OF_DEATH
2,erythematosus,CAUSE_OF_DEATH
2,.,O
2,Clin,O
2,Exp,O
2,Costedoat,O
2,‐,O
2,Chalumeau,O
2,N,O
2,.,O
2,Hulot,PERSON
2,J,O
2,‐,O
2,S,O
2,.,O
2,Amoura,O
2,Z,O
2,.,O
2,Leroux,PERSON
2,G,PERSON
2,.,O
2,Lechat,PERSON
2,P,O
2,.,O
2,Funck,PERSON
2,‐,O
2,Brentano,O
2,C,O
2,.,O
2,Piette,PERSON
2,J,O
2,‐,O
2,C,O
2,:,O
2,Heart,O
2,conduction,O
2,disorders,O
2,related,O
2,to,O
2,antimalarials,O
2,toxicity,O
2,:,O
2,an,O
2,analysis,O
2,of,O
2,electrocardiograms,O
2,in,O
2,85,NUMBER
2,patients,O
2,treat,O
2,‐,O
2,ed,O
2,with,O
2,hydroxychloroquine,O
2,for,O
2,connective,O
2,tissue,O
2,Liu,PERSON
2,J,PERSON
2,.,O
2,Cao,PERSON
2,R,PERSON
2,.,O
2,Xu,PERSON
2,M,O
2,.,O
2,Wang,PERSON
2,X,PERSON
2,.,O
2,Zhang,PERSON
2,H,PERSON
2,.,O
2,Hu,O
2,H,O
2,.,O
2,Li,PERSON
2,Y,PERSON
2,.,O
2,Hu,O
2,Z,O
2,.,O
2,Zhong,PERSON
2,W,PERSON
2,.,O
2,Wang,PERSON
2,M,O
2,:,O
2,Lakkireddy,PERSON
2,DR,O
2,.,O
2,Chung,PERSON
2,MK,PERSON
2,.,O
2,Gopinathannair,PERSON
2,R,PERSON
2,.,O
2,et,O
2,al.,O
2,:,O
2,Guidance,O
2,for,O
2,Cardiac,O
2,Electrophysiology,O
2,During,O
2,the,O
2,COVID,O
2,‐,O
2,19,NUMBER
2,Pandemic,O
2,from,O
2,the,O
2,Heart,O
2,Rhythm,O
2,Society,O
2,COVID,O
2,‐,O
2,19,NUMBER
2,Task,O
2,Force,O
2,;,O
2,Electrophysiology,O
2,Section,O
2,of,O
2,the,O
2,American,ORGANIZATION
2,College,ORGANIZATION
2,of,ORGANIZATION
2,Cardiology,ORGANIZATION
2,;,O
2,and,O
2,the,O
2,Electrocardiography,O
2,and,O
2,Arrhythmias,ORGANIZATION
2,Committee,ORGANIZATION
2,of,O
2,the,O
2,Council,O
2,on,O
2,.,O
2,Circulation,O
2,[,O
2,Inter,O
2,‐,O
2,net,O
2,],O
2,2020,DATE
2,;,O
2,141,NUMBER
2,.,O
2,Available,O
2,from,O
2,:,O
2,Anand,PERSON
2,V,PERSON
2,.,O
2,Vakil,PERSON
2,K,PERSON
2,.,O
2,Tholakanahalli,PERSON
2,V,O
2,.,O
2,Li,PERSON
2,J,PERSON
2,‐,O
2,M,O
2,.,O
2,McFalls,PERSON
2,E,O
2,.,O
2,Adabag,O
2,S,O
2,:,O
2,Discontinuation,O
2,of,O
2,Dofetilide,O
2,From,O
2,QT,O
2,Prolongation,O
2,and,O
2,Ventricular,O
2,Tachycardia,O
2,in,O
2,the,O
2,Real,O
2,World,O
2,.,O
2,JACC,ORGANIZATION
2,Clin,ORGANIZATION
2,Electrophysiol,ORGANIZATION
2,[,O
2,Internet,MISC
2,],O
2,2016,DATE
2,;,O
2,2:777781,NUMBER
2,.,O
2,Avail,O
2,‐,O
2,able,O
2,from,O
2,:,O
2,Ko,PERSON
2,B,PERSON
2,.,O
2,Garcia,PERSON
2,S,O
2,.,O
2,Mithani,PERSON
2,S,O
2,.,O
2,Tholakanahalli,PERSON
2,V,PERSON
2,.,O
2,Adabag,O
2,S,O
2,:,O
2,Risk,O
2,of,O
2,acute,O
2,kidney,O
2,injury,O
2,in,O
2,patients,O
2,who,O
2,undergo,O
2,coronary,O
2,an,O
2,‐,O
2,giography,O
2,and,O
2,cardiac,O
2,surgery,CAUSE_OF_DEATH
2,in,O
2,close,O
2,succession,O
2,.,O
2,Eur,PERSON
2,Heart,PERSON
2,J,PERSON
2,[,O
2,Internet,MISC
2,],O
2,2012,DATE
2,;,O
2,33:20652070,NUMBER
2,.,O
2,Available,O
2,from,O
2,:,O
2,Richardson,PERSON
2,S,O
2,.,O
2,Hirsch,ORGANIZATION
2,JS,ORGANIZATION
2,.,O
2,Narasimhan,PERSON
2,M,O
2,.,O
2,et,O
2,al.,O
2,:,O
2,Presenting,O
2,Characteristics,O
2,.,O
2,Co,O
2,‐,O
2,morbidities,O
2,.,O
2,and,O
2,Outcomes,O
2,Among,O
2,5700,NUMBER
2,Patients,O
2,Hospitalized,O
2,With,O
2,COVID,O
2,‐,O
2,19,NUMBER
2,in,O
2,the,O
2,New,CITY
2,York,CITY
2,City,CITY
2,Area,LOCATION
2,.,O
2,JAMA,O
2,[,O
2,Internet,MISC
2,],O
2,2020,DATE
2,;,O
2,323:2052,NUMBER
2,.,O
2,Available,O
2,from,O
2,:,O
2,COVID,O
2,‐,O
2,19,NUMBER
2,Treatment,O
2,Guidelines,O
2,[,O
2,Inter,O
2,‐,O
2,net,O
2,],O
2,.,O
2,Natl.,O
2,Inst,O
2,.,O
2,Heal,O
2,.,O
2,2020,DATE
2,[,O
2,cited,O
2,2020,DATE
2,Apr,DATE
2,25,DATE
2,],O
2,.,O
2,.,O
2,Li,PERSON
2,Z,PERSON
2,.,O
2,Wu,PERSON
2,M,PERSON
2,.,O
2,Yao,PERSON
2,J,PERSON
2,.,O
2,et,O
2,al.,O
2,:,O
2,Caution,O
2,on,O
2,Kidney,O
2,Dysfunctions,O
2,of,O
2,COVID,O
2,‐,O
2,19,NUMBER
2,Pa,STATE_OR_PROVINCE
2,‐,O
2,tients,O
2,.,O
2,SSRN,O
2,Jain,RELIGION
2,S,O
2,.,O
2,Workman,PERSON
2,V,O
2,.,O
2,Ganeshan,PERSON
2,R,PERSON
2,.,O
2,Obasare,O
2,ER,O
2,.,O
2,Burr,PERSON
2,A,O
2,.,O
2,DeBiasi,O
2,RM,O
2,.,O
2,Freeman,PERSON
2,J,PERSON
2,V.,PERSON
2,.,O
2,Akar,PERSON
2,J,PERSON
2,.,O
2,Lampert,PERSON
2,R,O
2,.,O
2,Rosenfeld,PERSON
2,LE,O
2,:,O
2,En,O
2,‐,O
2,hanced,O
2,ECG,O
2,monitoring,O
2,of,O
2,COVID,O
2,‐,O
2,19,NUMBER
2,patients,O
2,.,O
2,Hear,O
2,Rhythm,O
2,[,O
2,Inter,O
2,‐,O
2,net,O
2,],O
2,2020,DATE
2,;,O
2,S1547,O
2,‐,O
2,5271:3042130425,NUMBER
2,.,O
2,Available,O
2,from,O
2,:,O
2,Torp,O
2,‐,O
2,Pedersen,PERSON
2,C,O
2,.,O
2,Mller,PERSON
2,M,O
2,.,O
2,Bloch,PERSON
2,‐,O
2,Thomsen,ORGANIZATION
2,PE,ORGANIZATION
2,.,O
2,Kber,O
2,L,O
2,.,O
2,Sande,PERSON
2,E,PERSON
2,.,O
2,Egstrup,PERSON
2,K,PERSON
2,.,O
2,Agner,PERSON
2,E,O
2,.,O
2,Carlsen,PERSON
2,J,PERSON
2,.,O
2,Videbk,PERSON
2,J,PERSON
2,.,O
2,Marchant,PERSON
2,B,O
2,.,O
2,Camm,O
2,AJ,O
2,:,O
2,Dofetilide,MISC
2,in,O
2,Pa,STATE_OR_PROVINCE
2,‐,O
2,tients,O
2,with,O
2,Congestive,CAUSE_OF_DEATH
2,Heart,CAUSE_OF_DEATH
2,Failure,CAUSE_OF_DEATH
2,and,O
2,Left,O
2,Ventricular,O
2,Dys,O
2,‐,O
2,function,O
2,.,O
2,N,O
2,Engl,O
2,J,O
2,Med,O
2,[,O
2,Internet,MISC
2,],O
2,1999,DATE
2,;,O
2,341:857,NUMBER
2,Weeke,O
2,P,O
2,.,O
2,Delaney,PERSON
2,J,O
2,.,O
2,Mosley,PERSON
2,JD,O
2,.,O
2,Wells,O
2,Q,O
2,.,O
2,Van,O
2,Driest,O
2,S,O
2,.,O
2,Norris,PERSON
2,K,PERSON
2,.,O
2,Kucera,PERSON
2,G,PERSON
2,.,O
2,Stubble,O
2,‐,O
2,field,O
2,T,O
2,.,O
2,Roden,PERSON
2,DM,O
2,:,O
2,QT,O
2,variability,O
2,during,O
2,initial,O
2,exposure,O
2,to,O
2,so,O
2,‐,O
2,talol,O
2,:,O
2,experience,O
2,based,O
2,on,O
2,a,O
2,large,O
2,electronic,O
2,medical,O
2,record,O
2,.,O
2,EP,O
2,Eur,MISC
2,[,MISC
2,Internet,MISC
2,],O
2,2013,DATE
2,;,O
2,15:17911797,NUMBER
2,.,O
2,Available,O
2,from,O
2,:,O
2,Jordan,CITY
2,P,O
2,.,O
2,Brookes,ORGANIZATION
2,JG,ORGANIZATION
2,.,O
2,Nikolic,PERSON
2,G,PERSON
2,.,O
2,Le,ORGANIZATION
2,Couteur,ORGANIZATION
2,DG,ORGANIZATION
2,.,O
2,Le,PERSON
2,Couteur,PERSON
2,D,O
2,:,O
2,Hydroxy,O
2,‐,O
2,chloroquine,O
2,Overdose,CAUSE_OF_DEATH
2,:,O
2,Toxicokinetics,O
2,and,O
2,Management,O
2,.,O
2,J,PERSON
2,Toxicol,PERSON
2,Clin,PERSON
2,Toxicol,PERSON
2,Taylor,PERSON
2,&,O
2,Francis,PERSON
2,.,O
2,therapy,O
2,was,O
2,associated,O
2,with,O
2,greater,O
2,mortality,O
2,in,O
2,univariable,O
2,analysis,O
2,but,O
2,not,O
2,after,O
2,adjust,O
2,‐,O
2,ment,O
2,for,O
2,age,O
2,.,O
2,sex,O
2,and,O
2,comorbidities,O
2,.,O
2,All,O
2,patients,O
2,(,O
2,n,O
2,=,O
2,819,NUMBER
2,),O
2,Age,O
2,.,O
2,years,DURATION
2,Male,O
2,.,O
2,n,O
2,(,O
2,%,O
2,),O
2,Hypertension,CAUSE_OF_DEATH
2,.,O
2,n,O
2,(,O
2,%,O
2,),O
2,Coronary,O
2,artery,O
2,disease,CAUSE_OF_DEATH
2,.,O
2,n,O
2,(,O
2,%,O
2,),O
2,Heart,CAUSE_OF_DEATH
2,failure,CAUSE_OF_DEATH
2,.,O
2,n,O
2,(,O
2,%,O
2,),O
2,Diabetes,CAUSE_OF_DEATH
2,.,O
2,n,O
2,(,O
2,%,O
2,),O
2,Atrial,O
2,fibrillation,O
2,.,O
2,n,O
2,(,O
2,%,O
2,),O
2,Chronic,O
2,kidney,CAUSE_OF_DEATH
2,disease,CAUSE_OF_DEATH
2,.,O
2,n,O
2,(,O
2,%,O
2,),O
2,End,O
2,‐,O
2,stage,O
2,renal,CAUSE_OF_DEATH
2,failure,CAUSE_OF_DEATH
2,.,O
2,n,O
2,(,O
2,%,O
2,),O
2,SLE,O
2,.,O
2,n,O
2,(,O
2,%,O
2,),O
2,Magnesium,O
2,.,O
2,mg,O
2,/,O
2,dl,O
2,Potassium,O
2,.,O
2,mmol,O
2,/,O
2,L,O
2,Creatinine,O
2,.,O
2,mg,O
2,/,O
2,dl,O
2,eGFR,O
2,.,O
2,ml,O
2,/,O
2,min,DURATION
2,/,O
2,1.73,NUMBER
2,m2,O
2,eGFR,O
2,.,O
2,ml,O
2,/,O
2,min,DURATION
2,Continuous,O
2,variables,O
2,were,O
2,rep,O
2,‐,O
2,resented,O
2,as,O
2,mean,O
2,(,O
2,standard,O
2,deviation,O
2,),O
2,Abbreviations,O
2,:,O
2,eGFR,O
2,=,O
2,esti,O
2,‐,O
2,mated,O
2,glomerular,O
2,filtration,O
2,rate,O
2,;,O
2,HCQ,O
2,=,O
2,hydroxychloroquine,O
2,;,O
2,SLE,O
2,=,O
2,systemic,O
2,lupus,CAUSE_OF_DEATH
2,erythematosus,CAUSE_OF_DEATH
2,All,O
2,patients,O
2,P,O
2,value,O
2,*,O
2,Ventricular,O
2,rate,O
2,.,O
2,bpm,O
2,QRS,O
2,duration,O
2,.,O
2,msec,O
2,QT,O
2,interval,O
2,.,O
2,msec,O
2,QTc,O
2,‐,O
2,Bazett,O
2,.,O
2,msec,O
2,QTc,O
2,‐,O
2,Friderica,O
2,.,O
2,msec,O
2,Continuous,O
2,variables,O
2,were,O
2,represented,O
2,as,O
2,mean,O
2,(,O
2,standard,O
2,deviation,O
2,),O
2,*,O
2,Comparison,O
2,of,O
2,QTc,O
2,470,NUMBER
2,msec,O
2,vs.,O
2,QTc,O
2,>,O
2,470,NUMBER
2,msec,O
2,Age,O
2,.,O
2,years,DURATION
2,Male,O
2,.,O
2,n,O
2,(,O
2,%,O
2,),O
2,Hypertension,CAUSE_OF_DEATH
2,.,O
2,n,O
2,(,O
2,%,O
2,),O
2,Coronary,O
2,artery,O
2,disease,CAUSE_OF_DEATH
2,.,O
2,n,O
2,(,O
2,%,O
2,),O
2,Diabetes,CAUSE_OF_DEATH
2,.,O
2,n,O
2,(,O
2,%,O
2,),O
2,Atrial,O
2,fibrillation,O
2,.,O
2,n,O
2,(,O
2,%,O
2,),O
2,Chronic,O
2,kidney,CAUSE_OF_DEATH
2,disease,CAUSE_OF_DEATH
2,.,O
2,n,O
2,(,O
2,%,O
2,),O
2,Magnesium,O
2,.,O
2,mg,O
2,/,O
2,dl,O
2,Potassium,O
2,.,O
2,mmol,O
2,/,O
2,L,O
2,Creati,O
2,‐,O
2,nine,NUMBER
2,.,O
2,mg,O
2,/,O
2,dl,O
2,eGFR,O
2,.,O
2,ml,O
2,/,O
2,min,DURATION
2,/,O
2,1.73,NUMBER
2,m2,O
2,Heart,CAUSE_OF_DEATH
2,failure,CAUSE_OF_DEATH
2,.,O
2,n,O
2,(,O
2,%,O
2,),O
2,eGFR,O
2,.,O
2,ml,O
2,/,O
2,min,DURATION
2,P,O
2,value,O
2,*,O
2,Continuous,O
2,variables,O
2,were,O
2,represented,O
2,as,O
2,mean,O
2,(,O
2,standard,O
2,deviation,O
2,),O
2,Abbreviations,O
2,:,O
2,eGFR,O
2,=,O
2,estimated,O
2,glomerular,O
2,filtration,O
2,rate,O
2,;,O
2,HCQ,O
2,=,O
2,hydroxychloroquine,O
2,;,O
2,SLE,O
2,=,O
2,systemic,O
2,lupus,O
2,erythematosus,O
2,*,O
2,Comparison,O
2,of,O
2,QTc,O
2,470,NUMBER
2,msec,O
2,vs.,O
2,QTc,O
2,>,O
2,470,NUMBER
2,msec,O
2,On,O
2,treatment,O
2,P,O
2,value,O
2,Ventricular,O
2,rate,O
2,.,O
2,bpm,O
2,QRS,O
2,duration,O
2,.,O
2,msec,O
2,QT,O
2,in,O
2,‐,O
2,terval,O
2,.,O
2,msec,O
2,QTc,O
2,‐,O
2,Bazett,O
2,.,O
2,msec,O
2,QTc,O
2,‐,O
2,Framingham,CITY
2,.,O
2,msec,O
2,QTc,O
2,‐,O
2,Friderica,O
2,.,O
2,msec,O
2,Continuous,O
2,variables,O
2,were,O
2,represented,O
2,as,O
2,mean,O
2,(,O
2,standard,O
2,de,O
2,‐,O
2,viation,O
2,),O
