44,Since,O
44,January,DATE
44,2020,DATE
44,Elsevier,PERSON
44,has,O
44,created,O
44,a,O
44,COVID,O
44,‐,O
44,19,NUMBER
44,resource,O
44,cen,O
44,‐,O
44,tre,O
44,with,O
44,free,O
44,information,O
44,in,O
44,English,NATIONALITY
44,and,O
44,Mandarin,O
44,on,O
44,the,O
44,novel,O
44,coronavirus,O
44,COVID19,O
44,.,O
44,The,O
44,COVID,O
44,‐,O
44,19,NUMBER
44,resource,O
44,centre,O
44,is,O
44,hosted,O
44,on,O
44,Elsevier,O
44,Connect,O
44,.,O
44,the,O
44,company,O
44,’s,O
44,public,O
44,news,O
44,and,O
44,information,O
44,web,O
44,‐,O
44,site,O
44,.,O
44,Elsevier,PERSON
44,hereby,O
44,grants,O
44,permission,O
44,to,O
44,make,O
44,all,O
44,its,O
44,COVID,O
44,‐,O
44,19,NUMBER
44,‐,O
44,related,O
44,research,O
44,that,O
44,is,O
44,available,O
44,on,O
44,the,O
44,COVID,O
44,‐,O
44,19,NUMBER
44,re,O
44,‐,O
44,source,O
44,centre,O
44,‐,O
44,including,O
44,this,O
44,research,O
44,content,O
44,‐,O
44,immediately,O
44,available,O
44,in,O
44,PubMed,O
44,Central,O
44,and,O
44,other,O
44,publicly,O
44,funded,O
44,reposito,O
44,‐,O
44,ries,O
44,.,O
44,such,O
44,as,O
44,the,O
44,WHO,O
44,COVID,O
44,database,O
44,with,O
44,rights,O
44,for,O
44,unrestricted,O
44,research,O
44,re,O
44,‐,O
44,use,O
44,and,O
44,analyses,O
44,in,O
44,any,O
44,form,O
44,or,O
44,by,O
44,any,O
44,means,O
44,with,O
44,ac,O
44,‐,O
44,knowledgement,O
44,of,O
44,the,O
44,original,O
44,source,O
44,.,O
44,These,O
44,permissions,O
44,are,O
44,granted,O
44,for,O
44,free,O
44,by,O
44,Elsevier,O
44,for,O
44,as,O
44,long,O
44,as,O
44,the,O
44,COVID,O
44,‐,O
44,19,NUMBER
44,resource,O
44,centre,O
44,remains,O
44,active,O
44,.,O
44,ARTICLE,O
44,IN,O
44,PRESS,O
44,ARTIGO,O
44,DE,STATE_OR_PROVINCE
44,REVISO,O
44,Assist,O
44,‐,O
44,ncia,O
44,perioperatria,O
44,de,O
44,paciente,O
44,com,O
44,infecco,O
44,pelo,O
44,SARS,O
44,‐,O
44,CoV,O
44,‐,O
44,2,NUMBER
44,(,O
44,COVID,O
44,‐,O
44,19,NUMBER
44,),O
44,submetido,O
44,a,O
44,ressecco,O
44,de,O
44,tumor,CAUSE_OF_DEATH
44,de,O
44,hipse,O
44,urgente,O
44,.,O
44,Relato,PERSON
44,de,O
44,caso,O
44,e,O
44,diretrizes,O
44,para,O
44,manejo,O
44,de,O
44,via,O
44,area,O
44,Christiano,O
44,dos,O
44,San,O
44,‐,O
44,tos,O
44,e,O
44,Santos,PERSON
44,a,O
44,.,O
44,.,O
44,Luiz,PERSON
44,M.,PERSON
44,da,PERSON
44,Costa,PERSON
44,Lima,PERSON
44,Filho,PERSON
44,a,O
44,.,O
44,Cristiane,PERSON
44,A.,PERSON
44,Tuma,PERSON
44,Santos,PERSON
44,b,O
44,.,O
44,James,PERSON
44,S.,PERSON
44,Neill,PERSON
44,c,O
44,.,O
44,Henrique,PERSON
44,F.,PERSON
44,Vale,PERSON
44,a,O
44,e,O
44,Lakshmi,PERSON
44,N.,PERSON
44,Kurnutala,PERSON
44,a,O
44,Recebido,O
44,em,O
44,22,NUMBER
44,de,O
44,maio,O
44,de,O
44,2020,DATE
44,;,O
44,aceito,O
44,em,O
44,31,NUMBER
44,de,O
44,maio,O
44,de,O
44,2020,DATE
44,Tumor,CAUSE_OF_DEATH
44,pituitrio,O
44,;,O
44,Infecco,O
44,por,O
44,Resumo,O
44,A,O
44,pandemia,O
44,de,O
44,2020,DATE
44,causada,O
44,pelo,O
44,novo,O
44,coronavrus,O
44,.,O
44,COVID,O
44,‐,O
44,19,NUMBER
44,.,O
44,teve,O
44,seu,O
44,epicentro,O
44,na,O
44,China,COUNTRY
44,.,O
44,Causa,ORGANIZATION
44,Sndrome,ORGANIZATION
44,Respiratria,ORGANIZATION
44,Aguda,ORGANIZATION
44,Grave,ORGANIZATION
44,pelo,ORGANIZATION
44,Coronavrus,ORGANIZATION
44,2,NUMBER
44,(,O
44,SARS,O
44,‐,O
44,CoV,O
44,‐,O
44,2,NUMBER
44,),O
44,e,O
44,apresenta,O
44,um,O
44,amplo,O
44,espectro,O
44,de,O
44,manifestaces,O
44,clni,O
44,‐,O
44,cas,O
44,.,O
44,que,O
44,vo,O
44,desde,O
44,nenhum,O
44,sintoma,O
44,a,O
44,insucincia,O
44,respiratria,O
44,aguda,O
44,grave,O
44,e,O
44,bito,O
44,.,O
44,Com,O
44,a,O
44,expectativa,O
44,de,O
44,um,O
44,nmero,O
44,signicativo,O
44,de,O
44,pa,O
44,‐,O
44,cientes,O
44,dependentes,O
44,de,O
44,ventilador,O
44,.,O
44,vrias,O
44,instituices,O
44,estrategica,O
44,‐,O
44,mente,O
44,adiaram,O
44,cirurgias,O
44,eletivas,O
44,.,O
44,Esse,PERSON
44,o,O
44,caso,O
44,principalmente,O
44,de,O
44,procedimentos,O
44,envolvendo,O
44,a,O
44,mucosa,O
44,nasal,O
44,.,O
44,como,O
44,a,O
44,via,O
44,transesfenoidal,O
44,para,O
44,a,O
44,hipse,O
44,.,O
44,devido,O
44,ao,O
44,nvel,O
44,imenso,O
44,de,O
44,disseminaco,O
44,de,O
44,material,O
44,viral,O
44,.,O
44,No,O
44,obstante,O
44,.,O
44,casos,O
44,crti,O
44,‐,O
44,cos,O
44,requerem,O
44,resoluco,O
44,acelerada,O
44,.,O
44,Essas,O
44,situaces,O
44,so,O
44,grave,O
44,apoplex,O
44,‐,O
44,ia,O
44,hiposria,O
44,.,O
44,diminuico,O
44,do,O
44,nvel,O
44,de,O
44,conscincia,O
44,ou,O
44,risco,O
44,de,O
44,perda,O
44,visual,O
44,aguda,O
44,.,O
44,O,O
44,presente,O
44,caso,O
44,relata,O
44,o,O
44,manejo,O
44,perioperatrio,O
44,bem,O
44,sucedido,O
44,de,O
44,urgncia,O
44,de,O
44,paciente,O
44,do,O
44,sexo,O
44,masculino,O
44,de,O
44,47,NUMBER
44,anos,O
44,de,O
44,idade,O
44,com,O
44,COVID,O
44,‐,O
44,19,NUMBER
44,que,O
44,chegou,O
44,ao,O
44,Pronto,O
44,Socorro,O
44,com,O
44,cefaleia,O
44,frontal,O
44,esquerda,O
44,que,O
44,culminou,O
44,com,O
44,diplopia,O
44,.,O
44,ptose,O
44,do,O
44,olho,O
44,es,O
44,‐,O
44,querdo,O
44,e,O
44,perda,O
44,de,O
44,acuidade,O
44,visual,O
44,esquerda,O
44,aps,O
44,5,NUMBER
44,dias,O
44,.,O
44,A,O
44,hipo,O
44,‐,O
44,sectomia,O
44,transesfenoidal,O
44,ocorreu,O
44,sem,O
44,intercorrncias,O
44,e,O
44,o,O
44,paciente,O
44,recebeu,O
44,alta,O
44,do,O
44,hospital,O
44,no,O
44,quarto,O
44,dia,O
44,do,O
44,ps,O
44,‐,O
44,operatrio,O
44,.,O
44,Adi,O
44,‐,O
44,cionalmente,O
44,.,O
44,descrevemos,O
44,em,O
44,detalhe,O
44,infectados,O
44,pelo,O
44,novo,O
44,coron,O
44,‐,O
44,avrus,O
44,e,O
44,que,O
44,necessitam,O
44,de,O
44,atenco,O
44,cirrgica,O
44,de,O
44,emergncia,O
44,.,O
44,Autor,PERSON
44,para,O
44,correspondncia,O
44,.,O
44,Como,O
44,citar,O
44,este,O
44,artigo,O
44,:,O
44,Santos,ORGANIZATION
44,CS,ORGANIZATION
44,.,O
44,et,O
44,al,O
44,.,O
44,Assistncia,O
44,perioperatria,O
44,de,O
44,paciente,O
44,com,O
44,infecco,O
44,pelo,O
44,SARS,O
44,‐,O
44,CoV,O
44,‐,O
44,2,NUMBER
44,(,O
44,COVID,O
44,‐,O
44,19,NUMBER
44,),O
44,ARTICLE,O
44,IN,O
44,PRESS,O
44,C.S.,PERSON
44,Santos,PERSON
44,et,O
44,al,O
44,.,O
44,Pituitary,O
44,tumor,CAUSE_OF_DEATH
44,;,O
44,Airway,O
44,management,O
44,;,O
44,SARS,O
44,‐,O
44,CoV,O
44,‐,O
44,2,NUMBER
44,infection,CAUSE_OF_DEATH
44,Pituitary,O
44,tumor,CAUSE_OF_DEATH
44,resection,O
44,in,O
44,a,O
44,patient,O
44,with,O
44,SARS,O
44,‐,O
44,CoV,O
44,‐,O
44,2,NUMBER
44,(,O
44,COVID,O
44,‐,O
44,19,NUMBER
44,),O
44,infection,CAUSE_OF_DEATH
44,.,O
44,A,O
44,case,O
44,report,O
44,and,O
44,suggested,O
44,airway,O
44,management,O
44,guidelines,O
44,Abstract,O
44,The,O
44,2020,DATE
44,pan,O
44,‐,O
44,demic,O
44,caused,O
44,by,O
44,the,O
44,novel,O
44,coronavirus,O
44,.,O
44,COVID,O
44,‐,O
44,19,NUMBER
44,.,O
44,had,O
44,its,O
44,head,O
44,‐,O
44,quarters,O
44,in,O
44,China,COUNTRY
44,.,O
44,It,O
44,causes,O
44,Severe,O
44,Acute,O
44,Respiratory,O
44,Syndrome,O
44,Coronavirus,O
44,2,NUMBER
44,(,O
44,SARS,O
44,‐,O
44,CoV,O
44,‐,O
44,2,NUMBER
44,),O
44,and,O
44,presents,O
44,a,O
44,broad,O
44,spectrum,O
44,of,O
44,clin,O
44,‐,O
44,ical,O
44,manifestations,O
44,.,O
44,ranging,O
44,from,O
44,entirely,O
44,asymptomatic,O
44,through,O
44,severe,O
44,acute,O
44,respiratory,CAUSE_OF_DEATH
44,failure,CAUSE_OF_DEATH
44,and,O
44,death,O
44,.,O
44,Presuming,O
44,a,O
44,signicant,O
44,quantity,O
44,of,O
44,ventilator,TITLE
44,‐,O
44,dependent,O
44,patients,O
44,.,O
44,several,O
44,institutions,O
44,strategically,O
44,delayed,O
44,elective,O
44,surgeries,O
44,.,O
44,Particularly,O
44,procedures,O
44,performed,O
44,involving,O
44,the,O
44,nasal,O
44,mucosa,O
44,.,O
44,such,O
44,as,O
44,a,O
44,transsphenoidal,O
44,approach,O
44,of,O
44,the,O
44,pituitary,O
44,gland,O
44,.,O
44,considering,O
44,the,O
44,tremendous,O
44,level,O
44,of,O
44,viral,O
44,shedding,O
44,.,O
44,Nevertheless,O
44,.,O
44,critical,O
44,cases,O
44,demand,O
44,expedi,O
44,‐,O
44,tious,O
44,resolution,O
44,.,O
44,Those,O
44,situations,O
44,are,O
44,severe,O
44,pituitary,O
44,apoplexy,CAUSE_OF_DEATH
44,.,O
44,declining,O
44,consciousness,O
44,level,O
44,.,O
44,or,O
44,risk,O
44,of,O
44,acute,O
44,visual,O
44,loss,O
44,.,O
44,This,O
44,case,O
44,presents,O
44,a,O
44,successful,O
44,urgent,O
44,perioperative,O
44,management,O
44,of,O
44,a,O
44,47,DURATION
44,year,DURATION
44,‐,O
44,old,O
44,male,O
44,COVID,O
44,‐,O
44,19,NUMBER
44,positive,O
44,patient,O
44,who,O
44,presented,O
44,to,O
44,the,O
44,Emergency,ORGANIZATION
44,Department,ORGANIZATION
44,with,O
44,a,O
44,left,O
44,frontal,O
44,headache,O
44,that,O
44,culminated,O
44,with,O
44,diplopia,O
44,.,O
44,left,O
44,eye,O
44,ptosis,O
44,.,O
44,and,O
44,left,O
44,visual,O
44,acuity,O
44,loss,O
44,after,O
44,5,DURATION
44,days,DURATION
44,.,O
44,Transsphenoidal,O
44,hypophysectomy,O
44,was,O
44,uneventfully,O
44,per,O
44,‐,O
44,formed,O
44,.,O
44,and,O
44,the,O
44,patient,O
44,was,O
44,discharged,O
44,from,O
44,the,O
44,hospital,O
44,on,O
44,post,O
44,‐,O
44,operative,O
44,day,DURATION
44,four,NUMBER
44,.,O
44,It,O
44,additionally,O
44,for,O
44,patients,O
44,infected,O
44,with,O
44,the,O
44,novel,O
44,coronavirus,O
44,who,O
44,need,O
44,emergent,O
44,surgical,O
44,attention,O
44,.,O
44,Um,O
44,surto,O
44,mundial,O
44,de,O
44,Sndrome,O
44,Respiratria,O
44,Aguda,O
44,Grave,O
44,por,O
44,Coronavrus,O
44,2,NUMBER
44,(,O
44,SARS,O
44,‐,O
44,CoV,O
44,‐,O
44,2,NUMBER
44,),O
44,causada,O
44,pelo,O
44,novo,O
44,coronavrus,O
44,.,O
44,COVID,O
44,‐,O
44,19,NUMBER
44,.,O
44,teve,O
44,seu,O
44,epicentro,O
44,na,O
44,cidade,O
44,de,O
44,Wuhan,CITY
44,.,O
44,Hubei,STATE_OR_PROVINCE
44,Provncia,LOCATION
44,da,O
44,China,COUNTRY
44,.1,NUMBER
44,Nessa,PERSON
44,cidade,O
44,.,O
44,de,O
44,31,NUMBER
44,de,O
44,dezembro,O
44,de,O
44,2019,DATE
44,a,O
44,3,NUMBER
44,de,O
44,janeiro,O
44,de,O
44,2020,DATE
44,.,O
44,48,NUMBER
44,pa,O
44,‐,O
44,cientes,O
44,com,O
44,pneumonia,CAUSE_OF_DEATH
44,.,O
44,naquele,O
44,momento,O
44,de,O
44,etiologia,O
44,desconhecida,O
44,.,O
44,foram,O
44,detectados,O
44,e,O
44,noticados,O
44,Organizaco,ORGANIZATION
44,Mundial,ORGANIZATION
44,da,ORGANIZATION
44,Sade,ORGANIZATION
44,(,O
44,OMS,O
44,),O
44,.1,NUMBER
44,Nas,O
44,semanas,O
44,que,O
44,se,O
44,sucederam,O
44,.,O
44,o,O
44,vrus,O
44,RNA,O
44,envelopado,O
44,.,O
44,no,O
44,‐,O
44,segmenta,O
44,‐,O
44,do,O
44,de,O
44,sentido,O
44,positivo,O
44,.,O
44,pertencente,O
44,famlia,O
44,Coronaviridae2,O
44,se,O
44,disseminou,O
44,para,O
44,todos,O
44,os,O
44,continentes,O
44,com,O
44,consequncias,O
44,econmicas,O
44,e,O
44,de,O
44,sade,O
44,pblica,O
44,devastadoras,O
44,.,O
44,As,O
44,caractersticas,O
44,clnicas,O
44,mais,O
44,fre,O
44,‐,O
44,quentes,O
44,da,O
44,doenca,O
44,so,O
44,febre,O
44,.,O
44,tosse,O
44,.,O
44,mal,O
44,‐,O
44,estar,O
44,.,O
44,mialgia,O
44,.,O
44,anosmia,O
44,e,O
44,sintomas,O
44,O,O
44,espectro,O
44,de,O
44,manifestaces,O
44,clnicas,O
44,amplo,O
44,.,O
44,indo,O
44,desde,O
44,nenhum,O
44,sintoma,O
44,insucincia,O
44,respiratria,O
44,aguda,O
44,grave,O
44,e,O
44,bito,O
44,.3.4,NUMBER
44,A,O
44,infecco,O
44,altamente,O
44,contagiosa,O
44,e,O
44,mesmo,O
44,pacientes,O
44,pr,O
44,‐,O
44,sintomti,O
44,‐,O
44,cos,O
44,/,O
44,assintomticos,O
44,podem,O
44,transmitir,O
44,o,O
44,vrus,O
44,.,O
44,principalmente,O
44,atravs,O
44,de,O
44,gotculas,O
44,respiratrias,O
44,.5,NUMBER
44,A,O
44,transmissibilidade,O
44,viral,O
44,a,O
44,partir,O
44,de,O
44,pacientes,O
44,assintomticos,O
44,contribui,O
44,para,O
44,o,O
44,alto,O
44,risco,O
44,de,O
44,infecco,O
44,.,O
44,no,O
44,s,O
44,para,O
44,o,O
44,pblico,O
44,no,O
44,hospital,O
44,.,O
44,mas,O
44,tambm,O
44,para,O
44,os,O
44,prossionais,O
44,de,O
44,sade,O
44,.,O
44,que,O
44,so,O
44,extremamente,O
44,expostos,O
44,durante,O
44,o,O
44,perodo,O
44,de,O
44,pandemia,O
44,.,O
44,Na,O
44,expectativa,O
44,de,O
44,um,O
44,nmero,O
44,extraordinrio,O
44,de,O
44,pacientes,O
44,crticos,O
44,de,O
44,‐,O
44,pendentes,O
44,de,O
44,ventilaco,O
44,mecnica,O
44,devido,O
44,infecco,O
44,por,O
44,SARS,O
44,‐,O
44,CoV,O
44,‐,O
44,2,NUMBER
44,.,O
44,e,O
44,com,O
44,o,O
44,objetivo,O
44,de,O
44,disponibilidade,O
44,de,O
44,nmero,O
44,abundante,O
44,de,O
44,leitos,O
44,de,O
44,terapia,O
44,intensiva,O
44,e,O
44,equipamento,O
44,.,O
44,todos,O
44,os,O
44,casos,O
44,eletivos,O
44,foram,O
44,estrategicamente,O
44,adiados,O
44,.,O
44,recomendando,O
44,‐,O
44,se,O
44,a,O
44,realizaco,O
44,somente,O
44,de,O
44,casos,O
44,de,O
44,emergncia,O
44,.6,NUMBER
44,Isso,O
44,se,O
44,referiu,O
44,principalmente,O
44,a,O
44,procedimen,O
44,‐,O
44,tos,O
44,realizados,O
44,em,O
44,mucosa,O
44,nasal,O
44,.,O
44,nasofaringe,O
44,e,O
44,placa,O
44,cribiforme,O
44,.,O
44,tais,O
44,como,O
44,abordagem,O
44,transesfenoidal,O
44,para,O
44,a,O
44,hipse,O
44,.,O
44,tendo,O
44,em,O
44,conta,O
44,o,O
44,nvel,O
44,imenso,O
44,de,O
44,disseminaco,O
44,de,O
44,material,O
44,viral,O
44,.7,NUMBER
44,No,O
44,presente,O
44,re,O
44,‐,O
44,lato,O
44,de,O
44,caso,O
44,.,O
44,gostaramos,O
44,de,O
44,compartilhar,O
44,nossa,O
44,experincia,O
44,em,O
44,pa,O
44,‐,O
44,ciente,O
44,positivo,O
44,para,O
44,COVID,O
44,‐,O
44,19,NUMBER
44,.,O
44,submetido,O
44,a,O
44,ressecco,O
44,de,O
44,tumor,CAUSE_OF_DEATH
44,hiposrio,O
44,de,O
44,urgncia,O
44,e,O
44,com,O
44,recente,O
44,deterioraco,O
44,do,O
44,campo,O
44,visual,O
44,e,O
44,compresso,O
44,de,O
44,nervo,O
44,craniano,O
44,.,O
44,O,O
44,objetivo,O
44,deste,O
44,artigo,O
44,foi,O
44,tambm,O
44,descrever,O
44,o,O
44,protocolo,O
44,de,O
44,manejo,O
44,de,O
44,via,O
44,procedimentos,O
44,cirrgicos,O
44,em,O
44,pacientes,O
44,conrmados,O
44,positivos,O
44,para,O
44,COVID,O
44,‐,O
44,19,NUMBER
44,.,O
44,Por,O
44,essa,O
44,razo,O
44,.,O
44,o,O
44,re,O
44,‐,O
44,lato,O
44,apresenta,O
44,descrico,O
44,detalhada,O
44,dos,O
44,perodos,O
44,pr,O
44,‐,O
44,e,O
44,ps,O
44,‐,O
44,opera,O
44,‐,O
44,trios,O
44,.,O
44,incluindo,O
44,nossos,O
44,protocolos,O
44,para,O
44,induco,O
44,de,O
44,anestesia,O
44,.,O
44,in,O
44,‐,O
44,strumentaco,O
44,de,O
44,via,O
44,area,O
44,.,O
44,transporte,O
44,de,O
44,paciente,O
44,e,O
44,Relato,O
44,de,O
44,caso,O
44,Descrevemos,O
44,manejo,O
44,perioperatrio,O
44,urgente,O
44,bem,O
44,‐,O
44,sucedido,O
44,de,O
44,paciente,O
44,do,O
44,sexo,O
44,masculino,O
44,de,O
44,47,NUMBER
44,anos,O
44,de,O
44,idade,O
44,(,O
44,175.3,NUMBER
44,cm,O
44,;,O
44,94.3,NUMBER
44,kg,O
44,;,O
44,IMC,O
44,=,O
44,30.7,NUMBER
44,kg.m,O
44,‐,O
44,2,NUMBER
44,),O
44,sem,O
44,antecedentes,O
44,clnicos,O
44,dignos,O
44,de,O
44,nota,O
44,e,O
44,que,O
44,chegou,O
44,ao,O
44,Pronto,O
44,Socorro,O
44,(,O
44,PS,O
44,),O
44,com,O
44,cefaleia,O
44,frontal,O
44,esquerda,O
44,h,O
44,5,NUMBER
44,dias,O
44,.,O
44,Seguiram,O
44,‐,O
44,se,O
44,diplopia,O
44,.,O
44,ptose,O
44,do,O
44,olho,O
44,esquerdo,O
44,e,O
44,perda,O
44,da,O
44,acuidade,O
44,visual,O
44,esquerda,O
44,.,O
44,48,NUMBER
44,horas,O
44,antes,O
44,do,O
44,primeiro,O
44,contato,O
44,com,O
44,o,O
44,hospital,O
44,.,O
44,A,O
44,cefaleia,O
44,era,O
44,constante,O
44,e,O
44,no,O
44,cedia,O
44,com,O
44,nenhuma,O
44,medi,O
44,‐,O
44,caco,O
44,.,O
44,O,O
44,paciente,O
44,negava,O
44,sensaco,O
44,de,O
44,queimaco,O
44,.,O
44,irradiaco,O
44,ou,O
44,lateja,O
44,‐,O
44,mento,O
44,.,O
44,Tambm,O
44,armou,O
44,que,O
44,os,O
44,sintomas,O
44,oftalmolgicos,O
44,indolores,O
44,se,O
44,iniciaram,O
44,repentinamente,O
44,.,O
44,A,O
44,cefaleia,O
44,estava,O
44,piorando,O
44,no,O
44,momento,O
44,em,O
44,que,O
44,pediu,O
44,para,O
44,ir,O
44,ao,O
44,PS,O
44,.,O
44,O,O
44,paciente,O
44,armou,O
44,que,O
44,trs,O
44,semanas,O
44,antes,O
44,desse,O
44,evento,O
44,.,O
44,todos,O
44,no,O
44,priso,O
44,apresentavam,O
44,dores,O
44,musculares,O
44,.,O
44,possivelmente,O
44,associadas,O
44,ao,O
44,surto,O
44,de,O
44,COVID,O
44,‐,O
44,19,NUMBER
44,.,O
44,O,O
44,tratamento,O
44,da,O
44,dor,O
44,com,O
44,ibuprofeno,O
44,no,O
44,surtiu,O
44,efeito,O
44,.,O
44,O,O
44,paciente,O
44,no,O
44,apresentava,O
44,histria,O
44,cirrgica,O
44,relevante,O
44,.,O
44,Os,O
44,sinais,O
44,vitais,O
44,estavam,O
44,dentro,O
44,de,O
44,limites,O
44,normais,O
44,e,O
44,foi,O
44,solicitada,O
44,Tomograa,O
44,Computadorizada,O
44,(,O
44,TC,O
44,),O
44,da,O
44,cabeca,O
44,(,O
44,g.,O
44,1,NUMBER
44,a,O
44,e,O
44,b,O
44,),O
44,.,O
44,Com,O
44,base,O
44,nos,O
44,achados,O
44,da,O
44,TC,O
44,.,O
44,foi,O
44,obtida,O
44,im,O
44,‐,O
44,agem,O
44,de,O
44,Resonncia,O
44,Como,O
44,citar,O
44,este,O
44,artigo,O
44,:,O
44,Santos,ORGANIZATION
44,CS,ORGANIZATION
44,.,O
44,et,O
44,al,O
44,.,O
44,As,O
44,‐,O
44,sistncia,O
44,perioperatria,O
44,de,O
44,paciente,O
44,com,O
44,infecco,O
44,pelo,O
44,SARS,O
44,‐,O
44,CoV,O
44,‐,O
44,2,NUMBER
44,(,O
44,COVID,O
44,‐,O
44,19,NUMBER
44,),O
44,ARTICLE,O
44,IN,O
44,PRESS,O
44,Ressecco,O
44,de,O
44,tumor,CAUSE_OF_DEATH
44,hiposrio,O
44,e,O
44,infecco,O
44,pelo,O
44,SARS,O
44,‐,O
44,CoV,O
44,‐,O
44,2,NUMBER
44,(,O
44,COVID,O
44,‐,O
44,19,NUMBER
44,),O
44,Figura,ORGANIZATION
44,1,NUMBER
44,(,O
44,a,O
44,e,O
44,b,O
44,),O
44,Tomograa,O
44,computa,O
44,‐,O
44,dorizada,O
44,sem,O
44,contraste,O
44,.,O
44,Cortes,PERSON
44,axial,O
44,(,O
44,a,O
44,),O
44,e,O
44,coronal,O
44,(,O
44,b,O
44,),O
44,mostram,O
44,predomnio,O
44,de,O
44,massa,O
44,selar,O
44,hiperdensa,O
44,medindo,O
44,1.9,O
44,2.8,O
44,2.0,NUMBER
44,cm,O
44,.,O
44,ecn,O
44,‐,O
44,trica,O
44,esquerda,O
44,com,O
44,extenso,O
44,para,O
44,a,O
44,cisterna,O
44,supraselar,O
44,.,O
44,pincamen,O
44,‐,O
44,to,O
44,do,O
44,quiasma,O
44,timo,O
44,esquerdo,O
44,e,O
44,deiscncia,O
44,bilateral,O
44,das,O
44,paredes,O
44,do,O
44,seio,O
44,esfenoide,O
44,posterior,O
44,.,O
44,Figura,ORGANIZATION
44,2,NUMBER
44,(,O
44,a,O
44,‐,O
44,c,O
44,),O
44,RM,O
44,hiposria,O
44,com,O
44,e,O
44,sem,O
44,contraste,O
44,.,O
44,(,O
44,a,O
44,),O
44,Massa,O
44,selar,O
44,sagital,O
44,T1,O
44,com,O
44,obscurecimento,O
44,da,O
44,haste,O
44,hiposria,O
44,.,O
44,(,O
44,b,O
44,e,O
44,c,O
44,),O
44,T2,O
44,coronal,O
44,e,O
44,axial,O
44,‐,O
44,T2,O
44,heterogneo,O
44,periferica,O
44,‐,O
44,mente,O
44,isointenso,O
44,centralmente,O
44,.,O
44,massa,O
44,escura,O
44,com,O
44,realce,O
44,diminudo,O
44,na,O
44,sela,O
44,turca,O
44,estendendo,O
44,‐,O
44,se,O
44,para,O
44,a,O
44,cisterna,O
44,supraselar,O
44,com,O
44,efeito,O
44,de,O
44,massa,O
44,local,O
44,.,O
44,Elevaco,O
44,do,O
44,quiasma,O
44,ptico,O
44,e,O
44,da,O
44,porco,O
44,pr,O
44,‐,O
44,quiasmtica,O
44,esquerda,O
44,maior,O
44,do,O
44,que,O
44,no,O
44,nervo,O
44,ptico,O
44,direito,O
44,.,O
44,Achados,O
44,compatveis,O
44,com,O
44,macroadenoma,O
44,hiposrio,O
44,com,O
44,deposico,O
44,central,O
44,de,O
44,hemosiderina,O
44,sugerindo,O
44,hemorragia,O
44,remota,O
44,.,O
44,Magntica,PERSON
44,(,O
44,RM,O
44,),O
44,da,O
44,hipse,O
44,(,O
44,g.,O
44,2,NUMBER
44,a,O
44,.,O
44,b,O
44,e,O
44,c,O
44,),O
44,.,O
44,O,O
44,paciente,O
44,foi,O
44,internado,O
44,na,O
44,enfermaria,O
44,de,O
44,neurocirurgia,O
44,.,O
44,Alm,PERSON
44,disso,O
44,.,O
44,o,O
44,painel,O
44,SARS,O
44,‐,O
44,CoV,O
44,‐,O
44,2,NUMBER
44,RNA,O
44,por,O
44,RT,O
44,‐,O
44,PCR,O
44,resultou,O
44,positivo,O
44,um,O
44,dia,O
44,aps,O
44,a,O
44,internaco,O
44,(,O
44,2,NUMBER
44,dia,O
44,),O
44,.,O
44,Foi,O
44,transferido,O
44,para,O
44,o,O
44,andar,O
44,COVID,O
44,‐,O
44,19,NUMBER
44,.,O
44,No,O
44,3,NUMBER
44,dia,O
44,.,O
44,o,O
44,paciente,O
44,se,O
44,queixou,O
44,de,O
44,piora,O
44,da,O
44,acuidade,O
44,visual,O
44,esquerda,O
44,sem,O
44,melhora,O
44,da,O
44,cefaleia,O
44,.,O
44,Em,O
44,funco,O
44,de,O
44,possvel,O
44,perda,O
44,visual,O
44,denitiva,O
44,.,O
44,a,O
44,neurocirurgia,O
44,decidiu,O
44,agendar,O
44,ressecco,O
44,de,O
44,tumor,CAUSE_OF_DEATH
44,hiposrio,O
44,por,O
44,via,O
44,transesfenoidal,O
44,de,O
44,urgncia,O
44,para,O
44,a,O
44,manh,O
44,seguinte,O
44,(,O
44,5,NUMBER
44,dia,O
44,),O
44,.,O
44,No,O
44,5,NUMBER
44,dia,O
44,.,O
44,o,O
44,paciente,O
44,foi,O
44,transferido,O
44,para,O
44,a,O
44,rea,O
44,do,O
44,Centro,PERSON
44,Cirrgico,PERSON
44,.,O
44,diretamente,O
44,para,O
44,a,O
44,sala,O
44,de,O
44,induco,O
44,de,O
44,presso,O
44,negativa,O
44,.,O
44,O,O
44,paciente,O
44,foi,O
44,totalmente,O
44,coberto,O
44,por,O
44,campo,O
44,plstico,O
44,.,O
44,O,O
44,monitoramento,O
44,e,O
44,o,O
44,monitor,O
44,de,O
44,bloqueio,O
44,neuromuscular,O
44,padro,O
44,da,O
44,Sociedade,O
44,Americana,O
44,de,O
44,Anestesiologia,O
44,foram,O
44,congurados,O
44,.,O
44,seguido,O
44,por,O
44,pr,O
44,‐,O
44,oxigenaco,O
44,por,O
44,cinco,O
44,minutos,O
44,com,O
44,fraco,O
44,inspirada,O
44,de,O
44,oxignio,O
44,(,O
44,FiO2,O
44,),O
44,a,O
44,100,PERCENT
44,%,PERCENT
44,.,O
44,Segurou,O
44,‐,O
44,se,O
44,a,O
44,mscara,O
44,facial,O
44,com,O
44,as,O
44,duas,O
44,mos,DURATION
44,com,O
44,o,O
44,objetivo,O
44,de,O
44,selamento,O
44,perfeito,O
44,e,O
44,consequente,O
44,diminuico,O
44,da,O
44,taxa,O
44,de,O
44,contaminaco,O
44,externa,O
44,e,O
44,os,O
44,uxos,O
44,inspiratrios,O
44,e,O
44,expira,O
44,‐,O
44,trios,O
44,passarem,O
44,pelo,O
44,ltro,O
44,viral,O
44,.,O
44,Um,O
44,coxim,O
44,de,O
44,ombro,O
44,foi,O
44,posicionado,O
44,para,O
44,melhor,O
44,alinhamento,O
44,do,O
44,eixo,O
44,da,O
44,via,O
44,area,O
44,.,O
44,o,O
44,que,O
44,auxiliou,O
44,no,O
44,sucesso,O
44,da,O
44,intubaco,O
44,traqueal,O
44,na,O
44,primeira,O
44,tentativa,O
44,.,O
44,Os,O
44,sinais,O
44,vi,O
44,‐,O
44,tais,O
44,se,O
44,encontravam,O
44,dentro,O
44,dos,O
44,limites,O
44,da,O
44,normalidade,O
44,.,O
44,A,O
44,induco,O
44,anestsica,O
44,com,O
44,a,O
44,tcnica,O
44,de,O
44,sequncia,O
44,rpida,O
44,foi,O
44,escolhida,O
44,principal,TITLE
44,‐,O
44,mente,O
44,para,O
44,diminuir,O
44,o,O
44,risco,O
44,potencial,O
44,de,O
44,aerossolizaco,O
44,do,O
44,vrus,O
44,a,O
44,partir,O
44,da,O
44,via,O
44,area,O
44,do,O
44,paciente,O
44,.,O
44,Foram,O
44,usados,O
44,lidocana,O
44,a,O
44,1,PERCENT
44,%,PERCENT
44,(,O
44,1,NUMBER
44,mg.kg,O
44,‐,O
44,1,NUMBER
44,),O
44,.,O
44,fentanil,O
44,(,O
44,1,NUMBER
44,mcg.kg,O
44,‐,O
44,1,NUMBER
44,),O
44,.,O
44,propofol,O
44,(,O
44,3,NUMBER
44,mg.kg,O
44,‐,O
44,1,NUMBER
44,),O
44,.,O
44,e,O
44,suc,O
44,‐,O
44,cinilcolina,O
44,(,O
44,1,NUMBER
44,mg.kg,O
44,‐,O
44,1,NUMBER
44,),O
44,.,O
44,Imediatamente,O
44,aps,O
44,a,O
44,induco,O
44,.,O
44,foi,O
44,admin,O
44,‐,O
44,istrada,O
44,dose,O
44,de,O
44,etresse,O
44,de,O
44,100,NUMBER
44,mg,O
44,de,O
44,hidrocortisona,O
44,.,O
44,A,O
44,intubaco,O
44,ocorreu,O
44,sem,O
44,nenhum,O
44,problema,O
44,usando,O
44,videolaringoscpio,O
44,.,O
44,Aps,O
44,a,O
44,in,O
44,‐,O
44,duco,O
44,.,O
44,outro,O
44,acesso,O
44,intravenoso,O
44,foi,O
44,obtido,O
44,e,O
44,uma,O
44,linha,O
44,arterial,O
44,radial,O
44,foi,O
44,estabelecida,O
44,.,O
44,O,O
44,paciente,O
44,foi,O
44,transferido,O
44,da,O
44,sala,O
44,de,O
44,Presso,PERSON
44,Negativa,PERSON
44,(,O
44,PN,O
44,),O
44,para,O
44,sala,O
44,de,O
44,cirurgia,O
44,com,O
44,Presso,PERSON
44,Positiva,PERSON
44,(,O
44,PP,O
44,),O
44,.,O
44,A,O
44,remoco,O
44,do,O
44,tumor,CAUSE_OF_DEATH
44,hiposrio,O
44,por,O
44,via,O
44,transesfenoidal,O
44,transcorreu,O
44,sem,O
44,intercorrncias,O
44,.,O
44,e,O
44,o,O
44,paciente,O
44,permaneceu,O
44,entubado,O
44,ao,O
44,nalizar,O
44,o,O
44,caso,O
44,para,O
44,transporte,O
44,para,O
44,a,O
44,UTI,O
44,e,O
44,extubaco,O
44,.,O
44,A,O
44,manu,O
44,‐,O
44,tenco,O
44,da,O
44,anestesia,O
44,foi,O
44,realizada,O
44,com,O
44,infuses,O
44,de,O
44,propofol,O
44,(,O
44,80,NUMBER
44,‐,O
44,100,NUMBER
44,g.kg,O
44,‐,O
44,1,NUMBER
44,.,O
44,min,DURATION
44,‐,O
44,1,NUMBER
44,),O
44,e,O
44,remifentanil,O
44,(,O
44,0.08,NUMBER
44,‐,O
44,0.12,NUMBER
44,g.kg,O
44,‐,O
44,1,NUMBER
44,.,O
44,min,DURATION
44,‐,O
44,1,NUMBER
44,),O
44,e,O
44,Con,O
44,‐,O
44,centraco,O
44,Alveolar,O
44,Mnima,O
44,(,O
44,CAM,O
44,),O
44,de,O
44,0.5,O
44,de,O
44,desurano,O
44,.,O
44,Para,O
44,o,O
44,trans,O
44,‐,O
44,porte,O
44,para,O
44,a,O
44,UTI,O
44,.,O
44,foi,O
44,iniciada,O
44,dexmedetomidina,O
44,a,O
44,0.6,O
44,g.kg,O
44,‐,O
44,1,NUMBER
44,.,O
44,h,O
44,‐,O
44,1,NUMBER
44,para,O
44,reduzir,O
44,tosse,O
44,durante,O
44,a,O
44,extubaco,O
44,.,O
44,A,O
44,avaliaco,O
44,ps,O
44,‐,O
44,operatria,O
44,da,O
44,endocrinologia,O
44,revelou,O
44,nvel,O
44,baixo,O
44,de,O
44,cortisol,O
44,matinal,O
44,.,O
44,T4,O
44,Como,O
44,citar,O
44,este,O
44,artigo,O
44,:,O
44,Santos,ORGANIZATION
44,CS,ORGANIZATION
44,.,O
44,et,O
44,al,O
44,.,O
44,Assistncia,O
44,perioperatria,O
44,de,O
44,paciente,O
44,com,O
44,infecco,O
44,pelo,O
44,SARS,O
44,‐,O
44,CoV,O
44,‐,O
44,2,NUMBER
44,(,O
44,COVID,O
44,‐,O
44,19,NUMBER
44,),O
44,ARTICLE,O
44,IN,O
44,PRESS,O
44,C.S.,PERSON
44,Santos,PERSON
44,et,O
44,al,O
44,.,O
44,dentro,O
44,dos,O
44,limites,O
44,padro,O
44,e,O
44,nenhum,O
44,dbito,O
44,urin,O
44,‐,O
44,rio,O
44,signicativo,O
44,.,O
44,Dose,O
44,de,O
44,manutenco,O
44,de,O
44,20,NUMBER
44,mg,O
44,de,O
44,hidrocortisona,O
44,pela,O
44,manh,O
44,e,O
44,10,NUMBER
44,mg,O
44,noite,O
44,foi,O
44,iniciada,O
44,devido,O
44,sndrome,O
44,de,O
44,insucin,O
44,‐,O
44,cia,O
44,adrenal,O
44,central,O
44,.,O
44,O,O
44,paciente,O
44,foi,O
44,transferido,O
44,da,O
44,UTI,O
44,para,O
44,o,O
44,an,O
44,‐,O
44,dar,O
44,no,O
44,dia,O
44,seguinte,O
44,.,O
44,Recebeu,O
44,alta,O
44,hospitalar,O
44,no,O
44,quarto,O
44,dia,O
44,do,O
44,ps,O
44,‐,O
44,operatrio,O
44,sem,O
44,complicaces,O
44,.,O
44,Plano,CITY
44,A,O
44,Estilete,O
44,C,O
44,‐,O
44,Mac,O
44,/,O
44,Estilete,O
44,tradicional,O
44,Fita,O
44,adesiva,O
44,1,NUMBER
44,Seringa,O
44,de,O
44,10,NUMBER
44,mL,O
44,Cinta,O
44,de,O
44,cabeca,O
44,Campo,PERSON
44,claro,O
44,TET,O
44,.,O
44,Tubo,PERSON
44,Endotraqueal,PERSON
44,.,O
44,A,O
44,abordagem,O
44,pela,O
44,regio,O
44,selar,O
44,para,O
44,ressecco,O
44,de,O
44,tumor,CAUSE_OF_DEATH
44,hiposrio,O
44,em,O
44,cirurgia,O
44,endoscpica,O
44,transesfenoidal,O
44,mais,O
44,comum,O
44,do,O
44,que,O
44,a,O
44,craniotomia,O
44,.8,NUMBER
44,O,O
44,SARS,O
44,‐,O
44,CoV,O
44,‐,O
44,2,NUMBER
44,coloniza,O
44,intensa,O
44,‐,O
44,mente,O
44,a,O
44,mucosa,O
44,nasal,O
44,.,O
44,e,O
44,devido,O
44,ao,O
44,exacerbado,O
44,grau,O
44,de,O
44,disseminaco,O
44,de,O
44,material,O
44,viral,O
44,.,O
44,altamente,O
44,contagioso,O
44,.,O
44,O,O
44,Colgio,O
44,Americano,O
44,de,O
44,Cirurgia,O
44,recomendou,O
44,o,O
44,adiamento,O
44,de,O
44,toda,O
44,cirurgia,O
44,eletiva,O
44,durante,O
44,a,O
44,pandemia,O
44,do,O
44,COVID,O
44,‐,O
44,19.9,NUMBER
44,No,O
44,obstante,O
44,.,O
44,a,O
44,hiposectomia,O
44,de,O
44,emergncia,O
44,devido,O
44,a,O
44,apoplexia,O
44,hiposria,O
44,grave,O
44,.,O
44,nvel,O
44,de,O
44,conscincia,O
44,em,O
44,declnio,O
44,ou,O
44,risco,O
44,de,O
44,perda,O
44,visual,O
44,aguda,O
44,no,O
44,podia,O
44,ser,O
44,adiada,O
44,.8,NUMBER
44,Nessas,O
44,cir,O
44,‐,O
44,cunstncias,O
44,.,O
44,a,O
44,via,O
44,transcraniana,O
44,seria,O
44,a,O
44,preferencial,O
44,em,O
44,detrimen,O
44,‐,O
44,to,O
44,da,O
44,base,O
44,do,O
44,crnio,O
44,.10,NUMBER
44,A,O
44,deciso,O
44,deve,O
44,ser,O
44,tomada,O
44,caso,O
44,a,O
44,caso,O
44,.8,NUMBER
44,a,O
44,combinaco,O
44,da,O
44,preferncia,O
44,do,O
44,cirurgio,O
44,e,O
44,o,O
44,grau,O
44,de,O
44,conforto,O
44,para,O
44,re,O
44,‐,O
44,alizar,O
44,o,O
44,procedimento,O
44,cirrgico,O
44,.,O
44,O,O
44,manejo,O
44,da,O
44,via,O
44,area,O
44,para,O
44,pa,O
44,‐,O
44,cientes,O
44,positivos,O
44,para,O
44,o,O
44,COVID,O
44,‐,O
44,19,NUMBER
44,um,O
44,imenso,O
44,desao,O
44,.,O
44,Por,O
44,essa,O
44,ra,O
44,‐,O
44,zo,O
44,.,O
44,decidimos,O
44,para,O
44,o,O
44,manejo,O
44,perioperatrio,O
44,de,O
44,pacientes,O
44,infectados,O
44,com,O
44,SARS,O
44,‐,O
44,CoV,O
44,‐,O
44,2,NUMBER
44,.,O
44,A,O
44,seco,O
44,dividida,O
44,em,O
44,trs,O
44,fases,O
44,:,O
44,assistncia,O
44,pr,O
44,‐,O
44,op,O
44,‐,O
44,eratria,O
44,.,O
44,fase,O
44,intraoperatria,O
44,e,O
44,perodo,O
44,ML,O
44,de,O
44,intubaco,O
44,MLs,O
44,:,O
44,iGel,O
44,4,NUMBER
44,.,O
44,5,NUMBER
44,Vias,O
44,areas,O
44,orais,O
44,:,O
44,9,NUMBER
44,.,O
44,10,NUMBER
44,Lminas,PERSON
44,McGrath,PERSON
44,descartveis,O
44,:,O
44,n,O
44,3,NUMBER
44,.,O
44,n,O
44,4,NUMBER
44,Cabo,O
44,do,O
44,laringoscpio,O
44,Lmina,O
44,de,O
44,laringoscpio,O
44,:,O
44,Miller,PERSON
44,Plano,CITY
44,C,O
44,Mate,O
44,‐,O
44,rial,O
44,para,O
44,cricotiroidotomia,O
44,a,O
44,ser,O
44,realizada,O
44,pelo,O
44,Assistncia,O
44,pr,O
44,‐,O
44,operatria,O
44,O,O
44,guia,O
44,perioperatrio,O
44,de,O
44,manipulaco,O
44,da,O
44,via,O
44,area,O
44,da,O
44,UMMC,O
44,para,O
44,cirurgias,O
44,urgentes,O
44,em,O
44,pacientes,O
44,com,O
44,infecco,O
44,conrmada,O
44,ou,O
44,sus,O
44,‐,O
44,peita,O
44,pelo,O
44,COVID,O
44,‐,O
44,19,NUMBER
44,segue,O
44,:,O
44,1,NUMBER
44,.,O
44,Logstica,PERSON
44,e,O
44,pessoal,O
44,:,O
44,Quatro,O
44,indivdu,O
44,‐,O
44,os,O
44,usando,O
44,Equipamento,O
44,de,O
44,Proteco,O
44,Individual,O
44,(,O
44,EPI,ORGANIZATION
44,),O
44,transportam,O
44,o,O
44,paciente,O
44,do,O
44,andar,O
44,/,O
44,Unidade,ORGANIZATION
44,de,ORGANIZATION
44,Terapia,ORGANIZATION
44,Intensiva,ORGANIZATION
44,(,O
44,UTI,O
44,),O
44,para,O
44,sala,O
44,de,O
44,induco,O
44,(,O
44,presso,O
44,negativa,O
44,),O
44,no,O
44,centro,O
44,cirrgico,O
44,.,O
44,So,O
44,eles,O
44,um,O
44,anestesi,O
44,‐,O
44,ologista,O
44,.,O
44,um,O
44,enfermeiro,O
44,anestesista,O
44,/,O
44,residente,O
44,de,O
44,anestesiologia,O
44,.,O
44,um,O
44,enfermeiro,O
44,circulante,O
44,e,O
44,um,O
44,tcnico,O
44,de,O
44,anestesia,O
44,.,O
44,O,O
44,tcnico,O
44,de,O
44,anestesia,O
44,carrega,O
44,o,O
44,kit,O
44,de,O
44,emergncia,O
44,e,O
44,abre,O
44,o,O
44,caminho,O
44,(,O
44,abertura,O
44,de,O
44,portas,O
44,.,O
44,chamada,O
44,de,O
44,elevadores,O
44,),O
44,com,O
44,a,O
44,ajuda,O
44,do,O
44,enfermeiro,O
44,cir,O
44,‐,O
44,culante,O
44,.,O
44,O,O
44,tcnico,O
44,de,O
44,anestesia,O
44,e,O
44,enfermeiro,O
44,circulante,O
44,cam,O
44,a,O
44,6,NUMBER
44,ps,O
44,(,O
44,2,NUMBER
44,metros,O
44,),O
44,de,O
44,distncia,O
44,e,O
44,evitam,O
44,contato,O
44,com,O
44,o,O
44,paciente,O
44,.,O
44,A,O
44,intuba,O
44,‐,O
44,co,O
44,.,O
44,extubaco,O
44,e,O
44,recuperaco,O
44,so,O
44,realizados,O
44,na,O
44,sala,O
44,de,O
44,PN,O
44,.,O
44,enquanto,O
44,o,O
44,procedimento,O
44,cirrgico,O
44,realizado,O
44,na,O
44,sala,O
44,de,O
44,cirurgia,O
44,com,O
44,PP,O
44,.,O
44,2,NUMBER
44,.,O
44,Paciente,O
44,cirrgico,O
44,:,O
44,Anteriormente,O
44,na,O
44,UTI,O
44,ou,O
44,PS,O
44,.,O
44,o,O
44,paciente,O
44,in,O
44,‐,O
44,tubado,O
44,e,O
44,ento,O
44,transferido,O
44,diretamente,O
44,para,O
44,a,O
44,sala,O
44,de,O
44,cirurgia,O
44,com,O
44,PP,O
44,.,O
44,O,O
44,paciente,O
44,levado,O
44,do,O
44,andar,O
44,para,O
44,o,O
44,centro,O
44,cirrgico,O
44,primeira,O
44,‐,O
44,mente,O
44,transferido,O
44,para,O
44,a,O
44,sala,O
44,de,O
44,PN,O
44,.,O
44,onde,O
44,ocorre,O
44,a,O
44,abordagem,O
44,da,O
44,via,O
44,area,O
44,.,O
44,para,O
44,ento,O
44,ser,O
44,transferido,O
44,para,O
44,a,O
44,sala,O
44,de,O
44,cirurgia,O
44,com,O
44,PP,O
44,.,O
44,A,O
44,face,O
44,do,O
44,paciente,O
44,precisa,O
44,ser,O
44,tricotomizada,O
44,antes,O
44,Plano,CITY
44,B,O
44,da,O
44,intubaco,O
44,para,O
44,prevenir,O
44,a,O
44,aerossolizaco,O
44,do,O
44,vrus,O
44,durante,O
44,a,O
44,pr,O
44,‐,O
44,oxi,O
44,‐,O
44,genaco,O
44,.,O
44,Preparo,O
44,pr,O
44,‐,O
44,operatrio,O
44,:,O
44,Reunir,O
44,todo,O
44,o,O
44,material,O
44,necessrio,O
44,na,O
44,sala,O
44,de,O
44,PN,O
44,(,O
44,induco,O
44,e,O
44,extubaco,O
44,),O
44,e,O
44,sala,O
44,de,O
44,cirurgia,O
44,de,O
44,PP,O
44,.,O
44,Vericar,O
44,se,O
44,o,O
44,kit,O
44,de,O
44,material,O
44,para,O
44,anestesia,O
44,para,O
44,COVID,O
44,‐,O
44,19,NUMBER
44,rotula,O
44,‐,O
44,do,O
44,Plano,CITY
44,A,O
44,.,O
44,B,O
44,.,O
44,C,O
44,(,O
44,tabelas,O
44,1,NUMBER
44,.,O
44,2,NUMBER
44,e,O
44,3,NUMBER
44,),O
44,.,O
44,e,O
44,o,O
44,kit,O
44,de,O
44,drogas,O
44,.,O
44,Drogas,PERSON
44,Cirurgia,O
44,COVID,O
44,‐,O
44,19,NUMBER
44,armazenado,O
44,nos,O
44,armrios,O
44,Omnicell,O
44,esto,O
44,prepara,O
44,‐,O
44,dos,O
44,.,O
44,Providenciar,O
44,todas,O
44,as,O
44,substncias,O
44,controladas,O
44,e,O
44,todas,O
44,as,O
44,seringas,O
44,necessrias,O
44,para,O
44,o,O
44,caso,O
44,inteiro,O
44,.,O
44,Mscara,O
44,facial,O
44,simples,O
44,e,O
44,cateter,O
44,nasal,O
44,para,O
44,oxignio,O
44,no,O
44,ps,O
44,‐,O
44,operatrio,O
44,para,O
44,transporte,O
44,para,O
44,o,O
44,andar,O
44,devem,O
44,estar,O
44,disponveis,O
44,.,O
44,Ter,TITLE
44,C,O
44,‐,O
44,Mac,O
44,ou,O
44,sistema,O
44,Glidescope,O
44,extra,O
44,prontos,O
44,como,O
44,retaguarda,O
44,.,O
44,Providenciar,O
44,uma,O
44,rea,O
44,para,O
44,colocaco,O
44,(,O
44,donning,O
44,),O
44,e,O
44,remoco,O
44,(,O
44,dofng,O
44,),O
44,de,O
44,EPI,O
44,e,O
44,retirar,O
44,todo,O
44,material,O
44,no,O
44,essencial,O
44,da,O
44,sala,O
44,de,O
44,cirurgia,O
44,.,O
44,Armrios,O
44,e,O
44,gavetas,O
44,devem,O
44,ser,O
44,fecha,O
44,‐,O
44,dos,O
44,.,O
44,Um,O
44,gerente,O
44,(,O
44,runner,TITLE
44,),O
44,exclusivo,O
44,do,O
44,CC,O
44,escalado,O
44,para,O
44,providen,O
44,‐,O
44,ciar,O
44,quaisquer,O
44,outros,O
44,materiais,O
44,para,O
44,a,O
44,sala.O,O
44,Plano,CITY
44,C,O
44,inclui,O
44,ma,O
44,‐,O
44,terial,O
44,para,O
44,cricotiroidotomia,O
44,a,O
44,ser,O
44,realizada,O
44,pelo,O
44,anestesiolo,O
44,‐,O
44,gista,O
44,.,O
44,Outros,O
44,equipamentos,O
44,necessrios,O
44,so,O
44,Ambu,ORGANIZATION
44,.,O
44,vlvula,O
44,de,O
44,Presso,O
44,Expiratria,PERSON
44,Positiva,PERSON
44,(,O
44,PEEP,O
44,),O
44,.,O
44,ltro,O
44,para,O
44,vrus,O
44,.,O
44,sistema,O
44,de,O
44,aspiraco,O
44,fechada,PERSON
44,Ballard,PERSON
44,.,O
44,soluco,O
44,salina,O
44,para,O
44,lavagem,O
44,.,O
44,estetoscpio,O
44,descartvel,O
44,.,O
44,Bougie,PERSON
44,.,O
44,e,O
44,conector,O
44,Escalaco,O
44,:,O
44,Escalar,O
44,os,O
44,prossionais,O
44,mais,O
44,experientes,O
44,disponveis,O
44,para,O
44,realizar,O
44,a,O
44,intubaco,O
44,.,O
44,caso,O
44,seja,O
44,possvel,O
44,.,O
44,No,O
44,permitida,O
44,intubaco,O
44,por,O
44,indivduos,O
44,em,O
44,treinamento,O
44,(,O
44,estudantes,O
44,ou,O
44,residentes,O
44,junior,O
44,),O
44,.,O
44,Evitar,O
44,:,O
44,Sistema,O
44,de,O
44,aquecimen,O
44,‐,O
44,to,O
44,de,O
44,paciente,O
44,por,O
44,ar,O
44,forcado,O
44,e,O
44,intubaco,O
44,acordada,O
44,com,O
44,broscpio,O
44,devido,O
44,aerossolizaco,O
44,do,O
44,vrus,O
44,.,O
44,Antes,O
44,de,O
44,entrar,O
44,no,O
44,CC,O
44,:,O
44,Colocar,ORGANIZATION
44,EPI,ORGANIZATION
44,.,O
44,que,O
44,inclui,O
44,mscara,O
44,N95,O
44,.,O
44,prop,O
44,.,O
44,uniforme,O
44,.,O
44,escudo,O
44,facial,O
44,e,O
44,luvas,O
44,(,O
44,duas,O
44,luvas,O
44,cirrgicas,O
44,necessrias,O
44,para,O
44,equipe,O
44,de,O
44,anestesia,O
44,),O
44,.,O
44,Na,O
44,intubaco,O
44,difcil,O
44,.,O
44,vericar,O
44,se,O
44,um,O
44,cirurgio,O
44,que,O
44,est,O
44,a,O
44,vontade,O
44,com,O
44,colocaco,O
44,de,O
44,via,O
44,aerea,O
44,de,O
44,emergncia,O
44,se,O
44,encontra,O
44,presente,O
44,.,O
44,Como,O
44,citar,O
44,este,O
44,artigo,O
44,:,O
44,Santos,ORGANIZATION
44,CS,ORGANIZATION
44,.,O
44,et,O
44,al,O
44,.,O
44,Assistncia,O
44,perioperatria,O
44,de,O
44,paciente,O
44,com,O
44,infecco,O
44,pelo,O
44,SARS,O
44,‐,O
44,CoV,O
44,‐,O
44,2,NUMBER
44,(,O
44,COVID,O
44,‐,O
44,19,NUMBER
44,),O
44,ARTICLE,O
44,IN,O
44,PRESS,O
44,Ressecco,O
44,de,O
44,tumor,CAUSE_OF_DEATH
44,hiposrio,O
44,e,O
44,infecco,O
44,pelo,O
44,SARS,O
44,‐,O
44,CoV,O
44,‐,O
44,2,NUMBER
44,(,O
44,COVID,O
44,‐,O
44,19,NUMBER
44,),O
44,intubaco,O
44,.,O
44,colocar,O
44,Mscara,O
44,Larngea,O
44,de,O
44,Intubaco,O
44,(,O
44,MLI,O
44,),O
44,de,O
44,via,O
44,area,O
44,e,O
44,ventilar,O
44,com,O
44,volume,O
44,corrente,O
44,baixo,O
44,(,O
44,no,O
44,mais,O
44,do,O
44,que,O
44,6,NUMBER
44,mL.kg,O
44,‐,O
44,1,NUMBER
44,),O
44,e,O
44,sem,O
44,PEEP,O
44,.,O
44,Determinar,O
44,se,O
44,o,O
44,paciente,O
44,precisa,O
44,de,O
44,tentativa,O
44,adicional,O
44,para,O
44,ser,O
44,acordado,O
44,ou,O
44,instrumentaco,O
44,de,O
44,via,O
44,area,O
44,cirrgica,O
44,.,O
44,Sistema,PERSON
44,Ballard,PERSON
44,in,O
44,‐,O
44,line,O
44,de,O
44,aspiraco,O
44,fechada,O
44,deve,O
44,estar,O
44,disponvel,O
44,no,O
44,caso,O
44,de,O
44,o,O
44,paciente,O
44,precisar,O
44,de,O
44,aspiraco,O
44,traqueal,O
44,.,O
44,Inserir,O
44,quaisquer,O
44,linhas,O
44,intravenosas,O
44,adicionais,O
44,e,O
44,linha,O
44,arterial,O
44,nesse,O
44,momento,O
44,.,O
44,2,NUMBER
44,.,O
44,Equipamento,O
44,descartvel,O
44,usado,O
44,no,O
44,CC,O
44,:,O
44,Laringoscpio,PERSON
44,e,O
44,estilete,O
44,so,O
44,descartados,O
44,em,O
44,balde,O
44,dentro,O
44,de,O
44,saco,O
44,para,O
44,material,O
44,infectado,O
44,.,O
44,O,O
44,saco,O
44,vermelho,O
44,est,O
44,disponvel,O
44,no,O
44,CC,O
44,para,O
44,descarte,O
44,de,O
44,todo,O
44,material,O
44,usado,O
44,que,O
44,foi,O
44,aberto,O
44,.,O
44,Todas,O
44,as,O
44,outras,O
44,embalagens,O
44,de,O
44,instrumentos,O
44,no,O
44,abertas,O
44,so,O
44,limpas,O
44,e,O
44,re,O
44,‐,O
44,estocadas,O
44,.,O
44,Figura,ORGANIZATION
44,3,NUMBER
44,Campo,PERSON
44,plstico,O
44,so,O
44,‐,O
44,bre,O
44,o,O
44,paciente,O
44,durante,O
44,a,O
44,manipulaco,O
44,para,O
44,assegurar,O
44,a,O
44,via,O
44,area,O
44,.,O
44,Fase,O
44,intraoperatria,O
44,No,O
44,permitir,O
44,trfego,O
44,de,O
44,entrada,O
44,ou,O
44,sada,O
44,.,O
44,A,O
44,equipe,O
44,que,O
44,inicia,O
44,o,O
44,caso,O
44,deve,O
44,completar,O
44,o,O
44,caso,O
44,.,O
44,O,O
44,gerente,O
44,verica,O
44,se,O
44,o,O
44,EPI,O
44,de,O
44,todos,O
44,est,O
44,sendo,O
44,usado,O
44,corretamente,O
44,e,O
44,entrega,O
44,o,O
44,mate,O
44,‐,O
44,rial,O
44,necessrio,O
44,via,O
44,corredor,O
44,sub,O
44,‐,O
44,estril,O
44,.,O
44,Aplicar,O
44,o,O
44,monitoramento,O
44,e,O
44,monitor,O
44,bloqueador,O
44,neuromuscular,O
44,padro,O
44,ASA,O
44,.,O
44,Colocar,O
44,o,O
44,coxim,O
44,de,O
44,ombro,O
44,para,O
44,alinhar,O
44,a,O
44,via,O
44,area,O
44,melhor,O
44,e,O
44,aumentar,O
44,a,O
44,taxa,O
44,de,O
44,sucesso,O
44,da,O
44,intubaco,O
44,.,O
44,Colocar,O
44,o,O
44,campo,O
44,plstico,O
44,sobre,O
44,o,O
44,paciente,O
44,para,O
44,diminuir,O
44,a,O
44,taxa,O
44,de,O
44,contaminaco,O
44,.,O
44,(,O
44,g.,O
44,3,NUMBER
44,),O
44,.,O
44,O,O
44,leito,O
44,/,O
44,maca,O
44,do,O
44,paciente,O
44,deve,O
44,permanecer,O
44,na,O
44,sala,O
44,todo,O
44,o,O
44,tempo,O
44,.,O
44,1,NUMBER
44,.,O
44,Intubaco,O
44,:,O
44,Pr,O
44,‐,O
44,oxigenar,O
44,o,O
44,paciente,O
44,por,O
44,5,NUMBER
44,minutos,O
44,com,O
44,FiO2,O
44,a,O
44,100,PERCENT
44,%,PERCENT
44,com,O
44,uxo,O
44,de,O
44,5,NUMBER
44,L.min,O
44,‐,O
44,1,NUMBER
44,.,O
44,Sem,O
44,PEEP,O
44,.,O
44,Assegurar,O
44,limite,O
44,de,O
44,presso,O
44,ajustvel,O
44,ou,O
44,que,O
44,a,O
44,vlvula,O
44,de,O
44,alvio,O
44,(,O
44,pop,O
44,‐,O
44,off,O
44,),O
44,esteja,O
44,totalmente,O
44,aberta,O
44,.,O
44,Realizar,O
44,induco,O
44,de,O
44,se,O
44,‐,O
44,quncia,O
44,rpida,O
44,para,O
44,evitar,O
44,ventilaco,O
44,por,O
44,presso,O
44,positiva,O
44,e,O
44,poten,O
44,‐,O
44,cial,O
44,aerossolizaco,O
44,do,O
44,vrus,O
44,a,O
44,partir,O
44,da,O
44,via,O
44,area,O
44,.,O
44,Alta,STATE_OR_PROVINCE
44,dose,O
44,de,O
44,rocurnio,O
44,(,O
44,1.2,NUMBER
44,mg.kg,O
44,‐,O
44,1,NUMBER
44,),O
44,uma,O
44,opco,O
44,para,O
44,pacientes,O
44,com,O
44,contraindi,O
44,‐,O
44,caco,O
44,de,O
44,succinilcolina,O
44,.,O
44,O,O
44,videolaringoscpio,O
44,usado,O
44,em,O
44,todos,O
44,os,O
44,pacientes,O
44,.,O
44,Aquecimento,O
44,de,O
44,qualidade,O
44,superior,O
44,e,O
44,ltro,O
44,de,O
44,troca,O
44,de,O
44,umidade,O
44,para,O
44,remover,O
44,pelo,O
44,menos,O
44,99.97,PERCENT
44,%,PERCENT
44,das,O
44,partculas,O
44,de,O
44,veiculaco,O
44,area,O
44,de,O
44,0.3,NUMBER
44,microns,O
44,ou,O
44,mais,O
44,colocado,O
44,entre,O
44,a,O
44,mscara,O
44,facial,O
44,e,O
44,o,O
44,circuito,O
44,de,O
44,respiraco,O
44,.,O
44,ou,O
44,entre,O
44,a,O
44,mscara,O
44,facial,O
44,e,O
44,saco,O
44,reserva,O
44,‐,O
44,trio,O
44,.,O
44,No,O
44,caso,O
44,de,O
44,falha,O
44,de,O
44,1,NUMBER
44,‐,O
44,Higiene,O
44,das,O
44,mos,DURATION
44,com,O
44,desinfetante,O
44,es,O
44,‐,O
44,puma,O
44,de,O
44,mo,DURATION
44,antissptico,O
44,7,NUMBER
44,‐,O
44,Mscara,O
44,cirgica,O
44,comum,O
44,sobre,O
44,a,O
44,N95,O
44,Perodo,O
44,ps,O
44,‐,O
44,operatrio,O
44,1,NUMBER
44,.,O
44,Transporte,O
44,:,O
44,Aps,O
44,o,O
44,trmino,O
44,do,O
44,caso,O
44,.,O
44,o,O
44,paciente,O
44,transportado,O
44,de,O
44,volta,O
44,para,O
44,a,O
44,sala,O
44,de,O
44,extubaco,O
44,de,O
44,presso,O
44,negativa,O
44,.,O
44,ou,O
44,uma,O
44,equipe,O
44,de,O
44,transporte,O
44,limpa,O
44,leva,O
44,o,O
44,paciente,O
44,para,O
44,a,O
44,UTI,O
44,.,O
44,Du,O
44,‐,O
44,rante,O
44,o,O
44,transporte,O
44,do,O
44,paciente,O
44,intubado,O
44,.,O
44,a,O
44,EPI,O
44,necessria,O
44,.,O
44,e,O
44,o,O
44,TET,O
44,.,O
44,sempre,O
44,conectado,O
44,a,O
44,ltro,O
44,e,O
44,ao,O
44,Ambu,O
44,ou,O
44,ventilador,O
44,de,O
44,trans,O
44,‐,O
44,porte,O
44,.,O
44,Se,O
44,o,O
44,ltro,O
44,viral,O
44,precisa,O
44,ser,O
44,desconectado,O
44,do,O
44,TET,O
44,por,O
44,qual,O
44,‐,O
44,quer,O
44,razo,O
44,que,O
44,seja,O
44,.,O
44,deve,O
44,ser,O
44,clampeado,O
44,para,O
44,evitar,O
44,aerossolizaco,O
44,da,O
44,via,O
44,area,O
44,.,O
44,2,NUMBER
44,.,O
44,Extubaco,O
44,:,O
44,O,O
44,paciente,O
44,transferido,O
44,de,O
44,volta,O
44,para,O
44,a,O
44,sala,O
44,de,O
44,PN,O
44,para,O
44,extubaco,O
44,.,O
44,Sugammadex,O
44,(,O
44,2,NUMBER
44,.,O
44,4,NUMBER
44,ou,O
44,16,NUMBER
44,mg.kg,O
44,‐,O
44,1,NUMBER
44,.,O
44,seguindo,O
44,as,O
44,diretrizes,O
44,da,O
44,instituico,O
44,),O
44,usado,O
44,para,O
44,qualquer,O
44,pa,O
44,‐,O
44,ciente,O
44,recebendo,O
44,rocurnio,O
44,para,O
44,prevenir,O
44,falha,O
44,de,O
44,extubaco,O
44,e,O
44,possvel,O
44,re,O
44,‐,O
44,intubaco,O
44,.11,NUMBER
44,A,O
44,meta,O
44,>,O
44,90,PERCENT
44,%,PERCENT
44,de,O
44,recuperaco,O
44,no,O
44,monitor,O
44,quantitativo,O
44,.,O
44,Um,O
44,frasco,O
44,de,O
44,200,NUMBER
44,mg,O
44,se,O
44,encontra,O
44,na,O
44,bolsa,O
44,de,O
44,medicaco,O
44,.,O
44,Se,O
44,mais,O
44,for,O
44,necessrio,O
44,.,O
44,pedir,O
44,ao,O
44,gerente,O
44,para,O
44,buscar,O
44,mais,O
44,do,O
44,armrio,O
44,Core,O
44,Omnicell,O
44,.,O
44,A,O
44,sala,O
44,de,O
44,PN,O
44,funciona,O
44,como,O
44,unidade,O
44,de,O
44,Recuperaco,O
44,Ps,O
44,‐,O
44,Anestsica,O
44,(,O
44,RPA,O
44,),O
44,at,O
44,que,O
44,o,O
44,paciente,O
44,esteja,O
44,em,O
44,condices,O
44,de,O
44,ser,O
44,transferido,O
44,para,O
44,a,O
44,sala,O
44,de,O
44,origem,O
44,.,O
44,Todo,O
44,pessoal,O
44,de,O
44,assistncia,O
44,envolvido,O
44,na,O
44,assistncia,O
44,/,O
44,trans,O
44,‐,O
44,porte,O
44,do,O
44,paciente,O
44,obrigatoriamente,O
44,troca,O
44,de,O
44,uniforme,O
44,.,O
44,Se,O
44,o,O
44,pa,O
44,‐,O
44,ciente,O
44,for,O
44,extubado,O
44,na,O
44,UTI,O
44,.,O
44,a,O
44,sedaco,O
44,de,O
44,escolha,O
44,para,O
44,transporte,O
44,dexmedetomidina,O
44,.,O
44,j,O
44,que,O
44,a,O
44,droga,O
44,mais,O
44,efetiva,O
44,na,O
44,reduco,O
44,de,O
44,tosse,O
44,moderada,O
44,ou,O
44,grave,O
44,aps,O
44,anestesia,O
44,geral,O
44,com,O
44,intubaco,O
44,3,NUMBER
44,‐,O
44,Higiene,O
44,das,O
44,mos,DURATION
44,com,O
44,desinfetante,O
44,espuma,O
44,de,O
44,mo,DURATION
44,8,NUMBER
44,‐,O
44,Proteo,O
44,ocular,O
44,4,NUMBER
44,‐,O
44,Primeiro,O
44,par,O
44,de,O
44,luvas,O
44,cirrgicas,O
44,9,NUMBER
44,‐,O
44,Segundo,O
44,par,O
44,de,O
44,luvas,O
44,Ordem,O
44,Donning,O
44,(,O
44,protocolo,O
44,UMMC,O
44,),O
44,para,O
44,pacientes,O
44,positivos,O
44,para,O
44,COVID,O
44,‐,O
44,1913,DATE
44,.,O
44,Como,O
44,citar,O
44,este,O
44,artigo,O
44,:,O
44,Santos,ORGANIZATION
44,CS,ORGANIZATION
44,.,O
44,et,O
44,al,O
44,.,O
44,Assistncia,O
44,perioperatria,O
44,de,O
44,paciente,O
44,com,O
44,infecco,O
44,pelo,O
44,SARS,O
44,‐,O
44,CoV,O
44,‐,O
44,2,NUMBER
44,(,O
44,COVID,O
44,‐,O
44,19,NUMBER
44,),O
44,ARTICLE,O
44,IN,O
44,PRESS,O
44,C.S.,PERSON
44,Santos,PERSON
44,et,O
44,al,O
44,.,O
44,1,NUMBER
44,‐,O
44,Higiene,O
44,das,O
44,com,O
44,luvas,O
44,(,O
44,luvas,O
44,por,O
44,cima,O
44,),O
44,8,NUMBER
44,‐,O
44,Higiene,O
44,das,O
44,3,NUMBER
44,‐,O
44,Higiene,O
44,das,O
44,4,NUMBER
44,‐,O
44,Proteo,O
44,ocular,O
44,10,NUMBER
44,‐,O
44,Higiene,O
44,das,O
44,5,NUMBER
44,‐,O
44,Higiene,O
44,das,O
44,11,NUMBER
44,‐,O
44,Luvas,O
44,cirrgicas,O
44,cirgica,O
44,comum,O
44,12,NUMBER
44,‐,O
44,Higiene,O
44,das,O
44,Figura,ORGANIZATION
44,5,NUMBER
44,Ordem,ORGANIZATION
44,Dofng,ORGANIZATION
44,(,O
44,protocolo,O
44,UMMC,O
44,),O
44,para,O
44,pacientes,O
44,positivos,O
44,para,O
44,COVID,O
44,‐,O
44,1914,DATE
44,.,O
44,Higiene,O
44,das,O
44,mos,DURATION
44,**,O
44,:,O
44,Desinfetante,O
44,de,O
44,mo,DURATION
44,antissp,O
44,‐,O
44,tico,O
44,espuma,O
44,para,O
44,higiene,O
44,das,O
44,mos,DURATION
44,.,O
44,3,NUMBER
44,.,O
44,Aps,O
44,sada,O
44,do,O
44,CC,O
44,:,O
44,Isolar,O
44,a,O
44,sala,O
44,de,O
44,cirurgia,O
44,por,O
44,uma,O
44,hora,O
44,para,O
44,permitir,O
44,troca,O
44,do,O
44,ar,O
44,.,O
44,Em,O
44,seguida,O
44,.,O
44,higienizar,O
44,pelo,O
44,servico,O
44,de,O
44,limpeza,O
44,.,O
44,Finalmente,O
44,.,O
44,colocar,O
44,luz,O
44,Ultravioleta,O
44,(,O
44,UV,O
44,),O
44,na,O
44,sala,O
44,aps,O
44,a,O
44,concluso,O
44,da,O
44,limpeza,O
44,.,O
44,O,O
44,tempo,O
44,de,O
44,giro,O
44,aproximadamente,O
44,duas,O
44,horas,O
44,.,O
44,O,O
44,gerente,O
44,escreve,O
44,todos,O
44,os,O
44,tempos,O
44,pertinentes,O
44,na,O
44,porta,O
44,da,O
44,sala,O
44,.,O
44,A,O
44,Lista,ORGANIZATION
44,de,ORGANIZATION
44,Sala,ORGANIZATION
44,Pronta,ORGANIZATION
44,rat,O
44,‐,O
44,icada,O
44,pelo,O
44,anestesiologista,O
44,.,O
44,4,NUMBER
44,.,O
44,Colocaco,O
44,(,O
44,Donning,O
44,),O
44,e,O
44,remoco,O
44,(,O
44,Dofng,O
44,),O
44,de,O
44,EPI,O
44,:,O
44,A,O
44,colocaco,O
44,(,O
44,donning,O
44,),O
44,(,O
44,g.,O
44,4,NUMBER
44,),O
44,e,O
44,remoco,O
44,(,O
44,dofng,O
44,),O
44,(,O
44,g.,O
44,5,NUMBER
44,),O
44,so,O
44,pontos,O
44,cruciais,O
44,com,O
44,relaco,O
44,a,O
44,pacientes,O
44,infectados,O
44,pelo,O
44,vrus,O
44,SARS,O
44,‐,O
44,CoV,O
44,‐,O
44,2,NUMBER
44,.,O
44,Os,O
44,procedimentos,O
44,devem,O
44,seguir,O
44,o,O
44,protocolo,O
44,institu,O
44,‐,O
44,cional,O
44,.,O
44,e,O
44,uma,O
44,terceira,O
44,pessoa,O
44,deve,O
44,vericar,O
44,se,O
44,foi,O
44,seguido,O
44,ade,O
44,‐,O
44,quadamente,O
44,.,O
44,At,O
44,o,O
44,momento,O
44,.,O
44,no,O
44,se,O
44,conhece,O
44,tratamento,O
44,ou,O
44,vacina,O
44,efetivos,O
44,que,O
44,facam,O
44,frente,O
44,ao,O
44,surto,O
44,do,O
44,novo,O
44,coronavrus,O
44,.,O
44,As,O
44,in,O
44,‐,O
44,certezas,O
44,dessa,O
44,nova,O
44,era,O
44,exigem,O
44,particular,O
44,atenco,O
44,seguranca,O
44,dos,O
44,pacientes,O
44,e,O
44,equipe,O
44,.,O
44,Entre,O
44,as,O
44,ambiguidades,O
44,e,O
44,diferentes,O
44,opinies,O
44,que,O
44,podem,O
44,preceder,O
44,um,O
44,algoritmo,O
44,mundial,O
44,.,O
44,alguns,O
44,pontos,O
44,so,O
44,ex,O
44,‐,O
44,tremamente,O
44,relevantes,O
44,.,O
44,Idealmente,O
44,.,O
44,a,O
44,equipe,O
44,de,O
44,anestesia,O
44,precisa,O
44,ser,O
44,exaustivamente,O
44,treinada,O
44,em,O
44,laboratrio,O
44,de,O
44,simulaco,O
44,.,O
44,se,O
44,apoderando,O
44,das,O
44,tcnicas,O
44,de,O
44,manejo,O
44,de,O
44,via,O
44,area,O
44,sob,O
44,essas,O
44,circunstn,O
44,‐,O
44,cias,O
44,adversas,O
44,.14,NUMBER
44,Ao,O
44,se,O
44,familiarizar,O
44,com,O
44,a,O
44,diretriz,O
44,da,O
44,instituico,O
44,.,O
44,sentem,O
44,‐,O
44,se,O
44,mais,O
44,comfortvies,O
44,e,O
44,precisos,O
44,para,O
44,realizar,O
44,suas,O
44,tarefas,O
44,sem,O
44,correria,O
44,ou,O
44,atraso,O
44,.14,NUMBER
44,Recomendamos,O
44,fortemente,O
44,que,O
44,cada,O
44,insti,O
44,‐,O
44,tuico,O
44,tenha,O
44,uma,O
44,diretriz,O
44,atualizada,O
44,para,O
44,manejo,O
44,de,O
44,via,O
44,area,O
44,para,O
44,pacientes,O
44,infectados,O
44,com,O
44,SARS,O
44,‐,O
44,CoV,O
44,‐,O
44,2,NUMBER
44,que,O
44,se,O
44,aplique,O
44,a,O
44,cada,O
44,reali,O
44,‐,O
44,dade,O
44,local,O
44,.,O
44,a,O
44,forma,O
44,mais,O
44,efetiva,O
44,para,O
44,melhorar,O
44,o,O
44,desfecho,O
44,dos,O
44,pacientes,O
44,e,O
44,proteger,O
44,a,O
44,forca,O
44,de,O
44,trabalho,O
44,da,O
44,assistncia,O
44,sade,O
44,.,O
44,Conitos,O
44,de,O
44,interesse,O
44,Os,O
44,autores,O
44,declaram,O
44,no,O
44,haver,O
44,conitos,O
44,de,O
44,in,O
44,‐,O
44,teresse,O
44,.,O
44,1,NUMBER
44,.,O
44,WHO,O
44,.,O
44,Novel,O
44,coronavirus,O
44,(,O
44,2019,DATE
44,‐,O
44,nCoV,O
44,),O
44,.,O
44,Situation,O
44,re,O
44,‐,O
44,port,O
44,‐,O
44,1,NUMBER
44,.,O
44,2,NUMBER
44,.,O
44,Huang,PERSON
44,C,PERSON
44,.,O
44,Wang,O
44,Y,O
44,.,O
44,Li,PERSON
44,X,PERSON
44,.,O
44,et,O
44,al,O
44,.,O
44,Clinical,O
44,features,O
44,of,O
44,patients,O
44,infected,O
44,with,O
44,2019,DATE
44,novel,O
44,coronavirus,O
44,in,O
44,Wuhan,CITY
44,.,O
44,China,COUNTRY
44,.,O
44,Lancet,ORGANIZATION
44,3,NUMBER
44,.,O
44,Gandhi,ORGANIZATION
44,RT,ORGANIZATION
44,.,O
44,Lynch,PERSON
44,JB,PERSON
44,.,O
44,Del,O
44,Rio,O
44,C.,O
44,Mild,O
44,or,O
44,moderate,O
44,COVID,O
44,‐,O
44,19,NUMBER
44,.,O
44,N,O
44,of,O
44,print,O
44,.,O
44,4,NUMBER
44,.,O
44,Mizumoto,PERSON
44,K,PERSON
44,.,O
44,Kagaya,PERSON
44,K,PERSON
44,.,O
44,Zarebski,PERSON
44,A,O
44,.,O
44,Chow,O
44,‐,O
44,ell,O
44,G.,O
44,Estimating,O
44,the,O
44,asymptomatic,O
44,proportion,O
44,of,O
44,coronavirus,O
44,dis,O
44,‐,O
44,ease,O
44,2019,DATE
44,(,O
44,COVID19,O
44,),O
44,cases,O
44,on,O
44,board,O
44,the,O
44,Diamond,ORGANIZATION
44,Princess,ORGANIZATION
44,cruise,O
44,ship,O
44,.,O
44,Yokohama,LOCATION
44,Japan,COUNTRY
44,.,O
44,2020,DATE
44,.,O
44,Euro,O
44,Surveill,O
44,.,O
44,2020,DATE
44,;,O
44,25:2000180,NUMBER
44,.,O
44,5,NUMBER
44,.,O
44,Gandhi,PERSON
44,M,O
44,.,O
44,Yokoe,PERSON
44,DS,PERSON
44,.,O
44,Havlir,PERSON
44,DV,O
44,.,O
44,Asymptomatic,O
44,transmission,O
44,.,O
44,the,O
44,achilles,O
44,heel,O
44,of,O
44,current,DATE
44,strategies,O
44,to,O
44,control,O
44,Covid,O
44,‐,O
44,19,NUMBER
44,.,O
44,N,O
44,Engl,PERSON
44,J,PERSON
44,Med,O
44,.,O
44,2020,DATE
44,;,O
44,382:2158,NUMBER
44,‐‐‐,O
44,60,NUMBER
44,.,O
44,6,NUMBER
44,.,O
44,Cenzato,O
44,M,O
44,.,O
44,DiMeco,O
44,F,O
44,.,O
44,Fontanella,PERSON
44,M,O
44,.,O
44,Locatelli,PERSON
44,D,O
44,.,O
44,Servadei,PERSON
44,F.,PERSON
44,of,O
44,print,O
44,.,O
44,7,NUMBER
44,.,O
44,Zou,PERSON
44,L,PERSON
44,.,O
44,Ruan,PERSON
44,F,O
44,.,O
44,Huang,PERSON
44,M,O
44,.,O
44,et,O
44,al,O
44,.,O
44,SARS,O
44,‐,O
44,CoV,O
44,‐,O
44,2,NUMBER
44,Viral,O
44,Load,O
44,in,O
44,Upper,O
44,Respiratory,O
44,Specimens,O
44,of,O
44,Infected,O
44,Patients,O
44,.,O
44,N,O
44,Engl,PERSON
44,J,PERSON
44,Med,PERSON
44,.,O
44,8,NUMBER
44,.,O
44,Flexman,ORGANIZATION
44,AM,ORGANIZATION
44,.,O
44,Abcejo,PERSON
44,A,O
44,.,O
44,Avi,PERSON
44,‐,PERSON
44,tisian,O
44,R,O
44,.,O
44,et,O
44,al,O
44,.,O
44,Neuroanesthesia,O
44,practice,O
44,during,O
44,the,O
44,COVID,O
44,‐,O
44,19,NUMBER
44,pandemic,O
44,:,O
44,recommendations,O
44,from,O
44,Society,ORGANIZATION
44,for,ORGANIZATION
44,Neuroscience,ORGANIZATION
44,in,O
44,Anes,O
44,‐,O
44,thesiology,O
44,&,O
44,Critical,O
44,Care,O
44,Management,O
44,of,O
44,Elective,O
44,Surgical,O
44,Proce,O
44,‐,O
44,dures,O
44,.,O
44,2020,DATE
44,10,NUMBER
44,.,O
44,Patel,ORGANIZATION
44,ZM,ORGANIZATION
44,.,O
44,Fernandez,PERSON
44,‐,O
44,Miranda,O
44,J,O
44,.,O
44,Hwang,PERSON
44,PH,COUNTRY
44,.,O
44,et,O
44,al,O
44,.,O
44,Letter,O
44,:,O
44,Precautions,O
44,for,O
44,Endoscopic,O
44,Transnasal,O
44,Skull,O
44,Base,O
44,Surgery,CAUSE_OF_DEATH
44,During,O
44,11,NUMBER
44,.,O
44,Cada,ORGANIZATION
44,DJ,ORGANIZATION
44,.,O
44,Levien,PERSON
44,TL,O
44,.,O
44,Baker,PERSON
44,DE,STATE_OR_PROVINCE
44,.,O
44,Sugammadex,O
44,.,O
44,Hosp,ORGANIZATION
44,Pharm,ORGANIZATION
44,.,O
44,12,NUMBER
44,.,O
44,Tung,O
44,A,O
44,.,O
44,Fergusson,ORGANIZATION
44,NA,ORGANIZATION
44,.,O
44,Ng,O
44,N,O
44,.,O
44,Hu,O
44,V,O
44,.,O
44,Dormuth,O
44,C,O
44,.,O
44,Griesdale,O
44,DEG,O
44,.,O
44,network,O
44,meta,O
44,‐,O
44,analysis,O
44,.,O
44,Br,PERSON
44,J,PERSON
44,Anaesth,PERSON
44,.,O
44,2020,DATE
44,.,O
44,14,NUMBER
44,.,O
44,Cook,O
44,TM,O
44,.,O
44,El,O
44,‐,O
44,Bogh,O
44,‐,O
44,dadly,O
44,K,O
44,.,O
44,McGuire,PERSON
44,B,O
44,.,O
44,McNarry,PERSON
44,AF,O
44,.,O
44,Patel,PERSON
44,A,O
44,.,O
44,Higgs,PERSON
44,A.,PERSON
44,Consensus,PERSON
44,guidelines,O
44,for,O
44,managing,O
44,the,O
44,airway,O
44,in,O
44,patients,O
44,with,O
44,COVID,O
44,‐,O
44,19,NUMBER
44,:,O
44,Guidelines,O
44,from,O
44,the,O
44,Difcult,ORGANIZATION
44,Airway,ORGANIZATION
44,Society,ORGANIZATION
44,.,O
44,the,O
44,Association,O
44,of,O
44,Anaesthetists,O
44,the,O
44,Intensive,ORGANIZATION
44,Care,ORGANIZATION
44,Society,ORGANIZATION
44,.,O
44,the,O
44,Faculty,ORGANIZATION
44,of,ORGANIZATION
44,Inten,ORGANIZATION
44,‐,O
44,sive,O
44,Care,O
44,Medicine,O
44,and,O
44,the,O
44,Royal,ORGANIZATION
44,College,ORGANIZATION
44,of,ORGANIZATION
44,Anaesthetists,ORGANIZATION
44,.,O
44,Anaes,O
44,‐,O
44,thesia,O
44,.,O
44,2020,DATE
44,;,O
44,75:785,NUMBER
44,‐‐‐,O
44,9,NUMBER
44,.,O
44,Como,O
44,citar,O
44,este,O
44,artigo,O
44,:,O
44,Santos,ORGANIZATION
44,CS,ORGANIZATION
44,.,O
44,et,O
44,al,O
44,.,O
44,Assistncia,O
44,perioperatria,O
44,de,O
44,paciente,O
44,com,O
44,infecco,O
44,pelo,O
44,SARS,O
44,‐,O
44,CoV,O
44,‐,O
44,2,NUMBER
44,(,O
44,COVID,O
44,‐,O
44,19,NUMBER
44,),O
