65,marine,TITLE
65,drugs,CRIMINAL_CHARGE
65,Bioactive,O
65,Indolyl,O
65,Diketopiperazines,O
65,from,O
65,the,O
65,Marine,TITLE
65,Derived,O
65,Endophytic,O
65,Aspergillus,O
65,versicolor,O
65,DY180635,O
65,Yi,PERSON
65,Ding,PERSON
65,.,O
65,Xiao,PERSON
65,‐,PERSON
65,jing,PERSON
65,Zhu,PERSON
65,.,O
65,Liling,PERSON
65,Hao,PERSON
65,.,O
65,Mengyao,PERSON
65,Zhao,PERSON
65,.,O
65,Qiang,PERSON
65,Hua,PERSON
65,and,O
65,Faliang,O
65,An,O
65,*,O
65,Abstract,O
65,:,O
65,Four,NUMBER
65,new,O
65,indolyl,O
65,diketopiperazines,O
65,.,O
65,aspamides,O
65,AE,O
65,(,O
65,14,NUMBER
65,),O
65,and,O
65,two,NUMBER
65,new,O
65,diketopiperazines,O
65,.,O
65,aspamides,O
65,FG,O
65,(,O
65,56,NUMBER
65,),O
65,.,O
65,along,O
65,with,O
65,11,NUMBER
65,known,O
65,diketopiperazines,O
65,and,O
65,intermediates,O
65,were,O
65,isolated,O
65,from,O
65,the,O
65,solid,O
65,culture,O
65,of,O
65,Aspergillus,MISC
65,versicolor,MISC
65,.,O
65,which,O
65,is,O
65,an,O
65,endophyte,O
65,with,O
65,the,O
65,sea,O
65,crab,O
65,(,O
65,Chiromantes,O
65,haematocheir,O
65,),O
65,.,O
65,Further,O
65,chiral,O
65,high,O
65,‐,O
65,performance,O
65,liquid,O
65,chromatography,O
65,resolution,O
65,gave,O
65,enan,O
65,‐,O
65,tiomers,O
65,determined,O
65,by,O
65,the,O
65,comprehensive,O
65,analyses,O
65,of,O
65,nuclear,O
65,mag,O
65,‐,O
65,netic,O
65,resonance,O
65,(,O
65,NMR,O
65,),O
65,.,O
65,high,O
65,‐,O
65,resolution,O
65,mass,O
65,spectrometry,O
65,(,O
65,HR,DURATION
65,‐,O
65,MS,STATE_OR_PROVINCE
65,),O
65,.,O
65,and,O
65,electronic,O
65,circular,O
65,dichroism,O
65,(,O
65,ECD,O
65,),O
65,calculation,O
65,.,O
65,All,O
65,isolated,O
65,compounds,O
65,were,O
65,selected,O
65,for,O
65,the,O
65,virtual,O
65,screening,O
65,on,O
65,the,O
65,coron,O
65,‐,O
65,avirus,O
65,3,NUMBER
65,‐,O
65,chymoretpsin,O
65,‐,O
65,like,O
65,protease,O
65,(,O
65,Mpro,O
65,),O
65,of,O
65,Severe,O
65,Acute,O
65,Respi,O
65,‐,O
65,ratory,O
65,Syndrome,O
65,Coronavirus,O
65,2,NUMBER
65,(,O
65,SARS,O
65,‐,O
65,CoV,O
65,‐,O
65,2,NUMBER
65,),O
65,.,O
65,and,O
65,the,O
65,docking,O
65,scores,O
65,with,O
65,Corona,O
65,Virus,O
65,Disease,CAUSE_OF_DEATH
65,‐,O
65,19,NUMBER
65,(,O
65,COVID,O
65,‐,O
65,19,NUMBER
65,),O
65,after,O
65,further,O
65,studies,O
65,.,O
65,Keywords,O
65,:,O
65,endophyte,O
65,fungus,O
65,;,O
65,Aspergillus,O
65,versicolor,O
65,;,O
65,diketopiperazines,O
65,;,O
65,ECD,O
65,calculation,O
65,;,O
65,enantiomers,O
65,Endophytic,O
65,fungi,O
65,refer,O
65,to,O
65,harmless,O
65,parasitic,O
65,fungi,O
65,that,O
65,live,O
65,in,O
65,the,O
65,internal,O
65,or,O
65,‐,O
65,gans,O
65,of,O
65,plants,O
65,and,O
65,animals,O
65,without,O
65,causing,O
65,any,O
65,adverse,O
65,reactions,O
65,.,O
65,The,O
65,host,TITLE
65,provides,O
65,nutrients,O
65,for,O
65,endophytes,O
65,.,O
65,and,O
65,endophytes,O
65,pro,O
65,‐,O
65,duce,O
65,bioactive,O
65,substances,O
65,.,O
65,giving,O
65,the,O
65,host,TITLE
65,an,O
65,advantage,O
65,in,O
65,sur,O
65,‐,O
65,vival,O
65,competition,O
65,[,O
65,1,NUMBER
65,],O
65,.,O
65,Symbionts,O
65,coexist,O
65,with,O
65,symptomless,O
65,fish,O
65,.,O
65,sponges,O
65,.,O
65,algae,O
65,.,O
65,and,O
65,soft,O
65,corals,O
65,that,O
65,grow,O
65,in,O
65,a,O
65,relatively,O
65,harsh,O
65,marine,TITLE
65,environment,O
65,characterized,O
65,by,O
65,high,O
65,salinity,O
65,.,O
65,scarce,O
65,nutri,O
65,‐,O
65,ents,O
65,.,O
65,and,O
65,high,O
65,osmotic,O
65,and,O
65,hydraulic,O
65,pressures,O
65,.,O
65,which,O
65,provides,O
65,many,O
65,environment,O
65,‐,O
65,specific,O
65,microorganisms,O
65,that,O
65,could,O
65,coevolve,O
65,with,O
65,their,O
65,hosts,O
65,by,O
65,undergoing,O
65,the,O
65,rapid,O
65,and,O
65,dynamic,O
65,change,O
65,of,O
65,their,O
65,genomes,O
65,[,O
65,2.3,NUMBER
65,],O
65,.,O
65,Thus,O
65,.,O
65,endophytic,O
65,fungi,O
65,are,O
65,considered,O
65,as,O
65,a,O
65,trea,O
65,‐,O
65,sure,O
65,trove,O
65,of,O
65,unique,O
65,structural,O
65,compounds,O
65,and,O
65,bioactive,O
65,metabo,O
65,‐,O
65,lites,O
65,.,O
65,Indolyl,O
65,diketopiperazines,O
65,(,O
65,IDKPs,O
65,),O
65,.,O
65,cyclic,O
65,dipeptides,O
65,pro,O
65,‐,O
65,duced,O
65,by,O
65,the,O
65,condensation,O
65,of,O
65,l,O
65,‐,O
65,tryptophan,O
65,and,O
65,a,DURATION
65,second,DURATION
65,amino,O
65,acid,O
65,.,O
65,were,O
65,commonly,O
65,isolated,O
65,from,O
65,fungi,O
65,.,O
65,especially,O
65,from,O
65,the,O
65,gen,O
65,‐,O
65,era,O
65,Aspergillus,O
65,and,O
65,Penicillium,ORGANIZATION
65,[,O
65,4.5,NUMBER
65,],O
65,.,O
65,IDKPs,O
65,had,O
65,drawn,O
65,consider,O
65,‐,O
65,able,O
65,attention,O
65,from,O
65,synthetic,O
65,chemists,O
65,.,O
65,natural,O
65,products,O
65,re,O
65,‐,O
65,searchers,O
65,.,O
65,and,O
65,synthetic,O
65,biologists,O
65,for,O
65,decades,DURATION
65,due,O
65,to,O
65,their,O
65,sig,O
65,‐,O
65,nificant,O
65,biological,O
65,activities,O
65,.,O
65,such,O
65,as,O
65,antiviral,O
65,[,O
65,6.7,NUMBER
65,],O
65,.,O
65,anti,O
65,‐,O
65,cancer,CAUSE_OF_DEATH
65,[,O
65,810,NUMBER
65,],O
65,.,O
65,immunomodulatory,O
65,[,O
65,11.12,NUMBER
65,],O
65,.,O
65,antioxidant,O
65,[,O
65,13,NUMBER
65,],O
65,.,O
65,and,O
65,‐,O
65,glucosidase,O
65,inhibitory,O
65,activities,O
65,[,O
65,14,NUMBER
65,],O
65,.,O
65,Specifically,O
65,.,O
65,the,O
65,vascu,O
65,‐,O
65,lar,O
65,disrupting,O
65,and,O
65,tubulin,O
65,‐,O
65,depolymerizing,O
65,agent,O
65,plinabulin,O
65,.,O
65,a,O
65,synthetic,O
65,analog,O
65,based,O
65,on,O
65,the,O
65,natural,O
65,diketopiperazine,O
65,(,O
65,DKP,O
65,),O
65,product,O
65,halimide,O
65,generated,O
65,by,O
65,the,O
65,marine,TITLE
65,‐,O
65,derived,O
65,Aspergillus,O
65,sp,O
65,.,O
65,CNC,ORGANIZATION
65,‐,O
65,139,NUMBER
65,.,O
65,had,O
65,entered,O
65,the,O
65,last,O
65,stage,O
65,of,O
65,clinical,O
65,study,O
65,for,O
65,the,O
65,treatment,O
65,of,O
65,non,O
65,‐,O
65,small,O
65,‐,O
65,cell,O
65,lung,CAUSE_OF_DEATH
65,cancer,CAUSE_OF_DEATH
65,[,O
65,15.16,NUMBER
65,],O
65,.,O
65,Since,O
65,the,O
65,first,ORDINAL
65,IDKP,O
65,alkaloid,O
65,chaetomin,O
65,isolated,O
65,from,O
65,the,O
65,fungus,O
65,Chaetomium,O
65,cochliodes,O
65,in,O
65,the,O
65,early,O
65,1940s,DATE
65,.,O
65,a,O
65,series,O
65,of,O
65,DKPs,O
65,and,O
65,their,O
65,biosyn,O
65,‐,O
65,thesis,O
65,clusters,O
65,were,O
65,reported,O
65,[,O
65,1722,DATE
65,],O
65,.,O
65,In,O
65,our,O
65,continuous,O
65,investi,O
65,‐,O
65,gations,O
65,of,O
65,novel,O
65,bioactive,O
65,agents,O
65,from,O
65,the,O
65,endophytic,O
65,fungi,O
65,[,O
65,23.24,NUMBER
65,],O
65,.,O
65,the,O
65,endophytic,O
65,strain,O
65,Aspergillus,O
65,versicolor,O
65,DY180635,O
65,isolated,O
65,from,O
65,Mar,DATE
65,.,O
65,Drugs,CRIMINAL_CHARGE
65,2020,DATE
65,.,O
65,18,NUMBER
65,.,O
65,338,NUMBER
65,Mar,DATE
65,.,O
65,Drugs,CRIMINAL_CHARGE
65,2020,DATE
65,.,O
65,18,NUMBER
65,.,O
65,338,NUMBER
65,and,O
65,their,O
65,biosynthesis,O
65,clusters,O
65,were,O
65,reported,O
65,[,O
65,1722,DATE
65,],O
65,.,O
65,In,O
65,our,O
65,con,O
65,‐,O
65,tinuous,O
65,investigations,O
65,of,O
65,novel,O
65,bioactive,O
65,agents,O
65,from,O
65,the,O
65,endo,O
65,‐,O
65,phytic,O
65,fungi,O
65,[,O
65,23.24,NUMBER
65,],O
65,.,O
65,the,O
65,endophytic,O
65,strain,O
65,Aspergillus,O
65,versicol,O
65,‐,O
65,or,O
65,sea,O
65,crabisolated,O
65,was,O
65,selected,O
65,ethyl,O
65,acetate,O
65,results,O
65,.,O
65,extracts,O
65,The,O
65,of,O
65,a,O
65,ethyl,O
65,from,O
65,the,O
65,selected,O
65,based,O
65,on,O
65,the,O
65,acetate,O
65,extracts,O
65,of,O
65,a,O
65,rice,O
65,solid,O
65,culture,O
65,of,O
65,A.,O
65,versicolor,O
65,DY180635,O
65,showed,O
65,80,PERCENT
65,%,PERCENT
65,inhibi,O
65,‐,O
65,tion,O
65,on,O
65,the,O
65,antiPropionibacterium,O
65,THP,O
65,‐,O
65,1,NUMBER
65,cells,O
65,at,O
65,the,O
65,of,O
65,0.1,NUMBER
65,cells,O
65,inflammation,O
65,model,TITLE
65,of,O
65,the,O
65,Propionibacterium,O
65,at,O
65,the,O
65,mg,O
65,/,O
65,mL,O
65,[,O
65,25,NUMBER
65,],O
65,.,O
65,High,O
65,‐,O
65,performance,O
65,liquid,O
65,chromatography,O
65,(,O
65,HPLC,O
65,),O
65,analysis,O
65,of,O
65,the,O
65,ethyl,O
65,acetate,O
65,extracts,O
65,a,O
65,diode,O
65,336,NUMBER
65,nm,O
65,[,O
65,26,NUMBER
65,],O
65,.,O
65,of,O
65,IDKPs,O
65,a,O
65,diode,O
65,ar,O
65,‐,O
65,ray,O
65,detector,O
65,DKPs,O
65,.,O
65,thecomplex,O
65,336,NUMBER
65,nm,O
65,[,O
65,26,NUMBER
65,],O
65,.,O
65,to,O
65,discover,O
65,and,O
65,/,O
65,or,O
65,bioactive,O
65,spectroscopic,O
65,‐,O
65,guided,O
65,isolation,O
65,was,O
65,performed,O
65,in,O
65,this,O
65,research,O
65,.,O
65,Spectroscopic,O
65,‐,O
65,guided,O
65,isolation,O
65,resulted,O
65,of,O
65,of,O
65,and,O
65,and,O
65,two,NUMBER
65,two,NUMBER
65,FG,O
65,FG,O
65,couple,O
65,of12,O
65,the,O
65,firstofsamples,O
65,of,O
65,brevianamides,O
65,with,O
65,an,O
65,oxygenated,O
65,The,O
65,couple,O
65,of,O
65,epimers,O
65,were,O
65,the,O
65,with,O
65,an,O
65,oxy,O
65,‐,O
65,genated,O
65,structure,O
65,at,O
65,the,O
65,proline,O
65,motif,O
65,.,O
65,All,O
65,isolated,O
65,compounds,O
65,were,O
65,tested,O
65,for,O
65,anti,O
65,‐,O
65,inflammation,O
65,in,O
65,P.,O
65,acnesin,O
65,P.,O
65,acnes,O
65,‐,O
65,induced,O
65,cells,O
65,.,O
65,Unfortunately,O
65,.,O
65,With,O
65,the,O
65,appearance,O
65,THP,O
65,‐,O
65,1,NUMBER
65,cells,O
65,.,O
65,none,O
65,showed,O
65,the,O
65,appearance,O
65,and,O
65,spread,O
65,of,O
65,SARS,O
65,‐,O
65,CoV,O
65,‐,O
65,2,NUMBER
65,of,O
65,2019,DATE
65,.,O
65,compounds,O
65,for,O
65,the,O
65,at,O
65,the,O
65,endatofthe,O
65,the,O
65,virtual,O
65,of,O
65,SARS,O
65,‐,O
65,CoV,O
65,‐,O
65,2,NUMBER
65,.,O
65,been,O
65,ex,O
65,‐,O
65,ploited,O
65,as,O
65,a,O
65,potential,O
65,which,O
65,hadwhich,O
65,been,O
65,had,O
65,as,O
65,a,O
65,potential,O
65,drug,O
65,target,O
65,The,O
65,docking,O
65,of,O
65,compounds,O
65,and,O
65,top,O
65,[,O
65,27,NUMBER
65,],O
65,.,O
65,The,O
65,scores,O
65,of,O
65,‐,O
65,scores,O
65,may,O
65,be,O
65,in,O
65,be,O
65,helpful,O
65,COVID,O
65,‐,O
65,19,NUMBER
65,after,O
65,further,O
65,studies,O
65,.,O
65,Here,O
65,‐,O
65,in,O
65,.,O
65,we,O
65,reported,O
65,the,O
65,isolation,O
65,.,O
65,structural,O
65,identification,O
65,.,O
65,and,O
65,bioand,O
65,of,O
65,isolated,O
65,of,O
65,isolated,O
65,Results,O
65,and,O
65,and,O
65,Discussion,O
65,chro,O
65,‐,O
65,matography,O
65,(,O
65,CC,O
65,),O
65,on,O
65,macroporous,O
65,adsorbent,O
65,resin,O
65,.,O
65,silica,O
65,gel,O
65,.,O
65,and,O
65,octadecyl,O
65,silane,O
65,(,O
65,ODS,O
65,),O
65,.,O
65,as,O
65,to,O
65,afford,O
65,and,O
65,two,NUMBER
65,Six,NUMBER
65,new,O
65,DKPs,O
65,.,O
65,as,O
65,as,O
65,‐,O
65,pamides,O
65,to,O
65,afford,O
65,two,NUMBER
65,intermediates,O
65,.,O
65,Six,NUMBER
65,new,O
65,named,O
65,as,O
65,1,NUMBER
65,H,O
65,nucle,O
65,‐,O
65,ar,O
65,magnetic,O
65,by,O
65,spectroscopic,O
65,C,O
65,NMR,O
65,.,O
65,(,O
65,NMR,O
65,),O
65,.,O
65,HSQC,O
65,.,O
65,heteronuclear,O
65,bond,O
65,correlation,O
65,C,O
65,NMR,O
65,.,O
65,HSQC,O
65,.,O
65,bond,O
65,correlation,O
65,nuclear,O
65,magnetic,O
65,and,O
65,high,O
65,resolution,O
65,mass,O
65,spectrometry,O
65,rotating,O
65,effect,O
65,Overhauser,PERSON
65,effect,O
65,high,O
65,resolution,O
65,By,O
65,comparing,O
65,the,O
65,NMR,O
65,and,O
65,ESIMSthe,O
65,to,O
65,the,O
65,mass,O
65,spectrometry,O
65,By,O
65,comparing,O
65,ESIMS,O
65,data,O
65,to,O
65,the,O
65,in,O
65,known,O
65,com,O
65,‐,O
65,pounds,O
65,as,O
65,brevianamides,O
65,K,O
65,.,O
65,as,O
65,and,O
65,M,O
65,(,O
65,7,NUMBER
65,.,O
65,16,NUMBER
65,.,O
65,17,NUMBER
65,),O
65,in,O
65,detail,O
65,.,O
65,11were,O
65,were,O
65,determined,O
65,K,O
65,.,O
65,[,O
65,28,NUMBER
65,],O
65,.,O
65,N,O
65,.,O
65,and,O
65,[,O
65,28,NUMBER
65,],O
65,.,O
65,brevianamide,O
65,Q,O
65,(,O
65,8,NUMBER
65,),O
65,[,O
65,29,NUMBER
65,],O
65,.,O
65,brevianamides,O
65,V,O
65,.,O
65,U,O
65,(,O
65,910,NUMBER
65,),O
65,[,O
65,20,NUMBER
65,],O
65,.,O
65,brevianamide,O
65,F,O
65,E,O
65,(,O
65,11,NUMBER
65,),O
65,deoxybre,O
65,‐,O
65,vianamide,O
65,E,O
65,(,O
65,12,NUMBER
65,),O
65,[,O
65,31,NUMBER
65,],O
65,.,O
65,N,O
65,‐,O
65,Prenyl,O
65,‐,O
65,cyclo,O
65,‐‐,O
65,tryptophyl,O
65,‐‐,O
65,proline,O
65,(,O
65,13,NUMBER
65,),O
65,[,O
65,32,NUMBER
65,],O
65,.,O
65,2,NUMBER
65,‐,O
65,(,O
65,2,NUMBER
65,‐,O
65,methyl,O
65,‐,O
65,3,NUMBER
65,‐,O
65,en,O
65,‐,O
65,2,NUMBER
65,(,O
65,14,NUMBER
65,),O
65,[,O
65,33,NUMBER
65,],O
65,.,O
65,and,O
65,2,NUMBER
65,‐,O
65,(,O
65,1.1,O
65,‐,O
65,Dimethyl,O
65,‐,O
65,allyl,O
65,),O
65,‐,O
65,1H,O
65,‐,O
65,indol,O
65,‐,O
65,3,NUMBER
65,‐,O
65,ylmercuric,O
65,acetate,O
65,(,O
65,15,NUMBER
65,),O
65,[,O
65,34,NUMBER
65,],O
65,.,O
65,Herein,O
65,.,O
65,the,O
65,(,O
65,14,NUMBER
65,),O
65,[,O
65,33,NUMBER
65,],O
65,.,O
65,and,O
65,2,NUMBER
65,‐,O
65,(,O
65,1.1,O
65,‐,O
65,Dimethyl,O
65,‐,O
65,allyl,O
65,),O
65,‐,O
65,1H,O
65,‐,O
65,indol,O
65,‐,O
65,3,NUMBER
65,‐,O
65,ylmercuric,O
65,of,O
65,the,O
65,isolation,O
65,.,O
65,structural,O
65,elucidation,O
65,of,O
65,these,O
65,new,O
65,compounds,O
65,.,O
65,and,O
65,their,O
65,bioac,O
65,‐,O
65,tivities,O
65,are,O
65,described,O
65,.,O
65,Mar,DATE
65,.,O
65,Drugs,CRIMINAL_CHARGE
65,2020,DATE
65,.,O
65,18,NUMBER
65,.,O
65,338,NUMBER
65,Mar,DATE
65,.,O
65,Drugs,CRIMINAL_CHARGE
65,2020,DATE
65,.,O
65,18,NUMBER
65,.,O
65,338,NUMBER
65,[,O
65,34,NUMBER
65,],O
65,.,O
65,Herein,O
65,.,O
65,the,O
65,details,O
65,of,O
65,the,O
65,isolation,O
65,.,O
65,struc,O
65,‐,O
65,tural,O
65,elucidation,O
65,of,O
65,these,O
65,new,O
65,compounds,O
65,.,O
65,and,O
65,their,O
65,bioactivities,O
65,are,O
65,described,O
65,.,O
65,Aspamide,MISC
65,A,MISC
65,(,O
65,1,NUMBER
65,),O
65,was,O
65,isolated,O
65,isolated,O
65,as,O
65,as,O
65,aa,O
65,yellowish,O
65,powder,O
65,.,O
65,The,O
65,The,O
65,UV,O
65,UV,O
65,spectrum,O
65,spectrum,O
65,with,O
65,max,O
65,(,O
65,log,O
65,),O
65,in,O
65,methanol,O
65,at,O
65,200,NUMBER
65,(,O
65,6.13,NUMBER
65,),O
65,.,O
65,224,NUMBER
65,(,O
65,6.13,NUMBER
65,),O
65,.,O
65,284,NUMBER
65,(,O
65,5.46,NUMBER
65,),O
65,.,O
65,and,O
65,341,NUMBER
65,(,O
65,5.68,NUMBER
65,),O
65,nm,O
65,was,O
65,indicative,O
65,of,O
65,indole,O
65,functionality,O
65,extended,O
65,conjugation,O
65,with,O
65,an,O
65,extended,O
65,as,O
65,C,O
65,+,O
65,.,O
65,calcd,O
65,.,O
65,for,O
65,C,O
65,H,O
65,N,O
65,O,O
65,.,O
65,394.2125,NUMBER
65,),O
65,of,O
65,high,O
65,‐,O
65,resolution,O
65,ESIMS,O
65,(,O
65,m,O
65,/,O
65,z,O
65,394.2117,NUMBER
65,[,O
65,M,O
65,+,O
65,H,O
65,],O
65,.,O
65,calcd,O
65,.,O
65,for,O
65,C23H28N3O23,O
65,28,NUMBER
65,3,NUMBER
65,3,NUMBER
65,and,O
65,C,O
65,NMR,O
65,data,O
65,.,O
65,1,NUMBER
65,H,O
65,NMR,O
65,.,O
65,13,NUMBER
65,C,O
65,NMR,O
65,.,O
65,and,O
65,heteronuclear,O
65,mul,O
65,‐,O
65,tiple,O
65,of,O
65,unsaturation,O
65,.,O
65,of,O
65,degrees,O
65,The,O
65,1H,O
65,NMR,O
65,.,O
65,and,O
65,heteronuclear,O
65,multiple,O
65,quantum,O
65,S3,O
65,in,O
65,Supporting,O
65,in,O
65,Supporting,O
65,three,NUMBER
65,methyl,O
65,3,NUMBER
65,methylenes,O
65,(,O
65,including,O
65,one,NUMBER
65,three,NUMBER
65,sp,O
65,methylenes,O
65,(,O
65,including,O
65,oxy,O
65,‐,O
65,genated,O
65,methylene,O
65,),O
65,two,NUMBER
65,sp,O
65,methine,O
65,carbon,O
65,signals,O
65,2,NUMBER
65,methines,O
65,.,O
65,one2,O
65,sp2,O
65,methylene,O
65,.,O
65,seven2,O
65,sp2,O
65,.,O
65,and,O
65,one,NUMBER
65,3,NUMBER
65,non,O
65,‐,O
65,protonated,O
65,carbon,O
65,.,O
65,The,O
65,NMR,O
65,data,O
65,sp,O
65,methines,O
65,.,O
65,one,NUMBER
65,sp,O
65,methylene,O
65,.,O
65,seven,NUMBER
65,sp,O
65,.,O
65,and,O
65,one,NUMBER
65,sp,O
65,non,O
65,‐,O
65,protonated,O
65,carbon,O
65,.,O
65,The,O
65,NMR,O
65,data,O
65,and,O
65,UV,O
65,absorptions,O
65,to,O
65,those,O
65,of,O
65,brevianamide,O
65,V,O
65,[,O
65,20,NUMBER
65,],O
65,.,O
65,UV,O
65,absorptions,O
65,to,O
65,those,O
65,of,O
65,brevianamide,O
65,V,O
65,[,O
65,20,NUMBER
65,],O
65,.,O
65,the,O
65,the,O
65,additional,O
65,oxygenated,O
65,aza,O
65,‐,O
65,acetal,O
65,structure,O
65,located,O
65,at,O
65,the,O
65,proline,O
65,motif,O
65,(,O
65,C,O
65,86.7,NUMBER
65,.,O
65,the,O
65,the,O
65,was,O
65,derived,O
65,from,O
65,heteronu,O
65,‐,O
65,clear,O
65,multiple,O
65,bond,O
65,Further,O
65,information,O
65,was,O
65,derived,O
65,from,O
65,het,O
65,‐,O
65,eronuclear,O
65,to,O
65,C,O
65,‐,O
65,9,NUMBER
65,to,O
65,C,O
65,‐,O
65,6,NUMBER
65,to,O
65,H,O
65,‐,O
65,9,NUMBER
65,to,O
65,C,O
65,‐,O
65,9,NUMBER
65,(,O
65,were,O
65,data,O
65,suggested,O
65,an,O
65,ox,O
65,‐,O
65,ethyl,O
65,was,O
65,located,O
65,and,O
65,H,O
65,‐,O
65,8,NUMBER
65,to,O
65,C,O
65,‐,O
65,9,NUMBER
65,were,O
65,These,O
65,data,O
65,an,O
65,oxethyl,O
65,and,O
65,confirmed,O
65,aza,O
65,‐,O
65,acetal,O
65,structure,O
65,the,O
65,proline,O
65,at,O
65,C,O
65,‐,O
65,6,NUMBER
65,andthe,O
65,the,O
65,oxy,O
65,‐,O
65,genated,O
65,at,O
65,the,O
65,in,O
65,the,O
65,brevianamide,O
65,Thus,O
65,.,O
65,the,O
65,planar,O
65,1,NUMBER
65,was,O
65,deter,O
65,‐,O
65,mined,O
65,as,O
65,shown,O
65,previous,O
65,unpresented,O
65,in,O
65,the,O
65,brevianamide,O
65,Thus,O
65,.,O
65,the,O
65,planar,O
65,of,O
65,of,O
65,1,NUMBER
65,was,O
65,determined,O
65,In,O
65,order,O
65,order,O
65,to,O
65,to,O
65,determine,O
65,de,O
65,‐,O
65,termine,O
65,the,O
65,the,O
65,relative,O
65,rotating,O
65,frame,O
65,frame,O
65,Overhauser,O
65,effect,O
65,S5,O
65,),O
65,experiment,O
65,experiment,O
65,was,O
65,was,O
65,performed,O
65,.,O
65,between,O
65,NH,STATE_OR_PROVINCE
65,‐,O
65,2,NUMBER
65,(,O
65,HH,O
65,9.01,NUMBER
65,),O
65,and,O
65,H,O
65,‐,O
65,13,NUMBER
65,(,O
65,(,O
65,HH,O
65,7.29,NUMBER
65,),O
65,revealed,O
65,the,O
65,Z,O
65,about,O
65,3.10,O
65,.,O
65,and,O
65,the,O
65,ROESY,O
65,signals,O
65,between,O
65,H,O
65,‐,O
65,8,NUMBER
65,H,O
65,‐,O
65,6,NUMBER
65,H,O
65,‐,O
65,6,NUMBER
65,by,O
65,comparing,O
65,the,O
65,H,O
65,‐,O
65,9,NUMBER
65,H,O
65,‐,O
65,9,NUMBER
65,of,O
65,of,O
65,values,O
65,obtained,O
65,using,O
65,Time,O
65,‐,O
65,dependent,O
65,values,O
65,obtained,O
65,using,O
65,Time,O
65,‐,O
65,Density,O
65,the,O
65,B3LYP,O
65,/,O
65,631,NUMBER
65,+,O
65,g,O
65,at,O
65,the,O
65,B3LYP,O
65,/,O
65,631,NUMBER
65,+,O
65,g,O
65,(,O
65,d,O
65,.,O
65,p,O
65,),O
65,level,O
65,bond,O
65,cor,O
65,‐,O
65,relation,O
65,bond,O
65,correlation,O
65,(,O
65,A,O
65,),O
65,and,O
65,rotating,O
65,effect,O
65,spectroscopy,O
65,(,O
65,ROESY,O
65,),O
65,(,O
65,B,O
65,),O
65,correlations,O
65,.,O
65,and,O
65,experimental,O
65,and,O
65,calculated,O
65,elec,O
65,‐,O
65,tronic,O
65,circular,O
65,circular,O
65,dichroism,O
65,(,O
65,C,O
65,),O
65,of,O
65,compound,O
65,of,O
65,compound,O
65,was,O
65,obtained,O
65,obtained,O
65,as,O
65,as,O
65,aa,O
65,yellowish,O
65,yellowish,O
65,powder,O
65,.,O
65,pow,O
65,‐,O
65,der,O
65,.,O
65,Its,O
65,molecular,O
65,molecular,O
65,formula,O
65,was,O
65,determined,O
65,as,O
65,Aspamide,O
65,B,O
65,(,O
65,2,NUMBER
65,),O
65,was,O
65,N33,O
65,.,O
65,O,O
65,13,NUMBER
65,C,O
65,.,O
65,HMQC,O
65,of,O
65,unsaturation,O
65,.,O
65,By,O
65,comparing,O
65,H,O
65,.,O
65,131,NUMBER
65,H,O
65,.,O
65,C,O
65,.,O
65,and,O
65,C,O
65,NMR,O
65,of,O
65,unsaturation,O
65,.,O
65,By,O
65,comparing,O
65,and,O
65,HMQC,O
65,of,O
65,of,O
65,that22,NUMBER
65,possessed,O
65,possessed,O
65,the,O
65,the,O
65,identical,O
65,planar,O
65,Hstructure,O
65,as,O
65,that,O
65,of,O
65,to,O
65,OCH,O
65,and,O
65,C,O
65,‐,O
65,9,NUMBER
65,H,O
65,‐,O
65,9,NUMBER
65,as,O
65,to,O
65,OCH,O
65,H,O
65,C,O
65,‐,O
65,1,NUMBER
65,that,O
65,the,O
65,oxethyl,O
65,C,O
65,‐,O
65,6,NUMBER
65,.,O
65,Furthermore,O
65,.,O
65,the,O
65,difference,O
65,that,O
65,thegroup,O
65,was,O
65,at,O
65,at,O
65,C,O
65,‐,O
65,6,NUMBER
65,.,O
65,Further,O
65,‐,O
65,more,O
65,.,O
65,the,O
65,difference,O
65,in,O
65,Hz,O
65,),O
65,in,O
65,H,O
65,‐,O
65,6,NUMBER
65,in,O
65,1,NUMBER
65,indicated,O
65,C,O
65,‐,O
65,6,NUMBER
65,epimer,O
65,the,O
65,same,O
65,effects,O
65,effects,O
65,to,O
65,1,NUMBER
65,indicated,O
65,that,O
65,the,O
65,absolute,O
65,the,O
65,ECD,O
65,ECD,O
65,cotton,O
65,of,O
65,2,NUMBER
65,compared,O
65,to,O
65,1,NUMBER
65,indicated,O
65,that,O
65,the,O
65,Mar,DATE
65,.,O
65,Drugs,CRIMINAL_CHARGE
65,2020,DATE
65,.,O
65,18,NUMBER
65,.,O
65,338,NUMBER
65,Mar,DATE
65,.,O
65,Drugs,CRIMINAL_CHARGE
65,2020,DATE
65,.,O
65,18,NUMBER
65,.,O
65,338,NUMBER
65,of,O
65,C,O
65,‐,O
65,9,NUMBER
65,of,O
65,in,O
65,C,O
65,‐,O
65,9,NUMBER
65,with,O
65,with,O
65,that,O
65,in,O
65,the,O
65,the,O
65,was,O
65,consistent,O
65,mainly,O
65,caused,O
65,caused,O
65,by,O
65,the,O
65,chiral,O
65,com,O
65,‐,O
65,pounds,O
65,1,NUMBER
65,and,O
65,2,NUMBER
65,.,O
65,and,O
65,it,O
65,could,O
65,also,O
65,be,O
65,confirmed,O
65,by,O
65,the,O
65,experimen,O
65,‐,O
65,tal,O
65,ECD,O
65,data,O
65,of,O
65,(,O
65,+,O
65,),O
65,‐,O
65,brevianamide,O
65,Thus,O
65,.,O
65,the,O
65,the,O
65,absolute,O
65,compound,O
65,22,NUMBER
65,was,O
65,was,O
65,ascertained,O
65,powder,O
65,.,O
65,The,O
65,The,O
65,molecular,O
65,molecular,O
65,formu,O
65,‐,O
65,la,O
65,was,O
65,was,O
65,established,O
65,12,NUMBER
65,degrees,O
65,of,O
65,unsaturation,O
65,.,O
65,The,O
65,UV,O
65,and,O
65,NMR,O
65,spectra,O
65,were,O
65,very,O
65,similar,O
65,to,O
65,those,O
65,of,O
65,compound1,O
65,.1,NUMBER
65,.,O
65,A,O
65,data,O
65,for,O
65,A,O
65,comparison,O
65,comparison,O
65,of,O
65,the,O
65,NMR,O
65,data,O
65,a,DURATION
65,second,DURATION
65,OH,STATE_OR_PROVINCE
65,group,O
65,by,O
65,aby,O
65,OH,STATE_OR_PROVINCE
65,in,O
65,the,O
65,OH,STATE_OR_PROVINCE
65,was,O
65,not,O
65,located,O
65,at,O
65,C,O
65,‐,O
65,6,NUMBER
65,.,O
65,which,O
65,was,O
65,the,O
65,same,O
65,as,O
65,the,O
65,1,NUMBER
65,.,O
65,to,O
65,form,O
65,the,O
65,aza,O
65,‐,O
65,acetal,O
65,structure,O
65,for,O
65,which,O
65,the,O
65,chemical,O
65,shift,O
65,of,O
65,oxygenated,O
65,far,O
65,the,O
65,in,O
65,1,NUMBER
65,.,O
65,the,O
65,the,DATE
65,second,DATE
65,of,O
65,shift,O
65,was,O
65,distributed,O
65,to,O
65,C,O
65,‐,O
65,7,NUMBER
65,.,O
65,planar,O
65,structure,O
65,3,NUMBER
65,was,O
65,determined,O
65,in,O
65,The,O
65,to,O
65,C,O
65,‐,O
65,7,NUMBER
65,.,O
65,and,O
65,of,O
65,3,NUMBER
65,was,O
65,of,O
65,as,O
65,shownas,O
65,in,O
65,shown,O
65,form,O
65,of,O
65,ROESY,O
65,correlation,O
65,cis,O
65,form,O
65,of,O
65,the,O
65,between,O
65,double,O
65,bond,O
65,and,O
65,C,O
65,‐,O
65,10,NUMBER
65,.,O
65,the,O
65,the,O
65,ROESY,MISC
65,C,MISC
65,‐,O
65,3,NUMBER
65,and,O
65,C,O
65,‐,O
65,10,NUMBER
65,.,O
65,C,O
65,‐,O
65,3,NUMBER
65,ROESY,O
65,signals,O
65,H,O
65,‐,O
65,7,NUMBER
65,(,O
65,H,O
65,4.35,NUMBER
65,),O
65,.,O
65,and,O
65,between,O
65,H,O
65,‐,O
65,8,NUMBER
65,(,O
65,H,O
65,2.12,NUMBER
65,),O
65,and,O
65,H,O
65,‐,O
65,9,NUMBER
65,(,O
65,H,O
65,4.65,NUMBER
65,),O
65,revealed,O
65,that,O
65,H,O
65,‐,O
65,7,NUMBER
65,and,O
65,H,O
65,‐,O
65,9,NUMBER
65,were,O
65,trans,O
65,form,O
65,.,O
65,were,O
65,trans,O
65,form,O
65,.,O
65,Finally,O
65,.,O
65,the,O
65,absolute,O
65,was,O
65,determined,O
65,comparison,O
65,of,O
65,the,O
65,ab,O
65,‐,O
65,solute,O
65,of,O
65,3,NUMBER
65,was,O
65,by,O
65,comparison,O
65,of,O
65,the,O
65,of,O
65,3,NUMBER
65,with,O
65,of,O
65,3,NUMBER
65,withECD,O
65,that,O
65,curve,O
65,and,O
65,experimental,O
65,ECD,O
65,spectra,O
65,(,O
65,C,O
65,),O
65,of,O
65,compounds,O
65,13,NUMBER
65,.,O
65,experi,O
65,‐,O
65,mental,O
65,ECD,O
65,spectra,O
65,(,O
65,C,O
65,),O
65,of,O
65,compounds,O
65,13,NUMBER
65,.,O
65,13,NUMBER
65,(,O
65,150,NUMBER
65,MHz,O
65,),O
65,NMR,O
65,data,O
65,of,O
65,13,NUMBER
65,in,O
65,DMSO,ORGANIZATION
65,‐,O
65,d,O
65,.,O
65,(,O
65,150,NUMBER
65,MHz,O
65,),O
65,NMR,O
65,data,O
65,of,O
65,13,NUMBER
65,in,O
65,DMSO,O
65,‐,O
65,No,O
65,.,O
65,No,O
65,.,O
65,H,O
65,.,O
65,Mult,O
65,.,O
65,(,O
65,J,O
65,in,O
65,Hz,O
65,),O
65,H,O
65,.,O
65,Mult,O
65,.,O
65,(,O
65,J,O
65,in,O
65,Hz,O
65,),O
65,H,O
65,.,O
65,Mult,O
65,.,O
65,(,O
65,J,O
65,in,O
65,Hz,O
65,),O
65,H,O
65,.,O
65,Mult,O
65,.,O
65,(,O
65,J,O
65,in,O
65,Hz,O
65,),O
65,H,O
65,.,O
65,Mult,O
65,.,O
65,(,O
65,J,O
65,in,O
65,Hz,O
65,),O
65,H,O
65,.,O
65,Mult,O
65,.,O
65,(,O
65,J,O
65,in,O
65,Hz,O
65,),O
65,Mar,DATE
65,.,O
65,Drugs,CRIMINAL_CHARGE
65,2020,DATE
65,.,O
65,18,NUMBER
65,.,O
65,338,NUMBER
65,H,O
65,.,O
65,Mult,O
65,.,O
65,(,O
65,J,O
65,in,O
65,Hz,O
65,),O
65,H,O
65,.,O
65,Mult,O
65,.,O
65,(,O
65,J,O
65,in,O
65,Hz,O
65,),O
65,H,O
65,.,O
65,Mult,O
65,.,O
65,(,O
65,J,O
65,in,O
65,Hz,O
65,),O
65,5.04,NUMBER
65,.,O
65,m,O
65,s,O
65,s,O
65,s,O
65,The,O
65,racemic,O
65,was,O
65,isolated,O
65,isolated,O
65,as,O
65,as,O
65,color,O
65,‐,O
65,less,O
65,colorless,O
65,gum,O
65,gum,O
65,with,O
65,with,O
65,the,O
65,the,O
65,molecular,O
65,molecular,O
65,for,O
65,‐,O
65,mula,O
65,formula,O
65,of,O
65,N3,O
65,.3,O
65,O,O
65,Its,O
65,NMR,O
65,to,O
65,compound,O
65,the,O
65,major,O
65,UV,O
65,UV,O
65,to,O
65,compound,O
65,to,O
65,1,NUMBER
65,.,O
65,to,O
65,3,NUMBER
65,methylene,O
65,and,O
65,one,NUMBER
65,sp,O
65,was,O
65,that,O
65,sp3,O
65,methines,O
65,two,NUMBER
65,two,NUMBER
65,sp3,O
65,methines,O
65,by,O
65,by,O
65,and,O
65,one,NUMBER
65,sp3,O
65,3non,NUMBER
65,‐,O
65,protonated,O
65,suggesting,O
65,that,O
65,to,O
65,C,O
65,‐,O
65,9,NUMBER
65,to,O
65,thetoC,O
65,‐,O
65,6,NUMBER
65,.,O
65,the,O
65,keythe,O
65,that,O
65,the,O
65,to,O
65,C,O
65,‐,O
65,9,NUMBER
65,the,O
65,Addi,MISC
65,‐,O
65,tionally,O
65,.,O
65,C,O
65,‐,O
65,6,NUMBER
65,.,O
65,Additionally,O
65,.,O
65,signals,O
65,signals,O
65,to,O
65,C,O
65,‐,O
65,9,NUMBER
65,to,O
65,C,O
65,‐,O
65,9,NUMBER
65,C,O
65,‐,O
65,4,NUMBER
65,(,O
65,(,O
65,CC,O
65,159.4,NUMBER
65,),O
65,and,O
65,C,O
65,‐,O
65,9,NUMBER
65,.,O
65,and,O
65,H,O
65,‐,O
65,8a,O
65,(,O
65,HH,O
65,2.02,NUMBER
65,),O
65,to,O
65,C,O
65,‐,O
65,1,NUMBER
65,(,O
65,CC,O
65,163.1,NUMBER
65,),O
65,con,O
65,‐,O
65,firmed,O
65,the,O
65,the,O
65,aforementioned,O
65,aforementioned,O
65,planar,O
65,planar,O
65,struc,O
65,‐,O
65,ture,O
65,.,O
65,There,O
65,There,O
65,was,O
65,no,O
65,Cotton,O
65,in,O
65,accordance,O
65,the,O
65,racemic,O
65,in,O
65,ac,O
65,‐,O
65,cordance,O
65,the,O
65,racemic,O
65,X,O
65,[,O
65,35,NUMBER
65,],O
65,.,O
65,be,O
65,aofpair,O
65,of,O
65,enantiomers,O
65,.,O
65,X,O
65,[,O
65,35,NUMBER
65,],O
65,.,O
65,be,O
65,a,O
65,pair,O
65,the,O
65,chiral,O
65,HPLC,O
65,resolution,O
65,of,O
65,4,NUMBER
65,contributed,O
65,to,O
65,the,O
65,sep,DATE
65,‐,O
65,aration,O
65,pair,O
65,of,O
65,enantiomers,O
65,of,O
65,4,NUMBER
65,contributed,O
65,to,O
65,the,O
65,separation,O
65,of,O
65,a,O
65,pairof,O
65,of,O
65,aenantiomers,O
65,nearly,O
65,mirror,O
65,‐,O
65,image,O
65,The,O
65,absolute,O
65,and,O
65,were,O
65,ECD,O
65,spectra,O
65,discriminably,O
65,determined,O
65,as,O
65,9R,NUMBER
65,and,O
65,9S,NUMBER
65,by,O
65,compar,O
65,‐,O
65,ing,O
65,the,O
65,experimental,O
65,and,O
65,calculated,O
65,ECD,ORGANIZATION
65,data,O
65,obtained,O
65,using,O
65,TD,O
65,‐,O
65,DFT,O
65,at,O
65,the,O
65,B3LYP,O
65,/,O
65,6,NUMBER
65,‐,O
65,31,NUMBER
65,+,O
65,g,O
65,p,O
65,),O
65,level,O
65,D,O
65,.,O
65,respectively,O
65,.,O
65,The,O
65,key,O
65,key,O
65,HMBC,O
65,HMBC,O
65,correlations,O
65,correlations,O
65,of,O
65,of,O
65,compounds,O
65,Aspamide,O
65,F,O
65,(,O
65,5,NUMBER
65,),O
65,was,O
65,obtained,O
65,as,O
65,a,O
65,brown,O
65,powder,O
65,with,O
65,the,O
65,molecular,O
65,formula,O
65,of,O
65,C19,O
65,H17,O
65,N3,O
65,O3,O
65,from,O
65,an,O
65,HRESIMS,O
65,peak,O
65,at,O
65,m,O
65,/,O
65,z,O
65,336.1336,NUMBER
65,[,O
65,M,O
65,+,O
65,H,O
65,],O
65,+,O
65,(,O
65,cal,O
65,‐,O
65,cd,O
65,.,O
65,for,O
65,C19,O
65,H18,O
65,N3,O
65,O3,O
65,.,O
65,336.1343,NUMBER
65,),O
65,.,O
65,requiring,O
65,13,NUMBER
65,suggested,O
65,the,O
65,presence,O
65,of,O
65,one,NUMBER
65,oxygenated,O
65,methyl,O
65,group,O
65,.,O
65,one,NUMBER
65,sp3,O
65,methylene,O
65,.,O
65,two,NUMBER
65,sp3,O
65,methines,O
65,carbon,O
65,signals,O
65,(,O
65,including,O
65,one,NUMBER
65,oxygen,O
65,‐,O
65,bearing,O
65,car,O
65,‐,O
65,bon,O
65,),O
65,.,O
65,nine,NUMBER
65,sp2,O
65,methines,O
65,.,O
65,and,O
65,six,NUMBER
65,sp2,O
65,non,O
65,‐,O
65,protonated,O
65,carbons,O
65,.,O
65,These,O
65,NMR,O
65,data,O
65,of,O
65,5,NUMBER
65,were,O
65,similar,O
65,to,O
65,those,O
65,of,O
65,brevianamide,O
65,M,O
65,[,O
65,28,NUMBER
65,],O
65,.,O
65,except,O
65,for,O
65,the,O
65,different,O
65,chemical,O
65,shifts,O
65,for,O
65,C,O
65,‐,O
65,2,NUMBER
65,and,O
65,C,O
65,‐,O
65,3,NUMBER
65,due,O
65,to,O
65,the,O
65,presence,O
65,of,O
65,a,O
65,methoxy,O
65,at,O
65,C,O
65,‐,O
65,2,NUMBER
65,in,O
65,5,NUMBER
65,.,O
65,implying,O
65,that,O
65,5,NUMBER
65,was,O
65,an,O
65,analogue,O
65,OCH3,O
65,‐,O
65,2,NUMBER
65,(,O
65,H,O
65,3.53,NUMBER
65,),O
65,to,O
65,C,O
65,‐,O
65,2,NUMBER
65,(,O
65,C,O
65,83.9,NUMBER
65,),O
65,.,O
65,from,O
65,H,O
65,‐,O
65,2,NUMBER
65,(,O
65,H,O
65,5.27,NUMBER
65,),O
65,to,O
65,C,O
65,‐,O
65,3,NUMBER
65,(,O
65,C,O
65,146.9,NUMBER
65,),O
65,/,O
65,C,O
65,‐,O
65,14,NUMBER
65,(,O
65,C,O
65,170.0,NUMBER
65,),O
65,.,O
65,and,O
65,from,O
65,H,O
65,‐,O
65,13,NUMBER
65,Aspamide,O
65,F,O
65,(,O
65,5,NUMBER
65,),O
65,was,O
65,obtained,O
65,as,O
65,a,O
65,brown,O
65,powder,O
65,with,O
65,the,O
65,molecular,O
65,formula,O
65,of,O
65,C19H17N3O3,O
65,from,O
65,Mar,DATE
65,.,O
65,Drugs,CRIMINAL_CHARGE
65,2020,DATE
65,.,O
65,18,NUMBER
65,.,O
65,338,NUMBER
65,5,NUMBER
65,with,O
65,the,O
65,brevianamide,O
65,M,O
65,Aspamide,O
65,F,O
65,(,O
65,5,NUMBER
65,),O
65,was,O
65,obtained,O
65,as,O
65,a,O
65,brown,O
65,powder,O
65,with,O
65,the,O
65,molecu,O
65,‐,O
65,lar,O
65,formula,O
65,of,O
65,C19H17N3O3,O
65,from,O
65,6,NUMBER
65,indices,O
65,of,O
65,HRESIMS,O
65,peak,O
65,at,O
65,m,O
65,/,O
65,z,O
65,336.1336,NUMBER
65,[,O
65,M,O
65,+,O
65,H,O
65,],O
65,+,O
65,(,O
65,calcd,O
65,.,O
65,for,O
65,C19H,O
65,hydrogen,O
65,deficiency,O
65,.,O
65,in,O
65,Hz,O
65,),O
65,C,O
65,NMR,O
65,.,O
65,(,O
65,J,O
65,in,O
65,Hz,O
65,),O
65,in,O
65,Hz,O
65,),O
65,H,O
65,.,O
65,Mult.spectra,O
65,3,NUMBER
65,methylene,O
65,.,O
65,two,NUMBER
65,sp3,O
65,me,O
65,‐,O
65,thines,O
65,carbon,O
65,signals,O
65,9.43,NUMBER
65,.,O
65,s,O
65,carbon,O
65,),O
65,.,O
65,nine,NUMBER
65,(,O
65,4.7,NUMBER
65,),O
65,six,NUMBER
65,sp2,O
65,non,O
65,‐,O
65,pro,O
65,‐,O
65,tonated,O
65,d,O
65,(,O
65,4.3,NUMBER
65,),O
65,These,O
65,of,O
65,5,NUMBER
65,were,O
65,similar,O
65,‐,O
65,to,O
65,those,O
65,of,O
65,brevianamide,O
65,M,O
65,[,O
65,28,NUMBER
65,],O
65,.,O
65,except,O
65,for151,NUMBER
65,.1,NUMBER
65,the,O
65,different,O
65,chemical,O
65,Aspamide,O
65,G,O
65,(,O
65,6,NUMBER
65,),O
65,was,O
65,isolated,O
65,as,O
65,a,O
65,brown,O
65,powder,O
65,.,O
65,The,O
65,molecular,O
65,formula,O
65,was,O
65,determined,O
65,as,O
65,C20,O
65,H19,O
65,N3,O
65,O3,O
65,by,O
65,HRESIMS,O
65,(,O
65,m,O
65,/,O
65,z,O
65,350.1498,NUMBER
65,[,O
65,M,O
65,+,O
65,H,O
65,],O
65,+,O
65,.,O
65,calcd,O
65,.,O
65,for,O
65,C20,O
65,H20,O
65,N3,O
65,O3,O
65,.,O
65,350.1499,NUMBER
65,),O
65,.,O
65,which,O
65,was,O
65,14,NUMBER
65,Dalton,PERSON
65,more,O
65,than,O
65,5,NUMBER
65,.,O
65,The,O
65,13,NUMBER
65,C,O
65,NMR,O
65,data,O
65,of,O
65,6,NUMBER
65,showed,O
65,a,O
65,close,O
65,resemblance,O
65,to,O
65,those,O
65,of,O
65,5,NUMBER
65,.,O
65,ex,O
65,‐,O
65,cept,O
65,for,O
65,Mar,DATE
65,.,O
65,Drugs,CRIMINAL_CHARGE
65,for,O
65,C,O
65,‐,O
65,2,NUMBER
65,and,O
65,C,O
65,‐,O
65,3,NUMBER
65,due,O
65,to,O
65,the,O
65,presence,O
65,of,O
65,a,O
65,methoxy,O
65,at,O
65,C,O
65,‐,O
65,2,NUMBER
65,in,O
65,5,NUMBER
65,.,O
65,implying,O
65,that,O
65,5,NUMBER
65,was,O
65,an,O
65,analogue,O
65,of,O
65,addition,O
65,‐,O
65,al,O
65,oxygenated,O
65,sp3,O
65,methylene,O
65,.,O
65,suggesting,O
65,that,O
65,an,O
65,ethoxy,O
65,M,O
65,with,O
65,a,O
65,methoxy,O
65,at,O
65,C,O
65,‐,O
65,2,NUMBER
65,.,O
65,Additionally,O
65,.,O
65,key,O
65,was,O
65,H,O
65,to,O
65,C,O
65,‐,O
65,3,NUMBER
65,(,O
65,C,O
65,146.9,NUMBER
65,),O
65,/,O
65,C,O
65,‐,O
65,14,NUMBER
65,(,O
65,C,O
65,170.0,NUMBER
65,),O
65,.,O
65,and,O
65,from,O
65,H,O
65,‐,O
65,13,NUMBER
65,OCH3,O
65,‐,O
65,2,NUMBER
65,(,O
65,H,O
65,3.53,NUMBER
65,),O
65,to,O
65,C,O
65,‐,O
65,2,NUMBER
65,(,O
65,C,O
65,83.9,NUMBER
65,),O
65,.,O
65,from,O
65,H,O
65,‐,O
65,2,NUMBER
65,(,O
65,H,O
65,5.27,NUMBER
65,),O
65,of,O
65,brevianamide,O
65,an,O
65,ethoxy,O
65,at,O
65,C,O
65,‐,O
65,2,NUMBER
65,.,O
65,In,O
65,addition,O
65,.,O
65,of,O
65,5,NUMBER
65,as,O
65,‐,O
65,Cotton,O
65,the,O
65,brevianamide,O
65,elucidated,O
65,as,O
65,6,NUMBER
65,‐,O
65,ethoxy,O
65,‐,O
65,aspamide,O
65,F.,O
65,All,O
65,isolated,O
65,compounds,O
65,were,O
65,tested,O
65,for,O
65,their,O
65,anti,O
65,‐,O
65,inflammatory,O
65,activ,O
65,‐,O
65,ities,O
65,in,O
65,P.,O
65,acnes,O
65,‐,O
65,induced,O
65,G,O
65,(,O
65,6,NUMBER
65,),O
65,was,O
65,isolated,O
65,as,O
65,acompounds,O
65,brown,O
65,powder,O
65,.,O
65,formula,O
65,was,O
65,determined,O
65,cells,O
65,;,O
65,unfortunately,O
65,.,O
65,none,O
65,of,O
65,the,O
65,20H19N3O3,O
65,by,O
65,HRESIMS,O
65,(,O
65,m,O
65,/,O
65,z,O
65,350.1498,NUMBER
65,[,O
65,M,O
65,+,O
65,H,O
65,],O
65,+,O
65,.,O
65,calcd,O
65,.,O
65,for,O
65,C20H20N3O3,O
65,.,O
65,350.1499,NUMBER
65,),O
65,.,O
65,which,O
65,was,O
65,14,NUMBER
65,Aiming,O
65,to,O
65,give,O
65,our,O
65,contribu,O
65,‐,O
65,tion,O
65,to,O
65,the,O
65,COVID,O
65,‐,O
65,19,NUMBER
65,research,O
65,.,O
65,all,O
65,compounds,O
65,were,O
65,selected,O
65,for,O
65,the,O
65,virtual,O
65,13C,O
65,NMR,O
65,data,O
65,of,O
65,6,NUMBER
65,showed,O
65,a,O
65,close,O
65,resemblance,O
65,to,O
65,those,O
65,of,O
65,5,NUMBER
65,.,O
65,except,O
65,for,O
65,an,O
65,Dalton,PERSON
65,more,O
65,on,O
65,than,O
65,(,O
65,Mpro,O
65,),O
65,of,O
65,SARS,O
65,‐,O
65,CoV,O
65,‐,O
65,2,NUMBER
65,.,O
65,which,O
65,had,O
65,been,O
65,exploited,O
65,as,O
65,a,O
65,potential,O
65,additional,O
65,oxygenated,O
65,sp3,O
65,methylene,O
65,.,O
65,suggesting,O
65,that,O
65,there,O
65,was,O
65,an,O
65,ethoxy,O
65,group,O
65,located,O
65,at,O
65,C,O
65,‐,O
65,2,NUMBER
65,in,O
65,6,NUMBER
65,.,O
65,among,O
65,all,O
65,screened,O
65,molecules,O
65,(,O
65,docking,O
65,scores,O
65,:,O
65,5.389,NUMBER
65,.,O
65,4.772,NUMBER
65,.,O
65,5.146,NUMBER
65,.,O
65,4.962,NUMBER
65,.,O
65,5.158,NUMBER
65,),O
65,.,O
65,and,O
65,the,O
65,score,O
65,of,O
65,of,O
65,brevianamide,O
65,M,O
65,(,O
65,17,NUMBER
65,),O
65,with,O
65,an,O
65,ethoxy,O
65,motif,O
65,at,O
65,C,O
65,‐,O
65,2,NUMBER
65,.,O
65,In,O
65,addition,O
65,.,O
65,similar,O
65,Cotton,O
65,ef,O
65,‐,O
65,fects,O
65,at,O
65,212,NUMBER
65,.,O
65,220,NUMBER
65,.,O
65,ritonavir,O
65,[,O
65,36,NUMBER
65,],O
65,(,O
65,a,O
65,potent,O
65,inhibitor,O
65,in,O
65,vitro,O
65,of,O
65,human,O
65,immunodeficiency,O
65,virus,O
65,type,O
65,1,NUMBER
65,protease,O
65,),O
65,was,O
65,7.039,NUMBER
65,.,O
65,MHz,O
65,),O
65,and,O
65,13C,O
65,(,O
65,150,NUMBER
65,MHz,O
65,),O
65,NMR,O
65,data,O
65,of,O
65,46,NUMBER
65,(,O
65,4,NUMBER
65,in,O
65,DMSO,ORGANIZATION
65,‐,O
65,d6,O
65,.,O
65,56,NUMBER
65,in,O
65,CDCl3,O
65,),O
65,.,O
65,Opti,O
65,‐,O
65,cal,O
65,rotations,O
65,were,O
65,recorded,O
65,on,O
65,a,O
65,JASCO,ORGANIZATION
65,P,O
65,‐,O
65,1020,DATE
65,polarimeter,O
65,(,O
65,J,O
65,in,O
65,Hz,O
65,),O
65,H,O
65,.,O
65,Mult,O
65,.,O
65,(,O
65,J,O
65,in,O
65,Hz,O
65,),O
65,UV,O
65,‐,O
65,1800,DATE
65,.,O
65,Mult,O
65,.,O
65,(,O
65,J,O
65,in,O
65,Hz,O
65,),O
65,Japan,COUNTRY
65,),O
65,in,O
65,MeOH,O
65,at,O
65,25,NUMBER
65,C.,O
65,were,O
65,measured,O
65,a,O
65,Shimadzu,LOCATION
65,Tokyo,CITY
65,.,O
65,‐,O
65,Japan,COUNTRY
65,),O
65,.,O
65,High,O
65,‐,O
65,resolu,O
65,‐,O
65,tion,O
65,obtained,O
65,with,O
65,an,O
65,Agilent,O
65,6529B,O
65,Q,O
65,‐,O
65,TOF,O
65,instrument,O
65,(,O
65,Agilent,ORGANIZATION
65,Technologies,O
65,.,O
65,Santa,CITY
65,Clara,CITY
65,.,O
65,(,O
65,4.3,NUMBER
65,),O
65,CA,STATE_OR_PROVINCE
65,.,O
65,USA,COUNTRY
65,),O
65,.,O
65,125.5,NUMBER
65,carried,O
65,out,O
65,with,O
65,‐,O
65,Chirascan,O
65,circular,O
65,ECD,ORGANIZATION
65,spectra,ORGANIZATION
65,Ltd.,ORGANIZATION
65,.,O
65,Leatherhead,O
65,.,O
65,UK,COUNTRY
65,),O
65,.,O
65,Both,O
65,1D,O
65,and,O
65,2D,O
65,NMR,O
65,spectra,O
65,were,O
65,acquired,O
65,on,O
65,a,O
65,Bruker,O
65,AVIII,O
65,‐,O
65,400,NUMBER
65,and,O
65,Bruker,PERSON
65,AVIII,O
65,‐,O
65,600,NUMBER
65,NMR,O
65,spectrometers,O
65,with,O
65,tetramethylsilane,O
65,(,O
65,TMS,ORGANIZATION
65,),O
65,as,O
65,an,O
65,internal,O
65,standard,O
65,(,O
65,Bruker,ORGANIZATION
65,.,O
65,Karlsruhe,ORGANIZATION
65,.,O
65,liquid,O
65,chromatography,O
65,(,O
65,Pre,O
65,‐,O
65,HPLC,O
65,),O
65,was,O
65,performed,O
65,utilizing,O
65,7a,O
65,Preparative,O
65,high,O
65,‐,O
65,performance,O
65,7.79,NUMBER
65,.,O
65,t,O
65,(,O
65,8.0,NUMBER
65,),O
65,with,O
65,a,O
65,136.7,NUMBER
65,t,O
65,(,O
65,8.0,NUMBER
65,),O
65,column,O
65,a,O
65,Shimadzu,ORGANIZATION
65,LC,O
65,‐,O
65,20,NUMBER
65,system,O
65,(,O
65,Shimadzu,ORGANIZATION
65,.,O
65,Japan,COUNTRY
65,),O
65,equipped,O
65,8amm,TIME
65,i.d.,O
65,.,O
65,10,NUMBER
65,m,O
65,.,O
65,Shimadzu,ORGANIZATION
65,.,O
65,2.02,NUMBER
65,.,O
65,m,O
65,Tokyo,CITY
65,.,O
65,Japan,COUNTRY
65,),O
65,with,O
65,a,O
65,flow,O
65,rate,O
65,at,O
65,10,NUMBER
65,mL,O
65,/,O
65,min,DURATION
65,at,O
65,25,NUMBER
65,C,O
65,.,O
65,which,O
65,was,O
65,recorded,O
65,by,O
65,a,O
65,binary,O
65,channel2,O
65,.33,NUMBER
65,.,O
65,UV,O
65,m,O
65,detector,O
65,at,O
65,210,NUMBER
65,nm,O
65,and,O
65,254,NUMBER
65,nm,O
65,.,O
65,The,O
65,analytical,O
65,chiral,O
65,HPLC,O
65,used,O
65,was,O
65,a,O
65,JASCO,ORGANIZATION
65,system,O
65,equipped,O
65,a,O
65,Daicel,ORGANIZATION
65,Chiralpak,ORGANIZATION
65,5,NUMBER
65,m,O
65,),O
65,and,O
65,a,O
65,CD,O
65,‐,O
65,2095,DATE
65,chiral,O
65,detector,O
65,at,O
65,280,NUMBER
65,nm,O
65,.,O
65,The,O
65,mobile,TITLE
65,phase,O
65,was,O
65,n,O
65,‐,O
65,hexane,O
65,/,O
65,isopropanol,O
65,v,O
65,/,O
65,v,O
65,),O
65,used,O
65,at,O
65,a,O
65,flow,O
65,rate,O
65,of,O
65,0.5,NUMBER
65,mL,O
65,/,O
65,min,DURATION
65,.,O
65,Column,O
65,chromatography,O
65,(,O
65,CC,O
65,),O
65,was,O
65,performed,O
65,with,O
65,silica,O
65,gel,O
65,(,O
65,200300,NUMBER
65,mesh,O
65,.,O
65,Qingdao,ORGANIZATION
65,Marine,ORGANIZATION
65,Chemical,ORGANIZATION
65,Inc.,ORGANIZATION
65,.,O
65,Qingdao,CITY
65,.,O
65,China,COUNTRY
65,),O
65,and,O
65,ODS,O
65,(,O
65,50,NUMBER
65,m,O
65,.,O
65,YMC,O
65,.,O
65,Kyoto,LOCATION
65,.,O
65,Japan,COUNTRY
65,),O
65,on,O
65,a,O
65,Flash,MISC
65,machine,O
65,.,O
65,San,O
65,‐,O
65,tai,O
65,gel,O
65,GF254,O
65,plates,O
65,7.09,NUMBER
65,.,O
65,mwas,O
65,performed,O
65,40.0,NUMBER
65,using,O
65,precoated,O
65,Mar,DATE
65,.,O
65,Drugs,CRIMINAL_CHARGE
65,2020,DATE
65,.,O
65,18,NUMBER
65,.,O
65,338,NUMBER
65,3.2,NUMBER
65,.,O
65,Fungal,O
65,Material,O
65,The,O
65,endophytic,O
65,DY180635,O
65,was,O
65,isolated,O
65,from,O
65,a,O
65,sample,O
65,of,O
65,crab,O
65,(,O
65,Chiromantes,O
65,haema,O
65,‐,O
65,tocheir,O
65,),O
65,.,O
65,which,O
65,was,O
65,collected,O
65,from,O
65,the,O
65,intertidal,O
65,zone,O
65,of,O
65,Zhoushan,LOCATION
65,.,O
65,Zhejiang,STATE_OR_PROVINCE
65,.,O
65,China,COUNTRY
65,.,O
65,in,O
65,June,DATE
65,2018,DATE
65,.,O
65,It,O
65,was,O
65,incubated,O
65,on,O
65,a,O
65,potato,O
65,dextrose,O
65,agar,O
65,(,O
65,PDA,O
65,),O
65,plate,O
65,at,O
65,28,NUMBER
65,C,O
65,.,O
65,The,O
65,strain,O
65,DY180635,O
65,was,O
65,identified,O
65,using,O
65,ITS,O
65,rDNA,O
65,sequence,O
65,analysis,O
65,by,O
65,RuiDi,O
65,(,O
65,Shang,O
65,‐,O
65,hai,O
65,.,O
65,China,COUNTRY
65,),O
65,and,O
65,its,O
65,DNA,O
65,sequence,O
65,using,O
65,BLAST,O
65,was,O
65,compared,O
65,to,O
65,the,O
65,GenBank,ORGANIZATION
65,data,O
65,.,O
65,The,O
65,result,O
65,of,O
65,BLAST,O
65,searching,O
65,was,O
65,closest,O
65,to,O
65,that,O
65,of,O
65,Aspergillus,O
65,versicolor,O
65,NRRL,O
65,238,NUMBER
65,(,O
65,GenBank,ORGANIZATION
65,accession,O
65,number,O
65,NG_067623,O
65,),O
65,with,O
65,99,PERCENT
65,%,PERCENT
65,sequence,O
65,identity,O
65,.,O
65,The,O
65,nucleotide,O
65,sequences,O
65,of,O
65,the,O
65,ITS,O
65,gene,O
65,(,O
65,accession,O
65,number,O
65,MT361076,O
65,),O
65,of,O
65,A.,O
65,versicolor,O
65,DY180635,O
65,were,O
65,deposited,O
65,in,O
65,GenBank,ORGANIZATION
65,.,O
65,A,O
65,reference,O
65,culture,O
65,is,O
65,stored,O
65,in,O
65,State,O
65,Key,O
65,Laboratory,O
65,of,O
65,Bioreactor,O
65,Engineering,O
65,labora,O
65,‐,O
65,tory,O
65,of,O
65,Shanghai,CITY
65,at,O
65,80,NUMBER
65,C.,O
65,3.3,NUMBER
65,.,O
65,Fermentation,O
65,.,O
65,Extraction,O
65,.,O
65,and,O
65,Isolation,O
65,The,O
65,fungus,O
65,was,O
65,incubated,O
65,on,O
65,potato,O
65,dextrose,O
65,agar,O
65,(,O
65,PDA,O
65,),O
65,medium,O
65,at,O
65,28,NUMBER
65,C,O
65,for,O
65,approximately,O
65,23,DURATION
65,days,DURATION
65,;,O
65,then,O
65,it,O
65,was,O
65,cut,O
65,into,O
65,three,NUMBER
65,agar,O
65,pieces,O
65,(,O
65,nearly,O
65,the,O
65,size,O
65,of,O
65,0.5,NUMBER
65,0.5,NUMBER
65,0.5,NUMBER
65,cm,O
65,),O
65,and,O
65,transferred,O
65,into,O
65,a,O
65,500,NUMBER
65,mL,O
65,Erlenmeyer,O
65,flask,O
65,.,O
65,containing,O
65,200,NUMBER
65,mL,O
65,of,O
65,potato,O
65,dextrose,O
65,broth,O
65,(,O
65,PDB,O
65,),O
65,.,O
65,The,O
65,flasks,O
65,were,O
65,cultured,O
65,for,O
65,2,DURATION
65,days,DURATION
65,at,O
65,28,NUMBER
65,C,O
65,on,O
65,a,O
65,rotary,O
65,shaker,TITLE
65,at,O
65,180,NUMBER
65,rpm,O
65,for,O
65,inoculation,O
65,.,O
65,The,O
65,seed,O
65,cultures,O
65,were,O
65,added,O
65,to,O
65,the,O
65,200,NUMBER
65,1,NUMBER
65,L,O
65,flasks,O
65,containing,O
65,rice,O
65,medium,O
65,(,O
65,110,NUMBER
65,g,O
65,rice,O
65,.,O
65,120,NUMBER
65,mL,O
65,deionized,O
65,water,O
65,),O
65,.,O
65,which,O
65,was,O
65,previously,DATE
65,ster,O
65,‐,O
65,ilized,O
65,at,O
65,121,NUMBER
65,C,O
65,for,O
65,25,DURATION
65,min,DURATION
65,.,O
65,All,O
65,flasks,O
65,were,O
65,incubated,O
65,at,O
65,28,NUMBER
65,C,O
65,for,O
65,four,DURATION
65,weeks,DURATION
65,.,O
65,Following,O
65,incubation,O
65,.,O
65,the,O
65,solid,O
65,rice,O
65,cultures,O
65,were,O
65,extracted,O
65,three,NUMBER
65,times,O
65,by,O
65,EtOAc,O
65,to,O
65,give,O
65,a,O
65,crude,O
65,extract,O
65,(,O
65,489.0,NUMBER
65,g,O
65,),O
65,;,O
65,the,O
65,crude,O
65,extract,O
65,was,O
65,suspended,O
65,in,O
65,water,O
65,and,O
65,then,O
65,par,O
65,‐,O
65,titioned,O
65,with,O
65,EtOAc,O
65,to,O
65,give,O
65,an,O
65,EtOAc,O
65,soluble,O
65,fraction,O
65,(,O
65,185.2,NUMBER
65,g,O
65,),O
65,after,O
65,the,O
65,solvent,O
65,was,O
65,removed,O
65,to,O
65,dryness,O
65,under,O
65,reduced,O
65,pressure,O
65,.,O
65,The,O
65,EtOAc,O
65,fraction,O
65,was,O
65,further,O
65,separated,O
65,on,O
65,macroporous,O
65,adsorbent,O
65,resin,O
65,with,O
65,a,O
65,stepped,O
65,gradient,O
65,elution,O
65,with,O
65,EtOH,O
65,‐,O
65,H2,O
65,O,O
65,(,O
65,30,NUMBER
65,.,O
65,50,NUMBER
65,.,O
65,70,NUMBER
65,and,O
65,100,PERCENT
65,%,PERCENT
65,),O
65,.,O
65,The,O
65,50,PERCENT
65,%,PERCENT
65,fraction,O
65,was,O
65,sequentially,O
65,separated,O
65,by,O
65,silica,O
65,gel,O
65,with,O
65,petroleum,O
65,ether,O
65,‐,O
65,EtOAc,O
65,(,O
65,5:1,NUMBER
65,to,O
65,0:1,NUMBER
65,),O
65,to,O
65,give,O
65,four,NUMBER
65,subfrac,O
65,‐,O
65,tions,O
65,(,O
65,AD,O
65,),O
65,using,O
65,the,O
65,TLC,O
65,.,O
65,The,O
65,subfraction,O
65,B,O
65,(,O
65,9.0,NUMBER
65,g,O
65,),O
65,was,O
65,sequen,O
65,‐,O
65,tially,O
65,loaded,O
65,onto,O
65,silica,O
65,gel,O
65,CC,O
65,(,O
65,petroleum,O
65,ether,O
65,‐,O
65,EtOAc,O
65,.,O
65,5:1,O
65,),O
65,and,O
65,preparative,O
65,HPLC,O
65,(,O
65,MeCN,O
65,‐,O
65,H2,O
65,O,O
65,.,O
65,50:50,NUMBER
65,.,O
65,10.0,NUMBER
65,mL,O
65,/,O
65,min,DURATION
65,),O
65,to,O
65,yield,O
65,com,O
65,‐,O
65,pounds,O
65,1,NUMBER
65,(,O
65,10.4,NUMBER
65,mg,O
65,.,O
65,tR,O
65,34.9,DURATION
65,min,DURATION
65,),O
65,.,O
65,2,NUMBER
65,(,O
65,6.4,NUMBER
65,mg,O
65,.,O
65,tR,O
65,27.1,DURATION
65,min,DURATION
65,),O
65,.,O
65,4,NUMBER
65,(,O
65,5.9,NUMBER
65,mg,O
65,.,O
65,tR,O
65,33.5,DURATION
65,min,DURATION
65,),O
65,.,O
65,and,O
65,6,NUMBER
65,(,O
65,8.7,NUMBER
65,mg,O
65,.,O
65,tR,O
65,23.2,DURATION
65,min,DURATION
65,),O
65,.,O
65,Subfraction,O
65,C,O
65,(,O
65,15.0,NUMBER
65,g,O
65,),O
65,was,O
65,further,O
65,separated,O
65,by,O
65,an,O
65,ODS,O
65,column,O
65,(,O
65,MeCN,O
65,‐,O
65,H2,O
65,O,O
65,.,O
65,40:60,NUMBER
65,),O
65,and,O
65,repeated,O
65,preparative,O
65,HPLC,O
65,with,O
65,MeCN,O
65,‐,O
65,H2,O
65,O,O
65,(,O
65,50:50,NUMBER
65,.,O
65,10,NUMBER
65,mL,O
65,/,O
65,min,DURATION
65,),O
65,to,O
65,give,O
65,compounds,O
65,3,NUMBER
65,(,O
65,4.6,NUMBER
65,mg,O
65,.,O
65,tR,O
65,8.8,DURATION
65,min,DURATION
65,),O
65,and,O
65,5,NUMBER
65,(,O
65,4.7,NUMBER
65,mg,O
65,.,O
65,tR,O
65,17.1,DURATION
65,min,DURATION
65,),O
65,.,O
65,Aspamide,MISC
65,A,MISC
65,(,O
65,1,NUMBER
65,),O
65,:,O
65,yellowish,O
65,powder,O
65,;,O
65,[,O
65,],O
65,25,NUMBER
65,D,O
65,+,O
65,120.0,NUMBER
65,(,O
65,c,O
65,0.05,NUMBER
65,.,O
65,MeOH,O
65,),O
65,;,O
65,ECD,O
65,(,O
65,5,NUMBER
65,mg,O
65,/,O
65,L,O
65,.,O
65,MeOH,O
65,),O
65,max,O
65,(,O
65,),O
65,212,NUMBER
65,(,O
65,92.18,NUMBER
65,),O
65,.,O
65,245,NUMBER
65,(,O
65,41.48,NUMBER
65,),O
65,335,NUMBER
65,(,O
65,19.29,NUMBER
65,),O
65,nm,O
65,;,O
65,UV,O
65,(,O
65,MeOH,O
65,),O
65,max,O
65,(,O
65,log,O
65,),O
65,200,NUMBER
65,(,O
65,6.13,NUMBER
65,),O
65,.,O
65,224,NUMBER
65,(,O
65,6.13,NUMBER
65,),O
65,.,O
65,284,NUMBER
65,(,O
65,5.46,NUMBER
65,),O
65,.,O
65,341,NUMBER
65,(,O
65,5.68,NUMBER
65,),O
65,for,O
65,C23,O
65,H28,O
65,N3,O
65,O3,O
65,.,O
65,394.2125,NUMBER
65,),O
65,.,O
65,Aspamide,O
65,B,O
65,(,O
65,2,NUMBER
65,),O
65,:,O
65,yellowish,O
65,powder,O
65,;,O
65,[,O
65,],O
65,25,NUMBER
65,D,O
65,+,O
65,112.0,NUMBER
65,(,O
65,c,O
65,0.05,NUMBER
65,.,O
65,MeOH,O
65,),O
65,;,O
65,ECD,O
65,(,O
65,5,NUMBER
65,mg,O
65,/,O
65,L,O
65,.,O
65,MeOH,O
65,),O
65,max,O
65,(,O
65,),O
65,212,NUMBER
65,(,O
65,83.31,NUMBER
65,),O
65,.,O
65,261,NUMBER
65,(,O
65,37.91,NUMBER
65,),O
65,.,O
65,340,NUMBER
65,(,O
65,20.41,NUMBER
65,),O
65,nm,O
65,;,O
65,UV,O
65,(,O
65,MeOH,O
65,),O
65,max,O
65,(,O
65,log,O
65,),O
65,200,NUMBER
65,(,O
65,6.18,NUMBER
65,),O
65,.,O
65,224,NUMBER
65,(,O
65,6.18,NUMBER
65,),O
65,.,O
65,283,NUMBER
65,(,O
65,5.45,NUMBER
65,),O
65,.,O
65,345,NUMBER
65,(,O
65,5.73,NUMBER
65,),O
65,for,O
65,C23,O
65,H28,O
65,N3,O
65,O3,O
65,.,O
65,394.2125,NUMBER
65,),O
65,.,O
65,Aspamide,O
65,C,O
65,(,O
65,3,NUMBER
65,),O
65,:,O
65,yellowish,O
65,powder,O
65,;,O
65,[,O
65,],O
65,25,NUMBER
65,D,O
65,+,O
65,125.0,NUMBER
65,(,O
65,c,O
65,0.05,NUMBER
65,.,O
65,MeOH,O
65,),O
65,;,O
65,ECD,O
65,(,O
65,5,NUMBER
65,mg,O
65,/,O
65,L,O
65,.,O
65,MeOH,O
65,),O
65,max,O
65,(,O
65,),O
65,211,NUMBER
65,(,O
65,103.75,NUMBER
65,),O
65,.,O
65,255,NUMBER
65,(,O
65,44.38,NUMBER
65,),O
65,.,O
65,334,NUMBER
65,(,O
65,24.79,NUMBER
65,),O
65,nm,O
65,;,O
65,UV,O
65,(,O
65,MeOH,O
65,),O
65,max,O
65,(,O
65,log,O
65,),O
65,200,NUMBER
65,(,O
65,6.20,NUMBER
65,),O
65,.,O
65,224,NUMBER
65,(,O
65,6.19,NUMBER
65,),O
65,.,O
65,284,NUMBER
65,(,O
65,5.56,NUMBER
65,),O
65,.,O
65,337,NUMBER
65,(,O
65,5.75,NUMBER
65,),O
65,for,O
65,C21,O
65,H24,O
65,N3,O
65,O3,O
65,.,O
65,366.1812,NUMBER
65,),O
65,.,O
65,(,O
65,),O
65,‐,O
65,Aspamide,O
65,D,O
65,(,O
65,4,NUMBER
65,),O
65,:,O
65,colorless,O
65,gum,O
65,;,O
65,[,O
65,],O
65,25,NUMBER
65,D,O
65,+,O
65,5.0,NUMBER
65,(,O
65,c,O
65,0.05,NUMBER
65,.,O
65,MeOH,O
65,),O
65,;,O
65,UV,O
65,(,O
65,MeOH,O
65,),O
65,max,O
65,(,O
65,log,O
65,),O
65,200,NUMBER
65,(,O
65,6.07,NUMBER
65,),O
65,.,O
65,394.2122,NUMBER
65,[,O
65,M,O
65,+,O
65,H,O
65,],O
65,+,O
65,.,O
65,(,O
65,calcd,O
65,.,O
65,for,O
65,C23,O
65,H28,O
65,N3,O
65,O3,O
65,.,O
65,394.2125,NUMBER
65,),O
65,.,O
65,Aspamide,O
65,F,O
65,(,O
65,5,NUMBER
65,),O
65,:,O
65,brown,O
65,powder,O
65,;,O
65,[,O
65,],O
65,25,NUMBER
65,D,O
65,+,O
65,40.0,NUMBER
65,(,O
65,c,O
65,0.05,NUMBER
65,.,O
65,MeOH,O
65,),O
65,;,O
65,ECD,O
65,(,O
65,5,NUMBER
65,mg,O
65,/,O
65,L,O
65,.,O
65,MeOH,O
65,),O
65,max,O
65,(,O
65,),O
65,212,NUMBER
65,(,O
65,65.33,NUMBER
65,),O
65,.,O
65,220,NUMBER
65,(,O
65,62.98,NUMBER
65,),O
65,.,O
65,237,NUMBER
65,(,O
65,52.79,NUMBER
65,),O
65,nm,O
65,;,O
65,UV,O
65,(,O
65,MeOH,O
65,),O
65,max,O
65,(,O
65,log,O
65,),O
65,206,NUMBER
65,(,O
65,5.95,NUMBER
65,),O
65,.,O
65,224,NUMBER
65,(,O
65,6.15,NUMBER
65,),O
65,.,O
65,270,NUMBER
65,(,O
65,5.25,NUMBER
65,),O
65,.,O
65,Mar,DATE
65,.,O
65,Drugs,CRIMINAL_CHARGE
65,2020,DATE
65,.,O
65,18,NUMBER
65,.,O
65,338,NUMBER
65,(,O
65,calcd,O
65,.,O
65,for,O
65,C19,O
65,H18,O
65,N3,O
65,O3,O
65,.,O
65,336.1343,NUMBER
65,),O
65,.,O
65,Aspamide,O
65,G,O
65,(,O
65,6,NUMBER
65,),O
65,:,O
65,brown,O
65,powder,O
65,;,O
65,[,O
65,],O
65,25,NUMBER
65,D,O
65,+,O
65,56.0,NUMBER
65,(,O
65,c,O
65,0.05,NUMBER
65,.,O
65,MeOH,O
65,),O
65,;,O
65,ECD,O
65,(,O
65,5,NUMBER
65,mg,O
65,/,O
65,L,O
65,.,O
65,MeOH,O
65,),O
65,max,O
65,(,O
65,),O
65,212,NUMBER
65,(,O
65,76.04,NUMBER
65,),O
65,.,O
65,221,NUMBER
65,(,O
65,75.42,NUMBER
65,),O
65,.,O
65,237,NUMBER
65,(,O
65,‐,O
65,62.18,NUMBER
65,),O
65,nm,O
65,;,O
65,UV,O
65,(,O
65,MeOH,O
65,),O
65,max,O
65,(,O
65,log,O
65,),O
65,205,NUMBER
65,(,O
65,5.92,NUMBER
65,),O
65,.,O
65,222,NUMBER
65,(,O
65,5.88,NUMBER
65,),O
65,.,O
65,270,NUMBER
65,(,O
65,5.16,NUMBER
65,),O
65,.,O
65,278,NUMBER
65,(,O
65,5.13,NUMBER
65,),O
65,for,O
65,C20,O
65,H20,O
65,N3,O
65,O3,O
65,.,O
65,350.1499,NUMBER
65,),O
65,.,O
65,3.4,NUMBER
65,.,O
65,ECD,O
65,Calculation,O
65,Monte,O
65,Carlo,O
65,conformational,O
65,searches,O
65,were,O
65,carried,O
65,out,O
65,by,O
65,means,O
65,of,O
65,the,O
65,Spartans,ORGANIZATION
65,14,NUMBER
65,software,O
65,using,O
65,the,O
65,Merck,ORGANIZATION
65,molecular,O
65,force,O
65,field,O
65,(,O
65,MMFF,O
65,),O
65,.,O
65,The,O
65,conformers,O
65,with,O
65,Boltzmann,MISC
65,population,O
65,of,O
65,over,O
65,1,PERCENT
65,%,PERCENT
65,were,O
65,chosen,O
65,for,O
65,ECD,O
65,calculations,O
65,.,O
65,and,O
65,then,O
65,the,O
65,conformers,O
65,were,O
65,initially,O
65,optimized,O
65,at,O
65,the,O
65,B3LYP,O
65,/,O
65,6,NUMBER
65,‐,O
65,31G,NUMBER
65,(,O
65,d,O
65,.,O
65,p,O
65,),O
65,level,O
65,in,O
65,gas,O
65,.,O
65,The,O
65,theoretical,O
65,calculation,O
65,of,O
65,ECD,O
65,was,O
65,conducted,O
65,in,O
65,MeOH,O
65,using,O
65,Time,O
65,‐,O
65,dependent,O
65,Density,O
65,functional,O
65,theory,O
65,(,O
65,TD,O
65,‐,O
65,DFT,O
65,),O
65,at,O
65,the,O
65,B3LYP,O
65,/,O
65,6,NUMBER
65,‐,O
65,31,NUMBER
65,+,O
65,G,O
65,(,O
65,d,O
65,.,O
65,p,O
65,),O
65,level,O
65,for,O
65,all,O
65,conform,O
65,‐,O
65,ers,O
65,.,O
65,Rotatory,O
65,strengths,O
65,for,O
65,a,O
65,total,O
65,of,O
65,100,NUMBER
65,excited,O
65,states,O
65,were,O
65,calculated,O
65,.,O
65,ECD,O
65,spectra,O
65,were,O
65,generated,O
65,using,O
65,the,O
65,program,O
65,SpecDis,O
65,San,CITY
65,Diego,CITY
65,.,O
65,USA,COUNTRY
65,),O
65,from,O
65,dipole,O
65,‐,O
65,length,O
65,rotational,O
65,strengths,O
65,by,O
65,apply,O
65,‐,O
65,ing,O
65,Gaussian,MISC
65,band,O
65,shapes,O
65,with,O
65,were,O
65,produced,O
65,directly,O
65,by,O
65,mirror,O
65,inversions,O
65,.,O
65,3.5,NUMBER
65,.,O
65,Virtual,O
65,Screening,O
65,Against,O
65,COVID,O
65,‐,O
65,19,NUMBER
65,Main,O
65,Pro,O
65,‐,O
65,tease,O
65,3.5.1,NUMBER
65,.,O
65,Protein,O
65,and,O
65,Ligand,ORGANIZATION
65,Preparation,O
65,COVID,O
65,‐,O
65,19,NUMBER
65,[,O
65,27,NUMBER
65,],O
65,.,O
65,Thus,O
65,.,O
65,the,O
65,virtual,O
65,screening,O
65,was,O
65,conducted,O
65,by,O
65,using,O
65,the,O
65,SARS,O
65,‐,O
65,CoV,O
65,‐,O
65,2,NUMBER
65,en,O
65,‐,O
65,zyme,O
65,(,O
65,PDB,O
65,ID,STATE_OR_PROVINCE
65,optimized,O
65,by,O
65,using,O
65,the,O
65,protein,O
65,preparation,O
65,wizard,O
65,module,O
65,in,O
65,Maestro,O
65,software,O
65,package,O
65,(,O
65,Schrodinger,ORGANIZATION
65,LLC,ORGANIZATION
65,.,O
65,NY,STATE_OR_PROVINCE
65,.,O
65,USA,COUNTRY
65,),O
65,.,O
65,Specifically,O
65,.,O
65,the,O
65,water,O
65,and,O
65,heteroatom,O
65,were,O
65,removed,O
65,.,O
65,the,O
65,polar,O
65,hydrogens,O
65,were,O
65,added,O
65,to,O
65,the,O
65,protein,O
65,to,O
65,the,O
65,protonation,O
65,state,O
65,.,O
65,the,O
65,entire,O
65,structure,O
65,was,O
65,assumed,O
65,as,O
65,a,O
65,neutral,IDEOLOGY
65,pH,COUNTRY
65,.,O
65,and,O
65,the,O
65,energy,O
65,of,O
65,the,O
65,structure,O
65,was,O
65,minimized,O
65,by,O
65,using,O
65,an,O
65,OPLS2005,O
65,force,O
65,field,O
65,.,O
65,The,O
65,docking,O
65,grid,O
65,of,O
65,20,NUMBER
65,size,O
65,was,O
65,generated,O
65,over,O
65,the,O
65,co,O
65,‐,O
65,crystallized,O
65,ligand,O
65,.,O
65,All,O
65,compounds,O
65,117,NUMBER
65,were,O
65,implemented,O
65,by,O
65,Ligprep,O
65,software,O
65,.,O
65,and,O
65,the,O
65,structure,O
65,energy,O
65,was,O
65,minimized,O
65,using,O
65,OPL2005,O
65,force,O
65,field,O
65,.,O
65,3.5.2,NUMBER
65,.,O
65,Virtual,O
65,Screening,O
65,Virtual,O
65,screening,O
65,was,O
65,performed,O
65,by,O
65,the,O
65,Schrodinger,PERSON
65,glide,O
65,docking,O
65,module,O
65,.,O
65,and,O
65,the,O
65,standardprecision,O
65,(,O
65,SP,O
65,),O
65,docking,O
65,was,O
65,designated,O
65,to,O
65,get,O
65,accurate,O
65,results,O
65,[,O
65,37,NUMBER
65,],O
65,.,O
65,The,O
65,results,O
65,were,O
65,measured,O
65,by,O
65,docking,O
65,score,O
65,.,O
65,and,O
65,only,O
65,the,O
65,compounds,O
65,with,O
65,scores,O
65,in,O
65,the,O
65,top,O
65,half,O
65,were,O
65,subjected,O
65,to,O
65,the,O
65,extra,O
65,‐,O
65,precision,O
65,3.6,NUMBER
65,.,O
65,Cell,O
65,Culture,O
65,and,O
65,Cell,O
65,Viability,O
65,Assay,O
65,The,O
65,human,O
65,monocytic,O
65,cell,O
65,line,O
65,.,O
65,THP,O
65,‐,O
65,1,NUMBER
65,(,O
65,Cell,ORGANIZATION
65,Bank,ORGANIZATION
65,of,ORGANIZATION
65,China,ORGANIZATION
65,Science,ORGANIZATION
65,Academy,ORGANIZATION
65,.,O
65,Shanghai,CITY
65,.,O
65,China,COUNTRY
65,),O
65,and,O
65,P.,O
65,acnes,O
65,(,O
65,ATCC6919,O
65,.,O
65,Xiangfu,PERSON
65,biotech,O
65,.,O
65,Shanghai,CITY
65,.,O
65,China,COUNTRY
65,),O
65,.,O
65,were,O
65,used,O
65,for,O
65,the,O
65,anti,O
65,‐,O
65,inflammatory,O
65,assay,O
65,.,O
65,THP,O
65,‐,O
65,1,NUMBER
65,cells,O
65,were,O
65,cultured,O
65,in,O
65,RPMI1640,O
65,medium,O
65,with,O
65,10,PERCENT
65,%,PERCENT
65,fetal,O
65,bovine,O
65,serum,O
65,(,O
65,FBS,O
65,.,O
65,Gibco,PERSON
65,.,O
65,NY,STATE_OR_PROVINCE
65,.,O
65,USA,COUNTRY
65,),O
65,in,O
65,a,O
65,humidified,O
65,incubator,O
65,(,O
65,37,NUMBER
65,C,O
65,.,O
65,5,PERCENT
65,%,PERCENT
65,CO2,O
65,),O
65,.,O
65,P.,O
65,acnes,O
65,bacte,O
65,‐,O
65,ria,O
65,were,O
65,incubated,O
65,in,O
65,Cooked,O
65,Meat,O
65,Medium,O
65,.,O
65,containing,O
65,cooked,O
65,beef,O
65,granules,O
65,(,O
65,Rishui,O
65,biotechnology,O
65,.,O
65,Qingdao,CITY
65,.,O
65,China,COUNTRY
65,),O
65,in,O
65,an,O
65,anaerobic,O
65,environment,O
65,.,O
65,The,O
65,THP,O
65,‐,O
65,1,NUMBER
65,cells,O
65,were,O
65,stimulated,O
65,by,O
65,the,O
65,P.,O
65,acnes,O
65,.,O
65,which,O
65,was,O
65,harvested,O
65,at,O
65,the,O
65,exponential,O
65,phase,O
65,.,O
65,The,O
65,viability,O
65,of,O
65,THP,O
65,‐,O
65,1,NUMBER
65,cells,O
65,was,O
65,evaluated,O
65,by,O
65,the,O
65,MTT,O
65,assay,O
65,.,O
65,specifically,O
65,.,O
65,seeding,O
65,the,O
65,THP,O
65,‐,O
65,1,NUMBER
65,cells,O
65,in,O
65,96,NUMBER
65,‐,O
65,well,O
65,plates,O
65,at,O
65,a,O
65,density,O
65,of,O
65,2,NUMBER
65,105,NUMBER
65,cells,O
65,/,O
65,well,O
65,and,O
65,treated,O
65,with,O
65,serially,O
65,diluted,O
65,compounds,O
65,for,O
65,36,NUMBER
65,h,O
65,(,O
65,37,NUMBER
65,C,O
65,.,O
65,5,PERCENT
65,%,PERCENT
65,CO2,O
65,),O
65,.,O
65,After,O
65,that,O
65,.,O
65,we,O
65,added,O
65,20,NUMBER
65,L,O
65,MTT,O
65,regent,O
65,(,O
65,5,NUMBER
65,mg,O
65,/,O
65,mL,O
65,.,O
65,Genetimes,ORGANIZATION
65,Technology,ORGANIZATION
65,Inc.,ORGANIZATION
65,.,O
65,Mar,DATE
65,.,O
65,Drugs,CRIMINAL_CHARGE
65,2020,DATE
65,.,O
65,18,NUMBER
65,.,O
65,338,NUMBER
65,Shanghai,CITY
65,.,O
65,China,COUNTRY
65,),O
65,to,O
65,each,O
65,well,O
65,and,O
65,incubated,O
65,the,O
65,samples,O
65,at,O
65,37,NUMBER
65,C,O
65,for,O
65,4,NUMBER
65,h.,O
65,Removing,O
65,the,O
65,supernatant,O
65,.,O
65,the,O
65,formazan,O
65,crystals,O
65,were,O
65,fully,O
65,solu,O
65,‐,O
65,bilized,O
65,in,O
65,DMSO,ORGANIZATION
65,(,O
65,150,NUMBER
65,L,O
65,),O
65,.,O
65,and,O
65,the,O
65,absorbance,O
65,was,O
65,measured,O
65,at,O
65,570,NUMBER
65,nm,O
65,and,O
65,630,NUMBER
65,nm,O
65,.,O
65,Chemical,O
65,investigation,O
65,of,O
65,a,O
65,marine,TITLE
65,‐,O
65,derived,O
65,fungus,O
65,Aspergillus,O
65,versicolor,O
65,DY180635,O
65,led,O
65,to,O
65,the,O
65,isolation,O
65,and,O
65,identi,O
65,‐,O
65,fication,O
65,of,O
65,four,NUMBER
65,new,O
65,IDPKs,O
65,.,O
65,aspamides,O
65,AE,O
65,(,O
65,14,NUMBER
65,),O
65,and,O
65,two,NUMBER
65,new,O
65,DPKs,O
65,.,O
65,aspamides,O
65,FG,O
65,(,O
65,56,NUMBER
65,),O
65,.,O
65,along,O
65,with,O
65,11,NUMBER
65,known,O
65,diketopiperazines,O
65,and,O
65,in,O
65,‐,O
65,termediates,O
65,.,O
65,Further,O
65,chiral,O
65,high,O
65,‐,O
65,performance,O
65,liquid,O
65,chromatogra,O
65,‐,O
65,phy,O
65,resolution,O
65,gave,O
65,enantiomers,O
65,(,O
65,+,O
65,),O
65,‐,O
65,and,O
65,(,O
65,),O
65,‐,O
65,4,NUMBER
65,.,O
65,respectively,O
65,.,O
65,The,O
65,structures,O
65,and,O
65,HRESIMS,O
65,.,O
65,and,O
65,ECD,O
65,calculation,O
65,.,O
65,Compounds,O
65,117,NUMBER
65,were,O
65,selected,O
65,for,O
65,the,O
65,virtual,O
65,screening,O
65,on,O
65,the,O
65,3CL,O
65,hydrolase,O
65,(,O
65,Mpro,O
65,),O
65,of,O
65,SARS,O
65,‐,O
65,CoV,O
65,‐,O
65,2,NUMBER
65,.,O
65,and,O
65,compounds,O
65,12,NUMBER
65,.,O
65,5,NUMBER
65,.,O
65,6,NUMBER
65,.,O
65,8,NUMBER
65,and,O
65,17,NUMBER
65,possessed,O
65,top,O
65,dock,O
65,‐,O
65,ing,O
65,scores,O
65,Funding,O
65,:,O
65,This,O
65,work,O
65,was,O
65,funded,O
65,by,O
65,the,O
65,National,O
65,Key,O
65,R&D,O
65,Program,O
65,of,O
65,China,COUNTRY
65,(,O
65,2018YFC1706200,O
65,.,O
65,2019YFC0312504,O
65,),O
65,.,O
65,and,O
65,the,O
65,Na,MISC
65,‐,O
65,tional,O
65,Natural,ORGANIZATION
65,Science,ORGANIZATION
65,Foundation,ORGANIZATION
65,of,ORGANIZATION
65,China,ORGANIZATION
65,(,O
65,41876189,NUMBER
65,.,O
65,81703388,NUMBER
65,),O
65,.,O
65,This,O
65,work,O
65,was,O
65,also,O
65,supported,O
65,on,O
65,the,O
65,Mpro,O
65,of,O
65,SARS,O
65,‐,O
65,CoV,O
65,‐,O
65,2,NUMBER
65,.,O
65,Strobel,PERSON
65,.,O
65,G.,O
65,;,O
65,Daisy,PERSON
65,.,O
65,B.,O
65,;,O
65,Castillo,PERSON
65,.,O
65,U.,O
65,;,O
65,Harper,PERSON
65,.,O
65,J.,O
65,Natural,O
65,products,O
65,from,O
65,en,O
65,‐,O
65,dophytic,O
65,microorganisms,O
65,.,O
65,J.,PERSON
65,Nat,PERSON
65,.,O
65,Prod,O
65,.,O
65,Blunt,O
65,.,O
65,J.W.,PERSON
65,;,O
65,Copp,PERSON
65,.,O
65,B.R.,O
65,;,O
65,Keyzers,O
65,.,O
65,R.A.,O
65,;,O
65,Munro,PERSON
65,.,O
65,M.H.G.,O
65,;,O
65,Prinsep,LOCATION
65,.,O
65,M.R.,O
65,Marine,TITLE
65,natural,O
65,prod,O
65,‐,O
65,ucts,O
65,.,O
65,Nat,PERSON
65,.,O
65,Prod,O
65,.,O
65,Rep.,TITLE
65,2017,DATE
65,.,O
65,34,NUMBER
65,.,O
65,235294,NUMBER
65,.,O
65,[,O
65,CrossRef,O
65,],O
65,[,O
65,PubMed,O
65,],O
65,Bug,O
65,‐,O
65,ni,O
65,.,O
65,T.S.,O
65,;,O
65,Ireland,COUNTRY
65,.,O
65,C.M.,O
65,Marine,TITLE
65,‐,O
65,derived,O
65,fungi,O
65,:,O
65,A,O
65,chemically,O
65,and,O
65,biologically,O
65,diverse,O
65,group,O
65,of,O
65,microorganisms,O
65,.,O
65,Nat,PERSON
65,.,O
65,Prod,O
65,.,O
65,Rep.,TITLE
65,2004,DATE
65,.,O
65,21,NUMBER
65,.,O
65,143163,NUMBER
65,.,O
65,[,O
65,CrossRef,O
65,],O
65,Ma,O
65,.,O
65,Y.M.,O
65,;,O
65,Liang,PERSON
65,.,O
65,X.A.,O
65,;,O
65,Kong,PERSON
65,.,O
65,Y.,O
65,;,O
65,Jia,PERSON
65,.,O
65,B.,O
65,Structural,O
65,diversity,O
65,and,O
65,biological,O
65,activities,O
65,of,O
65,indole,O
65,diketopiperazine,O
65,alkaloids,O
65,from,O
65,fungi,O
65,.,O
65,J.,PERSON
65,Agric,PERSON
65,.,O
65,Food,ORGANIZATION
65,Chem,ORGANIZATION
65,.,O
65,2016,DATE
65,.,O
65,64,NUMBER
65,.,O
65,66596671,NUMBER
65,.,O
65,[,O
65,CrossRef,O
65,],O
65,[,O
65,PubMed,O
65,],O
65,Borthwick,LOCATION
65,.,O
65,A.D.,O
65,2.5,NUMBER
65,‐,O
65,Dike,O
65,‐,O
65,topiperazines,O
65,:,O
65,Synthesis,O
65,.,O
65,reactions,O
65,.,O
65,medicinal,O
65,chemistry,O
65,.,O
65,and,O
65,bioactive,O
65,natural,O
65,products,O
65,.,O
65,Chem,O
65,.,O
65,Rev.,TITLE
65,2012,DATE
65,.,O
65,112,NUMBER
65,.,O
65,36413716,NUMBER
65,.,O
65,[,O
65,CrossRef,O
65,],O
65,[,O
65,PubMed,O
65,],O
65,Wang,PERSON
65,.,O
65,W.L.,O
65,;,O
65,Lu,PERSON
65,.,O
65,Z.Y.,O
65,;,O
65,Tao,PERSON
65,.,O
65,H.W.,O
65,;,O
65,Zhu,PERSON
65,.,O
65,T.J.,O
65,;,O
65,Fang,PERSON
65,.,O
65,Y.C.,O
65,;,O
65,Gu,PERSON
65,.,O
65,Q.Q.,O
65,;,O
65,Zhu,PERSON
65,.,O
65,W.M.,PERSON
65,Isoechinulin,PERSON
65,‐,O
65,type,O
65,alkaloids,O
65,.,O
65,variecolorins,O
65,A,O
65,‐,O
65,L,O
65,.,O
65,from,O
65,halotolerant,O
65,Aspergillus,O
65,variecolor,O
65,.,O
65,J.,O
65,Nat,PERSON
65,.,O
65,Prod,O
65,.,O
65,2007,DATE
65,.,O
65,70,NUMBER
65,.,O
65,15581564,NUMBER
65,.,O
65,[,O
65,CrossRef,O
65,],O
65,Cai,PERSON
65,.,O
65,S.X.,O
65,;,O
65,Sun,O
65,.,O
65,S.W.,O
65,;,O
65,Peng,PERSON
65,.,O
65,J.X.,O
65,;,O
65,Kong,PERSON
65,.,O
65,X.L.,O
65,;,O
65,Zhou,PERSON
65,.,O
65,H.N.,PERSON
65,;,O
65,Zhu,PERSON
65,.,O
65,T.J.,O
65,;,O
65,Gu,PERSON
65,.,O
65,Q.Q.,O
65,;,O
65,Li,PERSON
65,.,O
65,D.H.,PERSON
65,Okaramines,O
65,S,O
65,‐,O
65,U,O
65,.,O
65,three,NUMBER
65,new,O
65,indole,O
65,diketopiperazine,O
65,alkaloids,O
65,from,O
65,Aspergillus,O
65,taichungensis,O
65,ZHN,O
65,‐,O
65,7,NUMBER
65,‐,O
65,07,NUMBER
65,.,O
65,Tetrahedron,O
65,2015,DATE
65,.,O
65,71,NUMBER
65,.,O
65,Wang,PERSON
65,.,O
65,F.Z.,O
65,;,O
65,Fang,PERSON
65,.,O
65,Y.C.,O
65,;,O
65,Zhu,PERSON
65,.,O
65,T.J.,O
65,;,O
65,Zhang,PERSON
65,.,O
65,M.,O
65,;,O
65,Lin,PERSON
65,.,O
65,A.Q.,O
65,;,O
65,Gu,PERSON
65,.,O
65,Q.Q.,O
65,;,O
65,Zhu,PERSON
65,.,O
65,W.M.,PERSON
65,Seven,PERSON
65,new,O
65,prenylated,O
65,indole,O
65,diketopiperazine,O
65,alkaloids,O
65,from,O
65,holothurian,O
65,‐,O
65,derived,O
65,fungus,O
65,Aspergillus,O
65,fumigatus,O
65,.,O
65,Tetrahedron,PERSON
65,2008,DATE
65,.,O
65,64,NUMBER
65,.,O
65,Tsukamoto,PERSON
65,.,O
65,S.,O
65,;,O
65,Kato,PERSON
65,.,O
65,H.,O
65,;,O
65,Samizo,PERSON
65,.,O
65,M.,O
65,;,O
65,Nojiri,PERSON
65,.,O
65,Y.,O
65,;,O
65,Onuki,PERSON
65,.,O
65,H.,O
65,;,O
65,Hirota,ORGANIZATION
65,.,O
65,H.,O
65,;,O
65,Ohta,PERSON
65,.,O
65,T.,PERSON
65,Notoamides,PERSON
65,FK,PERSON
65,.,O
65,prenylated,O
65,indole,O
65,alka,O
65,‐,O
65,loids,O
65,isolated,O
65,from,O
65,a,O
65,marine,TITLE
65,‐,O
65,derived,O
65,Aspergillus,O
65,sp,O
65,.,O
65,J.,PERSON
65,Nat,PERSON
65,.,O
65,Prod,O
65,.,O
65,2008,DATE
65,.,O
65,71,NUMBER
65,.,O
65,20642067,NUMBER
65,.,O
65,[,O
65,CrossRef,O
65,],O
65,Kozlovsky,PERSON
65,.,O
65,A.G.,O
65,;,O
65,Vinokurova,PERSON
65,.,O
65,N.G.,PERSON
65,;,O
65,Adanin,LOCATION
65,.,O
65,V.M.,PERSON
65,Diketopiperazine,PERSON
65,alkaloids,O
65,from,O
65,the,O
65,fungus,O
65,Penicillium,O
65,piscarium,O
65,westling,O
65,.,O
65,Appl,O
65,.,O
65,Biochem,ORGANIZATION
65,.,O
65,Microbiol,O
65,.,O
65,2000,DATE
65,.,O
65,36,NUMBER
65,.,O
65,271275,NUMBER
65,.,O
65,[,O
65,CrossRef,O
65,],O
65,Mar,DATE
65,.,O
65,Drugs,CRIMINAL_CHARGE
65,2020,DATE
65,.,O
65,18,NUMBER
65,.,O
65,338,NUMBER
65,Ravikanth,O
65,.,O
65,V.,O
65,;,O
65,Niranjan,PERSON
65,Reddy,PERSON
65,.,O
65,V.L.,O
65,;,O
65,Ramesh,PERSON
65,.,O
65,P.,O
65,;,O
65,Prabhakar,PERSON
65,Rao,PERSON
65,.,O
65,T.,O
65,;,O
65,Diwan,PERSON
65,.,O
65,P.V.,O
65,;,O
65,Khar,LOCATION
65,.,O
65,A.,O
65,;,O
65,Venkateswarlu,O
65,.,O
65,Y,O
65,.,O
65,An,O
65,immunosuppressive,O
65,tryptophan,O
65,‐,O
65,de,O
65,‐,O
65,rived,O
65,alkaloid,O
65,from,O
65,Lepidagathis,O
65,cristata,O
65,.,O
65,Phytochemistry,O
65,2001,DATE
65,.,O
65,58,NUMBER
65,.,O
65,Fujimoto,PERSON
65,.,O
65,H.,O
65,;,O
65,Sumino,PERSON
65,.,O
65,M.,O
65,;,O
65,Okuyama,PERSON
65,.,O
65,E.,O
65,;,O
65,Ishibashi,O
65,.,O
65,M.,O
65,Im,O
65,‐,O
65,munomodulatory,O
65,constituents,O
65,from,O
65,an,O
65,Ascomycete,O
65,.,O
65,J.,PERSON
65,Nat,PERSON
65,.,O
65,Prod,O
65,.,O
65,2004,DATE
65,.,O
65,67,NUMBER
65,.,O
65,98102,NUMBER
65,.,O
65,[,O
65,CrossRef,O
65,],O
65,Kuramochi,O
65,.,O
65,K.,O
65,;,O
65,Ohnishi,PERSON
65,.,O
65,K.,O
65,;,O
65,Fujieda,CITY
65,.,O
65,S.,O
65,;,O
65,Nakajima,PERSON
65,.,O
65,M.,O
65,;,O
65,Saitoh,PERSON
65,.,O
65,Y.,O
65,;,O
65,Watanabe,PERSON
65,.,O
65,N.,O
65,;,O
65,Takeuchi,PERSON
65,.,O
65,T.,O
65,;,O
65,Nakaza,O
65,‐,O
65,ki,O
65,.,O
65,A.,O
65,;,O
65,Sugawara,PERSON
65,.,O
65,F.,O
65,;,O
65,Arai,PERSON
65,.,O
65,T.,O
65,;,O
65,et,O
65,al,O
65,.,O
65,Synthesis,O
65,and,O
65,biological,O
65,activities,O
65,of,O
65,neoechinulin,O
65,A,O
65,derivatives,O
65,:,O
65,New,O
65,aspects,O
65,of,O
65,struc,O
65,‐,O
65,ture,O
65,‐,O
65,activity,O
65,relationships,O
65,for,O
65,neoechinulin,O
65,A.,O
65,Chem,O
65,.,O
65,Pharm,O
65,.,O
65,Bull,O
65,.,O
65,2008,DATE
65,.,O
65,56,NUMBER
65,.,O
65,17381743,NUMBER
65,.,O
65,[,O
65,CrossRef,O
65,],O
65,Fan,O
65,.,O
65,Z.,O
65,;,O
65,Sun,O
65,.,O
65,Z.H.,O
65,;,O
65,Liu,PERSON
65,.,O
65,Z.,O
65,;,O
65,Chen,PERSON
65,.,O
65,Y.C.,O
65,;,O
65,Liu,PERSON
65,.,O
65,H.X.,O
65,;,O
65,Li,PERSON
65,.,O
65,H.H.,O
65,;,O
65,Zhang,PERSON
65,.,O
65,W.M.,PERSON
65,Dichotocejpins,PERSON
65,A,O
65,‐,O
65,C,O
65,:,O
65,New,O
65,diketopiperazines,O
65,from,O
65,a,O
65,deep,O
65,‐,O
65,sea,O
65,‐,O
65,derived,O
65,fungus,O
65,Dichoto,O
65,‐,O
65,momyces,O
65,cejpii,O
65,FS110,O
65,.,O
65,Mar,DATE
65,.,O
65,Drugs,CRIMINAL_CHARGE
65,2016,DATE
65,.,O
65,14,NUMBER
65,.,O
65,19,NUMBER
65,.,O
65,[,O
65,CrossRef,O
65,],O
65,[,O
65,PubMed,O
65,],O
65,Mohanlal,O
65,.,O
65,R.W.,O
65,;,O
65,Lloyd,ORGANIZATION
65,.,O
65,K.,O
65,;,O
65,Huang,PERSON
65,.,O
65,L.,PERSON
65,Plinabulin,PERSON
65,.,O
65,a,O
65,novel,O
65,small,O
65,molecule,O
65,clinical,O
65,stage,O
65,IO,O
65,agent,O
65,with,O
65,anti,O
65,‐,O
65,cancer,CAUSE_OF_DEATH
65,activity,O
65,.,O
65,to,O
65,prevent,O
65,chemo,O
65,‐,O
65,induced,O
65,neutropenia,O
65,and,O
65,immune,O
65,related,O
65,AEs,O
65,.,O
65,J.,O
65,Clin,PERSON
65,.,O
65,Oncol,O
65,.,O
65,2018,DATE
65,.,O
65,36,NUMBER
65,.,O
65,Gomes,PERSON
65,.,O
65,N.G.M.,O
65,;,O
65,Lefranc,PERSON
65,.,O
65,F.,O
65,;,O
65,Kijjoa,LOCATION
65,.,O
65,A.,O
65,;,O
65,Kiss,O
65,.,O
65,R.,O
65,Can,O
65,some,O
65,marine,TITLE
65,‐,O
65,ferived,O
65,fungal,O
65,metabolites,O
65,become,O
65,actual,O
65,anticancer,O
65,agents,O
65,?,O
65,Mar,DATE
65,.,O
65,Drugs,CRIMINAL_CHARGE
65,2015,DATE
65,.,O
65,13,NUMBER
65,.,O
65,39503991,NUMBER
65,.,O
65,[,O
65,CrossRef,O
65,],O
65,Geiger,PERSON
65,.,O
65,W.B.,O
65,;,O
65,Conn,STATE_OR_PROVINCE
65,.,O
65,J.E.,PERSON
65,;,O
65,Waksman,PERSON
65,.,O
65,S.A.,PERSON
65,Chaetomin,PERSON
65,.,O
65,a,O
65,new,O
65,antibi,O
65,‐,O
65,otic,O
65,substance,O
65,produced,O
65,by,O
65,Chaetomium,O
65,cochliodes,O
65,:,O
65,II,NUMBER
65,.,O
65,Isolation,O
65,and,O
65,Concentration,O
65,.,O
65,J.,PERSON
65,Bacteriol,PERSON
65,.,O
65,1944,DATE
65,.,O
65,48,NUMBER
65,.,O
65,531536,NUMBER
65,.,O
65,[,O
65,CrossRef,O
65,],O
65,Tian,O
65,.,O
65,W.,O
65,;,O
65,Sun,O
65,.,O
65,C.,O
65,;,O
65,Zheng,PERSON
65,.,O
65,M.,O
65,;,O
65,Harmer,PERSON
65,.,O
65,J.R.,O
65,;,O
65,Yu,PERSON
65,.,O
65,M.,O
65,;,O
65,Zhang,PERSON
65,.,O
65,Y.,O
65,;,O
65,Peng,PERSON
65,.,O
65,H.,O
65,;,O
65,Zhu,PERSON
65,.,O
65,D.,O
65,;,O
65,Deng,PERSON
65,.,O
65,Z.,O
65,;,O
65,Chen,PERSON
65,.,O
65,S.L.,O
65,;,O
65,et,O
65,al,O
65,.,O
65,Efficient,O
65,biosynthesis,O
65,of,O
65,heterodimeric,O
65,C3,O
65,‐,O
65,aryl,O
65,pyrroloindoline,O
65,alkaloids,O
65,.,O
65,Nat,PERSON
65,.,O
65,Commun,O
65,.,O
65,2018,DATE
65,.,O
65,9,NUMBER
65,.,O
65,4428,DATE
65,.,O
65,Ye,PERSON
65,.,O
65,Y.,O
65,;,O
65,Du,O
65,.,O
65,L.,O
65,;,O
65,Zhang,PERSON
65,.,O
65,X.W.,O
65,;,O
65,Newmis,O
65,‐,O
65,ter,TITLE
65,.,O
65,S.A.,O
65,;,O
65,McCauley,PERSON
65,.,O
65,M.,O
65,;,O
65,Alegre,O
65,‐,O
65,Requena,PERSON
65,.,O
65,J.V.,O
65,;,O
65,Zhang,PERSON
65,.,O
65,W.,O
65,;,O
65,Mu,O
65,.,O
65,S.,O
65,;,O
65,Minami,PERSON
65,.,O
65,A.,O
65,;,O
65,Fraley,PERSON
65,.,O
65,A.E.,O
65,;,O
65,et,O
65,al,O
65,.,O
65,Fungal,O
65,‐,O
65,derived,O
65,brevianamide,O
65,as,O
65,‐,O
65,sembly,O
65,by,O
65,a,O
65,stereoselective,O
65,semipinacolase,O
65,.,O
65,Nat,PERSON
65,.,O
65,Catal,O
65,.,O
65,2020,DATE
65,.,O
65,[,O
65,CrossRef,O
65,],O
65,Song,O
65,.,O
65,F.,O
65,;,O
65,Liu,PERSON
65,.,O
65,X.,O
65,;,O
65,Guo,PERSON
65,.,O
65,H.,O
65,;,O
65,Ren,PERSON
65,.,O
65,B.,O
65,;,O
65,Chen,PERSON
65,.,O
65,C.,O
65,;,O
65,Pig,O
65,‐,O
65,gott,O
65,.,O
65,A.M.,O
65,;,O
65,Yu,PERSON
65,.,O
65,K.,O
65,;,O
65,Gao,PERSON
65,.,O
65,H.,O
65,;,O
65,Wang,PERSON
65,.,O
65,Q.,O
65,;,O
65,Liu,PERSON
65,.,O
65,M.,O
65,;,O
65,et,O
65,al,O
65,.,O
65,Bre,O
65,‐,O
65,vianamides,O
65,with,O
65,antitubercular,O
65,potential,O
65,from,O
65,a,O
65,marine,TITLE
65,‐,O
65,derived,O
65,isolate,O
65,of,O
65,Aspergillus,O
65,versicolor,O
65,.,O
65,Org,O
65,.,O
65,Lett,PERSON
65,.,O
65,James,PERSON
65,.,O
65,E.D.,O
65,;,O
65,Knuckley,PERSON
65,.,O
65,B.,O
65,;,O
65,Alqahtani,PERSON
65,.,O
65,N.,O
65,;,O
65,Porwal,LOCATION
65,.,O
65,S.,O
65,;,O
65,Ban,O
65,.,O
65,J.,O
65,;,O
65,Karty,LOCATION
65,.,O
65,J.A.,PERSON
65,;,O
65,Viswanathan,PERSON
65,.,O
65,R.,O
65,;,O
65,Lane,PERSON
65,.,O
65,A.L.,O
65,Two,NUMBER
65,distinct,O
65,cyclodipeptide,O
65,synthases,O
65,from,O
65,a,O
65,marine,TITLE
65,Actinomycete,O
65,catalyze,O
65,biosynthesis,O
65,of,O
65,the,O
65,same,O
65,diketopiperazine,O
65,natural,O
65,product,O
65,.,O
65,ACS,O
65,Synth,O
65,.,O
65,Biol,O
65,.,O
65,2016,DATE
65,.,O
65,5,NUMBER
65,.,O
65,547553,NUMBER
65,.,O
65,[,O
65,CrossRef,O
65,],O
65,[,O
65,PubMed,O
65,],O
65,Haines,LOCATION
65,.,O
65,B.E.,O
65,;,O
65,Nelson,PERSON
65,.,O
65,B.M.,O
65,;,O
65,Grandner,O
65,.,O
65,J.M.,O
65,;,O
65,Kim,PERSON
65,.,O
65,J.,O
65,;,O
65,Houk,PERSON
65,.,O
65,K.N.,PERSON
65,;,O
65,Movassaghi,LOCATION
65,.,O
65,M.,O
65,;,O
65,Musaev,PERSON
65,.,O
65,D.G.,O
65,Mechanism,O
65,of,O
65,permanganate,O
65,‐,O
65,promoted,O
65,dihydroxylation,O
65,of,O
65,complex,O
65,diketopiper,O
65,‐,O
65,azines,O
65,:,O
65,Critical,O
65,roles,O
65,of,O
65,counter,O
65,‐,O
65,cation,O
65,and,O
65,ion,O
65,‐,O
65,pairing,O
65,.,O
65,J.,O
65,Am,O
65,.,O
65,Chem,O
65,.,O
65,Soc,O
65,.,O
65,2018,DATE
65,.,O
65,140,NUMBER
65,.,O
65,1337513386,NUMBER
65,.,O
65,[,O
65,CrossRef,O
65,],O
65,Ding,PERSON
65,.,O
65,Y.,O
65,;,O
65,An,O
65,.,O
65,F.L.,O
65,;,O
65,Zhu,PERSON
65,.,O
65,X.J.,O
65,;,O
65,Yu,PERSON
65,.,O
65,H.Y.,O
65,;,O
65,Hao,PERSON
65,.,O
65,L.L.,O
65,;,O
65,Lu,PERSON
65,.,O
65,Y.H.,O
65,Curdepsidones,O
65,B,O
65,‐,O
65,G,O
65,.,O
65,six,NUMBER
65,depsidones,O
65,with,O
65,anti,O
65,‐,O
65,inflammatory,O
65,activities,O
65,from,O
65,the,O
65,marine,TITLE
65,‐,O
65,de,O
65,‐,O
65,rived,O
65,fungus,O
65,Curvularia,O
65,sp,O
65,.,O
65,IFB,O
65,‐,O
65,Z10,O
65,.,O
65,Mar,DATE
65,.,O
65,Drugs,CRIMINAL_CHARGE
65,2019,DATE
65,.,O
65,17,NUMBER
65,.,O
65,Liu,PERSON
65,.,O
65,W.H.,PERSON
65,;,O
65,Ding,PERSON
65,.,O
65,Y.,O
65,;,O
65,Ji,PERSON
65,.,O
65,X.,O
65,;,O
65,An,O
65,.,O
65,F.L.,O
65,;,O
65,Lu,PERSON
65,.,O
65,Y.H.,O
65,Curvulaide,O
65,A,O
65,.,O
65,a,O
65,bi,O
65,‐,O
65,cyclic,O
65,polyketide,O
65,with,O
65,anti,O
65,‐,O
65,anaerobic,O
65,bacteria,O
65,activity,O
65,from,O
65,ma,O
65,‐,O
65,rine,O
65,‐,O
65,derived,O
65,Curvularia,O
65,sp,O
65,.,O
65,J.,PERSON
65,Antibiot,PERSON
65,.,O
65,2019,DATE
65,.,O
65,72,NUMBER
65,.,O
65,111113,NUMBER
65,.,O
65,[,O
65,CrossRef,O
65,],O
65,Guo,PERSON
65,.,O
65,M.M.,O
65,;,O
65,Lu,PERSON
65,.,O
65,Y.,O
65,;,O
65,Yang,PERSON
65,.,O
65,J.P.,O
65,;,O
65,Zhao,PERSON
65,.,O
65,X.,O
65,;,O
65,Lu,PERSON
65,.,O
65,Y.H.,O
65,In,O
65,‐,O
65,hibitory,O
65,effects,O
65,of,O
65,Schisandra,O
65,chinensis,O
65,extract,O
65,on,O
65,acne,O
65,‐,O
65,related,O
65,inflammation,O
65,and,O
65,UVB,O
65,‐,O
65,induced,O
65,photoageing,O
65,.,O
65,Pharm,O
65,.,O
65,Biol,O
65,.,O
65,2016,DATE
65,.,O
65,54,NUMBER
65,.,O
65,29872994,NUMBER
65,.,O
65,[,O
65,CrossRef,O
65,],O
65,[,O
65,PubMed,O
65,],O
65,Dillman,PERSON
65,.,O
65,R.L.,PERSON
65,;,O
65,Cardellina,PERSON
65,.,O
65,J.H.,PERSON
65,Aromatic,O
65,secondary,O
65,metabolites,O
65,from,O
65,the,O
65,sponge,O
65,Tedania,O
65,ignis,O
65,.,O
65,J.,O
65,Nat,PERSON
65,.,O
65,Prod,O
65,.,O
65,Jin,PERSON
65,.,O
65,Z.M.,O
65,;,O
65,Du,O
65,.,O
65,X.Y.,O
65,;,O
65,Xu,PERSON
65,.,O
65,Y.C.,O
65,;,O
65,Deng,PERSON
65,.,O
65,Y.Q.,O
65,;,O
65,Liu,PERSON
65,.,O
65,M.Q.,O
65,;,O
65,Zhao,PERSON
65,.,O
65,Y.,O
65,;,O
65,Zhang,PERSON
65,.,O
65,B.,O
65,;,O
65,Li,PERSON
65,.,O
65,X.F.,O
65,;,O
65,Zhang,PERSON
65,.,O
65,L.K.,O
65,;,O
65,Peng,PERSON
65,.,O
65,C.F.,O
65,;,O
65,et,O
65,al,O
65,.,O
65,Structure,O
65,of,O
65,Mpro,O
65,from,O
65,COVID,O
65,‐,O
65,19,NUMBER
65,virus,O
65,and,O
65,discovery,O
65,of,O
65,its,O
65,in,O
65,‐,O
65,hibitors,O
65,.,O
65,Nature,O
65,2020,DATE
65,.,O
65,582,NUMBER
65,.,O
65,289293,NUMBER
65,.,O
65,[,O
65,CrossRef,O
65,],O
65,Li,PERSON
65,.,O
65,G.Y.,O
65,;,O
65,Yang,PERSON
65,.,O
65,T.,O
65,;,O
65,Luo,PERSON
65,.,O
65,Y.G.,O
65,;,O
65,Chen,PERSON
65,.,O
65,X.Z.,O
65,;,O
65,Fang,PERSON
65,.,O
65,D.M.,O
65,;,O
65,Zhang,PERSON
65,.,O
65,G.L.,PERSON
65,Brevianamide,PERSON
65,J,O
65,.,O
65,a,O
65,new,O
65,indole,O
65,alkaloid,O
65,dimer,O
65,from,O
65,fungus,O
65,Aspergillus,O
65,versicol,O
65,‐,O
65,or,O
65,.,O
65,Org,O
65,.,O
65,Lett,PERSON
65,.,O
65,2009,DATE
65,.,O
65,11,NUMBER
65,.,O
65,37143717,NUMBER
65,.,O
65,[,O
65,CrossRef,O
65,],O
65,Li,PERSON
65,.,O
65,G.Y.,O
65,;,O
65,Li,PERSON
65,.,O
65,L.M.,O
65,;,O
65,Yang,PERSON
65,.,O
65,T.,O
65,;,O
65,Chen,PERSON
65,.,O
65,X.Z.,O
65,;,O
65,Fang,PERSON
65,.,O
65,D.M.,PERSON
65,;,PERSON
65,Zhang,PERSON
65,.,O
65,G.L.,O
65,Four,NUMBER
65,new,O
65,alkaloids,O
65,.,O
65,brevianamides,O
65,O,O
65,‐,O
65,R,O
65,.,O
65,from,O
65,the,O
65,fungus,O
65,Aspergillus,O
65,versicolor,O
65,.,O
65,Helv,PERSON
65,.,O
65,Chim,PERSON
65,.,O
65,Acta,O
65,2010,DATE
65,.,O
65,93,NUMBER
65,.,O
65,20752080,NUMBER
65,.,O
65,[,O
65,CrossRef,O
65,],O
65,Liu,PERSON
65,.,O
65,Y.X.,O
65,;,O
65,Ma,PERSON
65,.,O
65,S.G.,O
65,;,O
65,Wang,PERSON
65,.,O
65,X.J.,O
65,;,O
65,Zhao,PERSON
65,.,O
65,N.,O
65,;,O
65,Qu,PERSON
65,.,O
65,J.,O
65,;,O
65,Yu,PERSON
65,.,O
65,S.S.,O
65,;,O
65,Dai,PERSON
65,.,O
65,J.G.,O
65,;,O
65,Wang,PERSON
65,.,O
65,Y.H.,O
65,;,O
65,Si,O
65,.,O
65,Y.K.,PERSON
65,Diketopiperazine,PERSON
65,alkaloids,O
65,produced,O
65,by,O
65,the,O
65,endophytic,O
65,fungus,O
65,Aspergillus,O
65,fumigatus,O
65,from,O
65,the,O
65,Stem,O
65,of,O
65,Erythrophloeum,LOCATION
65,fordii,O
65,Oliv,O
65,.,O
65,Helv,PERSON
65,.,O
65,Chim,PERSON
65,.,O
65,Acta,O
65,2012,DATE
65,.,O
65,95,NUMBER
65,.,O
65,14011408,NUMBER
65,.,O
65,[,O
65,CrossRef,O
65,],O
65,Mar,DATE
65,.,O
65,Drugs,CRIMINAL_CHARGE
65,2020,DATE
65,.,O
65,18,NUMBER
65,.,O
65,338,NUMBER
65,Schkeryantz,O
65,.,O
65,J.M.,O
65,;,O
65,Woo,O
65,.,O
65,J.C.G.,O
65,;,O
65,Siliphaivanh,PERSON
65,.,O
65,P.,O
65,;,O
65,Depew,PERSON
65,.,O
65,K.M.,PERSON
65,;,O
65,Danishefsky,PERSON
65,.,O
65,S.J.,O
65,Total,O
65,synthesis,O
65,of,O
65,gypsetin,O
65,.,O
65,deoxybrevianamide,O
65,E,O
65,.,O
65,brevianamide,O
65,E,O
65,.,O
65,and,O
65,tryprostatin,O
65,B,O
65,:,O
65,Novel,O
65,constructions,O
65,of,O
65,2.3,NUMBER
65,‐,O
65,disubstituted,O
65,indoles,O
65,.,O
65,J.,O
65,Am,O
65,.,O
65,Chem,O
65,.,O
65,Soc,O
65,.,O
65,1999,DATE
65,.,O
65,121,NUMBER
65,.,O
65,1196411975,NUMBER
65,.,O
65,[,O
65,CrossRef,O
65,],O
65,Sanz,PERSON
65,‐,PERSON
65,Cervera,PERSON
65,.,O
65,J.F.,PERSON
65,;,O
65,Stocking,O
65,.,O
65,E.M.,PERSON
65,;,O
65,Usui,PERSON
65,.,O
65,T.,O
65,;,O
65,Osada,PERSON
65,.,O
65,H.,O
65,;,O
65,Williams,PERSON
65,.,O
65,R.M.,O
65,Synthesis,O
65,and,O
65,evalua,O
65,‐,O
65,tion,O
65,of,O
65,microtubule,O
65,assembly,O
65,inhibition,O
65,and,O
65,cytotoxicity,O
65,of,O
65,prenylated,O
65,derivatives,O
65,of,O
65,cyclo,O
65,‐,O
65,l,O
65,‐,O
65,Trp,O
65,‐,O
65,l,O
65,‐,O
65,Pro,O
65,.,O
65,Bioorg,O
65,.,O
65,Med,O
65,.,O
65,Chem,O
65,.,O
65,2000,DATE
65,.,DATE
65,May,PERSON
65,Zin,PERSON
65,.,O
65,W.W.,O
65,;,O
65,Buttachon,O
65,.,O
65,S.,O
65,;,O
65,Dethoup,LOCATION
65,.,O
65,T.,O
65,;,O
65,Pereira,PERSON
65,.,O
65,J.A.,PERSON
65,;,O
65,Gales,O
65,.,O
65,L.,O
65,;,O
65,Incio,PERSON
65,.,O
65,.,O
65,;,O
65,Costa,O
65,.,O
65,P.M.,O
65,;,O
65,Lee,PERSON
65,.,O
65,M.,O
65,;,O
65,Sekeroglu,LOCATION
65,.,O
65,N.,O
65,;,O
65,Silva,PERSON
65,.,O
65,A.M.S.,O
65,;,O
65,et,O
65,al,O
65,.,O
65,Antibacterial,O
65,and,O
65,antibiofilm,O
65,activities,O
65,of,O
65,the,O
65,metabolites,O
65,isolated,O
65,from,O
65,the,O
65,culture,O
65,of,O
65,the,O
65,mangrove,O
65,‐,O
65,derived,O
65,en,O
65,‐,O
65,dophytic,O
65,fungus,O
65,Eurotium,MISC
65,chevalieri,O
65,KUFA,O
65,0006,DATE
65,.,O
65,Phytochemistry,PERSON
65,2017,DATE
65,.,O
65,141,NUMBER
65,.,O
65,8697,DATE
65,.,O
65,[,O
65,CrossRef,O
65,],O
65,[,O
65,PubMed,O
65,],O
65,Pirrung,LOCATION
65,.,O
65,M.C.,O
65,;,O
65,Fujita,PERSON
65,.,O
65,K.,O
65,;,O
65,Park,O
65,.,O
65,K.,PERSON
65,Organometallic,PERSON
65,routes,O
65,to,O
65,2.5,NUMBER
65,‐,O
65,dihydroxy,O
65,‐,O
65,3,NUMBER
65,‐,O
65,(,O
65,in,O
65,‐,O
65,dol,O
65,‐,O
65,3,NUMBER
65,‐,O
65,yl,O
65,),O
65,‐,O
65,benzoquinones,O
65,.,O
65,Synthesis,O
65,of,O
65,demethylasterriquinone,O
65,B4,O
65,.,O
65,J.,O
65,Org,O
65,.,O
65,Chem,O
65,.,O
65,2005,DATE
65,.,O
65,70,NUMBER
65,.,O
65,25372542,NUMBER
65,.,O
65,[,O
65,CrossRef,O
65,],O
65,Liu,PERSON
65,.,O
65,W.,O
65,;,O
65,Wang,PERSON
65,.,O
65,L.P.,O
65,;,O
65,Wang,PERSON
65,.,O
65,B.,O
65,;,O
65,Xu,PERSON
65,.,O
65,Y.C.,O
65,;,O
65,Zhu,PERSON
65,.,O
65,G.L.,O
65,;,O
65,Lan,PERSON
65,.,O
65,M.M.,O
65,;,O
65,Zhu,PERSON
65,.,O
65,W.M.,O
65,;,O
65,Sun,O
65,.,O
65,K.L.,PERSON
65,Diketopiperazine,O
65,and,O
65,diphenylether,O
65,derivatives,O
65,from,O
65,marine,TITLE
65,algae,O
65,‐,O
65,derived,O
65,Aspergillus,O
65,versicolor,O
65,OUCMDZ,O
65,‐,O
65,2738,DATE
65,by,O
65,epigenetic,O
65,activa,O
65,‐,O
65,tion,O
65,.,O
65,Mar,DATE
65,.,O
65,Drugs,CRIMINAL_CHARGE
65,2019,DATE
65,.,O
65,17,NUMBER
65,.,O
65,6,NUMBER
65,.,O
65,[,O
65,CrossRef,O
65,],O
65,Markowitz,PERSON
65,.,O
65,M.,O
65,;,O
65,Saag,PERSON
65,.,O
65,M.,O
65,;,O
65,Powderly,PERSON
65,.,O
65,W.G.,LOCATION
65,;,O
65,Hurley,PERSON
65,.,O
65,A.M.,O
65,;,O
65,Hsu,PERSON
65,.,O
65,A.,O
65,;,O
65,Valdes,PERSON
65,.,O
65,J.M.,O
65,;,O
65,Henry,PERSON
65,.,O
65,D.,O
65,;,O
65,Sattler,PERSON
65,.,O
65,F.,O
65,;,O
65,La,ORGANIZATION
65,Marca,ORGANIZATION
65,.,O
65,A.,O
65,;,O
65,Leonard,PERSON
65,.,O
65,J.M.,O
65,;,O
65,et,O
65,al,O
65,.,O
65,A,O
65,preliminary,O
65,study,O
65,of,O
65,ritonavir,O
65,.,O
65,an,O
65,inhibitor,O
65,of,O
65,HIV,CAUSE_OF_DEATH
65,‐,O
65,1,NUMBER
65,protease,O
65,.,O
65,to,O
65,treat,O
65,HIV,CAUSE_OF_DEATH
65,‐,O
65,1,NUMBER
65,infection,CAUSE_OF_DEATH
65,.,O
65,N.,PERSON
65,Engl,PERSON
65,.,O
65,J.,O
65,Med,O
65,.,O
65,1995,DATE
65,.,O
65,333,NUMBER
65,.,O
65,15341539,NUMBER
65,.,O
65,[,O
65,CrossRef,O
65,],O
65,Halgren,O
65,.,O
65,T.A.,O
65,;,O
65,Murphy,PERSON
65,.,O
65,R.B.,O
65,;,O
65,Friesner,O
65,.,O
65,R.A.,O
65,;,O
65,Beard,O
65,.,O
65,H.S.,LOCATION
65,;,O
65,Frye,PERSON
65,.,O
65,L.L.,O
65,;,O
65,Pollard,PERSON
65,.,O
65,W.T.,O
65,;,O
65,Banks,O
65,.,O
65,J.L.,PERSON
65,Glide,PERSON
65,:,O
65,A,O
65,new,O
65,approach,O
65,for,O
65,rapid,O
65,.,O
65,accurate,O
65,docking,O
65,and,O
65,scoring,O
65,.,O
65,2,NUMBER
65,.,O
65,Enrichment,O
65,factors,O
65,in,O
65,database,O
65,screening,O
65,.,O
65,J.,O
65,Med,O
65,.,O
65,Chem,O
