66,Curr,O
66,Trends,O
66,Immunol,O
66,.,O
66,2020,DATE
66,;,O
66,21,NUMBER
66,:,O
66,1723,DATE
66,.,O
66,Coronaviruses,O
66,sugar,O
66,shields,O
66,as,O
66,vaccine,O
66,candidates,O
66,Denong,PERSON
66,Wang,PERSON
66,*,O
66,Tumor,CAUSE_OF_DEATH
66,Glycomics,O
66,Labo,O
66,‐,O
66,ratory,O
66,.,O
66,SRI,ORGANIZATION
66,International,ORGANIZATION
66,Biosciences,ORGANIZATION
66,Division,ORGANIZATION
66,.,O
66,333,NUMBER
66,Ravenswood,LOCATION
66,Avenue,O
66,.,O
66,Menlo,CITY
66,Park,CITY
66,.,O
66,CA,STATE_OR_PROVINCE
66,.,O
66,USA,COUNTRY
66,.,O
66,A,O
66,successful,O
66,global,O
66,healthcare,O
66,re,O
66,‐,O
66,sponse,O
66,relies,O
66,on,O
66,versatile,O
66,vaccines,O
66,and,O
66,production,O
66,of,O
66,broadly,O
66,virus,O
66,‐,O
66,neutralizing,O
66,antibodies,O
66,by,O
66,the,O
66,immune,O
66,system,O
66,to,O
66,protect,O
66,us,O
66,from,O
66,emerging,O
66,infectious,O
66,diseases,CAUSE_OF_DEATH
66,.,O
66,The,O
66,present,DATE
66,2019,DATE
66,severe,O
66,acute,O
66,respiratory,O
66,syndrome,O
66,coronavirus,O
66,‐,O
66,2,NUMBER
66,(,O
66,SARS,O
66,‐,O
66,CoV,O
66,‐,O
66,2,NUMBER
66,),O
66,pandemic,O
66,high,O
66,‐,O
66,lights,O
66,the,O
66,urgent,O
66,need,O
66,for,O
66,development,O
66,of,O
66,anti,O
66,‐,O
66,viral,O
66,biodefense,O
66,.,O
66,Due,O
66,to,O
66,the,O
66,genetic,O
66,and,O
66,proteomic,O
66,diversities,O
66,of,O
66,viral,O
66,pathogens,O
66,.,O
66,establishing,O
66,versatile,O
66,anti,O
66,‐,O
66,viral,O
66,vaccines,O
66,or,O
66,therapeutic,O
66,agents,O
66,is,O
66,highly,O
66,challenging,O
66,.,O
66,Carbohydrate,O
66,antigens,O
66,represent,O
66,an,O
66,impor,O
66,‐,O
66,tant,O
66,class,O
66,of,O
66,immunological,O
66,targets,O
66,for,O
66,vaccine,O
66,development,O
66,and,O
66,immunotherapy,O
66,against,O
66,microbial,O
66,infections,CAUSE_OF_DEATH
66,.,O
66,moieties,O
66,as,O
66,CoV,O
66,vac,O
66,‐,O
66,cine,O
66,candidates,O
66,are,O
66,presented,O
66,.,O
66,coronavirus,O
66,;,O
66,COVID,O
66,‐,O
66,19,NUMBER
66,;,O
66,glyco,O
66,‐,O
66,con,O
66,‐,O
66,jugate,O
66,;,O
66,lectin,O
66,;,O
66,N,O
66,‐,O
66,glycans,O
66,;,O
66,oligomannoses,O
66,;,O
66,SARS,O
66,;,O
66,SARSCoV,O
66,‐,O
66,2,NUMBER
66,;,O
66,spike,O
66,glycoprotein,O
66,;,O
66,vaccines,O
66,;,O
66,virus,O
66,‐,O
66,neutralizing,O
66,antibody,O
66,As,O
66,the,O
66,cur,O
66,‐,O
66,rent,O
66,worldwide,O
66,COVID,O
66,‐,O
66,19,NUMBER
66,pandemic,O
66,rages,O
66,.,O
66,it,O
66,is,O
66,clear,O
66,that,O
66,an,O
66,effi,O
66,‐,O
66,cacious,O
66,global,O
66,healthcare,O
66,response,O
66,must,O
66,include,O
66,multipurpose,O
66,vac,O
66,‐,O
66,cines,O
66,that,O
66,stimulate,O
66,production,O
66,of,O
66,broadly,O
66,virus,O
66,‐,O
66,neutralizing,O
66,an,O
66,‐,O
66,tibodies,O
66,(,O
66,bnAbs,O
66,),O
66,against,O
66,emerging,O
66,viral,O
66,pathogens,O
66,.,O
66,Due,O
66,to,O
66,the,O
66,ge,O
66,‐,O
66,nomic,O
66,and,O
66,proteomic,O
66,diversities,O
66,of,O
66,viral,O
66,pathogens,O
66,.,O
66,establishing,O
66,such,O
66,countermeasures,O
66,against,O
66,viral,O
66,infections,CAUSE_OF_DEATH
66,is,O
66,difficult,O
66,.,O
66,The,O
66,recent,O
66,outbreaks,O
66,of,O
66,diseases,CAUSE_OF_DEATH
66,caused,O
66,by,O
66,coronaviruses,O
66,(,O
66,CoVs,O
66,),O
66,.,O
66,in,O
66,‐,O
66,cluding,O
66,the,O
66,severe,O
66,acute,O
66,respiratory,O
66,syndrome,O
66,coronavirus,O
66,(,O
66,SARS,O
66,‐,O
66,CoV,O
66,),O
66,[,O
66,1,NUMBER
66,.,O
66,2,NUMBER
66,],O
66,.,O
66,the,O
66,Middle,LOCATION
66,East,LOCATION
66,respiratory,O
66,syndrome,O
66,coronavirus,O
66,(,O
66,MERS,O
66,‐,O
66,CoV,O
66,),O
66,[,O
66,3,NUMBER
66,.,O
66,4,NUMBER
66,],O
66,.,O
66,and,O
66,the,O
66,2019,DATE
66,‐,O
66,nCoV,O
66,in,O
66,the,O
66,present,DATE
66,outbreak,O
66,[,O
66,59,NUMBER
66,],O
66,.,O
66,pose,O
66,new,O
66,challenges,O
66,to,O
66,global,O
66,efforts,O
66,to,O
66,combat,O
66,infectious,O
66,diseases,CAUSE_OF_DEATH
66,.,O
66,Protein,O
66,targets,O
66,The,O
66,2019,DATE
66,‐,O
66,nCoV,O
66,has,O
66,been,O
66,phylogenetical,O
66,‐,O
66,ly,O
66,mapped,O
66,to,O
66,the,O
66,same,O
66,Betacoronavirus,O
66,clade,O
66,as,O
66,SARS,O
66,‐,O
66,CoV,O
66,[,O
66,10,NUMBER
66,.,O
66,11,NUMBER
66,],O
66,and,O
66,.,O
66,accordingly,O
66,.,O
66,classified,O
66,as,O
66,SARS,O
66,‐,O
66,CoV,O
66,‐,O
66,2,NUMBER
66,[,O
66,12,NUMBER
66,],O
66,.,O
66,However,O
66,.,O
66,the,O
66,two,NUMBER
66,viruses,O
66,differ,O
66,significantly,O
66,in,O
66,their,O
66,amino,O
66,acid,O
66,sequences,O
66,.,O
66,As,O
66,compared,O
66,to,O
66,the,O
66,consensus,O
66,sequences,O
66,of,O
66,SARS,O
66,‐,O
66,CoV,O
66,and,O
66,SARS,O
66,‐,O
66,like,O
66,viruses,O
66,.,O
66,SARS,O
66,‐,O
66,CoV,O
66,‐,O
66,2,NUMBER
66,contains,O
66,380,NUMBER
66,amino,O
66,acid,O
66,CONFLICT,O
66,OF,O
66,INTEREST,O
66,STATEMENT,O
66,substitutions,O
66,in,O
66,total,O
66,and,O
66,27,NUMBER
66,substitutions,O
66,in,O
66,the,O
66,spike,O
66,glycoprotein,O
66,(,O
66,S,O
66,),O
66,critical,O
66,for,O
66,viral,O
66,entry,O
66,and,O
66,antibody,O
66,‐,O
66,me,O
66,‐,O
66,diated,O
66,virus,O
66,‐,O
66,neutralization,O
66,[,O
66,10,NUMBER
66,.,O
66,11,NUMBER
66,],O
66,.,O
66,Although,O
66,the,O
66,overall,O
66,struc,O
66,‐,O
66,ture,O
66,of,O
66,SARS,O
66,‐,O
66,CoV,O
66,‐,O
66,2,NUMBER
66,resembles,O
66,that,O
66,of,O
66,SARS,O
66,‐,O
66,CoV,O
66,.,O
66,and,O
66,shares,O
66,the,O
66,same,O
66,functional,O
66,host,TITLE
66,cell,O
66,receptorangiotensin,O
66,‐,O
66,converting,O
66,enzyme,O
66,2,NUMBER
66,(,O
66,ACE2,O
66,),O
66,.,O
66,the,O
66,receptor,O
66,‐,O
66,binding,O
66,domain,O
66,(,O
66,RBD,O
66,),O
66,in,O
66,the,O
66,SARS,O
66,‐,O
66,CoV,O
66,‐,O
66,2,NUMBER
66,‐,O
66,S,O
66,differs,O
66,significantly,O
66,from,O
66,that,O
66,of,O
66,SARS,O
66,‐,O
66,CoV,O
66,‐,O
66,S,O
66,.,O
66,most,O
66,notably,O
66,in,O
66,five,NUMBER
66,of,O
66,the,O
66,six,NUMBER
66,amino,O
66,acid,O
66,residues,O
66,critical,O
66,for,O
66,binding,O
66,to,O
66,ACE2,O
66,[,O
66,9,NUMBER
66,],O
66,.,O
66,Monoclonal,O
66,antibodies,O
66,(,O
66,mAbs,O
66,),O
66,specific,O
66,for,O
66,the,O
66,RBD,O
66,of,O
66,SARS,O
66,‐,O
66,CoV,O
66,‐,O
66,S,O
66,have,O
66,no,O
66,cross,O
66,‐,O
66,reactivity,O
66,to,O
66,the,O
66,SARS,MISC
66,‐,O
66,CoV,O
66,‐,O
66,2,NUMBER
66,‐,O
66,S,O
66,RBD,O
66,[,O
66,13,NUMBER
66,],O
66,.,O
66,Characteristic,O
66,structural,O
66,elements,O
66,in,O
66,SARS,O
66,‐,O
66,CoV,O
66,‐,O
66,2,NUMBER
66,‐,O
66,S,O
66,include,O
66,a,O
66,fu,O
66,‐,O
66,rin,O
66,cleavage,O
66,site,O
66,at,O
66,the,O
66,boundary,O
66,between,O
66,the,O
66,S1,O
66,/,O
66,S2,O
66,subunits,O
66,and,O
66,three,NUMBER
66,adjacent,O
66,potential,O
66,O,O
66,‐,O
66,glycosylation,O
66,sites,O
66,not,O
66,previously,DATE
66,seen,O
66,in,O
66,lineage,O
66,‐,O
66,B,O
66,betacoronaviruses,O
66,.,O
66,Nevertheless,O
66,.,O
66,murine,O
66,poly,O
66,‐,O
66,clonal,O
66,anti,O
66,‐,O
66,sera,O
66,to,O
66,SARS,O
66,‐,O
66,CoV,O
66,‐,O
66,S,O
66,potently,O
66,inhibited,O
66,SARS,O
66,‐,O
66,CoV,O
66,‐,O
66,2,NUMBER
66,‐,O
66,S,O
66,‐,O
66,mediated,O
66,entry,O
66,into,O
66,target,O
66,cells,O
66,[,O
66,14,NUMBER
66,],O
66,.,O
66,indicating,O
66,the,O
66,presence,O
66,of,O
66,shared,O
66,antigenic,O
66,structuresperhaps,O
66,in,O
66,the,O
66,more,O
66,conserved,O
66,S2,O
66,re,O
66,‐,O
66,gion,O
66,of,O
66,the,O
66,two,NUMBER
66,CoVs,O
66,.,O
66,Much,O
66,remains,O
66,to,O
66,be,O
66,learned,O
66,about,O
66,the,O
66,anti,O
66,‐,O
66,genic,O
66,characteristics,O
66,of,O
66,the,O
66,new,O
66,CoV,O
66,as,O
66,compared,O
66,to,O
66,SARS,O
66,‐,O
66,CoV,O
66,and,O
66,other,O
66,human,O
66,CoVs,O
66,[,O
66,15,NUMBER
66,.,O
66,16,NUMBER
66,],O
66,.,O
66,Immunogenic,O
66,carbohydrate,O
66,moieties,O
66,Carbohydrates,O
66,represent,O
66,an,O
66,important,O
66,class,O
66,of,O
66,microbial,O
66,antigens,O
66,.,O
66,These,O
66,molecules,O
66,are,O
66,structurally,O
66,diverse,O
66,and,O
66,prominently,O
66,dis,O
66,‐,O
66,played,O
66,on,O
66,the,O
66,surfaces,O
66,of,O
66,virtually,O
66,every,O
66,microbial,O
66,pathogen,O
66,[,O
66,17,NUMBER
66,.,O
66,18,NUMBER
66,],O
66,.,O
66,In,O
66,1917,DATE
66,.,O
66,Dochez,PERSON
66,and,O
66,Avery,PERSON
66,[,O
66,19,NUMBER
66,],O
66,found,O
66,that,O
66,when,O
66,Pneumococci,PERSON
66,were,O
66,grown,O
66,in,O
66,fluid,O
66,media,O
66,.,O
66,there,O
66,was,O
66,a,O
66,substance,O
66,in,O
66,the,O
66,culture,O
66,fluid,O
66,that,O
66,precipitated,O
66,specifically,O
66,with,O
66,antisera,O
66,to,O
66,the,O
66,same,O
66,Pneumococcus,O
66,.,O
66,Heidelberger,PERSON
66,and,O
66,Avery,PERSON
66,[,O
66,20,NUMBER
66,],O
66,showed,O
66,the,O
66,substance,O
66,recognized,O
66,by,O
66,the,O
66,antibodies,O
66,was,O
66,a,O
66,carbohydrate,O
66,molecule,O
66,and,O
66,not,O
66,a,O
66,protein,O
66,.,O
66,as,O
66,previously,DATE
66,thought,O
66,.,O
66,It,O
66,was,O
66,later,O
66,shown,O
66,that,O
66,almost,O
66,every,O
66,microorganism,O
66,expresses,O
66,such,O
66,sugar,O
66,signatures,O
66,recognized,O
66,by,O
66,the,O
66,host,TITLE
66,immune,O
66,systems,O
66,and,O
66,that,O
66,they,O
66,are,O
66,effective,O
66,in,O
66,stimulat,O
66,‐,O
66,ing,O
66,specific,O
66,antibody,O
66,responses,O
66,[,O
66,17,NUMBER
66,.,O
66,18,NUMBER
66,],O
66,.,O
66,Such,O
66,immunogenic,O
66,carbo,O
66,‐,O
66,hydrate,O
66,moieties,O
66,often,O
66,serve,O
66,as,O
66,key,O
66,targets,O
66,for,O
66,development,O
66,of,O
66,vaccines,O
66,against,O
66,infectious,O
66,diseases,CAUSE_OF_DEATH
66,[,O
66,2125,DATE
66,],O
66,.,O
66,A,O
66,large,O
66,panel,O
66,of,O
66,pathogen,O
66,‐,O
66,specific,O
66,carbohydrate,O
66,moieties,O
66,has,O
66,been,O
66,identified,O
66,;,O
66,some,O
66,have,O
66,been,O
66,successfully,O
66,explored,O
66,for,O
66,use,O
66,in,O
66,vaccines,O
66,or,O
66,targeted,O
66,immunotherapy,O
66,against,O
66,microbial,O
66,infections,CAUSE_OF_DEATH
66,[,O
66,21,NUMBER
66,eradicated,O
66,child,O
66,‐,O
66,hood,O
66,meningitis,CAUSE_OF_DEATH
66,and,O
66,systemic,O
66,lethal,O
66,bacterial,O
66,infection,CAUSE_OF_DEATH
66,caused,O
66,by,O
66,Haemophilus,O
66,influenzae,O
66,B,O
66,[,O
66,23,NUMBER
66,.,O
66,24,NUMBER
66,.,O
66,2628,DATE
66,],O
66,Like,O
66,bacterial,O
66,pathogens,O
66,.,O
66,viruses,O
66,also,O
66,decorate,O
66,their,O
66,outer,O
66,surfaces,O
66,with,O
66,carbohydrate,O
66,moi,O
66,‐,O
66,eties,O
66,.,O
66,Unlike,O
66,bacteria,O
66,.,O
66,which,O
66,have,O
66,evolved,O
66,their,O
66,own,O
66,machineries,O
66,for,O
66,glycosylation,O
66,and,O
66,often,O
66,produce,O
66,unique,O
66,sugar,O
66,chain,O
66,signa,O
66,‐,O
66,tures,O
66,.,O
66,viruses,O
66,depend,O
66,on,O
66,host,TITLE
66,cells,O
66,for,O
66,glycosylation,O
66,and,O
66,gener,O
66,‐,O
66,ally,O
66,decorate,O
66,their,O
66,virions,O
66,with,O
66,the,O
66,self,O
66,‐,O
66,glycans,O
66,of,O
66,correspond,O
66,‐,O
66,ing,O
66,hosts,O
66,.,O
66,This,O
66,sugar,O
66,shield,O
66,is,O
66,thought,O
66,to,O
66,be,O
66,one,NUMBER
66,of,O
66,the,O
66,strate,O
66,‐,O
66,gies,O
66,viruses,O
66,evolved,O
66,to,O
66,escape,O
66,host,TITLE
66,immune,O
66,rejection,O
66,.,O
66,For,O
66,exam,O
66,‐,O
66,ple,O
66,.,O
66,human,O
66,immunodeficiency,O
66,virus,O
66,(,O
66,HIV,CAUSE_OF_DEATH
66,‐,O
66,1,NUMBER
66,),O
66,[,O
66,29,NUMBER
66,],O
66,.,O
66,Lassa,O
66,virus,O
66,[,O
66,30,NUMBER
66,],O
66,.,O
66,hepatitis,CAUSE_OF_DEATH
66,C,CAUSE_OF_DEATH
66,virus,O
66,[,O
66,31,NUMBER
66,],O
66,.,O
66,and,O
66,EpsteinBarr,O
66,virus,O
66,[,O
66,32,NUMBER
66,],O
66,exhibit,O
66,exten,O
66,‐,O
66,sive,O
66,N,O
66,‐,O
66,linked,O
66,glycans,O
66,covering,O
66,the,O
66,exposed,O
66,protein,O
66,surfaces,O
66,.,O
66,in,O
66,‐,O
66,cluding,O
66,critical,O
66,virus,O
66,‐,O
66,neutralizing,O
66,protein,O
66,epitopes,O
66,.,O
66,Similarly,O
66,.,O
66,CoV,O
66,S,O
66,glycans,O
66,mask,O
66,the,O
66,protein,O
66,surface,O
66,and,O
66,consequently,O
66,limit,O
66,an,O
66,‐,O
66,tibody,O
66,access,O
66,to,O
66,protein,O
66,‐,O
66,neutralizing,O
66,epitopes,O
66,[,O
66,33,NUMBER
66,],O
66,.,O
66,Viral,O
66,gly,O
66,‐,O
66,can,O
66,shields,O
66,as,O
66,vaccine,O
66,targets,O
66,New,O
66,ideas,O
66,and,O
66,innovative,O
66,strate,O
66,‐,O
66,gies,O
66,are,O
66,urgently,O
66,needed,O
66,to,O
66,establish,O
66,multipurpose,O
66,vaccines,O
66,against,O
66,the,O
66,emergence,O
66,or,O
66,re,O
66,‐,O
66,emergence,O
66,of,O
66,unexpected,O
66,viral,O
66,pathogens,O
66,.,O
66,Recently,DATE
66,.,O
66,carbohydrate,O
66,researchers,O
66,undertook,O
66,an,O
66,inves,O
66,‐,O
66,tigation,O
66,to,O
66,explore,O
66,whether,O
66,viruses,O
66,of,O
66,distinct,O
66,phylogenetic,O
66,ori,O
66,‐,O
66,gins,O
66,.,O
66,such,O
66,as,O
66,human,O
66,cytomegalovirus,O
66,(,O
66,HCMV,O
66,),O
66,.,O
66,HIV,CAUSE_OF_DEATH
66,‐,O
66,1,NUMBER
66,.,O
66,and,O
66,SARS,O
66,‐,O
66,CoV,O
66,.,O
66,neutralization,O
66,[,O
66,34,NUMBER
66,],O
66,.,O
66,The,O
66,assumption,O
66,was,O
66,that,O
66,viruses,O
66,depend,O
66,on,O
66,host,TITLE
66,glycosylation,O
66,machinery,O
66,for,O
66,glycan,O
66,synthesis,O
66,and,O
66,thereby,O
66,may,O
66,express,O
66,the,O
66,conserved,O
66,viral,O
66,carbohydrates,O
66,.,O
66,These,O
66,studies,O
66,led,O
66,to,O
66,the,O
66,recognition,O
66,of,O
66,several,O
66,glyco,O
66,‐,O
66,antigens,O
66,co,O
66,‐,O
66,expressed,O
66,by,O
66,these,O
66,viruses,O
66,.,O
66,including,O
66,not,O
66,only,O
66,the,O
66,known,O
66,oligomannosyl,O
66,antigens,O
66,but,O
66,also,O
66,the,O
66,previously,DATE
66,less,O
66,studied,O
66,of,O
66,N,O
66,‐,O
66,glycan,O
66,cryptic,O
66,autoantigens,O
66,with,O
66,unique,O
66,immunological,O
66,properties,O
66,.,O
66,They,O
66,are,O
66,generally,O
66,present,DATE
66,intracellularly,O
66,as,O
66,glycosylation,O
66,intermediates,O
66,.,O
66,but,O
66,become,O
66,over,O
66,‐,O
66,expressed,O
66,and,O
66,/,O
66,or,O
66,surface,O
66,‐,O
66,exposed,O
66,by,O
66,some,O
66,viral,O
66,pathogens,O
66,[,O
66,3537,NUMBER
66,],O
66,as,O
66,well,O
66,as,O
66,tumor,CAUSE_OF_DEATH
66,cells,O
66,[,O
66,3840,NUMBER
66,],O
66,.,O
66,Thus,O
66,.,O
66,induction,O
66,of,O
66,immune,O
66,respons,O
66,‐,O
66,es,O
66,to,O
66,these,O
66,targets,O
66,is,O
66,unlikely,O
66,to,O
66,be,O
66,harmful,O
66,to,O
66,normal,O
66,cells,O
66,.,O
66,Instead,O
66,.,O
66,antibodies,O
66,or,O
66,lectins,O
66,targeting,O
66,these,O
66,cryptic,O
66,intracel,O
66,‐,O
66,lular,O
66,antigens,O
66,are,O
66,likely,O
66,essential,O
66,for,O
66,the,O
66,clearance,O
66,of,O
66,au,O
66,‐,O
66,toantigens,O
66,released,O
66,from,O
66,the,O
66,aged,O
66,or,O
66,apoptotic,O
66,cells,O
66,in,O
66,vivo,O
66,[,O
66,41,NUMBER
66,.,O
66,42,NUMBER
66,],O
66,.,O
66,Interestingly,O
66,.,O
66,a,O
66,broadly,O
66,virus,O
66,‐,O
66,neutralizing,O
66,agent,O
66,.,O
66,Galan,PERSON
66,‐,O
66,thus,O
66,nivalis,O
66,agglutinin,O
66,(,O
66,GNA,ORGANIZATION
66,),O
66,.,O
66,recognizes,O
66,specific,O
66,targets,O
66,in,O
66,the,O
66,panel,O
66,and,O
66,effectively,O
66,neutralizes,O
66,many,O
66,viruses,O
66,[,O
66,34,NUMBER
66,.,O
66,4346,NUMBER
66,],O
66,.,O
66,in,O
66,‐,O
66,cluding,O
66,SARS,O
66,‐,O
66,CoV,O
66,[,O
66,34,NUMBER
66,.,O
66,43,NUMBER
66,],O
66,.,O
66,A,O
66,common,O
66,feature,O
66,of,O
66,CoVs,O
66,is,O
66,that,O
66,their,O
66,S,O
66,glycoproteins,O
66,are,O
66,densely,O
66,decorated,O
66,by,O
66,N,O
66,‐,O
66,linked,O
66,glycans,O
66,protruding,O
66,from,O
66,the,O
66,surfaces,O
66,of,O
66,the,O
66,virions,O
66,[,O
66,33,NUMBER
66,.,O
66,4749,DATE
66,],O
66,.,O
66,The,O
66,SARS,O
66,‐,O
66,CoV,O
66,‐,O
66,2,NUMBER
66,‐,O
66,S,O
66,comprises,O
66,22,NUMBER
66,N,O
66,‐,O
66,linked,O
66,glycosylation,O
66,sites,O
66,.,O
66,and,O
66,16,NUMBER
66,of,O
66,them,O
66,were,O
66,resolved,O
66,in,O
66,the,O
66,cryo,O
66,‐,O
66,electron,O
66,microscopy,O
66,(,O
66,cryoEM,O
66,),O
66,map,O
66,as,O
66,glycosylated,O
66,.,O
66,By,O
66,comparison,O
66,.,O
66,SARS,O
66,‐,O
66,CoV,O
66,‐,O
66,S,O
66,possesses,O
66,23,NUMBER
66,Nlinked,O
66,gly,O
66,‐,O
66,cosylation,O
66,sites,O
66,with,O
66,at,O
66,least,O
66,19,NUMBER
66,of,O
66,them,O
66,confirmed,O
66,to,O
66,be,O
66,glyco,O
66,‐,O
66,sylated,O
66,[,O
66,47,NUMBER
66,],O
66,.,O
66,Twenty,NUMBER
66,out,O
66,of,O
66,22,NUMBER
66,SARS,O
66,‐,O
66,CoV,O
66,‐,O
66,2,NUMBER
66,‐,O
66,S,O
66,N,O
66,‐,O
66,linked,O
66,glycosyla,O
66,‐,O
66,tion,O
66,sites,O
66,are,O
66,conserved,O
66,in,O
66,SARS,O
66,‐,O
66,CoV,O
66,‐,O
66,S.,O
66,Specifically,O
66,.,O
66,9,NUMBER
66,out,O
66,of,O
66,13,NUMBER
66,sites,O
66,in,O
66,the,O
66,S1,O
66,subunit,O
66,and,O
66,all,O
66,9,NUMBER
66,sites,O
66,in,O
66,the,O
66,S2,O
66,subunit,O
66,are,O
66,conserved,O
66,among,O
66,SARS,O
66,‐,O
66,CoV,O
66,‐,O
66,2,NUMBER
66,‐,O
66,S,O
66,and,O
66,SARS,O
66,‐,O
66,CoV,O
66,‐,O
66,S.,O
66,CoVs,O
66,may,O
66,overexpress,O
66,the,O
66,high,O
66,‐,O
66,mannose,O
66,type,O
66,since,O
66,CoV,O
66,virions,O
66,are,O
66,likely,O
66,matured,O
66,in,O
66,and,O
66,directly,O
66,bud,O
66,from,O
66,the,O
66,endoplasmic,O
66,reticulum,O
66,Golgi,O
66,intermediate,O
66,compartment,O
66,without,O
66,further,O
66,editing,O
66,by,O
66,the,O
66,Golgi,O
66,‐,O
66,residential,O
66,gly,O
66,‐,O
66,coenzymes,O
66,[,O
66,33,NUMBER
66,.,O
66,50,NUMBER
66,],O
66,.,O
66,Thus,O
66,.,O
66,it,O
66,is,O
66,important,O
66,to,O
66,determine,O
66,whether,O
66,or,O
66,not,O
66,SARS,O
66,‐,O
66,CoV,O
66,‐,O
66,2,NUMBER
66,and,O
66,other,O
66,CoVs,O
66,also,O
66,express,O
66,these,O
66,GNA,O
66,‐,O
66,positive,O
66,glyco,O
66,‐,O
66,determinants,O
66,and,O
66,other,O
66,glycan,O
66,‐,O
66,based,O
66,virusneutralizing,O
66,epi,O
66,‐,O
66,topes,O
66,.,O
66,Challenges,O
66,and,O
66,opportunities,O
66,in,O
66,CoV,O
66,vaccine,O
66,development,O
66,The,O
66,current,DATE
66,COVID,O
66,‐,O
66,19,NUMBER
66,pandemic,O
66,has,O
66,ignited,O
66,global,O
66,efforts,O
66,toward,O
66,development,O
66,of,O
66,an,O
66,effective,O
66,SAR,O
66,‐,O
66,CoV,O
66,‐,O
66,2,NUMBER
66,vaccine,O
66,[,O
66,5153,NUMBER
66,],O
66,.,O
66,One,NUMBER
66,of,O
66,the,O
66,key,O
66,targeted,O
66,immunogens,O
66,is,O
66,SARSCoV,O
66,‐,O
66,2,NUMBER
66,‐,O
66,S,O
66,glycoprotein,O
66,since,O
66,it,O
66,is,O
66,crucial,O
66,for,O
66,receptor,O
66,binding,O
66,.,O
66,membrane,O
66,fusion,O
66,via,O
66,conformational,O
66,changes,O
66,.,O
66,internalization,O
66,of,O
66,the,O
66,virus,O
66,.,O
66,and,O
66,host,TITLE
66,tissue,O
66,tropism,O
66,[,O
66,54,NUMBER
66,],O
66,.,O
66,A,O
66,novel,ORGANIZATION
66,Inc.,ORGANIZATION
66,.,O
66,Cambridge,CITY
66,.,O
66,MA,STATE_OR_PROVINCE
66,),O
66,.,O
66,was,O
66,designed,O
66,to,O
66,express,O
66,a,O
66,full,O
66,‐,O
66,length,O
66,.,O
66,prefusion,O
66,stabilized,O
66,SARSCoV,O
66,‐,O
66,2,NUMBER
66,‐,O
66,S,O
66,protein,O
66,.,O
66,Since,O
66,the,O
66,human,O
66,cells,O
66,of,O
66,each,O
66,vaccinated,O
66,person,O
66,express,O
66,the,O
66,protein,O
66,in,O
66,vi,O
66,‐,O
66,vo,O
66,.,O
66,the,O
66,immunogen,O
66,produced,O
66,by,O
66,mRNA,O
66,‐,O
66,1273,DATE
66,can,O
66,be,O
66,viewed,O
66,as,O
66,a,O
66,form,O
66,of,O
66,natural,O
66,glycoconjugate,O
66,with,O
66,the,O
66,sugar,O
66,moieties,O
66,displayed,O
66,by,O
66,the,O
66,precisely,O
66,translated,O
66,S,O
66,‐,O
66,protein,O
66,carrier,O
66,.,O
66,This,O
66,type,O
66,of,O
66,vaccine,O
66,may,O
66,induce,O
66,T,O
66,‐,O
66,dependent,O
66,antibody,O
66,responses,O
66,to,O
66,the,O
66,glycoldetermi,O
66,‐,O
66,nants,O
66,.,O
66,Ideally,O
66,.,O
66,this,O
66,RNA,MISC
66,‐,O
66,based,O
66,vaccine,O
66,may,O
66,trigger,O
66,both,O
66,anti,O
66,‐,O
66,pro,O
66,‐,O
66,tein,O
66,and,O
66,anti,O
66,‐,O
66,glycan,O
66,antibody,O
66,responses,O
66,in,O
66,vivo,O
66,to,O
66,enhance,O
66,anti,O
66,‐,O
66,SAR,O
66,‐,O
66,SCoV,O
66,‐,O
66,2,NUMBER
66,immunity,O
66,.,O
66,Similarly,O
66,.,O
66,other,O
66,vaccine,O
66,produce,O
66,S,O
66,glycopro,O
66,‐,O
66,tein,O
66,may,O
66,also,O
66,express,O
66,carbohydrate,O
66,epitopes,O
66,.,O
66,Thus,O
66,.,O
66,analyzing,O
66,the,O
66,vaccine,O
66,responses,O
66,may,O
66,provide,O
66,very,O
66,useful,O
66,data,O
66,to,O
66,evaluate,O
66,poten,O
66,‐,O
66,tial,O
66,immunogenicity,O
66,of,O
66,vaccine,O
66,components,O
66,.,O
66,including,O
66,proteins,O
66,and,O
66,carbohydrates,O
66,.,O
66,Carbohydrate,O
66,microarrays,O
66,have,O
66,proven,O
66,to,O
66,be,O
66,a,O
66,pow,O
66,‐,O
66,erful,O
66,means,O
66,for,O
66,exploring,O
66,the,O
66,immunogenic,O
66,sugar,O
66,moieties,O
66,recog,O
66,‐,O
66,nized,O
66,by,O
66,host,TITLE
66,immune,O
66,systems,O
66,to,O
66,mount,O
66,antibody,O
66,responses,O
66,[,O
66,22,NUMBER
66,.,O
66,35,NUMBER
66,.,O
66,5558,NUMBER
66,],O
66,.,O
66,Unlike,O
66,a,O
66,conventional,O
66,S,O
66,glycoprotein,O
66,immunoassay,O
66,that,O
66,de,O
66,‐,O
66,tects,O
66,the,O
66,sum,O
66,of,O
66,anti,O
66,‐,O
66,protein,O
66,and,O
66,anti,O
66,‐,O
66,glycan,O
66,antibodies,O
66,.,O
66,carbo,O
66,‐,O
66,hydrate,O
66,microarrays,O
66,can,O
66,be,O
66,designed,O
66,to,O
66,present,DATE
66,either,O
66,pure,O
66,carbo,O
66,‐,O
66,hydrate,O
66,moieties,O
66,[,O
66,22,NUMBER
66,.,O
66,59,NUMBER
66,],O
66,or,O
66,glycoconjugates,O
66,[,O
66,46,NUMBER
66,.,O
66,60,NUMBER
66,],O
66,lacking,O
66,S,O
66,protein,O
66,components,O
66,and,O
66,.,O
66,thereby,O
66,.,O
66,can,O
66,be,O
66,used,O
66,to,O
66,decipher,O
66,anti,O
66,‐,O
66,glycan,O
66,and,O
66,antiprotein,O
66,antibodies,O
66,for,O
66,a,O
66,given,O
66,immunogen,O
66,or,O
66,pathogen,O
66,.,O
66,Characterizing,O
66,a,O
66,SARS,O
66,‐,O
66,CoV,O
66,‐,O
66,2,NUMBER
66,vaccine,O
66,response,O
66,or,O
66,COVID,O
66,‐,O
66,19,NUMBER
66,patients,O
66,serological,O
66,response,O
66,using,O
66,carbohydrate,O
66,mi,O
66,‐,O
66,croarrays,O
66,is,O
66,.,O
66,therefore,O
66,.,O
66,a,O
66,practical,O
66,approach,O
66,to,O
66,verify,O
66,whether,O
66,SARS,O
66,‐,O
66,CoV,O
66,‐,O
66,2,NUMBER
66,is,O
66,also,O
66,decorated,O
66,with,O
66,glyco,O
66,‐,O
66,determinants,O
66,that,O
66,are,O
66,promising,O
66,immunological,O
66,targets,O
66,.,O
66,Due,O
66,to,O
66,variation,O
66,in,O
66,glycosyla,O
66,‐,O
66,tion,O
66,patterns,O
66,among,O
66,different,O
66,cell,O
66,types,O
66,.,O
66,CoV,O
66,virions,O
66,produced,O
66,by,O
66,different,O
66,cells,O
66,may,O
66,also,O
66,carry,O
66,unique,O
66,glycan,O
66,signatures,O
66,.,O
66,For,O
66,ex,O
66,‐,O
66,ample,O
66,.,O
66,bat,O
66,cells,O
66,carry,O
66,many,O
66,non,O
66,‐,O
66,human,O
66,glycans,O
66,.,O
66,such,O
66,as,O
66,non,O
66,‐,O
66,human,O
66,sialic,O
66,acids,O
66,[,O
66,61,NUMBER
66,],O
66,.,O
66,the,O
66,Galili,PERSON
66,alpha,O
66,‐,O
66,Gal,O
66,epitopes,O
66,[,O
66,62,NUMBER
66,],O
66,.,O
66,and,O
66,.,O
66,per,O
66,‐,O
66,haps,O
66,.,O
66,bisecting,O
66,GlcNAc,O
66,moieties,O
66,[,O
66,63,NUMBER
66,],O
66,.,O
66,Whether,O
66,the,O
66,bat,O
66,cell,O
66,‐,O
66,pro,O
66,‐,O
66,duced,O
66,CoVs,O
66,express,O
66,these,O
66,highly,O
66,immunogenic,O
66,sugar,O
66,moieties,O
66,and,O
66,if,O
66,human,O
66,infection,CAUSE_OF_DEATH
66,caused,O
66,by,O
66,the,O
66,first,ORDINAL
66,wave,O
66,of,O
66,bat,O
66,‐,O
66,CoVs,O
66,triggered,O
66,hyperimmune,O
66,responses,O
66,to,O
66,these,O
66,non,O
66,‐,O
66,human,O
66,glycans,O
66,and,O
66,contributed,O
66,to,O
66,severity,O
66,of,O
66,the,O
66,diseases,CAUSE_OF_DEATH
66,remains,O
66,to,O
66,be,O
66,seen,O
66,.,O
66,Characterizing,O
66,cohorts,O
66,of,O
66,COVID,O
66,‐,O
66,19,NUMBER
66,patients,O
66,from,O
66,different,O
66,epicentersespecially,O
66,a,O
66,comparative,O
66,serological,O
66,study,O
66,of,O
66,the,O
66,early,O
66,onset,O
66,sample,O
66,sets,O
66,and,O
66,the,O
66,later,O
66,human,O
66,‐,O
66,human,O
66,transmitted,O
66,sample,O
66,sets,O
66,using,O
66,carbohy,O
66,‐,O
66,drate,O
66,microarrays,O
66,and,O
66,other,O
66,glycan,O
66,‐,O
66,specific,O
66,immunoassaysmay,O
66,un,O
66,‐,O
66,cover,O
66,important,O
66,glycoimmunological,O
66,information,O
66,to,O
66,guide,O
66,develop,O
66,‐,O
66,ment,O
66,of,O
66,glyco,O
66,‐,O
66,conjugate,O
66,vaccines,O
66,and,O
66,therapeutic,O
66,antibodies,O
66,to,O
66,target,O
66,the,O
66,sugar,O
66,shield,O
66,of,O
66,SARS,O
66,‐,O
66,CoV,O
66,‐,O
66,2,NUMBER
66,and,O
66,perhaps,O
66,other,O
66,unexpect,O
66,‐,O
66,ed,O
66,CoVs,O
66,with,O
66,human,O
66,outbreak,O
66,potential,O
66,.,O
66,The,O
66,glyco,O
66,‐,O
66,conjugate,O
66,vac,O
66,‐,O
66,cines,O
66,without,O
66,any,O
66,CoV,O
66,protein,O
66,component,O
66,may,O
66,have,O
66,the,O
66,unique,O
66,ad,O
66,‐,O
66,vantage,O
66,of,O
66,avoiding,O
66,undesired,O
66,vaccine,O
66,responses,O
66,to,O
66,the,O
66,S,O
66,‐,O
66,protein,O
66,epitopes,O
66,that,O
66,were,O
66,non,O
66,‐,O
66,neutralizing,O
66,but,O
66,elicited,O
66,the,O
66,antibodyde,O
66,‐,O
66,pendent,O
66,enhancement,O
66,of,O
66,infectivity,O
66,and,O
66,severe,O
66,Th2,O
66,‐,O
66,type,O
66,lung,O
66,im,O
66,‐,O
66,munopathy,O
66,observed,O
66,during,O
66,SARS,O
66,‐,O
66,CoV,O
66,vaccine,O
66,development,O
66,[,O
66,53,NUMBER
66,.,O
66,6469,NUMBER
66,],O
66,.,O
66,discussion,O
66,of,O
66,this,O
66,communication,O
66,.,O
66,This,O
66,work,O
66,was,O
66,supported,O
66,in,O
66,part,O
66,by,O
66,US,COUNTRY
66,Government,O
66,grants,O
66,1R21AI124068,O
66,(,O
66,NIH,ORGANIZATION
66,),O
66,.,O
66,1R21DA046144,O
66,(,O
66,NIH,ORGANIZATION
66,),O
66,.,O
66,and,O
66,PR170128,O
66,(,O
66,CDMRP,O
66,),O
66,to,O
66,DW,O
66,.,O
66,The,O
66,content,O
66,is,O
66,solely,O
66,the,O
66,re,O
66,‐,O
66,sponsibility,O
66,of,O
66,the,O
66,1,NUMBER
66,.,O
66,Peiris,PERSON
66,JS,O
66,.,O
66,Lai,PERSON
66,ST,O
66,.,O
66,Poon,PERSON
66,LL,O
66,.,O
66,Guan,O
66,Y,O
66,.,O
66,Yam,PERSON
66,LY,O
66,.,O
66,Lim,PERSON
66,W,PERSON
66,.,O
66,Nicholls,PERSON
66,J,PERSON
66,.,O
66,Yee,PERSON
66,WK,DURATION
66,.,O
66,Yan,O
66,WW,O
66,.,O
66,Cheung,LOCATION
66,MT,STATE_OR_PROVINCE
66,.,O
66,Cheng,PERSON
66,VC,O
66,.,O
66,Chan,PERSON
66,KH,O
66,.,O
66,Tsang,PERSON
66,DN,O
66,.,O
66,Yung,PERSON
66,RW,PERSON
66,.,O
66,Ng,O
66,TK,O
66,and,O
66,Yuen,O
66,KY,STATE_OR_PROVINCE
66,2003,DATE
66,.,O
66,Lancet,ORGANIZATION
66,.,O
66,361,NUMBER
66,.,O
66,1319,DATE
66,.,O
66,2,NUMBER
66,.,O
66,Ksiazek,PERSON
66,TG,PERSON
66,.,O
66,Erdman,PERSON
66,D,O
66,.,O
66,Goldsmith,PERSON
66,CS,O
66,.,O
66,Zaki,PERSON
66,SR,O
66,.,O
66,Peret,PERSON
66,T,O
66,.,O
66,Emery,PERSON
66,S,O
66,.,O
66,Tong,PERSON
66,S,PERSON
66,.,O
66,Urbani,PERSON
66,C,O
66,.,O
66,Comer,O
66,JA,O
66,.,O
66,Lim,PERSON
66,W,PERSON
66,.,O
66,Rollin,ORGANIZATION
66,PE,ORGANIZATION
66,.,O
66,Dowell,PERSON
66,SF,O
66,.,O
66,Ling,O
66,AE,O
66,.,O
66,Humphrey,PERSON
66,CD,O
66,.,O
66,Shieh,PERSON
66,WJ,O
66,.,O
66,Guarner,PERSON
66,J,PERSON
66,.,O
66,Paddock,O
66,CD,O
66,.,O
66,Rota,O
66,P,O
66,.,O
66,Fields,O
66,B,O
66,.,O
66,DeRisi,PERSON
66,J,PERSON
66,.,O
66,Yang,PERSON
66,JY,PERSON
66,.,O
66,Cox,ORGANIZATION
66,N,ORGANIZATION
66,.,O
66,Hughes,ORGANIZATION
66,JM,ORGANIZATION
66,.,O
66,LeDuc,ORGANIZATION
66,JW,ORGANIZATION
66,.,O
66,Bellini,PERSON
66,WJ,PERSON
66,.,O
66,Ander,PERSON
66,‐,PERSON
66,son,O
66,LJ,ORGANIZATION
66,and,O
66,Group,O
66,SW,O
66,2003,DATE
66,.,O
66,N.,PERSON
66,Engl,PERSON
66,.,O
66,J.,O
66,Med,O
66,.,O
66,348,NUMBER
66,.,O
66,1953,DATE
66,.,O
66,[,O
66,PubMed,O
66,:,O
66,12690092,NUMBER
66,],O
66,3,NUMBER
66,.,O
66,Zaki,PERSON
66,AM,O
66,.,O
66,van,O
66,Boheemen,PERSON
66,S,PERSON
66,.,O
66,Bestebroer,ORGANIZATION
66,TM,ORGANIZATION
66,.,O
66,Osterhaus,PERSON
66,AD,O
66,and,O
66,Fouchier,O
66,RA,O
66,2012,DATE
66,.,O
66,N.,PERSON
66,Engl,PERSON
66,.,O
66,J.,O
66,Med,O
66,.,O
66,4,NUMBER
66,.,O
66,Cui,PERSON
66,J,PERSON
66,.,O
66,Li,PERSON
66,F,O
66,and,O
66,Shi,PERSON
66,ZL,PERSON
66,2019,DATE
66,.,O
66,Nat,PERSON
66,.,O
66,Rev.,TITLE
66,Microbiol,PERSON
66,.,O
66,17,NUMBER
66,.,O
66,181,NUMBER
66,.,O
66,[,O
66,PubMed,O
66,:,O
66,30531947,NUMBER
66,],O
66,5,NUMBER
66,.,O
66,Zhu,PERSON
66,N,PERSON
66,.,O
66,Zhang,PERSON
66,D,PERSON
66,.,O
66,Wang,PERSON
66,W,PERSON
66,.,O
66,Li,PERSON
66,X,PERSON
66,.,O
66,Yang,PERSON
66,B,O
66,.,O
66,Song,O
66,J,O
66,.,O
66,Zhao,PERSON
66,X,PERSON
66,.,O
66,Huang,PERSON
66,B,PERSON
66,.,O
66,Shi,O
66,W,O
66,.,O
66,Lu,PERSON
66,R,O
66,.,O
66,Niu,PERSON
66,P,PERSON
66,.,O
66,Zhan,PERSON
66,F,PERSON
66,.,O
66,Ma,PERSON
66,X,PERSON
66,.,O
66,Wang,PERSON
66,D,O
66,.,O
66,Xu,PERSON
66,W,PERSON
66,.,O
66,Wu,PERSON
66,G,PERSON
66,.,O
66,Gao,PERSON
66,GF,O
66,and,O
66,Tan,PERSON
66,W,PERSON
66,2020,DATE
66,.,O
66,N.,PERSON
66,Engl,PERSON
66,.,O
66,J.,O
66,Med,O
66,.,O
66,382,NUMBER
66,.,O
66,727,NUMBER
66,.,O
66,[,O
66,PubMed,O
66,:,O
66,6,NUMBER
66,.,O
66,Huang,PERSON
66,C,PERSON
66,.,O
66,Wang,O
66,Y,O
66,.,O
66,Li,PERSON
66,X,O
66,.,O
66,Ren,PERSON
66,L,PERSON
66,.,O
66,Zhao,PERSON
66,J,PERSON
66,.,O
66,Hu,O
66,Y,O
66,.,O
66,Zhang,PERSON
66,L,PERSON
66,.,O
66,Fan,O
66,G,O
66,.,O
66,Xu,PERSON
66,J,PERSON
66,.,O
66,Gu,O
66,X,O
66,.,O
66,Cheng,PERSON
66,Z,PERSON
66,.,O
66,Yu,PERSON
66,T,O
66,.,O
66,Xia,PERSON
66,J,PERSON
66,.,O
66,Wei,O
66,Y,O
66,.,O
66,Wu,PERSON
66,W,PERSON
66,.,O
66,Xie,PERSON
66,X,PERSON
66,.,O
66,Yin,PERSON
66,W,PERSON
66,.,O
66,Li,PERSON
66,H,PERSON
66,.,O
66,Liu,PERSON
66,M,O
66,.,O
66,Xiao,PERSON
66,Y,PERSON
66,.,O
66,Gao,PERSON
66,H,PERSON
66,.,O
66,Guo,PERSON
66,L,PERSON
66,.,O
66,Xie,PERSON
66,J,PERSON
66,.,O
66,Wang,PERSON
66,G,PERSON
66,.,O
66,Jiang,PERSON
66,R,PERSON
66,.,O
66,Gao,PERSON
66,Z,PERSON
66,.,O
66,Jin,PERSON
66,Q,O
66,.,O
66,Wang,PERSON
66,J,PERSON
66,and,O
66,Cao,PERSON
66,B,PERSON
66,2020,DATE
66,.,O
66,Lancet,ORGANIZATION
66,.,O
66,395,NUMBER
66,.,O
66,497,NUMBER
66,.,O
66,[,O
66,PubMed,O
66,:,O
66,31986264,NUMBER
66,],O
66,7,NUMBER
66,.,O
66,Chen,O
66,N,O
66,.,O
66,Zhou,PERSON
66,M,O
66,.,O
66,Dong,PERSON
66,X,PERSON
66,.,O
66,Qu,O
66,J,O
66,.,O
66,Gong,O
66,F,O
66,.,O
66,Han,O
66,Y,O
66,.,O
66,Qiu,LOCATION
66,Y,LOCATION
66,.,O
66,Wang,PERSON
66,J,PERSON
66,.,O
66,Liu,PERSON
66,Y,O
66,.,O
66,Wei,O
66,Y,O
66,.,O
66,Xia,PERSON
66,J,PERSON
66,.,O
66,Yu,PERSON
66,T,PERSON
66,.,O
66,Zhang,PERSON
66,X,PERSON
66,and,O
66,Zhang,O
66,L,O
66,2020,DATE
66,.,O
66,Lancet,ORGANIZATION
66,.,O
66,395,NUMBER
66,.,O
66,507,NUMBER
66,.,O
66,[,O
66,PubMed,O
66,:,O
66,32007143,NUMBER
66,],O
66,8,NUMBER
66,.,O
66,Wu,PERSON
66,F,PERSON
66,.,O
66,Zhao,PERSON
66,S,PERSON
66,.,O
66,Yu,O
66,B,O
66,.,O
66,Chen,PERSON
66,YM,PERSON
66,.,O
66,Wang,PERSON
66,W,PERSON
66,.,O
66,Song,O
66,ZG,O
66,.,O
66,Hu,O
66,Y,O
66,.,O
66,Tao,O
66,ZW,O
66,.,O
66,Tian,PERSON
66,JH,PERSON
66,.,O
66,Pei,O
66,YY,O
66,.,O
66,Yuan,ORGANIZATION
66,ML,ORGANIZATION
66,.,O
66,Zhang,PERSON
66,YL,PERSON
66,.,O
66,Dai,PERSON
66,FH,PERSON
66,.,O
66,Liu,PERSON
66,Y,PERSON
66,.,O
66,Wang,PERSON
66,QM,O
66,.,O
66,Zheng,PERSON
66,JJ,PERSON
66,.,O
66,Xu,PERSON
66,L,PERSON
66,.,O
66,Holmes,ORGANIZATION
66,EC,ORGANIZATION
66,and,O
66,Zhang,O
66,YZ,O
66,2020,DATE
66,.,O
66,Nature,O
66,.,O
66,9,NUMBER
66,.,O
66,An,O
66,‐,O
66,dersen,O
66,KG,O
66,.,O
66,Rambaut,MISC
66,A,MISC
66,.,O
66,Lipkin,PERSON
66,WI,STATE_OR_PROVINCE
66,.,O
66,Holmes,ORGANIZATION
66,EC,ORGANIZATION
66,and,O
66,Garry,PERSON
66,RF,O
66,2020,DATE
66,.,O
66,Na,O
66,‐,O
66,ture,O
66,Medicine,O
66,.,O
66,26,NUMBER
66,.,O
66,450,NUMBER
66,10,NUMBER
66,.,O
66,Wu,O
66,A,O
66,.,O
66,Peng,O
66,Y,O
66,.,O
66,Huang,PERSON
66,B,PERSON
66,.,O
66,Ding,PERSON
66,X,PERSON
66,.,O
66,Wang,PERSON
66,X,PERSON
66,.,O
66,Niu,PERSON
66,P,O
66,.,O
66,Meng,PERSON
66,J,PERSON
66,.,O
66,Zhu,PERSON
66,Z,PERSON
66,.,O
66,Zhang,PERSON
66,Z,PERSON
66,.,O
66,Wang,PERSON
66,J,PERSON
66,.,O
66,Sheng,PERSON
66,J,PERSON
66,.,O
66,Quan,PERSON
66,L,PERSON
66,.,O
66,Xia,O
66,Z,O
66,.,O
66,Tan,PERSON
66,W,O
66,.,O
66,Cheng,PERSON
66,G,PERSON
66,and,O
66,Jiang,PERSON
66,T,O
66,2020,DATE
66,.,O
66,Cell,ORGANIZATION
66,Host,ORGANIZATION
66,Microbe,ORGANIZATION
66,.,O
66,27,NUMBER
66,.,O
66,325,NUMBER
66,.,O
66,[,O
66,PubMed,O
66,:,O
66,11,NUMBER
66,.,O
66,Kumar,PERSON
66,S,PERSON
66,.,O
66,Maurya,ORGANIZATION
66,VK,ORGANIZATION
66,.,O
66,Prasad,ORGANIZATION
66,AK,ORGANIZATION
66,.,O
66,Bhatt,ORGANIZATION
66,MLB,ORGANIZATION
66,and,O
66,Saxena,PERSON
66,SK,STATE_OR_PROVINCE
66,2020,DATE
66,.,O
66,Virus,O
66,Disease,CAUSE_OF_DEATH
66,.,O
66,31,NUMBER
66,.,O
66,13,NUMBER
66,.,O
66,12,NUMBER
66,.,O
66,Coronaviridae,ORGANIZATION
66,Study,ORGANIZATION
66,Group,ORGANIZATION
66,of,O
66,the,O
66,In,O
66,‐,O
66,ternational,O
66,Committee,ORGANIZATION
66,on,ORGANIZATION
66,Taxonomy,ORGANIZATION
66,of,ORGANIZATION
66,Viruses,ORGANIZATION
66,.,O
66,2020,DATE
66,.,O
66,Nat,PERSON
66,.,O
66,Micro,O
66,‐,O
66,biol,O
66,.,O
66,5,NUMBER
66,.,O
66,536,NUMBER
66,.,O
66,[,O
66,PubMed,O
66,:,O
66,32123347,NUMBER
66,],O
66,13,NUMBER
66,.,O
66,Wrapp,O
66,D,O
66,.,O
66,Wang,PERSON
66,N,PERSON
66,.,O
66,Corbett,PERSON
66,KS,STATE_OR_PROVINCE
66,.,O
66,Goldsmith,PERSON
66,JA,PERSON
66,.,O
66,Hsieh,ORGANIZATION
66,CL,ORGANIZATION
66,.,O
66,Abiona,PERSON
66,O,PERSON
66,.,O
66,Graham,PERSON
66,BS,O
66,and,O
66,McLellan,PERSON
66,JS,O
66,2020,DATE
66,.,O
66,Science,O
66,.,O
66,367,NUMBER
66,.,O
66,1260,DATE
66,.,O
66,[,O
66,PubMed,O
66,:,O
66,32075877,NUMBER
66,],O
66,14,NUMBER
66,.,O
66,Walls,O
66,AC,O
66,.,O
66,Park,O
66,YJ,O
66,.,O
66,Tortorici,PERSON
66,MA,PERSON
66,.,O
66,Wall,O
66,A,O
66,.,O
66,McGuire,PERSON
66,AT,O
66,and,O
66,Veesler,O
66,D,O
66,2020,DATE
66,.,O
66,Cell,O
66,.,O
66,181,NUMBER
66,.,O
66,281,NUMBER
66,.,O
66,15,NUMBER
66,.,O
66,Zheng,PERSON
66,M,O
66,and,O
66,Song,O
66,L,O
66,2020,DATE
66,.,O
66,Cell,O
66,.,O
66,Mol,O
66,.,O
66,Immunol,PERSON
66,.,O
66,17,NUMBER
66,.,O
66,536,NUMBER
66,.,O
66,[,O
66,PubMed,O
66,:,O
66,32132669,NUMBER
66,],O
66,16,NUMBER
66,.,O
66,Wen,MISC
66,F,MISC
66,.,O
66,Yu,PERSON
66,H,PERSON
66,.,O
66,Guo,PERSON
66,J,PERSON
66,.,O
66,Li,PERSON
66,Y,PERSON
66,.,O
66,Luo,PERSON
66,K,PERSON
66,and,O
66,Huang,PERSON
66,S,O
66,2020,DATE
66,.,O
66,J.,O
66,Infect,O
66,.,O
66,pii,O
66,:,O
66,S01634453,O
66,(20)301080,O
66,.,O
66,17,NUMBER
66,.,O
66,Mond,PERSON
66,JJ,PERSON
66,.,O
66,Lees,PERSON
66,A,O
66,and,O
66,Snapper,ORGANIZATION
66,CM,O
66,1995,DATE
66,.,O
66,Ann,PERSON
66,.,O
66,Rev.,TITLE
66,Immunol,PERSON
66,.,O
66,13,NUMBER
66,.,O
66,655,NUMBER
66,.,O
66,[,O
66,PubMed,O
66,:,O
66,7612238,NUMBER
66,],O
66,18,NUMBER
66,.,O
66,Wang,PERSON
66,D,O
66,and,O
66,Kabat,O
66,EA,O
66,1996,DATE
66,.,O
66,Structure,O
66,of,O
66,Antigens,O
66,.,O
66,Re,O
66,‐,O
66,genmortal,O
66,MHVV,O
66,(,O
66,Ed,PERSON
66,.,O
66,),O
66,.,O
66,Boca,CITY
66,Raton,CITY
66,.,O
66,New,STATE_OR_PROVINCE
66,York,STATE_OR_PROVINCE
66,.,O
66,London,CITY
66,.,O
66,Tokyo,CITY
66,.,O
66,CRC,ORGANIZATION
66,Press,O
66,.,O
66,pp,O
66,.,O
66,247,NUMBER
66,.,O
66,19,NUMBER
66,.,O
66,Dochez,ORGANIZATION
66,AR,ORGANIZATION
66,and,O
66,Avery,ORGANIZATION
66,OT,O
66,1917,DATE
66,.,O
66,J.,O
66,Exp,O
66,.,O
66,Med,O
66,.,O
66,26,NUMBER
66,.,O
66,477,NUMBER
66,.,O
66,[,O
66,PubMed,O
66,:,O
66,19868163,NUMBER
66,],O
66,20,NUMBER
66,.,O
66,Heidelberger,O
66,M,O
66,and,O
66,Avery,ORGANIZATION
66,OT,O
66,1923,DATE
66,.,O
66,J.,O
66,Exp,O
66,.,O
66,Med,O
66,.,O
66,38,NUMBER
66,.,O
66,73,NUMBER
66,.,O
66,[,O
66,PubMed,O
66,:,O
66,19868772,NUMBER
66,],O
66,21,NUMBER
66,.,O
66,Ezzell,PERSON
66,JW,PERSON
66,Jr.,PERSON
66,.,O
66,Ab,O
66,‐,O
66,shire,O
66,TG,O
66,.,O
66,Little,O
66,SF,O
66,.,O
66,Lidgerding,O
66,BC,STATE_OR_PROVINCE
66,and,O
66,Brown,PERSON
66,C,O
66,1990,DATE
66,.,O
66,J.,PERSON
66,Clin,PERSON
66,.,O
66,Mi,O
66,‐,O
66,crobiol,O
66,.,O
66,28,NUMBER
66,.,O
66,22,NUMBER
66,.,O
66,Wang,PERSON
66,D,PERSON
66,.,O
66,Carroll,PERSON
66,GT,PERSON
66,.,O
66,Turro,ORGANIZATION
66,NJ,ORGANIZATION
66,.,O
66,Koberstein,PERSON
66,JT,PERSON
66,.,O
66,Ko,O
66,‐,O
66,vac,O
66,P,O
66,.,O
66,Saksena,PERSON
66,R,PERSON
66,.,O
66,Adamo,PERSON
66,R,O
66,.,O
66,Herzenberg,ORGANIZATION
66,LA,ORGANIZATION
66,.,O
66,Herzenberg,PERSON
66,LA,PERSON
66,and,O
66,Steinman,PERSON
66,L,O
66,2007,DATE
66,.,O
66,Proteomics,MISC
66,.,O
66,7,NUMBER
66,.,O
66,180,NUMBER
66,.,O
66,[,O
66,PubMed,O
66,:,O
66,17205603,NUMBER
66,],O
66,23,NUMBER
66,.,O
66,Schneerson,PERSON
66,R,PERSON
66,.,O
66,Robbins,PERSON
66,JB,PERSON
66,.,O
66,Barrera,PERSON
66,O,O
66,.,O
66,Sutton,PERSON
66,A,O
66,.,O
66,Habig,ORGANIZATION
66,WB,ORGANIZATION
66,.,O
66,Harde,O
66,‐,O
66,gree,O
66,MC,O
66,and,O
66,Chaimovich,PERSON
66,J,PERSON
66,1980,PERSON
66,.,O
66,Prog,O
66,.,O
66,Clin,PERSON
66,.,O
66,Biol,O
66,.,O
66,Res,O
66,.,O
66,47,NUMBER
66,.,O
66,77,NUMBER
66,.,O
66,[,O
66,PubMed,O
66,:,O
66,6970933,NUMBER
66,],O
66,24,NUMBER
66,.,O
66,Robbins,ORGANIZATION
66,JB,ORGANIZATION
66,and,O
66,Schneerson,PERSON
66,R,O
66,1990,DATE
66,.,O
66,J.,O
66,In,O
66,‐,O
66,fect,O
66,.,O
66,Dis,O
66,.,O
66,161,NUMBER
66,.,O
66,821,NUMBER
66,.,O
66,[,O
66,PubMed,O
66,:,O
66,2182727,NUMBER
66,],O
66,25,NUMBER
66,.,O
66,Lucas,PERSON
66,AH,O
66,.,O
66,Rittenhouse,PERSON
66,‐,PERSON
66,Olson,PERSON
66,K,PERSON
66,.,O
66,Kronenberg,PERSON
66,M,O
66,.,O
66,Apicella,PERSON
66,MA,PERSON
66,.,O
66,Wang,PERSON
66,D,PERSON
66,.,O
66,Schreiber,PERSON
66,JR,O
66,and,O
66,Tay,PERSON
66,‐,PERSON
66,lor,O
66,CE,O
66,2008,DATE
66,.,O
66,Vaccine,O
66,.,O
66,28,NUMBER
66,.,O
66,1121,DATE
66,.,O
66,[,O
66,PubMed,O
66,:,O
66,18579261,NUMBER
66,],O
66,26,NUMBER
66,.,O
66,Madore,PERSON
66,DV,O
66,.,O
66,Johnson,ORGANIZATION
66,CL,ORGANIZATION
66,.,O
66,Phipps,ORGANIZATION
66,DC,ORGANIZATION
66,.,O
66,Myers,ORGANIZATION
66,MG,ORGANIZATION
66,.,O
66,Eby,PERSON
66,R,O
66,and,O
66,Smith,PERSON
66,DH,O
66,1990,DATE
66,.,O
66,Pedi,PERSON
66,‐,O
66,atrics,O
66,.,O
66,86,NUMBER
66,.,O
66,527,NUMBER
66,.,O
66,27,NUMBER
66,.,O
66,Madore,PERSON
66,DV,O
66,.,O
66,Johnson,ORGANIZATION
66,CL,ORGANIZATION
66,.,O
66,Phipps,LOCATION
66,DC,STATE_OR_PROVINCE
66,.,O
66,Popejoy,PERSON
66,LA,CITY
66,.,O
66,Eby,PERSON
66,R,O
66,and,O
66,Smith,PERSON
66,DH,O
66,1990,DATE
66,.,O
66,Pediatrics,O
66,.,O
66,85,NUMBER
66,.,O
66,331,NUMBER
66,.,O
66,28,NUMBER
66,.,O
66,Ahonkhai,PERSON
66,VI,ORGANIZATION
66,.,O
66,Lukacs,PERSON
66,LJ,PERSON
66,.,O
66,Jonas,PERSON
66,LC,PERSON
66,.,O
66,Matthews,PERSON
66,H,PERSON
66,.,O
66,Vella,ORGANIZATION
66,PP,ORGANIZATION
66,.,O
66,Ellis,PERSON
66,RW,O
66,.,O
66,Staub,O
66,JM,O
66,.,O
66,Dolan,ORGANIZATION
66,KT,ORGANIZATION
66,.,O
66,Rusk,PERSON
66,CM,O
66,.,O
66,Calandra,PERSON
66,GB,O
66,and,O
66,Gerety,PERSON
66,RJ,O
66,1990,DATE
66,.,O
66,Pedi,PERSON
66,‐,O
66,atrics,O
66,.,O
66,85,NUMBER
66,.,O
66,676,NUMBER
66,.,O
66,[,O
66,PubMed,O
66,:,O
66,2107518,NUMBER
66,],O
66,29,NUMBER
66,.,O
66,Stewart,PERSON
66,‐,O
66,Jones,O
66,GB,O
66,.,O
66,Soto,PERSON
66,C,O
66,.,O
66,Lemmin,O
66,T,O
66,.,O
66,Chuang,ORGANIZATION
66,GY,ORGANIZATION
66,.,O
66,Druz,PERSON
66,A,PERSON
66,.,O
66,Kong,PERSON
66,R,PERSON
66,.,O
66,Thomas,PERSON
66,PV,PERSON
66,.,O
66,Wagh,PERSON
66,K,PERSON
66,.,O
66,Zhou,PERSON
66,T,PERSON
66,.,O
66,Behrens,PERSON
66,AJ,PERSON
66,.,O
66,Bylund,PERSON
66,T,O
66,.,O
66,Choi,ORGANIZATION
66,CW,ORGANIZATION
66,.,O
66,Davison,PERSON
66,JR,PERSON
66,.,O
66,Georgiev,PERSON
66,IS,O
66,.,O
66,Joyce,PERSON
66,MG,PERSON
66,.,O
66,Kwon,O
66,YD,O
66,.,O
66,Pancera,O
66,M,O
66,.,O
66,Taft,PERSON
66,J,PERSON
66,.,O
66,Yang,O
66,Y,O
66,.,O
66,Zhang,PERSON
66,B,PERSON
66,.,O
66,Shivatare,O
66,SS,O
66,.,O
66,Shiv,O
66,‐,O
66,atare,O
66,VS,O
66,.,O
66,Lee,ORGANIZATION
66,CC,ORGANIZATION
66,.,O
66,Wu,PERSON
66,CY,PERSON
66,.,O
66,Bewley,PERSON
66,CA,STATE_OR_PROVINCE
66,.,O
66,Burton,PERSON
66,DR,PERSON
66,.,O
66,Koff,PERSON
66,WC,O
66,.,O
66,Connors,PERSON
66,M,O
66,.,O
66,Crispin,PERSON
66,M,PERSON
66,.,O
66,Baxa,PERSON
66,U,PERSON
66,.,O
66,Korber,ORGANIZATION
66,BT,ORGANIZATION
66,.,O
66,Wong,PERSON
66,CH,COUNTRY
66,.,O
66,Mascola,PERSON
66,JR,O
66,and,O
66,Kwong,PERSON
66,PD,O
66,2016,DATE
66,.,O
66,Cell,O
66,.,O
66,165,NUMBER
66,.,O
66,813,NUMBER
66,.,O
66,[,O
66,PubMed,O
66,:,O
66,27114034,NUMBER
66,],O
66,30,NUMBER
66,.,O
66,Sommerstein,PERSON
66,R,PERSON
66,.,O
66,Flatz,PERSON
66,L,O
66,.,O
66,Remy,PERSON
66,MM,PERSON
66,.,O
66,Malinge,O
66,P,O
66,.,O
66,Magistrelli,PERSON
66,G,O
66,.,O
66,Fischer,PERSON
66,N,O
66,.,O
66,Sahin,PERSON
66,M,O
66,.,O
66,Bergth,O
66,‐,O
66,aler,O
66,A,O
66,.,O
66,Igonet,O
66,S,O
66,.,O
66,Ter,PERSON
66,Meulen,PERSON
66,J,PERSON
66,.,O
66,Rigo,O
66,D,O
66,.,O
66,Meda,O
66,P,O
66,.,O
66,Rabah,PERSON
66,N,PERSON
66,.,O
66,Coutard,PERSON
66,B,O
66,.,O
66,Bowden,ORGANIZATION
66,TA,ORGANIZATION
66,.,O
66,Lambert,PERSON
66,PH,COUNTRY
66,.,O
66,Siegrist,PERSON
66,CA,STATE_OR_PROVINCE
66,and,O
66,Pinschewer,O
66,DD,O
66,2015,DATE
66,.,O
66,PLoS,O
66,Pathog,O
66,.,O
66,11,NUMBER
66,.,O
66,e1005276,O
66,.,O
66,[,O
66,PubMed,O
66,:,O
66,26587982,NUMBER
66,],O
66,31,NUMBER
66,.,O
66,Falkowska,O
66,E,O
66,.,O
66,Kajumo,O
66,F,O
66,.,O
66,Garcia,PERSON
66,E,O
66,.,O
66,Reinus,O
66,J,O
66,and,O
66,Dragic,PERSON
66,T,O
66,2007,DATE
66,.,O
66,J.,PERSON
66,Virol,PERSON
66,.,O
66,81,NUMBER
66,.,O
66,8072,NUMBER
66,.,O
66,[,O
66,PubMed,O
66,:,O
66,32,NUMBER
66,.,O
66,Szakonyi,PERSON
66,G,PERSON
66,.,O
66,Klein,ORGANIZATION
66,MG,ORGANIZATION
66,.,O
66,Hannan,PERSON
66,JP,O
66,.,O
66,Young,O
66,KA,O
66,.,O
66,Ma,PERSON
66,RZ,O
66,.,O
66,Asokan,PERSON
66,R,PERSON
66,.,O
66,Holers,O
66,VM,O
66,and,O
66,Chen,PERSON
66,XS,O
66,2006,DATE
66,.,O
66,Nat,PERSON
66,.,O
66,Struct,O
66,.,O
66,Mol,O
66,.,O
66,Biol,O
66,.,O
66,13,NUMBER
66,.,O
66,996,NUMBER
66,.,O
66,[,O
66,PubMed,O
66,:,O
66,17072314,NUMBER
66,],O
66,33,NUMBER
66,.,O
66,Walls,O
66,AC,O
66,.,O
66,Tortorici,PERSON
66,MA,PERSON
66,.,O
66,Frenz,PERSON
66,B,PERSON
66,.,O
66,Snijder,O
66,J,O
66,.,O
66,Li,PERSON
66,W,PERSON
66,.,O
66,Rey,O
66,FA,O
66,.,O
66,DiMaio,PERSON
66,F,O
66,.,O
66,Bosch,ORGANIZATION
66,BJ,ORGANIZATION
66,and,O
66,Veesler,O
66,D,O
66,2016,DATE
66,.,O
66,Nat,PERSON
66,.,O
66,Struct,O
66,.,O
66,Mol,O
66,.,O
66,Biol,O
66,.,O
66,23,NUMBER
66,.,O
66,899,NUMBER
66,.,O
66,[,O
66,PubMed,O
66,:,O
66,27617430,NUMBER
66,],O
66,34,NUMBER
66,.,O
66,Wang,PERSON
66,D,PERSON
66,.,O
66,Tang,O
66,J,O
66,.,O
66,Tang,PERSON
66,J,PERSON
66,and,O
66,Wang,O
66,LX,O
66,2015,DATE
66,.,O
66,Molecules,O
66,.,O
66,20,NUMBER
66,.,O
66,4610,NUMBER
66,.,O
66,[,O
66,PubMed,O
66,:,O
66,25774492,NUMBER
66,],O
66,35,NUMBER
66,.,O
66,Wang,PERSON
66,D,O
66,and,O
66,Lu,PERSON
66,J,PERSON
66,2004,PERSON
66,.,O
66,Physiol,ORGANIZATION
66,Genomics,ORGANIZATION
66,.,O
66,18,NUMBER
66,.,O
66,245,NUMBER
66,.,O
66,[,O
66,PubMed,O
66,:,O
66,15161967,NUMBER
66,],O
66,36,NUMBER
66,.,O
66,Calarese,O
66,DA,O
66,.,O
66,Scanlan,PERSON
66,CN,O
66,.,O
66,Zwick,PERSON
66,MB,STATE_OR_PROVINCE
66,.,O
66,Dee,PERSON
66,‐,PERSON
66,chongkit,O
66,S,O
66,.,O
66,Mimura,PERSON
66,Y,PERSON
66,.,O
66,Kunert,PERSON
66,R,O
66,.,O
66,Zhu,PERSON
66,P,O
66,.,O
66,Wormald,PERSON
66,MR,PERSON
66,.,O
66,Stanfield,ORGANIZATION
66,RL,ORGANIZATION
66,.,O
66,Roux,PERSON
66,KH,O
66,.,O
66,Kelly,PERSON
66,JW,PERSON
66,.,O
66,Rudd,O
66,PM,O
66,.,O
66,Dwek,PERSON
66,RA,O
66,.,O
66,Katinger,PERSON
66,H,PERSON
66,.,O
66,Burton,PERSON
66,DR,O
66,and,O
66,Wilson,PERSON
66,IA,STATE_OR_PROVINCE
66,2003,DATE
66,.,O
66,Science,O
66,.,O
66,300,NUMBER
66,.,O
66,2065,DATE
66,.,O
66,[,O
66,PubMed,O
66,:,O
66,12829775,NUMBER
66,],O
66,37,NUMBER
66,.,O
66,Doores,PERSON
66,KJ,PERSON
66,.,O
66,Bonomelli,PERSON
66,C,PERSON
66,.,O
66,Harvey,PERSON
66,DJ,PERSON
66,.,O
66,Vasiljevic,PERSON
66,S,PERSON
66,.,O
66,Dwek,PERSON
66,RA,O
66,.,O
66,Burton,PERSON
66,DR,PERSON
66,.,O
66,Crispin,PERSON
66,M,O
66,and,O
66,Scanlan,PERSON
66,CN,O
66,2010,DATE
66,.,O
66,Proc,O
66,.,O
66,Natl.,O
66,Acad,O
66,.,O
66,Sci,O
66,.,O
66,USA,COUNTRY
66,.,O
66,107,NUMBER
66,.,O
66,13800,NUMBER
66,.,O
66,[,O
66,PubMed,O
66,:,O
66,20643940,NUMBER
66,],O
66,38,NUMBER
66,.,O
66,Wang,PERSON
66,D,O
66,2012,DATE
66,.,O
66,J.,O
66,Prot,O
66,.,O
66,Bioinf,PERSON
66,.,O
66,5,NUMBER
66,.,O
66,090,NUMBER
66,.,O
66,39,NUMBER
66,.,O
66,Wang,PERSON
66,D,PERSON
66,.,O
66,Dafik,PERSON
66,L,PERSON
66,.,O
66,Nolley,PERSON
66,R,O
66,.,O
66,Huang,PERSON
66,W,PERSON
66,.,O
66,Wolfinger,PERSON
66,RD,O
66,.,O
66,Wang,PERSON
66,LX,O
66,and,O
66,Peehl,PERSON
66,DM,O
66,2013,DATE
66,.,O
66,Drug,O
66,Dev,O
66,.,O
66,Res,O
66,.,O
66,74,NUMBER
66,.,O
66,65,NUMBER
66,.,O
66,[,O
66,PubMed,O
66,:,O
66,25152555,NUMBER
66,],O
66,40,NUMBER
66,.,O
66,Newsom,ORGANIZATION
66,‐,ORGANIZATION
66,Davis,ORGANIZATION
66,TE,ORGANIZATION
66,.,O
66,Wang,PERSON
66,D,PERSON
66,.,O
66,Steinman,PERSON
66,L,O
66,.,O
66,Chen,PERSON
66,PF,PERSON
66,.,O
66,Wang,PERSON
66,LX,PERSON
66,.,O
66,Simon,PERSON
66,AK,STATE_OR_PROVINCE
66,and,O
66,Screaton,O
66,GR,O
66,2009,DATE
66,.,O
66,Cancer,ORGANIZATION
66,Res,ORGANIZATION
66,.,O
66,69,NUMBER
66,.,O
66,2018,DATE
66,.,O
66,[,O
66,PubMed,O
66,:,O
66,19223535,NUMBER
66,],O
66,41,NUMBER
66,.,O
66,Nauta,PERSON
66,AJ,PERSON
66,.,O
66,Raaschou,PERSON
66,‐,O
66,Jensen,PERSON
66,N,O
66,.,O
66,Roos,PERSON
66,A,O
66,.,O
66,Daha,PERSON
66,MR,PERSON
66,.,O
66,Madsen,PERSON
66,HO,PERSON
66,.,O
66,Bor,O
66,‐,O
66,rias,O
66,‐,O
66,Essers,O
66,MC,O
66,.,O
66,Ryder,ORGANIZATION
66,LP,ORGANIZATION
66,.,O
66,Koch,PERSON
66,C,O
66,and,O
66,Garred,O
66,P,O
66,2003,DATE
66,.,O
66,Eur,O
66,.,O
66,J.,O
66,Im,O
66,‐,O
66,munol,O
66,.,O
66,33,NUMBER
66,.,O
66,2853,DATE
66,.,O
66,[,O
66,PubMed,O
66,:,O
66,14515269,NUMBER
66,],O
66,42,NUMBER
66,.,O
66,Ip,O
66,WK,DURATION
66,.,O
66,Takahashi,PERSON
66,K,PERSON
66,.,O
66,Ezekowitz,O
66,RA,O
66,and,O
66,Stuart,ORGANIZATION
66,LM,O
66,2009,DATE
66,.,O
66,Immunol,PERSON
66,.,O
66,Rev,TITLE
66,.,O
66,230,NUMBER
66,.,O
66,9,NUMBER
66,.,O
66,[,O
66,PubMed,O
66,:,O
66,43,NUMBER
66,.,O
66,Balzarini,PERSON
66,J,PERSON
66,.,O
66,Hatse,PERSON
66,S,PERSON
66,.,O
66,Vermeire,PERSON
66,K,PERSON
66,.,O
66,Princen,PERSON
66,K,PERSON
66,.,O
66,Aquaro,O
66,S,O
66,.,O
66,Perno,PERSON
66,CF,O
66,.,O
66,De,PERSON
66,Clercq,PERSON
66,E,PERSON
66,.,O
66,Egberink,O
66,H,O
66,.,O
66,Vanden,PERSON
66,Mooter,PERSON
66,G,PERSON
66,.,O
66,Peumans,O
66,W,O
66,.,O
66,Van,PERSON
66,Damme,PERSON
66,E,O
66,and,O
66,Schols,O
66,D,O
66,2004,DATE
66,.,O
66,Antimicrob,PERSON
66,.,O
66,Agents,O
66,Chemother,O
66,.,O
66,48,NUMBER
66,.,O
66,3858,NUMBER
66,.,O
66,[,O
66,PubMed,O
66,:,O
66,15388446,NUMBER
66,],O
66,44,NUMBER
66,.,O
66,Balzarini,PERSON
66,J,PERSON
66,.,O
66,Lee,PERSON
66,CK,PERSON
66,.,O
66,Schols,O
66,D,O
66,and,O
66,De,PERSON
66,Clercq,O
66,E,O
66,1991,DATE
66,.,O
66,Biochem,ORGANIZATION
66,.,O
66,Biophys,O
66,.,O
66,Res,O
66,.,O
66,Commun,ORGANIZATION
66,.,O
66,178,NUMBER
66,.,O
66,563,NUMBER
66,.,O
66,45,NUMBER
66,.,O
66,Keyaerts,O
66,E,O
66,.,O
66,Vijgen,PERSON
66,L,PERSON
66,.,O
66,Pannecouque,O
66,C,O
66,.,O
66,Van,PERSON
66,Damme,PERSON
66,E,O
66,.,O
66,Peumans,O
66,W,O
66,.,O
66,Eg,O
66,‐,O
66,berink,O
66,H,O
66,.,O
66,Balzarini,PERSON
66,J,PERSON
66,and,O
66,Van,PERSON
66,Ranst,PERSON
66,M,O
66,2007,DATE
66,.,O
66,Antiviral,O
66,.,O
66,Res,O
66,.,O
66,75,NUMBER
66,.,O
66,179,NUMBER
66,.,O
66,[,O
66,PubMed,O
66,:,O
66,17428553,NUMBER
66,],O
66,46,NUMBER
66,.,O
66,Toonstra,MISC
66,C,MISC
66,.,O
66,Wu,PERSON
66,L,PERSON
66,.,O
66,Li,PERSON
66,C,PERSON
66,.,O
66,Wang,PERSON
66,D,O
66,and,O
66,Wang,PERSON
66,LX,O
66,2018,DATE
66,.,O
66,Bioconjug,PERSON
66,.,O
66,Chem,O
66,.,O
66,29,NUMBER
66,.,O
66,1911,DATE
66,.,O
66,[,O
66,PubMed,O
66,:,O
66,47,NUMBER
66,.,O
66,Walls,O
66,AC,O
66,.,O
66,Xiong,PERSON
66,X,PERSON
66,.,O
66,Park,O
66,YJ,O
66,.,O
66,Tortorici,PERSON
66,MA,PERSON
66,.,O
66,Snijder,PERSON
66,J,PERSON
66,.,O
66,Quispe,PERSON
66,J,PERSON
66,.,O
66,Cameroni,PERSON
66,E,O
66,.,O
66,Gopal,PERSON
66,R,PERSON
66,.,O
66,Dai,PERSON
66,M,O
66,.,O
66,Lanzavecchia,O
66,A,O
66,.,O
66,Zambon,ORGANIZATION
66,M,O
66,.,O
66,Rey,O
66,FA,O
66,.,O
66,Corti,PERSON
66,D,O
66,and,O
66,Veesler,O
66,D,O
66,2019,DATE
66,.,O
66,Cell,O
66,.,O
66,176,NUMBER
66,.,O
66,1026,DATE
66,.,O
66,[,O
66,PubMed,O
66,:,O
66,48,NUMBER
66,.,O
66,Yan,PERSON
66,R,PERSON
66,.,O
66,Zhang,PERSON
66,Y,PERSON
66,.,O
66,Li,PERSON
66,Y,O
66,.,O
66,Xia,PERSON
66,L,PERSON
66,.,O
66,Guo,O
66,Y,O
66,and,O
66,Zhou,O
66,Q,O
66,2020,DATE
66,.,O
66,Science,O
66,.,O
66,367,NUMBER
66,.,O
66,1444,DATE
66,.,O
66,[,O
66,PubMed,O
66,:,O
66,32132184,NUMBER
66,],O
66,49,NUMBER
66,.,O
66,Xiong,PERSON
66,X,PERSON
66,.,O
66,Tortorici,PERSON
66,MA,PERSON
66,.,O
66,Snijder,O
66,J,O
66,.,O
66,Yoshioka,PERSON
66,C,O
66,.,O
66,Walls,O
66,AC,ORGANIZATION
66,.,O
66,Li,PERSON
66,W,PERSON
66,.,O
66,McGuire,PERSON
66,AT,O
66,.,O
66,Rey,ORGANIZATION
66,FA,ORGANIZATION
66,.,O
66,Bosch,ORGANIZATION
66,BJ,ORGANIZATION
66,and,O
66,Veesler,O
66,D,O
66,2018,DATE
66,.,O
66,J.,PERSON
66,Vi,PERSON
66,‐,O
66,rol,O
66,.,O
66,92,NUMBER
66,.,O
66,pii,O
66,:,O
66,e01628,O
66,.,O
66,50,NUMBER
66,.,O
66,Jeffers,ORGANIZATION
66,SA,ORGANIZATION
66,.,O
66,Hemmila,ORGANIZATION
66,EM,ORGANIZATION
66,and,O
66,Holmes,PERSON
66,KV,PERSON
66,2006,DATE
66,.,O
66,Adv.,O
66,Exp,O
66,.,O
66,Med,O
66,.,O
66,Biol,O
66,.,O
66,581,NUMBER
66,.,O
66,265,NUMBER
66,.,O
66,[,O
66,PubMed,O
66,:,O
66,51,NUMBER
66,.,O
66,Lu,PERSON
66,S,O
66,2020,DATE
66,.,O
66,Emerg,O
66,.,O
66,Microbes,O
66,Infect,O
66,.,O
66,9,NUMBER
66,.,O
66,542,NUMBER
66,.,O
66,[,O
66,PubMed,O
66,:,O
66,32148172,NUMBER
66,],O
66,52,NUMBER
66,.,O
66,Amanat,PERSON
66,F,PERSON
66,and,O
66,Krammer,PERSON
66,F,O
66,2020,DATE
66,.,O
66,Immunity,O
66,.,O
66,52,NUMBER
66,.,O
66,583,NUMBER
66,.,O
66,[,O
66,PubMed,O
66,:,O
66,32259480,NUMBER
66,],O
66,53,NUMBER
66,.,O
66,Chen,PERSON
66,WH,PERSON
66,.,O
66,Strych,PERSON
66,U,PERSON
66,.,O
66,Hotez,PERSON
66,PJ,PERSON
66,and,O
66,Bottazzi,O
66,ME,STATE_OR_PROVINCE
66,2020,DATE
66,.,O
66,Curr,O
66,.,O
66,Trop,O
66,.,O
66,Med,O
66,.,O
66,Rep,TITLE
66,.,O
66,1,NUMBER
66,.,O
66,54,NUMBER
66,.,O
66,Song,O
66,W,O
66,.,O
66,Gui,PERSON
66,M,O
66,.,O
66,Wang,PERSON
66,X,PERSON
66,and,O
66,Xiang,O
66,Y,O
66,2018,DATE
66,.,O
66,PLoS,O
66,Pathog,PERSON
66,.,O
66,14,NUMBER
66,.,O
66,e1007236,O
66,.,O
66,[,O
66,PubMed,O
66,:,O
66,30102747,NUMBER
66,],O
66,55,NUMBER
66,.,O
66,Wang,PERSON
66,D,PERSON
66,.,O
66,Liu,PERSON
66,S,PERSON
66,.,O
66,Trum,PERSON
66,‐,O
66,mer,O
66,BJ,ORGANIZATION
66,.,O
66,Deng,PERSON
66,C,PERSON
66,and,O
66,Wang,PERSON
66,A,O
66,2002,DATE
66,.,O
66,Nat,PERSON
66,.,O
66,Biotechnol,PERSON
66,.,O
66,20,NUMBER
66,.,O
66,275,NUMBER
66,.,O
66,[,O
66,PubMed,O
66,:,O
66,56,NUMBER
66,.,O
66,Wang,PERSON
66,D,O
66,2012,DATE
66,.,O
66,Methods,O
66,Mol,O
66,.,O
66,Biol,O
66,.,O
66,808,NUMBER
66,.,O
66,241,NUMBER
66,.,O
66,[,O
66,PubMed,O
66,:,O
66,22057530,NUMBER
66,],O
66,57,NUMBER
66,.,O
66,Wang,PERSON
66,D,O
66,2014,DATE
66,.,O
66,J.,O
66,Prot,O
66,.,O
66,Bioinf,PERSON
66,.,O
66,7,NUMBER
66,.,O
66,e24,NUMBER
66,.,O
66,58,NUMBER
66,.,O
66,Wang,PERSON
66,D,PERSON
66,2003,DATE
66,.,O
66,Proteomics,MISC
66,.,O
66,3,NUMBER
66,.,O
66,2167,DATE
66,.,O
66,[,O
66,PubMed,O
66,:,O
66,14595816,NUMBER
66,],O
66,59,NUMBER
66,.,O
66,Song,O
66,X,O
66,.,O
66,Ju,PERSON
66,H,PERSON
66,.,O
66,Lasanajak,O
66,Y,O
66,.,O
66,Kudelka,PERSON
66,MR,PERSON
66,.,O
66,Smith,PERSON
66,DF,O
66,and,O
66,Cummings,PERSON
66,RD,O
66,2016,DATE
66,.,O
66,Nat,PERSON
66,.,O
66,Methods,O
66,.,O
66,13,NUMBER
66,.,O
66,60,NUMBER
66,.,O
66,Fukui,PERSON
66,S,O
66,.,O
66,Feizi,PERSON
66,T,PERSON
66,.,O
66,Galustian,PERSON
66,C,O
66,.,O
66,Lawson,PERSON
66,AM,O
66,and,O
66,Chai,PERSON
66,W,O
66,2002,DATE
66,.,O
66,Nat,PERSON
66,.,O
66,Biotechnol,PERSON
66,.,O
66,20,NUMBER
66,.,O
66,1011,DATE
66,[,O
66,PubMed,O
66,:,O
66,61,NUMBER
66,.,O
66,Varki,O
66,A,O
66,1992,DATE
66,.,O
66,Glycobiology,O
66,.,O
66,2,NUMBER
66,.,O
66,25,NUMBER
66,.,O
66,[,O
66,PubMed,O
66,:,O
66,1550987,NUMBER
66,],O
66,62,NUMBER
66,.,O
66,Galili,PERSON
66,U,O
66,1999,DATE
66,.,O
66,Subcell,PERSON
66,Biochem,ORGANIZATION
66,.,O
66,32,NUMBER
66,.,O
66,1,NUMBER
66,.,O
66,[,O
66,PubMed,O
66,:,O
66,10391989,NUMBER
66,],O
66,63,NUMBER
66,.,O
66,Miwa,O
66,HE,O
66,.,O
66,Song,O
66,Y,O
66,.,O
66,Alvarez,PERSON
66,R,O
66,.,O
66,Cummings,PERSON
66,RD,O
66,and,O
66,Stanley,PERSON
66,P,O
66,2012,DATE
66,.,O
66,Glycoconj,PERSON
66,.,O
66,J,O
66,.,O
66,29,NUMBER
66,.,O
66,609,NUMBER
66,.,O
66,64,NUMBER
66,.,O
66,Tseng,O
66,CT,STATE_OR_PROVINCE
66,.,O
66,Sbrana,PERSON
66,E,O
66,.,O
66,Iwata,PERSON
66,‐,O
66,Yoshikawa,PERSON
66,N,O
66,.,O
66,Newman,ORGANIZATION
66,PC,ORGANIZATION
66,.,O
66,Garron,PERSON
66,T,O
66,.,O
66,Atmar,PERSON
66,RL,ORGANIZATION
66,.,O
66,Peters,PERSON
66,CJ,O
66,and,O
66,Couch,O
66,RB,O
66,2012,DATE
66,.,O
66,PLoS,O
66,One,NUMBER
66,.,O
66,7,NUMBER
66,.,O
66,e35421,NUMBER
66,.,O
66,[,O
66,PubMed,O
66,:,O
66,22536382,NUMBER
66,],O
66,65,NUMBER
66,.,O
66,Wang,PERSON
66,SF,O
66,.,O
66,Tseng,PERSON
66,SP,O
66,.,O
66,Yen,O
66,CH,COUNTRY
66,.,O
66,Yang,PERSON
66,JY,PERSON
66,.,O
66,Tsao,PERSON
66,CH,COUNTRY
66,.,O
66,Shen,PERSON
66,CW,ORGANIZATION
66,.,O
66,Chen,PERSON
66,KH,PERSON
66,.,O
66,Liu,PERSON
66,FT,O
66,.,O
66,Liu,PERSON
66,WT,O
66,.,O
66,Chen,PERSON
66,YM,PERSON
66,and,O
66,Huang,PERSON
66,JC,O
66,2014,DATE
66,.,O
66,Biochem,ORGANIZATION
66,.,O
66,Biophys,O
66,.,O
66,Res,O
66,.,O
66,Commun,ORGANIZATION
66,.,O
66,451,NUMBER
66,.,O
66,208,NUMBER
66,.,O
66,[,O
66,PubMed,O
66,:,O
66,25073113,NUMBER
66,],O
66,66,NUMBER
66,.,O
66,Yip,PERSON
66,MS,STATE_OR_PROVINCE
66,.,O
66,Leung,ORGANIZATION
66,NH,ORGANIZATION
66,.,O
66,Cheung,ORGANIZATION
66,CY,ORGANIZATION
66,.,O
66,Li,PERSON
66,PH,PERSON
66,.,O
66,Lee,PERSON
66,HH,PERSON
66,.,O
66,Daeron,PERSON
66,M,O
66,.,O
66,Peiris,PERSON
66,JS,PERSON
66,.,O
66,Bruzzone,PERSON
66,R,O
66,and,O
66,Jaume,PERSON
66,M,O
66,2014,DATE
66,.,O
66,Virol,PERSON
66,.,O
66,J,O
66,.,O
66,11,NUMBER
66,.,O
66,82,NUMBER
66,.,O
66,[,O
66,PubMed,O
66,:,O
66,24885320,NUMBER
66,],O
66,67,NUMBER
66,.,O
66,Luo,PERSON
66,F,O
66,.,O
66,Liao,LOCATION
66,FL,STATE_OR_PROVINCE
66,.,O
66,Wang,PERSON
66,H,PERSON
66,.,O
66,Tang,O
66,HB,O
66,.,O
66,Yang,PERSON
66,ZQ,PERSON
66,and,O
66,Hou,PERSON
66,W,O
66,2018,DATE
66,.,O
66,Virol,PERSON
66,.,O
66,Sin,O
66,.,O
66,33,NUMBER
66,.,O
66,201,NUMBER
66,.,O
66,[,O
66,PubMed,O
66,:,O
66,68,NUMBER
66,.,O
66,Hotez,PERSON
66,PJ,PERSON
66,.,O
66,Corry,PERSON
66,DB,O
66,and,O
66,Bottazzi,O
66,ME,STATE_OR_PROVINCE
66,2020,DATE
66,.,O
66,Nat,PERSON
66,.,O
66,Rev.,TITLE
66,Immunol,PERSON
66,.,O
66,pii,O
66,:,O
66,10.1038,NUMBER
66,/,O
66,s41577,O
66,.,O
66,69,NUMBER
66,.,O
66,Negro,MISC
66,F,O
66,2020,DATE
66,.,O
66,Swiss,NATIONALITY
66,Med,O
66,.,O
66,Wkly,O
66,.,O
66,150,NUMBER
66,.,O
66,w20249,NUMBER
66,.,O
66,[,O
66,PubMed,O
66,:,O
66,32298458,NUMBER
66,],O
66,Asialo,O
66,‐,O
66,orosomucoid,O
66,(,O
66,ASOR,O
66,),O
66,and,O
66,agalacto,O
66,‐,O
66,OR,O
66,(,O
66,AGOR,O
66,),O
66,were,O
66,chemically,O
66,prepared,O
66,to,O
66,expose,O
66,cryptic,O
66,glyco,O
66,‐,O
66,epitopes,O
66,.,O
66,tri,O
66,‐,O
66,antennary,O
66,or,O
66,multi,O
66,‐,O
66,valent,O
66,type,O
66,II,NUMBER
66,(,O
66,Tri,O
66,/,O
66,m,O
66,‐,O
66,II,NUMBER
66,),O
66,and,O
66,Tri,O
66,/,O
66,m,O
66,‐,O
66,GlcNAc,O
66,(,O
66,Gn,O
66,),O
66,.,O
66,respectively,O
66,.,O
66,Oligomannose,O
66,moi,O
66,‐,O
66,eties,O
66,display,O
66,a,O
66,diverse,O
66,panel,O
66,of,O
66,cryptic,O
66,epitopes,O
66,.,O
66,As,O
66,illustrat,O
66,‐,O
66,ed,O
66,.,O
66,these,O
66,glyco,O
66,‐,O
66,epitopes,O
66,are,O
66,recognized,O
66,by,O
66,specific,O
66,virus,O
66,‐,O
66,neu,O
66,‐,O
66,tralizing,O
66,agents,O
66,:,O
66,a,O
66,),O
66,mannosyl,O
66,‐,O
66,epitopes,O
66,recognized,O
66,by,O
66,2G12,O
66,or,O
66,GNA,O
66,;,O
66,b,O
66,),O
66,Tri,O
66,/,O
66,m,O
66,‐,O
66,Gn,O
66,epitopes,O
66,stained,O
66,by,O
66,GNA,ORGANIZATION
66,or,O
66,wheat,O
66,germ,O
66,agglutinin,O
66,(,O
66,WGA,ORGANIZATION
66,),O
66,;,O
66,and,O
66,c,O
66,),O
66,Tri,O
66,/,O
66,m,O
66,‐,O
66,II,NUMBER
66,epitopes,O
66,that,O
66,are,O
66,highly,O
66,reactive,O
66,with,O
66,PHA,O
66,‐,O
66,L,O
66,and,O
66,SARS,O
66,‐,O
66,CoV,O
66,neutralization,O
66,antibodies,O
66,.,O
