75,Test,O
75,sensitivity,O
75,is,O
75,secondary,O
75,to,O
75,frequency,O
75,and,O
75,turnaround,O
75,time,O
75,for,O
75,COVID,O
75,‐,O
75,19,NUMBER
75,surveillance,O
75,Daniel,PERSON
75,B.,PERSON
75,Larremore1,PERSON
75,.2,O
75,.,O
75,Bryan,PERSON
75,Wilder3,PERSON
75,.,O
75,Evan,PERSON
75,Lester6,PERSON
75,.5,O
75,.,O
75,Soraya,PERSON
75,Shehata4,O
75,.5,O
75,.,O
75,James,PERSON
75,M.,PERSON
75,Burke6,PERSON
75,.,O
75,James,PERSON
75,A.,PERSON
75,Hay7,O
75,.8,O
75,.,O
75,Milind,PERSON
75,Tambe3,PERSON
75,.,O
75,Michael,PERSON
75,J.,PERSON
75,Mina7,O
75,.8.9,O
75,.,O
75,*,O
75,.,O
75,and,O
75,Roy,PERSON
75,Park,PERSON
75,‐,O
75,er4,O
75,.6.10.2,O
75,.,O
75,*,O
75,Public,O
75,Health,O
75,The,O
75,COVID,O
75,‐,O
75,19,NUMBER
75,pandemic,O
75,has,O
75,created,O
75,a,O
75,public,O
75,health,O
75,crisis,O
75,.,O
75,Because,O
75,SARS,O
75,‐,O
75,CoV,O
75,‐,O
75,2,NUMBER
75,can,O
75,spread,O
75,from,O
75,individ,O
75,‐,O
75,uals,O
75,with,O
75,pre,O
75,‐,O
75,symptomatic,O
75,.,O
75,symptomatic,O
75,.,O
75,and,O
75,asymptomatic,O
75,infec,O
75,‐,O
75,tions,O
75,[,O
75,1,NUMBER
75,.,O
75,2,NUMBER
75,.,O
75,3,NUMBER
75,],O
75,.,O
75,the,O
75,re,O
75,‐,O
75,opening,O
75,of,O
75,societies,O
75,and,O
75,the,O
75,control,O
75,of,O
75,virus,O
75,spread,O
75,will,O
75,be,O
75,facilitated,O
75,by,O
75,robust,O
75,surveillance,O
75,.,O
75,for,O
75,which,O
75,virus,O
75,testing,O
75,will,O
75,often,O
75,be,O
75,central,O
75,.,O
75,After,O
75,infection,CAUSE_OF_DEATH
75,.,O
75,indi,O
75,‐,O
75,viduals,O
75,undergo,O
75,a,O
75,period,O
75,of,O
75,incubation,O
75,during,O
75,which,O
75,viral,O
75,titers,O
75,are,O
75,usually,O
75,too,O
75,low,O
75,to,O
75,detect,O
75,.,O
75,followed,O
75,by,O
75,an,O
75,exponential,O
75,growth,O
75,of,O
75,virus,O
75,.,O
75,leading,O
75,to,O
75,a,O
75,peak,O
75,viral,O
75,load,O
75,and,O
75,infectiousness,O
75,.,O
75,and,O
75,ending,O
75,with,O
75,declining,O
75,viral,O
75,levels,O
75,and,O
75,clearance,O
75,[,O
75,4,NUMBER
75,],O
75,.,O
75,Given,O
75,the,O
75,pattern,O
75,of,O
75,viral,O
75,load,O
75,kinetics,O
75,[,O
75,4,NUMBER
75,],O
75,.,O
75,we,O
75,model,O
75,surveillance,O
75,effec,O
75,‐,O
75,tiveness,O
75,considering,O
75,test,O
75,sensitivities,O
75,.,O
75,frequency,O
75,.,O
75,and,O
75,sample,O
75,‐,O
75,to,O
75,‐,O
75,answer,O
75,reporting,O
75,time,O
75,.,O
75,These,O
75,results,O
75,demonstrate,O
75,that,O
75,effec,O
75,‐,O
75,tive,O
75,surveillance,O
75,.,O
75,including,O
75,time,O
75,to,O
75,first,ORDINAL
75,detection,O
75,and,O
75,outbreak,O
75,control,O
75,.,O
75,depends,O
75,largely,O
75,on,O
75,frequency,O
75,of,O
75,testing,O
75,and,O
75,the,O
75,speed,O
75,of,O
75,reporting,O
75,.,O
75,and,O
75,is,O
75,only,O
75,marginally,O
75,improved,O
75,by,O
75,high,O
75,test,O
75,sensitiv,O
75,‐,O
75,ity,O
75,.,O
75,We,O
75,therefore,O
75,conclude,O
75,that,O
75,surveillance,O
75,should,O
75,prioritize,O
75,accessibility,O
75,.,O
75,frequency,O
75,.,O
75,and,O
75,sample,O
75,‐,O
75,to,O
75,‐,O
75,answer,O
75,time,O
75,;,O
75,analytical,O
75,limits,O
75,of,O
75,detection,O
75,should,O
75,be,O
75,secondary,O
75,.,O
75,The,O
75,reliance,O
75,on,O
75,testing,O
75,as,O
75,a,O
75,means,O
75,to,O
75,safely,O
75,reopen,O
75,societies,O
75,has,O
75,placed,O
75,a,O
75,microscope,O
75,on,O
75,the,O
75,analytical,O
75,sensitivity,O
75,of,O
75,virus,O
75,assays,O
75,.,O
75,with,O
75,a,O
75,gold,O
75,‐,O
75,standard,O
75,of,O
75,quantitative,O
75,real,O
75,‐,O
75,time,O
75,polymerase,O
75,chain,O
75,reaction,O
75,(,O
75,qPCR,O
75,),O
75,.,O
75,These,O
75,assays,O
75,have,O
75,analytical,O
75,limits,O
75,of,O
75,detection,O
75,that,O
75,are,O
75,usually,O
75,with,O
75,‐,O
75,in,O
75,around,O
75,103,NUMBER
75,viral,O
75,RNA,O
75,copies,O
75,per,O
75,ml,O
75,(,O
75,cp,O
75,/,O
75,ml,O
75,),O
75,[,O
75,5,NUMBER
75,],O
75,.,O
75,However,O
75,.,O
75,qPCR,O
75,remains,O
75,expensive,O
75,and,O
75,as,O
75,a,O
75,laboratory,O
75,based,O
75,assay,O
75,often,O
75,have,O
75,sam,O
75,‐,O
75,ple,O
75,‐,O
75,to,O
75,‐,O
75,result,O
75,times,O
75,of,O
75,24,NUMBER
75,‐,O
75,48,DURATION
75,hours,DURATION
75,.,O
75,New,O
75,developments,O
75,in,O
75,SARS,O
75,‐,O
75,CoV,O
75,‐,O
75,2,NUMBER
75,diagnostics,O
75,have,O
75,the,O
75,potential,O
75,to,O
75,reduce,O
75,cost,O
75,significant,O
75,‐,O
75,ly,O
75,.,O
75,allowing,O
75,for,O
75,expanded,O
75,testing,O
75,or,O
75,greater,O
75,frequency,O
75,of,O
75,testing,O
75,and,O
75,can,O
75,reduce,O
75,turnaround,O
75,time,O
75,to,O
75,minutes,DURATION
75,.,O
75,These,O
75,assays,O
75,however,O
75,largely,O
75,do,O
75,not,O
75,meet,O
75,the,O
75,gold,O
75,standard,O
75,for,O
75,analytical,O
75,sensitivity,O
75,.,O
75,which,O
75,has,O
75,encumbered,O
75,translation,O
75,of,O
75,these,O
75,assays,O
75,for,O
75,widescale,O
75,use,O
75,[,O
75,6,NUMBER
75,],O
75,.,O
75,Three,NUMBER
75,features,O
75,of,O
75,the,O
75,viral,O
75,increase,O
75,.,O
75,infectivity,O
75,.,O
75,and,O
75,decline,O
75,during,O
75,SARS,O
75,‐,O
75,CoV,O
75,‐,O
75,2,NUMBER
75,infection,CAUSE_OF_DEATH
75,led,O
75,us,O
75,to,O
75,hypothesize,O
75,that,O
75,there,O
75,might,O
75,be,O
75,minimal,O
75,differences,O
75,in,O
75,effective,O
75,surveillance,O
75,us,O
75,‐,O
75,ing,O
75,viral,O
75,detection,O
75,tests,O
75,of,O
75,different,O
75,sensitivities,O
75,.,O
75,such,O
75,as,O
75,RT,O
75,‐,O
75,qPCR,O
75,with,O
75,a,O
75,limit,O
75,of,O
75,detection,O
75,(,O
75,LOD,O
75,),O
75,at,O
75,103,NUMBER
75,cp,O
75,/,O
75,ml,O
75,[,O
75,5,NUMBER
75,],O
75,compared,O
75,to,O
75,often,O
75,cheaper,O
75,or,O
75,faster,O
75,assays,O
75,with,O
75,higher,O
75,limits,O
75,of,O
75,detection,O
75,(,O
75,i.e.,O
75,.,O
75,around,O
75,105,NUMBER
75,cp,O
75,/,O
75,ml,O
75,),O
75,samples,O
75,collected,O
75,from,O
75,patients,O
75,display,O
75,‐,O
75,ing,O
75,less,O
75,than,O
75,106,NUMBER
75,N,O
75,or,O
75,E,O
75,RNA,O
75,cp,O
75,/,O
75,ml,O
75,contain,O
75,minimal,O
75,or,O
75,no,O
75,measur,O
75,‐,O
75,able,O
75,infectious,O
75,virus,O
75,[,O
75,7,NUMBER
75,.,O
75,8,NUMBER
75,.,O
75,9,NUMBER
75,],O
75,.,O
75,either,O
75,class,O
75,of,O
75,test,O
75,should,O
75,de,O
75,‐,O
75,tect,O
75,individuals,O
75,who,O
75,are,O
75,is,O
75,likely,O
75,due,O
75,to,O
75,(,O
75,i,O
75,),O
75,the,O
75,fact,O
75,that,O
75,the,O
75,N,O
75,and,O
75,E,O
75,RNAs,O
75,are,O
75,also,O
75,present,DATE
75,in,O
75,abundant,O
75,subgenomic,O
75,mRNAs,O
75,.,O
75,leading,O
75,to,O
75,overestimation,O
75,of,O
75,the,O
75,number,O
75,of,O
75,actual,O
75,viral,O
75,genomes,O
75,by,O
75,100,NUMBER
75,‐,O
75,1000X,O
75,[,O
75,10,NUMBER
75,],O
75,.,O
75,(,O
75,ii,O
75,),O
75,technical,O
75,artifacts,O
75,of,O
75,RT,O
75,‐,O
75,PCR,O
75,at,O
75,Ct,O
75,values,O
75,>,O
75,35,NUMBER
75,due,O
75,to,O
75,limited,O
75,template,O
75,[,O
75,11,NUMBER
75,.,O
75,12,NUMBER
75,],O
75,.,O
75,and,O
75,(,O
75,iii,O
75,),O
75,the,O
75,production,O
75,of,O
75,during,O
75,the,O
75,exponential,O
75,growth,O
75,of,O
75,the,O
75,virus,O
75,.,O
75,the,O
75,time,O
75,difference,O
75,between,O
75,103,NUMBER
75,and,NUMBER
75,105,NUMBER
75,cp,O
75,/,O
75,ml,O
75,is,O
75,short,O
75,.,O
75,allowing,O
75,only,O
75,a,O
75,limited,O
75,win,O
75,‐,O
75,dow,O
75,in,O
75,which,O
75,only,O
75,the,O
75,more,O
75,sensitive,O
75,test,O
75,could,O
75,diagnose,O
75,individ,O
75,‐,O
75,uals,O
75,.,O
75,For,O
75,qPCR,O
75,.,O
75,this,O
75,corresponds,O
75,to,O
75,the,O
75,time,O
75,required,O
75,during,O
75,vi,O
75,‐,O
75,ral,O
75,growth,O
75,to,O
75,go,O
75,from,O
75,Ct,O
75,values,O
75,of,O
75,40,NUMBER
75,to,O
75,34,NUMBER
75,.,O
75,While,O
75,this,O
75,time,O
75,win,O
75,‐,O
75,dow,O
75,for,O
75,SARS,O
75,‐,O
75,CoV,O
75,‐,O
75,2,NUMBER
75,is,O
75,not,O
75,yet,O
75,rigorously,O
75,defined,O
75,.,O
75,for,O
75,other,O
75,res,O
75,‐,O
75,piratory,O
75,viruses,O
75,such,O
75,as,O
75,influenza,CAUSE_OF_DEATH
75,.,O
75,and,O
75,in,O
75,ferret,O
75,models,O
75,of,O
75,SARS,O
75,‐,O
75,CoV,O
75,‐,O
75,2,NUMBER
75,transmission,O
75,.,O
75,it,O
75,is,O
75,on,O
75,the,O
75,order,O
75,of,O
75,a,DURATION
75,day,DURATION
75,[,O
75,14,NUMBER
75,.,O
75,15,NUMBER
75,],O
75,.,O
75,Final,O
75,‐,O
75,ly,O
75,.,O
75,high,O
75,‐,O
75,sensitivity,O
75,screening,O
75,tests,O
75,.,O
75,when,O
75,applied,O
75,during,O
75,the,O
75,vi,O
75,‐,O
75,ral,O
75,decline,O
75,accompanying,O
75,recovery,O
75,.,O
75,are,O
75,unlikely,O
75,to,O
75,substantially,O
75,impact,O
75,transmission,O
75,because,O
75,such,O
75,individuals,O
75,detected,O
75,have,O
75,low,O
75,.,O
75,if,O
75,any,O
75,.,O
75,infectiousness,O
75,[,O
75,10,NUMBER
75,],O
75,.,O
75,To,O
75,examine,O
75,how,O
75,surveillance,O
75,testing,O
75,would,O
75,reduce,O
75,the,O
75,average,O
75,infectiousness,O
75,of,O
75,individuals,O
75,.,O
75,we,O
75,first,ORDINAL
75,modeled,O
75,the,O
75,viral,O
75,loads,O
75,and,O
75,infectiousness,O
75,curves,O
75,of,O
75,10.000,NUMBER
75,simu,O
75,‐,O
75,lated,O
75,individuals,O
75,using,O
75,the,O
75,predicted,O
75,viral,O
75,trajectories,O
75,of,O
75,SARS,O
75,‐,O
75,CoV,O
75,‐,O
75,2,NUMBER
75,infections,CAUSE_OF_DEATH
75,based,O
75,on,O
75,key,O
75,features,O
75,of,O
75,latency,O
75,.,O
75,growth,O
75,.,O
75,with,O
75,‐,O
75,in,O
75,‐,O
75,host,TITLE
75,viral,O
75,kinetics,O
75,.,O
75,we,O
75,calculated,O
75,what,O
75,percentage,O
75,of,O
75,their,O
75,total,O
75,infectiousness,O
75,would,O
75,be,O
75,frequencies,O
75,.,O
75,Here,O
75,.,O
75,infectiousness,O
75,was,O
75,taken,O
75,to,O
75,be,O
75,proportional,O
75,to,O
75,the,O
75,logarithm,O
75,of,O
75,viral,O
75,load,O
75,in,O
75,excess,O
75,of,O
75,106,NUMBER
75,cp,O
75,/,O
75,ml,O
75,(,O
75,with,O
75,alternative,O
75,assumptions,O
75,addressed,O
75,in,O
75,Supplemental,O
75,Materials,O
75,),O
75,.,O
75,consistent,O
75,with,O
75,the,O
75,observation,O
75,that,O
75,pre,O
75,‐,O
75,symptomatic,O
75,patients,O
75,are,O
75,most,O
75,infectious,O
75,just,O
75,prior,O
75,to,O
75,the,O
75,onset,O
75,of,O
75,symptoms,O
75,[,O
75,4,NUMBER
75,],O
75,.,O
75,and,O
75,evidence,O
75,that,O
75,the,O
75,efficiency,O
75,of,O
75,viral,O
75,transmission,O
75,coincides,O
75,with,O
75,peak,O
75,viral,O
75,loads,O
75,.,O
75,which,O
75,was,O
75,also,O
75,identified,O
75,during,O
75,the,O
75,related,O
75,2003,DATE
75,SARS,O
75,outbreak,O
75,[,O
75,16,NUMBER
75,.,O
75,17,NUMBER
75,],O
75,.,O
75,We,O
75,considered,O
75,that,O
75,20,PERCENT
75,%,PERCENT
75,of,O
75,patients,O
75,would,O
75,undergo,O
75,symptomatic,O
75,isola,O
75,‐,O
75,tion,O
75,near,O
75,their,O
75,peak,O
75,viral,O
75,load,O
75,if,O
75,they,O
75,had,O
75,not,O
75,viral,O
75,load,O
75,posi,O
75,‐,O
75,tive,O
75,test,O
75,&,O
75,dx,O
75,returned,O
75,days,DURATION
75,since,O
75,exposure,O
75,rel,O
75,.,O
75,infectiousness,O
75,infectiousness,O
75,removed,O
75,no,O
75,test,O
75,isolated,O
75,&,O
75,removed,O
75,but,O
75,isolated,O
75,indiv,O
75,.,O
75,infectiousness,O
75,arbitrary,O
75,units,O
75,log10,O
75,viral,O
75,load,O
75,diagnosed,O
75,.,O
75,LOD,O
75,103,NUMBER
75,diagnosed,O
75,.,O
75,LOD,O
75,105,DURATION
75,days,DURATION
75,since,O
75,exposure,O
75,no,O
75,test,O
75,is,O
75,shown,O
75,with,O
75,LOD,O
75,thresholds,O
75,of,O
75,two,NUMBER
75,tests,O
75,.,O
75,and,O
75,a,O
75,hypothetical,O
75,positive,O
75,test,O
75,on,O
75,day,DURATION
75,6,NUMBER
75,.,O
75,two,DURATION
75,days,DURATION
75,after,O
75,peak,O
75,viral,O
75,load,O
75,.,O
75,20,NUMBER
75,other,O
75,stochas,O
75,‐,O
75,tically,O
75,generated,O
75,viral,O
75,loads,O
75,are,O
75,shown,O
75,to,O
75,highlight,O
75,trajectory,O
75,diversity,O
75,(,O
75,light,O
75,grey,O
75,;,O
75,see,O
75,Methods,O
75,),O
75,.,O
75,(,O
75,B,O
75,),O
75,Relative,O
75,infectiousness,O
75,for,O
75,the,O
75,viral,O
75,load,O
75,shown,O
75,in,O
75,panel,O
75,A,O
75,pre,O
75,‐,O
75,test,O
75,.,O
75,totaling,O
75,31,PERCENT
75,%,PERCENT
75,(,O
75,blue,O
75,),O
75,and,O
75,post,O
75,‐,O
75,isolation,O
75,.,O
75,totaling,O
75,69,PERCENT
75,%,PERCENT
75,(,O
75,black,O
75,),O
75,.,O
75,(,O
75,C,O
75,),O
75,Surveillance,O
75,pro,O
75,‐,O
75,grams,O
75,using,O
75,tests,O
75,at,O
75,LODs,O
75,of,O
75,103,NUMBER
75,and,O
75,105,NUMBER
75,at,O
75,frequencies,O
75,indicated,O
75,were,O
75,applied,O
75,to,O
75,10,NUMBER
75,.,O
75,000,NUMBER
75,individuals,O
75,trajectories,O
75,of,O
75,whom,O
75,20,PERCENT
75,%,PERCENT
75,would,O
75,undergo,O
75,symptomatic,O
75,isolation,O
75,near,O
75,their,O
75,peak,O
75,viral,O
75,load,O
75,if,O
75,they,O
75,had,O
75,not,O
75,been,O
75,tested,O
75,and,O
75,isolated,O
75,first,ORDINAL
75,.,O
75,Total,O
75,infectiousness,O
75,removed,O
75,during,O
75,surveillance,O
75,(,O
75,colors,O
75,),O
75,and,O
75,self,O
75,isolation,O
75,(,O
75,hatch,O
75,),O
75,are,O
75,shown,O
75,for,O
75,surveillance,O
75,as,O
75,indicated,O
75,.,O
75,relative,O
75,to,O
75,total,O
75,infec,O
75,‐,O
75,tiousness,O
75,with,O
75,no,O
75,surveillance,O
75,or,O
75,self,O
75,‐,O
75,isolation,O
75,.,O
75,(,O
75,D,O
75,),O
75,The,O
75,impact,O
75,of,O
75,surveillance,O
75,on,O
75,the,O
75,infectiousness,O
75,of,O
75,100,NUMBER
75,individuals,O
75,is,O
75,shown,O
75,for,O
75,each,O
75,surveillance,O
75,program,O
75,and,O
75,no,O
75,testing,O
75,.,O
75,as,O
75,indicated,O
75,.,O
75,with,O
75,each,O
75,individual,O
75,colored,O
75,by,O
75,test,O
75,if,O
75,their,O
75,infection,CAUSE_OF_DEATH
75,was,O
75,detected,O
75,during,O
75,infectiousness,O
75,(,O
75,medians,O
75,.,O
75,black,O
75,lines,O
75,),O
75,or,O
75,colored,O
75,blue,O
75,if,O
75,their,O
75,infection,CAUSE_OF_DEATH
75,was,O
75,missed,O
75,by,O
75,surveillance,O
75,or,O
75,detected,O
75,positive,O
75,after,O
75,their,O
75,infectious,O
75,period,O
75,(,O
75,medians,O
75,.,O
75,blue,O
75,lines,O
75,),O
75,.,O
75,Units,O
75,are,O
75,arbitrary,O
75,and,O
75,scaled,O
75,to,O
75,the,O
75,maximum,O
75,infectiousness,O
75,of,O
75,sampled,O
75,in,O
75,‐,O
75,dividuals,O
75,.,O
75,been,O
75,tested,O
75,and,O
75,isolated,O
75,first,ORDINAL
75,.,O
75,and,PERCENT
75,80,PERCENT
75,%,PERCENT
75,would,O
75,have,O
75,sufficiently,O
75,mild,O
75,or,O
75,no,O
75,symptoms,O
75,such,O
75,that,O
75,they,O
75,would,O
75,not,O
75,isolate,O
75,unless,O
75,they,O
75,were,O
75,detected,O
75,by,O
75,surveillance,O
75,testing,O
75,.,O
75,This,O
75,analysis,O
75,demonstrated,O
75,that,O
75,there,O
75,was,O
75,little,O
75,difference,O
75,in,O
75,averting,O
75,infec,O
75,‐,O
75,tiousness,O
75,between,O
75,the,O
75,two,NUMBER
75,classes,O
75,of,O
75,test,O
75,.,O
75,Dramatic,O
75,reductions,O
75,in,O
75,total,O
75,infectiousness,O
75,of,O
75,the,O
75,individuals,O
75,were,O
75,observed,O
75,by,O
75,testing,O
75,daily,SET
75,or,O
75,every,O
75,third,ORDINAL
75,Because,O
75,viral,O
75,loads,O
75,and,O
75,infectiousness,O
75,vary,O
75,across,O
75,individuals,O
75,.,O
75,we,O
75,also,O
75,analyzed,O
75,the,O
75,impact,O
75,of,O
75,Above,O
75,.,O
75,we,O
75,as,O
75,‐,O
75,sumed,O
75,that,O
75,each,O
75,infection,CAUSE_OF_DEATH
75,was,O
75,independent,RELIGION
75,.,O
75,To,O
75,investigate,O
75,the,O
75,ef,O
75,‐,O
75,fects,O
75,of,O
75,surveillance,O
75,testing,O
75,strategies,O
75,at,O
75,the,O
75,population,O
75,level,O
75,.,O
75,we,O
75,used,O
75,simulations,O
75,to,O
75,monitor,O
75,whether,O
75,epidemics,O
75,were,O
75,contained,O
75,or,O
75,became,O
75,uncontrolled,O
75,.,O
75,while,O
75,varying,O
75,the,O
75,frequencies,O
75,at,O
75,which,O
75,the,O
75,test,O
75,was,O
75,administered,O
75,.,O
75,ranging,O
75,from,O
75,daily,SET
75,testing,O
75,to,O
75,testing,O
75,every,SET
75,14,SET
75,days,SET
75,.,O
75,and,O
75,considering,O
75,tests,O
75,with,O
75,LOD,O
75,of,O
75,103,NUMBER
75,and,O
75,105,NUMBER
75,.,O
75,analogous,O
75,to,O
75,RT,O
75,‐,O
75,qPCR,O
75,and,O
75,RT,O
75,‐,O
75,LAMP,O
75,/,O
75,rapid,O
75,antigen,O
75,tests,O
75,.,O
75,respec,O
75,‐,O
75,tively,O
75,.,O
75,We,O
75,used,O
75,two,NUMBER
75,different,O
75,epidemiological,O
75,models,O
75,to,O
75,ensure,O
75,that,O
75,important,O
75,observations,O
75,were,O
75,independent,RELIGION
75,of,O
75,the,O
75,specific,O
75,mod,O
75,‐,O
75,eling,O
75,approach,O
75,.,O
75,The,O
75,first,ORDINAL
75,model,TITLE
75,is,O
75,a,O
75,previously,DATE
75,described,O
75,agent,O
75,‐,O
75,based,O
75,model,TITLE
75,with,O
75,total,O
75,infections,CAUSE_OF_DEATH
75,fully,O
75,mixed,O
75,model,TITLE
75,reduction,O
75,in,O
75,R,O
75,fully,O
75,mixed,O
75,model,TITLE
75,total,O
75,infections,CAUSE_OF_DEATH
75,agent,O
75,based,O
75,model,TITLE
75,reduction,O
75,in,O
75,R,O
75,agent,O
75,based,O
75,model,TITLE
75,no,O
75,test,O
75,no,O
75,test,O
75,row,O
75,),O
75,and,O
75,agent,O
75,based,O
75,model,TITLE
75,(,O
75,bottom,O
75,row,O
75,),O
75,are,O
75,affected,O
75,by,O
75,surveillance,O
75,programs,O
75,.,O
75,(,O
75,A,O
75,.,O
75,B,O
75,),O
75,More,O
75,frequent,O
75,testing,O
75,reduces,O
75,the,O
75,effective,O
75,reproductive,O
75,number,O
75,R,O
75,.,O
75,shown,O
75,as,O
75,the,O
75,percentage,O
75,by,O
75,which,O
75,R0,O
75,is,O
75,reduced,O
75,.,O
75,100,NUMBER
75,(,O
75,R0,O
75,R,O
75,),O
75,/,O
75,R0,O
75,.,O
75,Values,O
75,of,O
75,R,O
75,were,O
75,estimated,O
75,from,O
75,50,NUMBER
75,independent,RELIGION
75,simulations,O
75,of,O
75,dy,O
75,‐,O
75,namics,O
75,(,O
75,see,O
75,Methods,O
75,),O
75,.,O
75,(,O
75,C,O
75,.,O
75,D,O
75,),O
75,Relative,O
75,to,O
75,no,O
75,testing,O
75,(,O
75,grey,O
75,bars,O
75,),O
75,.,O
75,surveillance,O
75,suppresses,O
75,the,O
75,total,O
75,number,O
75,of,O
75,infections,CAUSE_OF_DEATH
75,in,O
75,both,O
75,models,O
75,when,O
75,testing,O
75,every,SET
75,day,SET
75,or,O
75,every,SET
75,three,SET
75,days,SET
75,.,O
75,but,O
75,only,O
75,par,O
75,‐,O
75,tially,O
75,mitigates,O
75,total,O
75,cases,O
75,for,O
75,weekly,SET
75,or,O
75,bi,O
75,‐,O
75,weekly,SET
75,testing,O
75,.,O
75,Er,O
75,‐,O
75,ror,O
75,bars,O
75,indicate,O
75,inner,O
75,95,PERCENT
75,%,PERCENT
75,quantiles,O
75,of,O
75,50,NUMBER
75,independent,RELIGION
75,simula,O
75,‐,O
75,tions,O
75,each,O
75,.,O
75,both,O
75,within,O
75,‐,O
75,household,O
75,and,O
75,age,O
75,‐,O
75,stratified,O
75,contact,O
75,structure,O
75,based,O
75,on,O
75,census,O
75,microdata,O
75,in,O
75,a,O
75,city,O
75,representative,TITLE
75,of,O
75,New,CITY
75,York,CITY
75,City,CITY
75,[,O
75,18,NUMBER
75,],O
75,.,O
75,and,O
75,initialized,O
75,with,O
75,100,NUMBER
75,cases,O
75,without,O
75,addi,O
75,‐,O
75,tional,O
75,external,O
75,infections,CAUSE_OF_DEATH
75,.,O
75,The,O
75,second,ORDINAL
75,model,TITLE
75,is,O
75,a,O
75,simple,O
75,fully,O
75,mixed,O
75,model,TITLE
75,representing,O
75,a,O
75,population,O
75,of,O
75,20.000,NUMBER
75,.,O
75,to,O
75,one,NUMBER
75,new,O
75,im,O
75,‐,O
75,port,O
75,per,O
75,day,DURATION
75,.,O
75,Individual,O
75,viral,O
75,loads,O
75,were,O
75,simulated,O
75,for,O
75,each,O
75,in,O
75,‐,O
75,fection,O
75,.,O
75,and,O
75,individuals,O
75,who,O
75,received,O
75,a,O
75,positive,O
75,test,O
75,result,O
75,were,O
75,isolated,O
75,.,O
75,but,O
75,contact,O
75,tracing,O
75,and,O
75,monitoring,O
75,was,O
75,not,O
75,included,O
75,to,O
75,more,O
75,conservatively,O
75,estimate,O
75,the,O
75,impacts,O
75,of,O
75,surveillance,O
75,alone,O
75,[,O
75,19,NUMBER
75,.,O
75,20,NUMBER
75,],O
75,.,O
75,Model,TITLE
75,details,O
75,and,O
75,parameters,O
75,are,O
75,fully,O
75,described,O
75,in,O
75,Methods,O
75,.,O
75,We,O
75,observed,O
75,that,O
75,a,O
75,surveillance,O
75,program,O
75,administering,O
75,either,O
75,test,O
75,with,O
75,high,O
75,frequency,O
75,limited,O
75,Methods,O
75,for,O
75,calculation,O
75,procedure,O
75,),O
75,and,O
75,by,O
75,the,O
75,total,O
75,infections,CAUSE_OF_DEATH
75,that,O
75,persisted,O
75,in,O
75,spite,O
75,of,O
75,different,O
75,was,O
75,found,O
75,to,O
75,be,O
75,the,O
75,primary,O
75,driver,TITLE
75,of,O
75,population,O
75,‐,O
75,level,O
75,epidemic,O
75,control,O
75,.,O
75,with,O
75,only,O
75,a,O
75,small,O
75,margin,O
75,of,O
75,improvement,O
75,provid,O
75,‐,O
75,ed,O
75,by,O
75,using,O
75,a,O
75,more,O
75,sensitive,O
75,test,O
75,.,O
75,Direct,O
75,examination,O
75,of,O
75,simula,O
75,‐,O
75,tions,O
75,showed,O
75,that,O
75,with,O
75,no,O
75,surveillance,O
75,or,O
75,biweekly,SET
75,testing,O
75,.,O
75,in,O
75,‐,O
75,fections,O
75,were,O
75,uncontrolled,O
75,.,O
75,whereas,O
75,surveillance,O
75,testing,O
75,weekly,SET
75,with,O
75,either,O
75,LOD,O
75,=,O
75,103,NUMBER
75,or,O
75,105,NUMBER
75,effectively,O
75,attenuated,O
75,surges,O
75,of,O
75,in,O
75,‐,O
75,fections,O
75,(,O
75,examples,O
75,The,O
75,relationship,O
75,between,O
75,test,O
75,sensitivity,O
75,and,O
75,the,O
75,frequency,O
75,of,O
75,testing,O
75,required,O
75,to,O
75,control,O
75,outbreaks,O
75,in,O
75,both,O
75,the,O
75,fully,O
75,mixed,O
75,model,TITLE
75,and,O
75,the,O
75,agent,O
75,‐,O
75,based,O
75,model,TITLE
75,generalize,O
75,beyond,O
75,the,O
75,examples,O
75,shown,O
75,in,O
75,viral,O
75,load,O
75,test,O
75,sample,O
75,positive,O
75,dx,O
75,rel,O
75,.,O
75,in,O
75,‐,O
75,fectiousness,O
75,infectiousness,O
75,removed,O
75,days,DURATION
75,since,O
75,exposure,O
75,awaiting,O
75,dx,O
75,but,O
75,isolated,O
75,isolated,O
75,&,O
75,removed,O
75,indiv,O
75,.,O
75,infectiousness,O
75,arbi,O
75,‐,O
75,trary,O
75,units,O
75,log10,O
75,viral,O
75,load,O
75,no,O
75,test,O
75,daily,SET
75,diagnosed,O
75,.,O
75,LOD,O
75,103,NUMBER
75,di,O
75,‐,O
75,agnosed,O
75,.,O
75,LOD,ORGANIZATION
75,105,NUMBER
75,missed,O
75,/,O
75,caught,O
75,late,DURATION
75,days,DURATION
75,since,O
75,exposure,O
75,no,O
75,test,O
75,viral,O
75,load,O
75,trajectory,O
75,is,O
75,shown,O
75,with,O
75,LOD,O
75,thresholds,O
75,of,O
75,two,NUMBER
75,tests,O
75,.,O
75,and,O
75,a,O
75,hypothetical,O
75,positive,O
75,test,O
75,on,O
75,day,DURATION
75,6,NUMBER
75,.,O
75,but,O
75,with,O
75,results,O
75,re,O
75,‐,O
75,ported,O
75,on,O
75,day,DURATION
75,8,NUMBER
75,.,O
75,20,NUMBER
75,other,O
75,stochastically,O
75,generated,O
75,viral,O
75,loads,O
75,are,O
75,shown,O
75,to,O
75,highlight,O
75,trajectory,O
75,diversity,O
75,(,O
75,light,O
75,grey,O
75,;,O
75,see,O
75,Methods,O
75,),O
75,.,O
75,(,O
75,B,O
75,),O
75,Relative,O
75,infectiousness,O
75,for,O
75,the,O
75,viral,O
75,load,O
75,shown,O
75,in,O
75,panel,O
75,A,O
75,pretest,O
75,(,O
75,totaling,O
75,31,PERCENT
75,%,PERCENT
75,;,O
75,blue,O
75,),O
75,and,O
75,post,O
75,‐,O
75,test,O
75,but,O
75,pre,O
75,‐,O
75,diag,O
75,‐,O
75,nosis,O
75,(,O
75,totaling,O
75,32,PERCENT
75,%,PERCENT
75,;,O
75,green,O
75,),O
75,.,O
75,and,O
75,post,O
75,‐,O
75,isolation,O
75,(,O
75,totaling,O
75,37,PERCENT
75,%,PERCENT
75,;,O
75,black,O
75,),O
75,.,O
75,(,O
75,C,O
75,),O
75,Surveillance,O
75,programs,O
75,using,O
75,tests,O
75,at,O
75,LODs,O
75,of,O
75,103,NUMBER
75,and,O
75,105,NUMBER
75,at,O
75,frequencies,O
75,indicated,O
75,.,O
75,and,O
75,with,O
75,results,O
75,returned,O
75,after,O
75,0,NUMBER
75,.,O
75,1,NUMBER
75,.,O
75,or,O
75,2,DURATION
75,days,DURATION
75,(,O
75,indicated,O
75,by,O
75,small,O
75,text,O
75,beneath,O
75,bars,O
75,),O
75,were,O
75,applied,O
75,to,O
75,10,NUMBER
75,.,O
75,000,NUMBER
75,individuals,O
75,trajectories,O
75,of,O
75,whom,O
75,20,PERCENT
75,%,PERCENT
75,were,O
75,symptomatic,O
75,and,O
75,self,O
75,‐,O
75,isolated,O
75,after,O
75,peak,O
75,viral,O
75,load,O
75,if,O
75,they,O
75,had,O
75,not,O
75,been,O
75,tested,O
75,and,O
75,isolated,O
75,first,ORDINAL
75,.,O
75,Total,O
75,infectiousness,O
75,removed,O
75,during,O
75,surveillance,O
75,(,O
75,colors,O
75,),O
75,and,O
75,self,O
75,isolation,O
75,(,O
75,hatch,O
75,),O
75,are,O
75,shown,O
75,.,O
75,rela,O
75,‐,O
75,tive,O
75,to,O
75,total,O
75,infectiousness,O
75,with,O
75,no,O
75,surveillance,O
75,or,O
75,self,O
75,‐,O
75,isola,O
75,‐,O
75,tion,O
75,.,O
75,Delays,O
75,substantially,O
75,impact,O
75,the,O
75,fraction,O
75,of,O
75,infectiousness,O
75,removed,O
75,.,O
75,(,O
75,D,O
75,),O
75,The,O
75,impact,O
75,of,O
75,surveillance,O
75,with,O
75,delays,O
75,in,O
75,returning,O
75,diagnosis,O
75,of,O
75,0,NUMBER
75,.,O
75,1,NUMBER
75,.,O
75,or,O
75,2,DURATION
75,days,DURATION
75,(,O
75,small,O
75,text,O
75,beneath,O
75,axis,O
75,),O
75,on,O
75,the,O
75,in,O
75,‐,O
75,fectiousness,O
75,of,O
75,100,NUMBER
75,individuals,O
75,is,O
75,shown,O
75,for,O
75,each,O
75,surveillance,O
75,program,O
75,and,O
75,no,O
75,testing,O
75,.,O
75,as,O
75,indicated,O
75,.,O
75,with,O
75,each,O
75,individual,O
75,col,O
75,‐,O
75,ored,O
75,by,O
75,test,O
75,if,O
75,their,O
75,infection,CAUSE_OF_DEATH
75,was,O
75,detected,O
75,during,O
75,infectious,O
75,‐,O
75,ness,O
75,(,O
75,medians,O
75,.,O
75,black,O
75,lines,O
75,),O
75,or,O
75,colored,O
75,blue,O
75,if,O
75,their,O
75,infection,CAUSE_OF_DEATH
75,was,O
75,missed,O
75,by,O
75,surveillance,O
75,or,O
75,diagnosed,O
75,positive,O
75,after,O
75,their,O
75,in,O
75,‐,O
75,fectious,O
75,period,O
75,(,O
75,medians,O
75,.,O
75,blue,O
75,lines,O
75,),O
75,.,O
75,Units,O
75,are,O
75,arbitrary,O
75,and,O
75,scaled,O
75,to,O
75,the,O
75,maximum,O
75,infectiousness,O
75,of,O
75,sampled,O
75,individuals,O
75,.,O
75,at,O
75,LODs,O
75,of,O
75,103,NUMBER
75,.,O
75,105,NUMBER
75,.,O
75,and,NUMBER
75,106,NUMBER
75,.,O
75,and,O
75,for,O
75,testing,O
75,ranging,O
75,from,O
75,daily,SET
75,to,O
75,every,SET
75,14,SET
75,days,SET
75,.,O
75,For,O
75,those,O
75,.,O
75,To,O
75,address,O
75,whether,O
75,these,O
75,finding,O
75,are,O
75,sensitive,O
75,to,O
75,this,O
75,modeled,O
75,relationship,O
75,.,O
75,we,O
75,performed,O
75,similar,O
75,be,O
75,‐,O
75,tween,O
75,infectiousness,O
75,and,O
75,viral,O
75,load,O
75,.,O
75,An,O
75,important,O
75,variable,O
75,in,O
75,surveillance,O
75,testing,O
75,is,O
75,the,O
75,time,O
75,between,O
75,a,O
75,tests,O
75,sample,O
75,collec,O
75,‐,O
75,tion,O
75,and,O
75,the,O
75,reporting,O
75,of,O
75,a,O
75,diagnosis,O
75,.,O
75,To,O
75,examine,O
75,how,O
75,time,O
75,to,O
75,re,O
75,‐,O
75,porting,O
75,affected,O
75,epidemic,O
75,control,O
75,.,O
75,we,O
75,re,O
75,‐,O
75,analyzed,O
75,both,O
75,the,O
75,reduc,O
75,‐,O
75,tion,O
75,in,O
75,individuals,O
75,infectiousness,O
75,.,O
75,as,O
75,well,O
75,as,O
75,the,O
75,epidemiologi,O
75,‐,O
75,cal,O
75,sim5,O
75,reduction,O
75,in,O
75,R,O
75,agent,O
75,based,O
75,model,TITLE
75,total,O
75,infections,CAUSE_OF_DEATH
75,fully,O
75,mixed,O
75,model,TITLE
75,dx,O
75,delay,O
75,no,O
75,test,O
75,daily,SET
75,total,O
75,infections,CAUSE_OF_DEATH
75,agent,O
75,based,O
75,model,TITLE
75,reduction,O
75,in,O
75,R,O
75,fully,O
75,mixed,O
75,model,TITLE
75,no,O
75,test,O
75,daily,SET
75,The,O
75,effec,O
75,‐,O
75,tiveness,O
75,of,O
75,surveillance,O
75,programs,O
75,are,O
75,dramatically,O
75,diminished,O
75,by,O
75,delays,O
75,in,O
75,reporting,O
75,in,O
75,both,O
75,the,O
75,fully,O
75,‐,O
75,mixed,O
75,compartmental,O
75,model,TITLE
75,(,O
75,top,O
75,row,O
75,),O
75,and,O
75,agent,O
75,based,O
75,model,TITLE
75,(,O
75,bottom,O
75,row,O
75,),O
75,.,O
75,(,O
75,A,O
75,.,O
75,B,O
75,),O
75,The,O
75,impact,O
75,of,O
75,surveillance,O
75,every,SET
75,day,SET
75,.,O
75,3,DURATION
75,days,DURATION
75,.,O
75,weekly,SET
75,.,O
75,or,O
75,biweekly,SET
75,.,O
75,on,O
75,the,O
75,reproductive,O
75,number,O
75,R,O
75,.,O
75,calculated,O
75,as,O
75,100,NUMBER
75,(,O
75,R0,O
75,R,O
75,),O
75,/,O
75,R0,O
75,.,O
75,is,O
75,shown,O
75,for,O
75,LODs,O
75,103,NUMBER
75,and,O
75,105,NUMBER
75,and,O
75,delays,O
75,of,O
75,0,NUMBER
75,.,O
75,1,NUMBER
75,.,O
75,or,O
75,2,DURATION
75,days,DURATION
75,(,O
75,small,O
75,text,O
75,below,O
75,axis,O
75,),O
75,.,O
75,Values,O
75,of,O
75,R,O
75,were,O
75,estimated,O
75,from,O
75,50,NUMBER
75,independent,RELIGION
75,simu,O
75,‐,O
75,lations,O
75,of,O
75,dynamics,O
75,(,O
75,see,O
75,Methods,O
75,),O
75,.,O
75,(,O
75,C,O
75,.,O
75,D,O
75,),O
75,Relative,O
75,to,O
75,no,O
75,testing,O
75,(,O
75,grey,O
75,bars,O
75,),O
75,.,O
75,surveillance,O
75,suppresses,O
75,the,O
75,total,O
75,number,O
75,of,O
75,infec,O
75,‐,O
75,tions,O
75,in,O
75,both,O
75,models,O
75,when,O
75,testing,O
75,every,SET
75,day,SET
75,or,O
75,every,SET
75,three,SET
75,days,SET
75,.,O
75,but,O
75,delayed,O
75,results,O
75,lead,O
75,to,O
75,only,O
75,partial,O
75,mitigation,O
75,of,O
75,total,O
75,cas,O
75,‐,O
75,es,O
75,.,O
75,even,O
75,for,O
75,testing,O
75,every,SET
75,day,SET
75,or,O
75,3,DURATION
75,days,DURATION
75,.,O
75,Error,O
75,bars,O
75,indicate,O
75,in,O
75,‐,O
75,ner,O
75,95,PERCENT
75,%,PERCENT
75,quantiles,O
75,of,O
75,50,NUMBER
75,independent,RELIGION
75,simulations,O
75,each,O
75,.,O
75,ulations,O
75,.,O
75,comparing,O
75,the,O
75,results,O
75,of,O
75,instantaneous,O
75,reporting,O
75,(,O
75,reflecting,O
75,a,O
75,rapid,O
75,point,O
75,‐,O
75,of,O
75,‐,O
75,care,O
75,assay,O
75,),O
75,.,O
75,of,O
75,viral,O
75,spread,O
75,and,O
75,emphasize,O
75,that,O
75,fast,O
75,reporting,O
75,of,O
75,results,O
75,is,O
75,critical,O
75,in,O
75,any,O
75,surveillance,O
75,test,O
75,‐,O
75,ing,O
75,.,O
75,These,O
75,results,O
75,also,O
75,reinforce,O
75,the,O
75,relatively,O
75,smaller,O
75,bene,O
75,‐,O
75,fits,O
75,of,O
75,improved,O
75,limits,O
75,of,O
75,detection,O
75,.,O
75,Communities,O
75,vary,O
75,in,O
75,their,O
75,transmission,O
75,dynamics,O
75,.,O
75,due,O
75,to,O
75,difference,O
75,in,O
75,rates,O
75,of,O
75,imported,O
75,in,O
75,‐,O
75,fections,O
75,and,O
75,in,O
75,the,O
75,basic,O
75,reproductive,O
75,number,O
75,R0,O
75,.,O
75,both,O
75,of,O
75,which,O
75,will,O
75,influence,O
75,the,O
75,frequency,O
75,and,O
75,sensitivity,O
75,with,O
75,which,O
75,surveil,O
75,‐,O
75,lance,O
75,testing,O
75,must,O
75,occur,O
75,.,O
75,We,O
75,performed,O
75,two,NUMBER
75,analyses,O
75,to,O
75,illustrate,O
75,this,O
75,point,O
75,.,O
75,First,ORDINAL
75,.,O
75,we,O
75,varied,O
75,the,O
75,rate,O
75,of,O
75,external,O
75,infection,CAUSE_OF_DEATH
75,in,O
75,our,O
75,fully,O
75,mixed,O
75,model,TITLE
75,.,O
75,and,O
75,confirmed,O
75,that,O
75,when,O
75,the,O
75,external,O
75,rate,O
75,of,O
75,infection,CAUSE_OF_DEATH
75,is,O
75,higher,O
75,.,O
75,more,O
75,frequent,O
75,surveillance,O
75,is,O
75,required,O
75,to,O
75,prevent,O
75,outbreaks,O
75,and,O
75,C,O
75,),O
75,.,O
75,This,DATE
75,may,DATE
75,be,O
75,relevant,O
75,to,O
75,institutions,O
75,like,O
75,college,O
75,campuses,O
75,or,O
75,military,O
75,bases,O
75,wherein,O
75,fre,O
75,‐,O
75,quent,O
75,class,O
75,‐,O
75,room,O
75,setting,O
75,or,O
75,dormitory,O
75,living,O
75,are,O
75,likely,O
75,to,O
75,increase,O
75,contact,O
75,rates,O
75,.,O
75,Thus,O
75,.,O
75,the,O
75,specific,O
75,strategy,O
75,for,O
75,successful,O
75,surveillance,O
75,will,O
75,depend,O
75,on,O
75,the,O
75,current,DATE
75,community,O
75,infection,CAUSE_OF_DEATH
75,prevalence,O
75,and,O
75,transmission,O
75,rate,O
75,.,O
75,Our,O
75,results,O
75,lead,O
75,us,O
75,to,O
75,conclude,O
75,that,O
75,surveil,O
75,‐,O
75,lance,O
75,testing,O
75,of,O
75,asymptomatic,O
75,individuals,O
75,can,O
75,be,O
75,used,O
75,to,O
75,limit,O
75,the,O
75,spread,O
75,of,O
75,SARS,O
75,‐,O
75,CoV,O
75,‐,O
75,2,NUMBER
75,.,O
75,However,O
75,.,O
75,our,O
75,findings,O
75,are,O
75,subject,O
75,to,O
75,a,O
75,number,O
75,of,O
75,limitations,O
75,.,O
75,First,ORDINAL
75,.,O
75,the,O
75,sensitivity,O
75,of,O
75,a,O
75,test,O
75,may,O
75,de,O
75,‐,O
75,pend,O
75,on,O
75,factors,O
75,beyond,O
75,LOD,CITY
75,.,O
75,including,O
75,manufacturer,TITLE
75,variation,O
75,and,O
75,improper,O
75,clinical,O
75,sampling,O
75,[,O
75,21,NUMBER
75,],O
75,.,O
75,though,O
75,the,O
75,latter,O
75,may,O
75,be,O
75,amelio,O
75,‐,O
75,rated,O
75,by,O
75,different,O
75,approaches,O
75,to,O
75,sample,O
75,collection,O
75,.,O
75,such,O
75,as,O
75,sali,O
75,‐,O
75,va,O
75,‐,O
75,based,O
75,testing,O
75,[,O
75,22,NUMBER
75,],O
75,.,O
75,Second,ORDINAL
75,.,O
75,our,O
75,model,TITLE
75,assumed,O
75,that,O
75,no,O
75,individ,O
75,‐,O
75,uals,O
75,would,O
75,refuse,O
75,testing,O
75,.,O
75,Both,O
75,refusal,O
75,and,O
75,sampling,O
75,‐,O
75,driven,O
75,sen,O
75,‐,O
75,sitivity,O
75,issues,O
75,can,O
75,be,O
75,accounted,O
75,for,O
75,in,O
75,estimates,O
75,using,O
75,a,O
75,simple,O
75,formula,O
75,(,O
75,see,O
75,Supplemental,O
75,Text,O
75,),O
75,.,O
75,but,O
75,a,O
75,more,O
75,sophisticated,O
75,under,O
75,‐,O
75,standing,O
75,of,O
75,the,O
75,relationship,O
75,between,O
75,sampling,O
75,‐,O
75,driven,O
75,sensitivity,O
75,issues,O
75,and,O
75,viral,O
75,load,O
75,.,O
75,for,O
75,instance,O
75,.,O
75,would,O
75,more,O
75,accurately,O
75,ad,O
75,‐,O
75,dress,O
75,this,O
75,limitation,O
75,.,O
75,Finally,O
75,.,O
75,the,O
75,exact,O
75,performance,O
75,differences,O
75,between,O
75,testing,O
75,schemes,O
75,will,O
75,depend,O
75,on,O
75,whether,O
75,our,O
75,model,TITLE
75,truly,O
75,captures,O
75,viral,O
75,kinetics,O
75,and,O
75,infectiousness,O
75,profiles,O
75,[,O
75,4,NUMBER
75,],O
75,.,O
75,particu,O
75,‐,O
75,larly,O
75,during,O
75,the,O
75,acceleration,O
75,phase,O
75,between,O
75,exposure,O
75,and,O
75,peak,O
75,vi,O
75,‐,O
75,ral,O
75,load,O
75,.,O
75,Continued,O
75,clarification,O
75,of,O
75,these,O
75,within,O
75,‐,O
75,host,TITLE
75,dynamics,O
75,would,O
75,increase,O
75,the,O
75,impact,O
75,and,O
75,value,O
75,of,O
75,this,O
75,.,O
75,and,O
75,other,O
75,[,O
75,19,NUMBER
75,.,O
75,20,NUMBER
75,],O
75,modeling,O
75,studies,O
75,.,O
75,A,O
75,critical,O
75,point,O
75,is,O
75,that,O
75,the,O
75,requirements,O
75,for,O
75,surveillance,O
75,testing,O
75,are,O
75,distinct,O
75,from,O
75,clinical,O
75,testing,O
75,.,O
75,Clini,O
75,‐,O
75,cal,O
75,diagnoses,O
75,target,O
75,symptomatic,O
75,individuals,O
75,.,O
75,need,O
75,high,O
75,accuracy,O
75,and,O
75,sensitivity,O
75,.,O
75,and,O
75,are,O
75,not,O
75,limited,O
75,by,O
75,cost,O
75,.,O
75,Because,O
75,they,O
75,focus,O
75,on,O
75,symptomatic,O
75,individuals,O
75,.,O
75,those,O
75,individuals,O
75,can,O
75,isolate,O
75,such,O
75,that,O
75,a,O
75,diagnosis,O
75,delay,O
75,does,O
75,not,O
75,lead,O
75,to,O
75,additional,O
75,infections,CAUSE_OF_DEATH
75,.,O
75,In,O
75,contrast,O
75,.,O
75,results,O
75,from,O
75,the,O
75,surveillance,O
75,testing,O
75,of,O
75,asymptomatic,O
75,individuals,O
75,need,O
75,to,O
75,be,O
75,returned,O
75,quickly,O
75,.,O
75,since,O
75,even,O
75,a,O
75,single,O
75,day,DURATION
75,diagnosis,O
75,delay,O
75,compromises,O
75,the,O
75,surveillance,O
75,programs,O
75,effective,O
75,‐,O
75,ness,O
75,.,O
75,Indeed,O
75,.,O
75,at,O
75,least,O
75,for,O
75,viruses,O
75,with,O
75,infection,CAUSE_OF_DEATH
75,kinetics,O
75,simi,O
75,‐,O
75,lar,O
75,to,O
75,SARS,O
75,‐,O
75,CoV,O
75,‐,O
75,2,NUMBER
75,.,O
75,we,O
75,find,O
75,that,O
75,speed,O
75,of,O
75,reporting,O
75,is,O
75,much,O
75,more,O
75,important,O
75,than,O
75,sensitivity,O
75,.,O
75,althoughmore,O
75,sensitive,O
75,testsare,O
75,nev,O
75,‐,O
75,erthelesssomewhat,O
75,more,O
75,effective,O
75,.,O
75,The,O
75,difference,O
75,between,O
75,clini,O
75,‐,O
75,cal,O
75,and,O
75,surveillance,O
75,testing,O
75,highlights,O
75,the,O
75,need,O
75,for,O
75,additional,O
75,tests,O
75,to,O
75,be,O
75,approved,O
75,and,O
75,utilized,O
75,for,O
75,surveillance,O
75,.,O
75,Such,O
75,tests,O
75,should,O
75,not,O
75,be,O
75,held,O
75,to,O
75,the,O
75,same,O
75,degree,O
75,of,O
75,SARS,O
75,‐,O
75,CoV,O
75,‐,O
75,2,NUMBER
75,assays,O
75,.,O
75,We,O
75,suggest,O
75,that,O
75,the,O
75,FDA,ORGANIZATION
75,.,O
75,other,O
75,agencies,O
75,.,O
75,or,O
75,state,O
75,governments,O
75,.,O
75,en,O
75,‐,O
75,courage,O
75,the,O
75,development,O
75,and,O
75,use,O
75,of,O
75,alternative,O
75,faster,O
75,and,O
75,lower,O
75,cost,O
75,tests,O
75,for,O
75,surveillance,O
75,purposes,O
75,.,O
75,even,O
75,if,O
75,they,O
75,have,O
75,poorer,O
75,limits,O
75,of,O
75,detection,O
75,.,O
75,If,O
75,the,O
75,availability,O
75,of,O
75,point,O
75,‐,O
75,of,O
75,‐,O
75,care,O
75,or,O
75,self,O
75,‐,O
75,administered,O
75,surveillance,O
75,tests,O
75,leads,O
75,to,O
75,faster,O
75,turnaround,O
75,time,O
75,or,O
75,more,O
75,frequent,O
75,testing,O
75,.,O
75,our,O
75,results,O
75,suggest,O
75,that,O
75,they,O
75,would,O
75,have,O
75,high,O
75,epidemiological,O
75,value,O
75,.,O
75,Our,O
75,modeling,O
75,suggests,O
75,that,O
75,some,O
75,types,O
75,of,O
75,surveillance,O
75,will,O
75,subject,O
75,some,O
75,individuals,O
75,to,O
75,unnecessary,O
75,quarantine,O
75,days,DURATION
75,.,O
75,For,O
75,instance,O
75,.,O
75,the,O
75,infrequent,O
75,use,O
75,of,O
75,a,O
75,sensitive,O
75,test,O
75,will,O
75,not,O
75,only,O
75,identify,O
75,(,O
75,i,O
75,),O
75,those,O
75,with,O
75,a,O
75,low,O
75,vi,O
75,‐,O
75,ral,O
75,load,O
75,in,O
75,the,O
75,beginning,O
75,of,O
75,the,O
75,infection,CAUSE_OF_DEATH
75,.,O
75,who,O
75,must,O
75,be,O
75,isolated,O
75,to,O
75,limit,O
75,viral,O
75,the,O
75,infectious,O
75,threshold,O
75,[,O
75,9,NUMBER
75,.,O
75,10,NUMBER
75,],O
75,.,O
75,Isolating,O
75,this,O
75,second,ORDINAL
75,group,O
75,of,O
75,patients,O
75,will,O
75,have,O
75,no,O
75,impact,O
75,on,O
75,viral,O
75,spread,O
75,but,O
75,will,O
75,incur,O
75,costs,O
75,of,O
75,isolation,O
75,.,O
75,The,O
75,use,O
75,of,O
75,serology,O
75,.,O
75,repeat,O
75,test,O
75,‐,O
75,ing,O
75,24,NUMBER
75,or,O
75,48,DURATION
75,hours,DURATION
75,apart,O
75,.,O
75,or,O
75,some,O
75,other,O
75,test,O
75,.,O
75,to,O
75,distinguish,O
75,low,O
75,viral,O
75,load,O
75,patients,O
75,on,O
75,the,O
75,upslope,O
75,of,O
75,infection,CAUSE_OF_DEATH
75,from,O
75,those,O
75,in,O
75,the,O
75,recovery,O
75,phase,O
75,could,O
75,allow,O
75,for,O
75,more,O
75,effective,O
75,quarantine,O
75,deci,O
75,‐,O
75,sions,O
75,.,O
75,grants,O
75,NIH,ORGANIZATION
75,F32,O
75,AI145112,O
75,(,O
75,James,PERSON
75,Burke,PERSON
75,),O
75,.,O
75,NIH,ORGANIZATION
75,F30,O
75,AG063468,O
75,(,O
75,Evan,PERSON
75,Lester,PERSON
75,),O
75,.,O
75,MURI,O
75,W911NF17,O
75,‐,O
75,1,NUMBER
75,‐,O
75,0370,DATE
75,(,O
75,Milind,PERSON
75,Tambe,PERSON
75,),O
75,.,O
75,an,O
75,NIH,O
75,direc,O
75,‐,O
75,tors,O
75,DP5,O
75,award,O
75,1DP5OD028145,O
75,‐,O
75,01,NUMBER
75,(,O
75,Michael,PERSON
75,Mina,PERSON
75,),O
75,.,O
75,and,O
75,[,O
75,1,NUMBER
75,],O
75,Melissa,PERSON
75,M,PERSON
75,Arons,PERSON
75,.,O
75,Kelly,PERSON
75,M,PERSON
75,Hatfield,PERSON
75,.,O
75,Sujan,PERSON
75,C,PERSON
75,Reddy,PERSON
75,.,O
75,Anne,PERSON
75,Kimball,PERSON
75,.,O
75,Allison,PERSON
75,James,PERSON
75,.,O
75,Jesica,PERSON
75,R,PERSON
75,Jacobs,PERSON
75,.,O
75,Joanne,PERSON
75,Taylor,PERSON
75,.,O
75,Kevin,PERSON
75,Spicer,PERSON
75,.,O
75,Ana,PERSON
75,C,O
75,Bar,O
75,‐,O
75,dossy,O
75,.,O
75,Lisa,PERSON
75,P,PERSON
75,Oakley,PERSON
75,.,O
75,et,O
75,al,O
75,.,O
75,Presymptomatic,MISC
75,of,MISC
75,Medicine,MISC
75,.,O
75,2020,DATE
75,.,O
75,[,O
75,2,NUMBER
75,],O
75,Desmond,PERSON
75,Sutton,PERSON
75,.,O
75,Karin,PERSON
75,Fuchs,PERSON
75,.,O
75,Mary,PERSON
75,Dalton,PERSON
75,.,O
75,and,O
75,Dena,PERSON
75,Goffman,PERSON
75,.,O
75,Universal,O
75,screening,O
75,for,O
75,[,O
75,3,NUMBER
75,],O
75,Daniel,PERSON
75,P,PERSON
75,Oran,PERSON
75,and,O
75,Eric,PERSON
75,J,PERSON
75,Topol,PERSON
75,.,O
75,Prevalence,O
75,of,O
75,asymptomatic,O
75,SARS,O
75,‐,O
75,CoV,O
75,‐,O
75,2,NUMBER
75,infection,CAUSE_OF_DEATH
75,:,O
75,A,O
75,[,O
75,4,NUMBER
75,],O
75,Xi,O
75,He,O
75,.,O
75,Er,O
75,‐,O
75,ic,O
75,HY,PERSON
75,Lau,PERSON
75,.,O
75,Peng,PERSON
75,Wu,PERSON
75,.,O
75,Xilong,PERSON
75,Deng,PERSON
75,.,O
75,Jian,PERSON
75,Wang,PERSON
75,.,O
75,Xinxin,PERSON
75,Hao,PERSON
75,.,O
75,Yiu,PERSON
75,Chung,PERSON
75,Lau,PERSON
75,.,O
75,Jessica,PERSON
75,Y,PERSON
75,Wong,PERSON
75,.,O
75,Yujuan,PERSON
75,Guan,PERSON
75,.,O
75,Xinghua,PERSON
75,Tan,PERSON
75,.,O
75,et,O
75,al,O
75,.,O
75,Temporal,O
75,dynamics,O
75,in,O
75,viral,O
75,shedding,O
75,and,O
75,transmissibility,O
75,of,O
75,COVID,O
75,‐,O
75,19,NUMBER
75,.,O
75,Na,O
75,‐,O
75,ture,O
75,Medicine,O
75,.,O
75,26,NUMBER
75,(,O
75,5,NUMBER
75,),O
75,:,O
75,672675,NUMBER
75,.,O
75,2020,DATE
75,.,O
75,[,O
75,5,NUMBER
75,],O
75,Chantal,PERSON
75,BF,PERSON
75,Vogels,PERSON
75,.,O
75,Ander,PERSON
75,‐,PERSON
75,son,O
75,F,PERSON
75,Brito,PERSON
75,.,O
75,Anne,PERSON
75,Louise,PERSON
75,Wyllie,PERSON
75,.,O
75,Joseph,PERSON
75,R,PERSON
75,Fauver,PERSON
75,.,O
75,Isabel,PERSON
75,M,PERSON
75,Ott,PERSON
75,.,O
75,Chaney,PERSON
75,C,PERSON
75,Kalinich,PERSON
75,.,O
75,Mary,PERSON
75,E,PERSON
75,Petrone,PERSON
75,.,O
75,Marie,PERSON
75,‐,PERSON
75,Louise,PERSON
75,Landry,PERSON
75,.,O
75,Ellen,PERSON
75,F,PERSON
75,Foxman,PERSON
75,.,O
75,and,O
75,Nathan,PERSON
75,D,PERSON
75,Grubaugh,PERSON
75,.,O
75,Analytical,O
75,sensitivity,O
75,and,O
75,effi,O
75,‐,O
75,ciency,O
75,comparisons,O
75,of,O
75,SARS,O
75,‐,O
75,CoV,O
75,‐,O
75,2,NUMBER
75,qRT,O
75,‐,O
75,PCR,O
75,assays,O
75,.,O
75,medRxiv,O
75,.,O
75,2020,DATE
75,.,O
75,[,O
75,6,NUMBER
75,],O
75,Coronavirus,O
75,(,O
75,COVID,O
75,‐,O
75,19,NUMBER
75,),O
75,update,O
75,:,O
75,FDA,ORGANIZATION
75,informs,O
75,public,O
75,about,O
75,pos,O
75,‐,O
75,sible,O
75,accuracy,O
75,concerns,O
75,with,O
75,Abbott,ORGANIZATION
75,ID,STATE_OR_PROVINCE
75,NOW,DATE
75,Point,O
75,‐,O
75,of,O
75,‐,O
75,Care,O
75,Test,O
75,.,O
75,[,O
75,7,NUMBER
75,],O
75,Kendra,PERSON
75,Quicke,PERSON
75,.,O
75,Emily,PERSON
75,Gallichote,PERSON
75,.,O
75,Nicole,PERSON
75,Sexton,PERSON
75,.,O
75,Michael,PERSON
75,Young,O
75,.,O
75,Ashley,PERSON
75,Janich,PERSON
75,.,O
75,Gregory,PERSON
75,Gahm,PERSON
75,.,O
75,Elizabeth,PERSON
75,J,PERSON
75,Carlton,PERSON
75,.,O
75,Nicole,PERSON
75,Ehrhart,PERSON
75,.,O
75,and,O
75,Gregory,PERSON
75,D,PERSON
75,Ebel,PERSON
75,.,O
75,Longitudinal,O
75,surveillance,O
75,for,O
75,SARS,O
75,‐,O
75,CoV,O
75,‐,O
75,2,NUMBER
75,RNA,O
75,among,O
75,asymptomatic,O
75,staff,O
75,in,O
75,five,NUMBER
75,colorado,STATE_OR_PROVINCE
75,skilled,O
75,nurs,O
75,‐,O
75,ing,O
75,facilities,O
75,:,O
75,Epidemiologic,O
75,.,O
75,virologic,O
75,and,O
75,sequence,O
75,analysis,O
75,.,O
75,medRxiv,O
75,.,O
75,2020,DATE
75,.,O
75,[,O
75,8,NUMBER
75,],O
75,Roman,PERSON
75,Wolfel,PERSON
75,.,O
75,Victor,PERSON
75,M,PERSON
75,Corman,PERSON
75,.,O
75,Wolfgang,PERSON
75,Guggemos,PERSON
75,.,O
75,Michael,PERSON
75,Seilmaier,PERSON
75,.,O
75,Sabine,PERSON
75,Zange,PERSON
75,.,O
75,Marcel,PERSON
75,A,PERSON
75,Muller,PERSON
75,.,O
75,Daniela,PERSON
75,Niemeyer,PERSON
75,.,O
75,Terry,PERSON
75,C,PERSON
75,Jones,PERSON
75,.,O
75,Patrick,PERSON
75,Vollmar,PERSON
75,.,O
75,Camilla,PERSON
75,Rothe,PERSON
75,.,O
75,et,O
75,al,O
75,.,O
75,Virological,O
75,assessment,O
75,of,O
75,hospitalized,O
75,patients,O
75,with,O
75,COVID,O
75,‐,O
75,2019,DATE
75,.,O
75,Nature,O
75,.,O
75,581,NUMBER
75,(,O
75,7809,NUMBER
75,),O
75,:,O
75,465,NUMBER
75,[,O
75,9,NUMBER
75,],O
75,Bernard,PERSON
75,La,PERSON
75,Scola,PERSON
75,.,O
75,Marion,PERSON
75,Le,PERSON
75,Bideau,PERSON
75,.,O
75,Julien,PERSON
75,Andreani,PERSON
75,.,O
75,Van,PERSON
75,Thuan,PERSON
75,Hoang,PERSON
75,.,O
75,Clio,PERSON
75,Grimaldier,PERSON
75,.,O
75,Philippe,PERSON
75,Colson,PERSON
75,.,O
75,Philippe,PERSON
75,Gautret,PERSON
75,.,O
75,and,O
75,Didier,PERSON
75,Raoult,PERSON
75,.,O
75,Viral,O
75,RNA,O
75,load,O
75,as,O
75,determined,O
75,by,O
75,cell,O
75,culture,O
75,as,O
75,a,O
75,management,O
75,tool,O
75,for,O
75,dis,O
75,‐,O
75,charge,O
75,of,O
75,SARS,O
75,‐,O
75,CoV,O
75,‐,O
75,2,NUMBER
75,patients,O
75,from,O
75,infectious,CAUSE_OF_DEATH
75,disease,CAUSE_OF_DEATH
75,[,O
75,10,NUMBER
75,],O
75,Soren,PERSON
75,Alexandersen,PERSON
75,.,O
75,Anthony,PERSON
75,Chamings,PERSON
75,.,O
75,and,O
75,Tarka,PERSON
75,Raj,PERSON
75,Bhatta,PERSON
75,.,O
75,SARS,O
75,‐,O
75,CoV,O
75,‐,O
75,2,NUMBER
75,genomic,O
75,and,O
75,subgenomic,O
75,RNAs,O
75,in,O
75,diagnostic,O
75,samples,O
75,are,O
75,not,O
75,an,O
75,in,O
75,‐,O
75,dicator,O
75,of,O
75,active,O
75,replication,O
75,.,O
75,medRxiv,O
75,.,O
75,[,O
75,11,NUMBER
75,],O
75,Charles,PERSON
75,GB,PERSON
75,Caraguel,PERSON
75,.,O
75,Henrik,PERSON
75,Stryhn,PERSON
75,.,O
75,Nellie,PERSON
75,Gagne,PERSON
75,.,O
75,Ian,PERSON
75,R,PERSON
75,Dohoo,PERSON
75,.,O
75,and,O
75,K,O
75,Larry,PERSON
75,Hammell,PERSON
75,.,O
75,Selection,O
75,of,O
75,a,O
75,cutoff,O
75,value,O
75,for,O
75,real,O
75,‐,O
75,time,O
75,polymerase,O
75,chain,O
75,reac,O
75,‐,O
75,tion,O
75,results,O
75,to,O
75,fit,O
75,a,O
75,diagnostic,O
75,[,O
75,12,NUMBER
75,],O
75,Adrian,PERSON
75,Ruiz,PERSON
75,‐,PERSON
75,Villalba,PERSON
75,.,O
75,Eliz,PERSON
75,‐,PERSON
75,abeth,O
75,van,O
75,Pelt,PERSON
75,‐,PERSON
75,Verkuil,PERSON
75,.,O
75,Quinn,PERSON
75,D,PERSON
75,Gunst,PERSON
75,.,O
75,Jan,PERSON
75,M,PERSON
75,Ruijter,PERSON
75,.,O
75,and,O
75,Maurice,PERSON
75,JB,PERSON
75,van,PERSON
75,den,PERSON
75,Hoff,PERSON
75,.,O
75,Amplification,O
75,of,O
75,nonspecific,O
75,products,O
75,in,O
75,quanti,O
75,‐,O
75,tative,O
75,polymerase,O
75,chain,O
75,reactions,O
75,(,O
75,qPCR,O
75,),O
75,.,O
75,Biomolecular,O
75,detection,O
75,and,O
75,quantification,O
75,.,O
75,14:718,NUMBER
75,.,O
75,2017,DATE
75,.,O
75,[,O
75,14,NUMBER
75,],O
75,Amber,PERSON
75,M,PERSON
75,Smith,PERSON
75,and,O
75,Alan,PERSON
75,S,PERSON
75,Perelson,PERSON
75,.,O
75,Influenza,CAUSE_OF_DEATH
75,A,O
75,virus,O
75,infection,CAUSE_OF_DEATH
75,kinetics,O
75,:,O
75,quantitative,O
75,data,O
75,[,O
75,15,NUMBER
75,],O
75,Mathilde,PERSON
75,Richard,PERSON
75,.,O
75,Adinda,PERSON
75,Kok,PERSON
75,.,O
75,Dennis,PERSON
75,de,PERSON
75,Meulder,PERSON
75,.,O
75,Theo,PERSON
75,M,PERSON
75,Bestebroer,PERSON
75,.,O
75,Mart,PERSON
75,M,PERSON
75,Lamers,PERSON
75,.,O
75,Nisreen,PERSON
75,MA,PERSON
75,Okba,PERSON
75,.,O
75,Martje,PERSON
75,Fentener,PERSON
75,van,PERSON
75,Vlissingen,PERSON
75,.,O
75,Barry,PERSON
75,Rockx,PERSON
75,.,O
75,Bart,PERSON
75,L,PERSON
75,Haagmans,PERSON
75,.,O
75,Marion,PERSON
75,PG,PERSON
75,Koopmans,PERSON
75,.,O
75,et,O
75,al,O
75,.,O
75,SARS,O
75,‐,O
75,CoV,O
75,‐,O
75,2,NUMBER
75,is,O
75,transmitted,O
75,via,O
75,contact,O
75,and,O
75,via,O
75,the,O
75,air,O
75,between,O
75,ferrets,O
75,.,O
75,bioRxiv,O
75,.,O
75,2020,DATE
75,.,O
75,[,O
75,16,NUMBER
75,],O
75,Zhuang,PERSON
75,Shen,PERSON
75,.,O
75,Fang,PERSON
75,Ning,PERSON
75,.,O
75,Weigong,PERSON
75,Zhou,PERSON
75,.,O
75,Xiong,PERSON
75,He,PERSON
75,.,O
75,Changying,PERSON
75,Lin,PERSON
75,.,O
75,Daniel,PERSON
75,P,PERSON
75,Chin,PERSON
75,.,O
75,Zonghan,PERSON
75,Zhu,PERSON
75,.,O
75,and,O
75,Anne,PERSON
75,Schuchat,PERSON
75,.,O
75,Superspreading,O
75,sars,O
75,events,O
75,.,O
75,beijing,O
75,.,O
75,2003,DATE
75,.,O
75,Emerg,O
75,‐,O
75,ing,O
75,Infectious,O
75,[,O
75,17,NUMBER
75,],O
75,Joseph,PERSON
75,Sriyal,PERSON
75,Malik,PERSON
75,Peiris,PERSON
75,.,O
75,Chung,PERSON
75,‐,PERSON
75,Ming,PERSON
75,Chu,PERSON
75,.,O
75,Vincent,PERSON
75,Chi,PERSON
75,‐,PERSON
75,Chung,PERSON
75,Cheng,PERSON
75,.,O
75,KS,PERSON
75,Chan,PERSON
75,.,O
75,IFN,ORGANIZATION
75,Hung,ORGANIZATION
75,.,O
75,Leo,PERSON
75,LM,PERSON
75,Poon,PERSON
75,.,O
75,Kin,O
75,‐,O
75,Ip,O
75,Law,PERSON
75,.,O
75,BSF,PERSON
75,Tang,PERSON
75,.,O
75,TYW,O
75,Hon,O
75,.,O
75,CS,PERSON
75,Chan,PERSON
75,.,O
75,et,O
75,al,O
75,.,O
75,Clinical,O
75,progression,O
75,and,O
75,viral,O
75,load,O
75,in,O
75,a,O
75,community,O
75,outbreak,O
75,of,O
75,coronavirus,O
75,‐,O
75,associated,O
75,sars,O
75,pneumonia,CAUSE_OF_DEATH
75,:,O
75,a,O
75,prospective,O
75,study,O
75,.,O
75,The,O
75,Lancet,O
75,.,O
75,361,NUMBER
75,(,O
75,9371,NUMBER
75,),O
75,:,O
75,17671772,NUMBER
75,.,O
75,2003,DATE
75,.,O
75,[,O
75,18,NUMBER
75,],O
75,Bryan,PERSON
75,Wilder,PERSON
75,.,O
75,Marie,PERSON
75,Charpignon,PERSON
75,.,O
75,Jackson,PERSON
75,A,PERSON
75,Killian,PERSON
75,.,O
75,Han,O
75,‐,O
75,Ching,O
75,Ou,O
75,.,O
75,Aditya,ORGANIZATION
75,Mate,ORGANIZATION
75,.,O
75,Shahin,PERSON
75,Jabbari,PERSON
75,.,O
75,Andrew,PERSON
75,Perrault,PERSON
75,.,O
75,Angel,PERSON
75,Desai,PERSON
75,.,O
75,Milind,PERSON
75,Tambe,PERSON
75,.,O
75,and,O
75,Maimuna,PERSON
75,S,PERSON
75,Majumder,PERSON
75,.,O
75,Modeling,O
75,between,O
75,‐,O
75,population,O
75,variation,O
75,in,O
75,COVID,O
75,‐,O
75,19,NUMBER
75,dynamics,O
75,in,O
75,hubei,STATE_OR_PROVINCE
75,.,O
75,lombardy,O
75,.,O
75,and,O
75,new,O
75,york,O
75,city,O
75,.,O
75,Available,O
75,at,O
75,SSRN,O
75,3564800,NUMBER
75,.,O
75,2020,DATE
75,.,O
75,[,O
75,19,NUMBER
75,],O
75,Corey,PERSON
75,M,PERSON
75,Peak,O
75,.,O
75,Rebecca,PERSON
75,Kahn,PERSON
75,.,O
75,Yonatan,PERSON
75,H,PERSON
75,Grad,PERSON
75,.,O
75,Lauren,PERSON
75,M,PERSON
75,Childs,PERSON
75,.,O
75,Ruoran,PERSON
75,Li,PERSON
75,.,O
75,Marc,PERSON
75,Lipsitch,PERSON
75,.,O
75,and,O
75,Caroline,PERSON
75,O,PERSON
75,Buckee,PERSON
75,.,O
75,Individual,O
75,quarantine,O
75,ver,O
75,‐,O
75,sus,O
75,active,O
75,monitoring,O
75,of,O
75,contacts,O
75,for,O
75,the,O
75,mitigation,O
75,of,O
75,COVID,O
75,‐,O
75,19,NUMBER
75,:,O
75,a,O
75,modelling,O
75,study,O
75,.,O
75,The,O
75,Lancet,O
75,Infectious,O
75,Diseases,CAUSE_OF_DEATH
75,.,O
75,2020,DATE
75,.,O
75,[,O
75,20,NUMBER
75,],O
75,Adam,PERSON
75,J,PERSON
75,Kucharski,PERSON
75,.,O
75,Petra,PERSON
75,Klepac,PERSON
75,.,O
75,Andrew,PERSON
75,Conlan,PERSON
75,.,O
75,Stephen,PERSON
75,M,PERSON
75,Kissler,PERSON
75,.,O
75,Maria,PERSON
75,Tang,PERSON
75,.,O
75,Hannah,PERSON
75,Fry,PERSON
75,.,O
75,Julia,PERSON
75,Gog,PERSON
75,.,O
75,John,PERSON
75,Edmunds,PERSON
75,.,O
75,CMMID,O
75,COVID,O
75,‐,O
75,19,NUMBER
75,Working,ORGANIZATION
75,Group,ORGANIZATION
75,.,O
75,et,O
75,al,O
75,.,O
75,Effectiveness,O
75,of,O
75,isolation,O
75,.,O
75,testing,O
75,.,O
75,con,O
75,‐,O
75,tact,O
75,tracing,O
75,and,O
75,physical,O
75,distancing,O
75,on,O
75,reducing,O
75,transmission,O
75,of,O
75,SARSCoV,O
75,‐,O
75,2,NUMBER
75,in,O
75,different,O
75,settings,O
75,.,O
75,medRxiv,O
75,.,O
75,2020,DATE
75,.,O
75,[,O
75,21,NUMBER
75,],O
75,Yicheng,PERSON
75,Fang,PERSON
75,.,O
75,Huangqi,PERSON
75,Zhang,PERSON
75,.,O
75,Jicheng,PERSON
75,Xie,PERSON
75,.,O
75,Minjie,PERSON
75,Lin,PERSON
75,.,O
75,Lingjun,PERSON
75,Ying,PERSON
75,.,O
75,Peipei,PERSON
75,Pang,PERSON
75,.,O
75,and,O
75,[,O
75,22,NUMBER
75,],O
75,Anne,PERSON
75,Louise,PERSON
75,Wyllie,PERSON
75,.,O
75,John,PERSON
75,Fournier,PERSON
75,.,O
75,Arnau,PERSON
75,Casanovas,O
75,‐,O
75,Massana,PERSON
75,.,O
75,Melissa,PERSON
75,Campbell,PERSON
75,.,O
75,Maria,PERSON
75,Tokuyama,PERSON
75,.,O
75,Pavithra,PERSON
75,Vi,PERSON
75,‐,O
75,jayakumar,O
75,.,O
75,Bertie,PERSON
75,Geng,PERSON
75,.,O
75,M,O
75,Catherine,PERSON
75,Muenker,PERSON
75,.,O
75,Adam,PERSON
75,J,PERSON
75,Moore,PERSON
75,.,O
75,Chan,RELIGION
75,‐,O
75,tal,O
75,BF,O
75,Vogels,PERSON
75,.,O
75,et,O
75,al,O
75,.,O
75,Saliva,O
75,is,O
75,more,O
75,sensitive,O
75,for,O
75,SARS,O
75,‐,O
75,CoV,O
75,‐,O
75,2,NUMBER
75,de,O
75,‐,O
75,tection,O
75,in,O
75,COVID,O
75,‐,O
75,19,NUMBER
75,patients,O
75,than,O
75,nasopharyngeal,O
75,swabs,O
75,.,O
75,Medrxiv,O
75,.,O
75,2020,DATE
75,.,O
75,[,O
75,23,NUMBER
75,],O
75,Stephen,PERSON
75,A,PERSON
75,Lauer,PERSON
75,.,O
75,Kyra,PERSON
75,H,PERSON
75,Grantz,PERSON
75,.,O
75,Qifang,PERSON
75,Bi,PERSON
75,.,O
75,Forrest,PERSON
75,K,PERSON
75,Jones,PERSON
75,.,O
75,Qulu,PERSON
75,Zheng,PERSON
75,.,O
75,Hannah,PERSON
75,R,PERSON
75,Meredith,PERSON
75,.,O
75,Andrew,PERSON
75,S,PERSON
75,Azman,PERSON
75,.,O
75,Nicholas,PERSON
75,G,PERSON
75,Reich,PERSON
75,.,O
75,and,O
75,Justin,PERSON
75,Lessler,PERSON
75,.,O
75,The,O
75,incubation,O
75,period,O
75,of,O
75,coronavirus,O
75,disease,CAUSE_OF_DEATH
75,2019,DATE
75,(,O
75,COVID,O
75,‐,O
75,19,NUMBER
75,),O
75,from,O
75,publicly,O
75,reported,O
75,confirmed,O
75,cases,O
75,:,O
75,estimation,O
75,and,O
75,application,O
75,.,O
75,Annals,O
75,of,O
75,internal,O
75,medicine,O
75,.,O
75,172,NUMBER
75,(,O
75,9,NUMBER
75,),O
75,:,O
75,577582,NUMBER
75,.,O
75,2020,DATE
75,.,O
75,[,O
75,24,NUMBER
75,],O
75,Abishek,PERSON
75,Chandrashekar,PERSON
75,.,O
75,Jinyan,PERSON
75,Liu,PERSON
75,.,O
75,Amanda,PERSON
75,J,PERSON
75,Martinot,PERSON
75,.,O
75,Katherine,PERSON
75,McMahan,PERSON
75,.,O
75,Noe,PERSON
75,B,PERSON
75,Mercado,PERSON
75,.,O
75,Lauren,PERSON
75,Pe,PERSON
75,‐,PERSON
75,ter,TITLE
75,.,O
75,Lisa,PERSON
75,H,PERSON
75,Tostanoski,PERSON
75,.,O
75,Jingyou,PERSON
75,Yu,PERSON
75,.,O
75,Zoltan,PERSON
75,Maliga,PERSON
75,.,O
75,Michael,PERSON
75,Neko,PERSON
75,‐,PERSON
75,rchuk,O
75,.,O
75,et,O
75,al,O
75,.,O
75,SARS,O
75,‐,O
75,CoV,O
75,‐,O
75,2,NUMBER
75,infection,CAUSE_OF_DEATH
75,protects,O
75,against,O
75,rechallenge,O
75,in,O
75,rhesus,O
75,macaques,O
75,.,O
75,Science,O
75,.,O
75,2020,DATE
75,.,O
75,[,O
75,25,NUMBER
75,],O
75,Jingyou,PERSON
75,Yu,PERSON
75,.,O
75,Lisa,PERSON
75,H,PERSON
75,Tostanoski,PERSON
75,.,O
75,Lauren,PERSON
75,Peter,PERSON
75,.,O
75,Noe,PERSON
75,B,PERSON
75,Mercado,PERSON
75,.,O
75,Katherine,PERSON
75,McMahan,PERSON
75,.,O
75,Shant,PERSON
75,H,O
75,Mahrokhian,O
75,.,O
75,Joseph,PERSON
75,P,PERSON
75,Nkolola,PERSON
75,.,O
75,Jinyan,PERSON
75,Liu,PERSON
75,.,O
75,Zhenfeng,PERSON
75,Li,PERSON
75,.,O
75,Abishek,PERSON
75,Chandrashekar,PERSON
75,.,O
75,et,O
75,al,O
75,.,O
75,Dna,MISC
75,vaccine,O
75,protection,O
75,against,O
75,SARS,O
75,‐,O
75,CoV,O
75,‐,O
75,2,NUMBER
75,in,O
75,rhesus,O
75,macaques,O
75,.,O
75,Science,O
75,.,O
75,2020,DATE
75,.,O
75,[,O
75,26,NUMBER
75,],O
75,Benny,PERSON
75,Borremans,PERSON
75,.,O
75,Aman,PERSON
75,‐,PERSON
75,dine,O
75,Gamble,ORGANIZATION
75,.,O
75,KC,PERSON
75,Prager,PERSON
75,.,O
75,Sarah,PERSON
75,K,PERSON
75,Helman,PERSON
75,.,O
75,Abby,PERSON
75,M,PERSON
75,McClain,PERSON
75,.,O
75,Caitlin,PERSON
75,Cox,O
75,.,O
75,Van,PERSON
75,Savage,PERSON
75,.,O
75,and,O
75,James,PERSON
75,O,PERSON
75,Lloyd,PERSON
75,‐,PERSON
75,Smith,PERSON
75,.,O
75,Quantifying,O
75,antibody,O
75,kinetics,O
75,and,O
75,RNA,O
75,shedding,O
75,during,O
75,early,O
75,‐,O
75,phase,O
75,SARS,O
75,‐,O
75,CoV,O
75,‐,O
75,2,NUMBER
75,infec,O
75,‐,O
75,tion,O
75,.,O
75,medRxiv,O
75,.,O
75,2020,DATE
75,.,O
75,[,O
75,27,NUMBER
75,],O
75,Jeroen,PERSON
75,J.A.,PERSON
75,van,PERSON
75,Kampen,PERSON
75,.,O
75,David,PERSON
75,A.M.C.,PERSON
75,van,PERSON
75,de,PERSON
75,Vijver,PERSON
75,.,O
75,Pieter,PERSON
75,L.A.,PERSON
75,Fraaij,PERSON
75,.,O
75,Bart,PERSON
75,L.,PERSON
75,Haagmans,PERSON
75,.,O
75,Mart,PERSON
75,M.,PERSON
75,Lamers,PERSON
75,.,O
75,Nisreen,PERSON
75,Okba,PERSON
75,.,O
75,Johannes,PERSON
75,P.C.,PERSON
75,van,PERSON
75,den,PERSON
75,Akker,PERSON
75,.,O
75,Henrik,PERSON
75,Ende,PERSON
75,‐,PERSON
75,man,O
75,.,O
75,Diederik,PERSON
75,A.M.P.J.,PERSON
75,Gommers,PERSON
75,.,O
75,Jan,PERSON
75,J.,PERSON
75,Cornelissen,PERSON
75,.,O
75,Rogier,PERSON
75,A.S.,PERSON
75,Hoek,PERSON
75,.,O
75,Menno,PERSON
75,M.,PERSON
75,van,PERSON
75,der,PERSON
75,Eerden,PERSON
75,.,O
75,Dennis,PERSON
75,A.,PERSON
75,Hesselink,PERSON
75,.,O
75,Herold,PERSON
75,J.,PERSON
75,Metselaar,PERSON
75,.,O
75,Annelies,PERSON
75,Verbon,PERSON
75,.,O
75,Jurriaan,PERSON
75,E.M.,PERSON
75,de,PERSON
75,Steenwinkel,PERSON
75,.,O
75,Georgina,PERSON
75,I.,PERSON
75,Aron,PERSON
75,.,O
75,Eric,PERSON
75,C.M.,PERSON
75,van,PERSON
75,Gorp,PERSON
75,.,O
75,Sander,PERSON
75,van,PERSON
75,Boheemen,PERSON
75,.,O
75,Jolan,LOCATION
75,‐,O
75,da,O
75,C.,O
75,Voermans,O
75,.,O
75,Charles,PERSON
75,A.B.,PERSON
75,Boucher,PERSON
75,.,O
75,Richard,PERSON
75,Molenkamp,PERSON
75,.,O
75,Marion,PERSON
75,P.G.,PERSON
75,Koopmans,PERSON
75,.,O
75,Corine,PERSON
75,Geurtsvankessel,PERSON
75,.,O
75,and,O
75,Annemiek,PERSON
75,A.,PERSON
75,van,PERSON
75,der,PERSON
75,Eijk,PERSON
75,.,O
75,Shedding,O
75,of,O
75,infectious,O
75,virus,O
75,in,O
75,hospitalized,O
75,patients,O
75,with,O
75,coronavirus,O
75,disease,CAUSE_OF_DEATH
75,‐,O
75,2019,DATE
75,(,O
75,covid,O
75,‐,O
75,19,NUMBER
75,),O
75,:,O
75,duration,O
75,and,O
75,key,O
75,determi,O
75,‐,O
75,nants,O
75,.,O
75,medRxiv,O
75,.,O
75,[,O
75,28,NUMBER
75,],O
75,Hitoshi,PERSON
75,Kawasuji,PERSON
75,.,O
75,Yusuke,PERSON
75,Takegoshi,PERSON
75,.,O
75,Makito,PERSON
75,Kaneda,ORGANIZATION
75,.,O
75,Akitoshi,PERSON
75,Ueno,PERSON
75,.,O
75,Yuki,PERSON
75,Miyajima,PERSON
75,.,O
75,Koyomi,PERSON
75,Kawago,PERSON
75,.,O
75,Yasutaka,PERSON
75,Fukui,PERSON
75,.,O
75,Yoshihiko,PERSON
75,Yoshida,PERSON
75,.,O
75,Miyuki,PERSON
75,Kimura,PERSON
75,.,O
75,Hiroshi,PERSON
75,Yamada,PERSON
75,.,O
75,et,O
75,al,O
75,.,O
75,Viral,O
75,load,O
75,dynamics,O
75,in,O
75,transmissible,O
75,symptomatic,O
75,patients,O
75,with,O
75,COVID,O
75,‐,O
75,19,NUMBER
75,.,O
75,medRxiv,O
75,.,O
75,2020,DATE
75,.,O
75,[,O
75,29,NUMBER
75,],O
75,Kelvin,PERSON
75,Kai,PERSON
75,‐,O
75,Wang,O
75,To,O
75,.,O
75,Owen,PERSON
75,Tak,PERSON
75,‐,PERSON
75,Yin,PERSON
75,Tsang,PERSON
75,.,O
75,Wai,PERSON
75,‐,PERSON
75,Shing,PERSON
75,Leung,PERSON
75,.,O
75,Anthony,PERSON
75,Raymond,PERSON
75,Tam,PERSON
75,.,O
75,TakChiu,PERSON
75,Wu,PERSON
75,.,O
75,David,PERSON
75,Christopher,PERSON
75,Lung,PERSON
75,.,O
75,Cyril,PERSON
75,Chik,PERSON
75,‐,PERSON
75,Yan,PERSON
75,Yip,PERSON
75,.,O
75,Jian,PERSON
75,‐,PERSON
75,Piao,PERSON
75,Cai,PERSON
75,.,O
75,Jacky,PERSON
75,Man,PERSON
75,‐,PERSON
75,Chun,PERSON
75,Chan,PERSON
75,.,O
75,Thomas,PERSON
75,Shiu,PERSON
75,‐,O
75,Hong,CITY
75,Chik,CITY
75,.,O
75,et,O
75,al,O
75,.,O
75,Temporal,O
75,profiles,O
75,of,O
75,vi,O
75,‐,O
75,ral,O
75,load,O
75,in,O
75,posterior,O
75,oropharyngeal,O
75,saliva,O
75,samples,O
75,and,O
75,serum,O
75,an,O
75,‐,O
75,tibody,O
75,responses,O
75,during,O
75,infection,CAUSE_OF_DEATH
75,by,O
75,SARS,O
75,‐,O
75,CoV,O
75,‐,O
75,2,NUMBER
75,:,O
75,an,O
75,observational,O
75,cohort,O
75,study,O
75,.,O
75,The,O
75,Lancet,O
75,Infectious,O
75,Diseases,CAUSE_OF_DEATH
75,.,O
75,2020,DATE
75,.,O
75,[,O
75,30,NUMBER
75,],O
75,Jin,PERSON
75,Yong,PERSON
75,Kim,PERSON
75,.,O
75,Jae,PERSON
75,‐,PERSON
75,Hoon,PERSON
75,Ko,PERSON
75,.,O
75,Yeonjae,PERSON
75,Kim,PERSON
75,.,O
75,Yae,O
75,‐,O
75,Jean,PERSON
75,Kim,PERSON
75,.,O
75,Jeong,PERSON
75,‐,PERSON
75,Min,PERSON
75,Kim,PERSON
75,.,O
75,Yoon,PERSON
75,‐,PERSON
75,Seok,PERSON
75,Chung,PERSON
75,.,O
75,Heui,PERSON
75,Man,PERSON
75,Kim,PERSON
75,.,O
75,Myung,O
75,‐,O
75,Guk,O
75,Han,O
75,.,O
75,So,O
75,Yeon,PERSON
75,Kim,PERSON
75,.,O
75,and,O
75,Bum,PERSON
75,Sik,PERSON
75,Chin,PERSON
75,.,O
75,Viral,O
75,load,O
75,[,O
75,31,NUMBER
75,],O
75,Ai,O
75,Tang,PERSON
75,Xiao,PERSON
75,.,O
75,Yi,PERSON
75,Xin,PERSON
75,Tong,PERSON
75,.,O
75,and,O
75,Sheng,PERSON
75,Zhang,PERSON
75,.,O
75,Profile,O
75,of,O
75,RT,O
75,‐,O
75,PCR,O
75,for,O
75,SARS,O
75,‐,O
75,CoV,O
75,‐,O
75,2,NUMBER
75,:,O
75,a,O
75,preliminary,O
75,study,O
75,from,O
75,56,NUMBER
75,COVID,O
75,‐,O
75,19,NUMBER
75,patients,O
75,.,O
75,Clinical,O
75,Infectious,O
75,Diseases,CAUSE_OF_DEATH
75,.,O
75,2020,DATE
75,.,O
75,[,O
75,32,NUMBER
75,],O
75,Yang,PERSON
75,Liu,PERSON
75,.,O
75,Li,PERSON
75,‐,PERSON
75,Meng,PERSON
75,Yan,PERSON
75,.,O
75,Lagen,PERSON
75,Wan,PERSON
75,.,O
75,Tian,PERSON
75,‐,PERSON
75,Xin,PERSON
75,Xiang,PERSON
75,.,O
75,Aiping,PERSON
75,Le,PERSON
75,.,O
75,Jia,PERSON
75,‐,PERSON
75,Ming,PERSON
75,Liu,PERSON
75,.,O
75,Malik,PERSON
75,Peiris,PERSON
75,.,O
75,Leo,PERSON
75,LM,PERSON
75,Poon,PERSON
75,.,O
75,and,O
75,Wei,PERSON
75,Zhang,PERSON
75,.,O
75,Viral,O
75,dynamics,O
75,in,O
75,mild,O
75,and,O
75,severe,O
75,cases,O
75,of,O
75,COVID,O
75,‐,O
75,19,NUMBER
75,.,O
75,The,O
75,Lancet,O
75,Infectious,O
75,Diseases,CAUSE_OF_DEATH
75,.,O
75,2020,DATE
75,.,O
75,[,O
75,33,NUMBER
75,],O
75,Minnesota,STATE_OR_PROVINCE
75,Population,O
75,Cen,O
75,‐,O
75,ter,TITLE
75,.,O
75,Integrated,O
75,public,O
75,use,O
75,microdata,O
75,series,O
75,.,O
75,international,O
75,:,O
75,Ver,O
75,‐,O
75,sion,O
75,[,O
75,34,NUMBER
75,],O
75,Yang,PERSON
75,Liu,PERSON
75,.,O
75,Rosalind,PERSON
75,Eggo,PERSON
75,.,O
75,and,O
75,Adam,PERSON
75,Kucharski,PERSON
75,.,O
75,Secondary,O
75,attack,CAUSE_OF_DEATH
75,rate,O
75,and,O
75,superspreading,O
75,events,O
75,for,O
75,SARS,O
75,‐,O
75,CoV,O
75,‐,O
75,2,NUMBER
75,.,O
75,The,O
75,Lancet,O
75,.,O
75,2020,DATE
75,.,O
75,[,O
75,35,NUMBER
75,],O
75,Kiesha,PERSON
75,Prem,PERSON
75,.,O
75,Alex,PERSON
75,Cook,PERSON
75,.,O
75,and,O
75,Mark,PERSON
75,Jit,PERSON
75,.,O
75,Projecting,O
75,so,O
75,‐,O
75,cial,O
75,contact,O
75,matrices,O
75,in,O
75,152,NUMBER
75,countries,O
75,using,O
75,contact,O
75,surveys,O
75,and,O
75,demographic,O
75,data,O
75,.,O
75,PLoS,O
75,Computational,O
75,Biology,O
75,.,O
75,13,NUMBER
75,(,O
75,9,NUMBER
75,),O
75,:,O
75,e1005697,O
75,.,O
75,no,O
75,surveillance,O
75,test,O
75,‐,O
75,based,O
75,isolation,O
75,symptom,O
75,‐,O
75,based,O
75,isolation,O
75,LOD,O
75,103,NUMBER
75,.,O
75,every,SET
75,7,SET
75,days,SET
75,LOD,O
75,105,NUMBER
75,.,O
75,every,SET
75,7,SET
75,days,SET
75,LOD,O
75,105,NUMBER
75,.,O
75,every,SET
75,3,SET
75,days,SET
75,number,O
75,of,O
75,infected,O
75,individuals,O
75,in,O
75,a,O
75,population,O
75,of,O
75,N,O
75,=,O
75,20,NUMBER
75,.,O
75,000,NUMBER
75,with,O
75,a,O
75,constant,O
75,rate,O
75,of,O
75,external,O
75,infection,CAUSE_OF_DEATH
75,set,O
75,to,O
75,1,NUMBER
75,/,O
75,N,O
75,per,O
75,person,O
75,per,O
75,day,DURATION
75,.,O
75,i.e.,O
75,around,O
75,1,NUMBER
75,imported,O
75,case,O
75,per,O
75,day,DURATION
75,.,O
75,Infections,CAUSE_OF_DEATH
75,(,O
75,blue,O
75,),O
75,.,O
75,test,O
75,‐,O
75,based,O
75,isolation,O
75,(,O
75,black,O
75,),O
75,.,O
75,and,O
75,symptom,O
75,‐,O
75,based,O
75,isolation,O
75,(,O
75,red,O
75,),O
75,are,O
75,shown,O
75,for,O
75,four,NUMBER
75,scenarios,O
75,.,O
75,with,O
75,R0,O
75,=,O
75,2.5,NUMBER
75,.,O
75,(,O
75,A,O
75,),O
75,No,O
75,surveillance,O
75,.,O
75,(,O
75,B,O
75,),O
75,Weekly,SET
75,testing,O
75,at,O
75,LOD,O
75,103,NUMBER
75,.,O
75,(,O
75,C,O
75,),O
75,Weekly,SET
75,testing,O
75,at,O
75,LOD,O
75,105,NUMBER
75,.,O
75,(,O
75,D,O
75,),O
75,Testing,O
75,every,SET
75,3,SET
75,days,SET
75,with,O
75,LOD,O
75,105,NUMBER
75,.,O
75,Note,O
75,the,O
75,variation,O
75,in,O
75,the,O
75,vertical,O
75,axis,O
75,scales,O
75,.,O
75,The,O
75,model,TITLE
75,is,O
75,fully,O
75,described,O
75,in,O
75,Methods,O
75,.,O
75,fully,O
75,mixed,O
75,model,TITLE
75,effective,O
75,repr,O
75,.,O
75,num,O
75,.,O
75,R,O
75,total,O
75,infections,CAUSE_OF_DEATH
75,days,DURATION
75,between,O
75,tests,O
75,agent,O
75,based,O
75,model,TITLE
75,effective,O
75,repr,O
75,.,O
75,num,O
75,.,O
75,R,O
75,total,O
75,in,O
75,‐,O
75,fections,O
75,fully,O
75,mixed,O
75,model,TITLE
75,days,DURATION
75,between,O
75,tests,O
75,agent,O
75,based,O
75,model,TITLE
75,days,DURATION
75,between,O
75,tests,O
75,days,DURATION
75,between,O
75,tests,O
75,model,TITLE
75,(,O
75,top,O
75,row,O
75,),O
75,and,O
75,agent,O
75,based,O
75,model,TITLE
75,(,O
75,bottom,O
75,row,O
75,),O
75,were,O
75,simulated,O
75,(,O
75,Methods,O
75,),O
75,with,O
75,various,O
75,test,O
75,frequencies,O
75,.,O
75,ranging,O
75,from,O
75,daily,SET
75,to,O
75,once,DATE
75,every,SET
75,14,SET
75,days,SET
75,.,O
75,and,O
75,with,O
75,LODs,O
75,of,O
75,103,NUMBER
75,.,O
75,105,NUMBER
75,.,O
75,and,NUMBER
75,106,NUMBER
75,.,O
75,Modeling,O
75,results,O
75,show,O
75,mean,O
75,outcomes,O
75,from,O
75,50,NUMBER
75,independent,RELIGION
75,simulations,O
75,at,O
75,each,O
75,point,O
75,.,O
75,expressed,O
75,as,O
75,(,O
75,A,O
75,.,O
75,B,O
75,),O
75,total,O
75,infections,CAUSE_OF_DEATH
75,and,O
75,(,O
75,C,O
75,.,O
75,D,O
75,),O
75,effective,O
75,reproductive,O
75,num,O
75,‐,O
75,ber,O
75,R,O
75,.,O
75,from,O
75,a,O
75,baseline,O
75,of,O
75,R0,O
75,=,O
75,2.5,NUMBER
75,.,O
75,For,O
75,the,O
75,fully,O
75,mixed,O
75,model,TITLE
75,.,O
75,only,O
75,secondary,O
75,infections,CAUSE_OF_DEATH
75,are,O
75,shown,O
75,.,O
75,excluding,O
75,imported,O
75,infec,O
75,‐,O
75,tions,O
75,.,O
75,Total,O
75,population,O
75,sizes,O
75,were,O
75,N,O
75,=,O
75,2,NUMBER
75,104,NUMBER
75,for,O
75,the,O
75,fully,O
75,mixed,O
75,model,TITLE
75,and,O
75,8.4,NUMBER
75,106,NUMBER
75,for,O
75,the,O
75,agent,O
75,based,O
75,model,TITLE
75,.,O
75,Dashed,O
75,lines,O
75,indi,O
75,‐,O
75,cate,O
75,R,O
75,=,O
75,1,NUMBER
75,for,O
75,reference,O
75,.,O
75,reduction,O
75,in,O
75,R,O
75,agent,O
75,based,O
75,model,TITLE
75,total,O
75,infections,CAUSE_OF_DEATH
75,fully,O
75,mixed,O
75,model,TITLE
75,dx,O
75,delay,O
75,no,O
75,test,O
75,daily,SET
75,total,O
75,infec,O
75,‐,O
75,tions,O
75,agent,O
75,based,O
75,model,TITLE
75,reduction,O
75,in,O
75,R,O
75,fully,O
75,mixed,O
75,model,TITLE
75,no,O
75,test,O
75,daily,SET
75,viral,O
75,load,O
75,.,O
75,Compare,O
75,with,O
75,threshold,O
75,(,O
75,binary,O
75,),O
75,infectiousness,O
75,in,O
75,Fig,O
75,.,O
75,S4,O
75,and,O
75,log,O
75,‐,O
75,proportional,O
75,infectiousness,O
75,in,O
75,Fig,O
75,4,NUMBER
75,.,O
75,See,O
75,Methods,O
75,.,O
75,reduction,O
75,in,O
75,R,O
75,agent,O
75,based,O
75,model,TITLE
75,total,O
75,infections,CAUSE_OF_DEATH
75,fully,O
75,mixed,O
75,model,TITLE
75,dx,O
75,delay,O
75,no,O
75,test,O
75,daily,SET
75,total,O
75,infections,CAUSE_OF_DEATH
75,agent,O
75,based,O
75,model,TITLE
75,reduction,O
75,in,O
75,R,O
75,fully,O
75,mixed,O
75,model,TITLE
75,no,O
75,test,O
75,daily,SET
75,below,O
75,106,NUMBER
75,and,O
75,equal,O
75,infectiousness,O
75,for,O
75,any,O
75,viral,O
75,load,O
75,above,O
75,106,NUMBER
75,.,O
75,Compare,O
75,with,O
75,proportional,O
75,infectiousness,O
75,in,O
75,Fig,O
75,.,O
75,S3,O
75,and,O
75,log,O
75,‐,O
75,proportional,O
75,infectiousness,O
75,in,O
75,Fig,O
75,4,NUMBER
75,.,O
75,See,O
75,Methods,O
75,.,O
75,fully,O
75,mixed,O
75,model,TITLE
75,logpro,O
75,‐,O
75,portional,O
75,infectiousness,O
75,agent,O
75,based,O
75,model,TITLE
75,logproportional,O
75,infec,O
75,‐,O
75,tiousness,O
75,fully,O
75,mixed,O
75,model,TITLE
75,proportional,O
75,infectiousness,O
75,total,O
75,in,O
75,‐,O
75,fections,O
75,total,O
75,infections,CAUSE_OF_DEATH
75,agent,O
75,based,O
75,model,TITLE
75,proportional,O
75,infec,O
75,‐,O
75,tiousness,O
75,total,O
75,infections,CAUSE_OF_DEATH
75,fully,O
75,mixed,O
75,model,TITLE
75,threshold,O
75,infec,O
75,‐,O
75,tiousness,O
75,days,DURATION
75,between,O
75,tests,O
75,0,DURATION
75,day,DURATION
75,delay,O
75,fully,O
75,mixed,O
75,model,TITLE
75,pro,O
75,‐,O
75,portional,O
75,infectiousness,O
75,days,DURATION
75,between,O
75,tests,O
75,agent,O
75,based,O
75,model,TITLE
75,proportional,O
75,infectiousness,O
75,days,DURATION
75,between,O
75,tests,O
75,0,DURATION
75,day,DURATION
75,delay,O
75,fully,O
75,mixed,O
75,model,TITLE
75,threshold,O
75,infectiousness,O
75,days,DURATION
75,between,O
75,tests,O
75,days,DURATION
75,be,O
75,‐,O
75,tween,O
75,tests,O
75,days,DURATION
75,between,O
75,tests,O
75,total,O
75,infections,CAUSE_OF_DEATH
75,agent,O
75,based,O
75,model,TITLE
75,threshold,O
75,infectiousness,O
75,days,DURATION
75,between,O
75,tests,O
75,agent,O
75,based,O
75,model,TITLE
75,logproportional,O
75,infectiousness,O
75,days,DURATION
75,between,O
75,tests,O
75,days,DURATION
75,between,O
75,tests,O
75,fully,O
75,mixed,O
75,model,TITLE
75,logproportional,O
75,infectiousness,O
75,days,DURATION
75,be,O
75,‐,O
75,tween,O
75,tests,O
75,effective,O
75,repr,O
75,.,O
75,num,O
75,.,O
75,R,O
75,total,O
75,infections,CAUSE_OF_DEATH
75,effective,O
75,repr,O
75,.,O
75,num,O
75,.,O
75,R,O
75,0,DURATION
75,day,DURATION
75,delay,O
75,days,DURATION
75,between,O
75,tests,O
75,effective,O
75,repr,O
75,.,O
75,num,O
75,.,O
75,R,O
75,effective,O
75,repr,O
75,.,O
75,num,O
75,.,O
75,R,O
75,total,O
75,infections,CAUSE_OF_DEATH
75,effective,O
75,repr,O
75,.,O
75,num,O
75,.,O
75,R,O
75,days,DURATION
75,between,O
75,tests,O
75,effective,O
75,repr,O
75,.,O
75,num,O
75,.,O
75,R,O
75,agent,O
75,based,O
75,model,TITLE
75,threshold,O
75,infectiousness,O
75,with,O
75,various,O
75,test,O
75,frequencies,O
75,.,O
75,ranging,O
75,from,O
75,daily,SET
75,to,O
75,once,DATE
75,every,SET
75,14,SET
75,days,SET
75,.,O
75,with,O
75,LODs,O
75,of,O
75,103,NUMBER
75,.,O
75,105,NUMBER
75,.,O
75,and,O
75,106,NUMBER
75,.,O
75,and,O
75,with,O
75,delays,O
75,of,O
75,0,NUMBER
75,.,O
75,1,NUMBER
75,.,O
75,2,NUMBER
75,.,O
75,or,O
75,3,DURATION
75,days,DURATION
75,.,O
75,for,O
75,log,O
75,‐,O
75,proportion,O
75,‐,O
75,al,O
75,.,O
75,proportional,O
75,.,O
75,and,O
75,threshold,O
75,infectiousness,O
75,functions,O
75,(,O
75,see,O
75,Methods,O
75,),O
75,.,O
75,Legends,O
75,in,O
75,panels,O
75,A,O
75,and,O
75,B,O
75,indicate,O
75,LODs,O
75,and,O
75,delays,O
75,.,O
75,and,O
75,in,O
75,‐,O
75,plot,O
75,annotations,O
75,describe,O
75,various,O
75,conditions,O
75,.,O
75,Modeling,O
75,results,O
75,show,O
75,mean,O
75,outcomes,O
75,from,O
75,50,NUMBER
75,independent,RELIGION
75,simulations,O
75,at,O
75,each,O
75,point,O
75,.,O
75,expressed,O
75,as,O
75,total,O
75,infections,CAUSE_OF_DEATH
75,and,O
75,effective,O
75,reproductive,O
75,number,O
75,R,O
75,.,O
75,from,O
75,a,O
75,baseline,O
75,of,O
75,R0,O
75,=,O
75,2.5,NUMBER
75,.,O
75,For,O
75,the,O
75,fully,O
75,mixed,O
75,model,TITLE
75,.,O
75,only,O
75,secondary,O
75,infections,CAUSE_OF_DEATH
75,are,O
75,shown,O
75,.,O
75,excluding,O
75,imported,O
75,infections,CAUSE_OF_DEATH
75,.,O
75,Total,O
75,population,O
75,sizes,O
75,were,O
75,N,O
75,=,O
75,2,NUMBER
75,104,NUMBER
75,for,O
75,the,O
75,fully,O
75,mixed,O
75,model,TITLE
75,and,O
75,8.4,NUMBER
75,106,NUMBER
75,for,O
75,the,O
75,agent,O
75,based,O
75,model,TITLE
75,.,O
75,Dashed,O
75,lines,O
75,indicate,O
75,R,O
75,=,O
75,1,NUMBER
75,for,O
75,reference,O
75,.,O
75,total,O
75,infections,CAUSE_OF_DEATH
75,fully,O
75,mixed,O
75,model,TITLE
75,no,O
75,test,O
75,to,O
75,‐,O
75,tal,O
75,infections,CAUSE_OF_DEATH
75,fully,O
75,mixed,O
75,model,TITLE
75,no,O
75,dx,O
75,delay,O
75,1,DURATION
75,day,DURATION
75,delay,O
75,2,DURATION
75,day,DURATION
75,delay,O
75,total,O
75,infections,CAUSE_OF_DEATH
75,agent,O
75,based,O
75,model,TITLE
75,no,O
75,test,O
75,daily,SET
75,no,O
75,test,O
75,daily,SET
75,from,O
75,the,O
75,fully,O
75,‐,O
75,mixed,O
75,simulation,O
75,with,O
75,a,O
75,tripled,O
75,rate,O
75,of,O
75,ex,O
75,‐,O
75,ternal,O
75,infection,CAUSE_OF_DEATH
75,.,O
75,i.e.,O
75,3,NUMBER
75,/,O
75,N,O
75,per,O
75,person,O
75,per,O
75,day,DURATION
75,.,O
75,(,O
75,B,O
75,),O
75,Results,O
75,from,O
75,the,O
75,fully,O
75,mixed,O
75,simulation,O
75,with,O
75,R0,O
75,doubled,O
75,.,O
75,i.e.,O
75,R0,O
75,=,O
75,5,NUMBER
75,.,O
75,(,O
75,C,O
75,),O
75,Re,O
75,‐,O
75,sults,O
75,from,O
75,the,O
75,agent,O
75,‐,O
75,based,O
75,simulation,O
75,with,O
75,R0,O
75,doubled,O
75,.,O
75,i.e.,O
75,R0,O
75,=,O
75,5,NUMBER
75,.,O
75,Viral,O
75,Loads,O
75,Viral,O
75,loads,O
75,were,O
75,drawn,O
75,from,O
75,a,O
75,simple,O
75,viral,O
75,kinet,O
75,‐,O
75,ics,O
75,model,TITLE
75,intended,O
75,to,O
75,capture,O
75,(,O
75,1,NUMBER
75,),O
75,a,O
75,variable,O
75,latent,O
75,period,O
75,.,O
75,(,O
75,2,NUMBER
75,),O
75,a,O
75,rapid,O
75,growth,O
75,phase,O
75,from,O
75,the,O
75,lower,O
75,limit,O
75,of,O
75,PCR,O
75,detectability,O
75,to,O
75,a,O
75,peak,O
75,viral,O
75,load,O
75,.,O
75,and,O
75,(,O
75,3,NUMBER
75,),O
75,a,O
75,slower,O
75,decay,O
75,phase,O
75,.,O
75,These,O
75,dynamics,O
75,were,O
75,based,O
75,on,O
75,the,O
75,following,O
75,observations,O
75,.,O
75,Latent,O
75,periods,O
75,prior,O
75,to,O
75,symptoms,O
75,have,O
75,been,O
75,estimated,O
75,to,O
75,be,O
75,around,O
75,5,DURATION
75,day,DURATION
75,[,O
75,23,NUMBER
75,],O
75,.,O
75,Viral,O
75,load,O
75,appears,O
75,to,O
75,peak,O
75,prior,O
75,to,O
75,symptom,O
75,onset,O
75,[,O
75,4,NUMBER
75,],O
75,.,O
75,and,O
75,peaks,O
75,within,O
75,2,DURATION
75,days,DURATION
75,of,O
75,challenge,O
75,in,O
75,a,O
75,macaque,O
75,model,TITLE
75,[,O
75,24,NUMBER
75,.,O
75,25,NUMBER
75,],O
75,.,O
75,though,O
75,it,O
75,should,O
75,be,O
75,noted,O
75,that,O
75,macaque,O
75,challenge,O
75,doses,O
75,were,O
75,high,O
75,.,O
75,Viral,O
75,load,O
75,de,O
75,‐,O
75,creases,O
75,3,NUMBER
75,or,O
75,more,O
75,days,DURATION
75,before,O
75,symptom,O
75,onset,O
75,[,O
75,1,NUMBER
75,.,O
75,30,NUMBER
75,],O
75,.,O
75,Peak,O
75,viral,O
75,loads,O
75,are,O
75,difficult,O
75,to,O
75,measure,O
75,due,O
75,to,O
75,lack,O
75,of,O
75,prospective,O
75,sam,O
75,‐,O
75,pling,O
75,studies,O
75,of,O
75,individuals,O
75,prior,O
75,to,O
75,exposure,O
75,and,O
75,infection,CAUSE_OF_DEATH
75,.,O
75,but,O
75,viral,O
75,loads,O
75,have,O
75,been,O
75,reported,O
75,in,O
75,the,O
75,range,O
75,of,O
75,O,O
75,(,O
75,104,NUMBER
75,),O
75,to,O
75,O,O
75,(,O
75,109,NUMBER
75,),O
75,copies,O
75,per,O
75,ml,O
75,[,O
75,8,NUMBER
75,.,O
75,28,NUMBER
75,.,O
75,29,NUMBER
75,],O
75,.,O
75,Viral,O
75,loads,O
75,appear,O
75,to,O
75,timing,O
75,may,O
75,dif,O
75,‐,O
75,fer,O
75,depending,O
75,on,O
75,the,O
75,degree,O
75,or,O
75,presence,O
75,of,O
75,symptoms,O
75,[,O
75,31,NUMBER
75,.,O
75,32,NUMBER
75,],O
75,.,O
75,Fi,O
75,‐,O
75,nally,O
75,.,O
75,we,O
75,note,O
75,that,O
75,the,O
75,general,TITLE
75,understanding,O
75,of,O
75,viral,O
75,kinetics,O
75,may,O
75,vary,O
75,depending,O
75,on,O
75,the,O
75,mode,O
75,of,O
75,sampling,O
75,.,O
75,as,O
75,demonstrated,O
75,via,O
75,a,O
75,comparison,O
75,between,O
75,sputum,O
75,and,O
75,swab,O
75,samples,O
75,[,O
75,8,NUMBER
75,],O
75,.,O
75,To,O
75,mimic,O
75,growth,O
75,and,O
75,decay,O
75,.,O
75,log10,O
75,viral,O
75,loads,O
75,were,O
75,specified,O
75,by,O
75,a,O
75,continuous,O
75,piecewise,O
75,linear,O
75,crosses,O
75,103,NUMBER
75,.,O
75,with,O
75,t0,O
75,unif,O
75,[,O
75,2.5,NUMBER
75,.,O
75,3.5,NUMBER
75,],O
75,.,O
75,measured,O
75,in,O
75,days,DURATION
75,since,O
75,exposure,O
75,.,O
75,The,O
75,second,ORDINAL
75,point,O
75,represents,O
75,the,O
75,peak,O
75,vi,O
75,‐,O
75,ral,O
75,load,O
75,.,O
75,Peak,O
75,height,O
75,was,O
75,drawn,O
75,Vpeak,O
75,unif,O
75,[,O
75,7,NUMBER
75,.,O
75,11,NUMBER
75,],O
75,.,O
75,and,O
75,peak,O
75,tim,O
75,‐,O
75,ing,O
75,was,O
75,drawn,O
75,with,O
75,respect,O
75,to,O
75,the,O
75,start,O
75,of,O
75,the,O
75,exponential,O
75,growth,O
75,phase,O
75,.,O
75,tpeak,O
75,t0,O
75,0.2,NUMBER
75,+,O
75,gamma,O
75,(,O
75,1.8,NUMBER
75,),O
75,.,O
75,The,O
75,third,ORDINAL
75,point,O
75,represents,O
75,the,O
75,time,O
75,at,O
75,which,O
75,an,O
75,individuals,O
75,viral,O
75,load,O
75,crosses,O
75,beneath,O
75,the,O
75,106,NUMBER
75,threshold,O
75,.,O
75,at,O
75,which,O
75,point,O
75,viral,O
75,loads,O
75,no,O
75,longer,O
75,cause,O
75,active,O
75,cultures,O
75,in,O
75,laboratory,O
75,experiments,O
75,[,O
75,7,NUMBER
75,.,O
75,8,NUMBER
75,.,O
75,9,NUMBER
75,],O
75,.,O
75,and,O
75,was,O
75,drawn,O
75,with,O
75,respect,O
75,to,O
75,peak,O
75,timing,O
75,.,O
75,tf,O
75,tpeak,O
75,unif,O
75,[,O
75,5,NUMBER
75,.,O
75,10,NUMBER
75,],O
75,.,O
75,In,O
75,simulations,O
75,.,O
75,each,O
75,viral,O
75,loads,O
75,parameters,O
75,were,O
75,drawn,O
75,independently,O
75,of,O
75,others,O
75,.,O
75,and,O
75,the,O
75,continuous,O
75,function,O
75,described,O
75,here,O
75,was,O
75,evaluated,O
75,at,O
75,In,O
75,‐,O
75,fectiousness,O
75,F,O
75,was,O
75,assumed,O
75,to,O
75,be,O
75,directly,O
75,related,O
75,to,O
75,viral,O
75,load,O
75,V,O
75,in,O
75,one,NUMBER
75,of,O
75,three,NUMBER
75,ways,O
75,.,O
75,In,O
75,the,O
75,main,O
75,text,O
75,.,O
75,each,O
75,individuals,O
75,relative,O
75,infectiousness,O
75,was,O
75,proportional,O
75,log10,O
75,of,O
75,viral,O
75,loads,O
75,excess,O
75,be,O
75,‐,O
75,yond,O
75,106,NUMBER
75,.,O
75,i.e.,O
75,F,O
75,log10,O
75,(,O
75,V,O
75,),O
75,6,NUMBER
75,.,O
75,In,O
75,the,O
75,supplementary,O
75,sensitivi,O
75,‐,O
75,ty,O
75,analyses,O
75,.,O
75,we,O
75,investigated,O
75,two,NUMBER
75,opposing,O
75,extremes,O
75,.,O
75,To,O
75,capture,O
75,a,O
75,more,O
75,extreme,O
75,relationship,O
75,between,O
75,infectiousness,O
75,and,O
75,viral,O
75,load,O
75,.,O
75,we,O
75,considered,O
75,F,O
75,to,O
75,be,O
75,directly,O
75,proportional,O
75,to,O
75,viral,O
75,loads,O
75,excess,O
75,above,O
75,106,NUMBER
75,.,O
75,i.e.,O
75,F,O
75,10log10,O
75,(,O
75,V,O
75,),O
75,6,NUMBER
75,=,O
75,V,NUMBER
75,106,NUMBER
75,.,O
75,and,O
75,to,O
75,capture,O
75,a,O
75,more,O
75,extreme,O
75,relationship,O
75,.,O
75,but,O
75,in,O
75,the,O
75,opposing,O
75,direction,O
75,.,O
75,we,O
75,consid,O
75,‐,O
75,ered,O
75,F,O
75,to,O
75,simply,O
75,be,O
75,a,O
75,constant,O
75,when,O
75,viral,O
75,load,O
75,exceeded,O
75,106,NUMBER
75,.,O
75,i.e.,O
75,F,O
75,1V,O
75,>,O
75,106,NUMBER
75,.,O
75,We,O
75,call,O
75,these,O
75,three,NUMBER
75,functions,O
75,log,O
75,‐,O
75,proportional,O
75,.,O
75,proportional,O
75,.,O
75,and,O
75,threshold,O
75,throughout,O
75,the,O
75,text,O
75,and,O
75,log10,O
75,viral,O
75,load,O
75,(,O
75,virions,O
75,/,O
75,mL,O
75,),O
75,viral,O
75,load,O
75,viral,O
75,load,O
75,(,O
75,discrete,O
75,time,O
75,),O
75,control,O
75,points,O
75,days,DURATION
75,since,O
75,exposure,O
75,.,O
75,t,O
75,sampled,O
75,.,O
75,Light,O
75,grey,O
75,lines,O
75,show,O
75,20,NUMBER
75,alternative,O
75,trajectories,O
75,to,O
75,illustrate,O
75,the,O
75,diversity,O
75,of,O
75,viral,O
75,loads,O
75,drawn,O
75,from,O
75,the,O
75,simple,O
75,model,TITLE
75,.,O
75,supplemental,O
75,materials,O
75,.,O
75,our,O
75,infectiousness,O
75,functions,O
75,.,O
75,this,O
75,inferred,O
75,relationship,O
75,bears,O
75,the,O
75,greatest,O
75,similarity,O
75,.,O
75,over,O
75,time,O
75,.,O
75,to,O
75,the,O
75,log,O
75,‐,O
75,proportional,O
75,infec,O
75,‐,O
75,tiousness,O
75,function,O
75,.,O
75,as,O
75,visualized,O
75,in,O
75,Figs.,O
75,1,NUMBER
75,and,O
75,3,NUMBER
75,.,O
75,The,O
75,propor,O
75,‐,O
75,tional,O
75,and,O
75,threshold,O
75,models,O
75,therefore,O
75,represent,O
75,one,NUMBER
75,of,O
75,many,O
75,types,O
75,of,O
75,sensitivity,O
75,analysis,O
75,.,O
75,Results,O
75,for,O
75,those,O
75,In,O
75,all,O
75,simulations,O
75,.,O
75,the,O
75,value,O
75,of,O
75,the,O
75,proportionality,O
75,constant,O
75,implied,O
75,by,O
75,the,O
75,infec,O
75,‐,O
75,tiousness,O
75,functions,O
75,above,O
75,was,O
75,chosen,O
75,to,O
75,achieve,O
75,the,O
75,targeted,O
75,val,O
75,‐,O
75,ue,O
75,of,O
75,R0,O
75,for,O
75,that,O
75,simulation,O
75,.,O
75,and,O
75,confirmed,O
75,via,O
75,simulation,O
75,as,O
75,de,O
75,‐,O
75,scribed,O
75,below,O
75,.,O
75,Disease,CAUSE_OF_DEATH
75,Transmission,MISC
75,Models,MISC
75,Two,NUMBER
75,models,O
75,were,O
75,used,O
75,to,O
75,simulate,O
75,SARS,O
75,‐,O
75,CoV,O
75,‐,O
75,2,NUMBER
75,dynamics,O
75,.,O
75,both,O
75,based,O
75,on,O
75,a,O
75,typical,O
75,compart,O
75,‐,O
75,mental,O
75,framework,O
75,.,O
75,The,O
75,first,ORDINAL
75,model,TITLE
75,was,O
75,a,O
75,fully,O
75,‐,O
75,mixed,O
75,model,TITLE
75,of,O
75,N,O
75,=,O
75,20,NUMBER
75,.,O
75,000,NUMBER
75,individuals,O
75,with,O
75,all,O
75,‐,O
75,to,O
75,‐,O
75,all,O
75,contact,O
75,structure,O
75,.,O
75,zero,NUMBER
75,ini,O
75,‐,O
75,tial,O
75,infections,CAUSE_OF_DEATH
75,.,O
75,and,O
75,a,O
75,constant,O
75,1,NUMBER
75,/,O
75,N,O
75,per,O
75,‐,O
75,person,O
75,probability,O
75,of,O
75,be,O
75,‐,O
75,coming,O
75,infected,O
75,from,O
75,an,O
75,external,O
75,source,O
75,.,O
75,This,O
75,model,TITLE
75,could,O
75,repre,O
75,‐,O
75,sent,O
75,.,O
75,for,O
75,instance,O
75,.,O
75,a,O
75,large,O
75,college,O
75,campus,O
75,with,O
75,high,O
75,mixing,O
75,.,O
75,sit,O
75,‐,O
75,uated,O
75,within,O
75,a,O
75,larger,O
75,community,O
75,with,O
75,low,O
75,‐,O
75,level,O
75,disease,CAUSE_OF_DEATH
75,preva,O
75,‐,O
75,lence,O
75,.,O
75,The,O
75,second,ORDINAL
75,model,TITLE
75,was,O
75,an,O
75,agent,O
75,‐,O
75,based,O
75,model,TITLE
75,of,O
75,N,O
75,=,O
75,8.4,NUMBER
75,mil,O
75,‐,O
75,lion,O
75,agents,O
75,representing,O
75,the,O
75,population,O
75,and,O
75,contact,O
75,structure,O
75,of,O
75,New,CITY
75,York,CITY
75,City,CITY
75,.,O
75,as,O
75,previously,DATE
75,described,O
75,[,O
75,18,NUMBER
75,],O
75,.,O
75,Contact,O
75,patterns,O
75,were,O
75,based,O
75,on,O
75,a,O
75,combination,O
75,of,O
75,individual,O
75,‐,O
75,level,O
75,household,O
75,con,O
75,‐,O
75,tacts,O
75,drawn,O
75,from,O
75,census,O
75,microdata,O
75,and,O
75,agestratified,O
75,contact,O
75,ma,O
75,‐,O
75,trices,O
75,which,O
75,describe,O
75,outside,O
75,of,O
75,household,O
75,contacts,O
75,.,O
75,This,O
75,model,TITLE
75,was,O
75,initialized,O
75,with,O
75,100,NUMBER
75,initial,O
75,infections,CAUSE_OF_DEATH
75,and,O
75,no,O
75,external,O
75,sources,O
75,of,O
75,infection,CAUSE_OF_DEATH
75,.,O
75,Both,O
75,the,O
75,fully,O
75,‐,O
75,mixed,O
75,and,O
75,agent,O
75,‐,O
75,based,O
75,mod,O
75,‐,O
75,els,O
75,tracked,O
75,discrete,O
75,individuals,O
75,who,O
75,were,O
75,Susceptible,O
75,(,O
75,S,O
75,),O
75,.,O
75,In,O
75,‐,O
75,fected,O
75,(,O
75,I,O
75,),O
75,.,O
75,Recovered,O
75,(,O
75,R,O
75,),O
75,.,O
75,Isolated,O
75,(,O
75,Q,O
75,),O
75,.,O
75,and,O
75,Self,O
75,‐,O
75,Isolated,O
75,(,O
75,SQ,O
75,),O
75,at,O
75,each,O
75,discrete,O
75,one,DURATION
75,day,DURATION
75,timestep,O
75,.,O
75,Upon,O
75,becoming,O
75,infected,O
75,(,O
75,S,O
75,I,O
75,),O
75,.,O
75,a,O
75,viral,O
75,load,O
75,trajectory,O
75,V,O
75,(,O
75,t,O
75,),O
75,was,O
75,drawn,O
75,which,O
75,included,O
75,a,O
75,latent,O
75,period,O
75,.,O
75,growth,O
75,.,O
75,and,O
75,decay,O
75,.,O
75,Each,SET
75,day,SET
75,.,O
75,an,O
75,individuals,O
75,viral,O
75,load,O
75,trajectory,O
75,was,O
75,used,O
75,to,O
75,determine,O
75,whether,O
75,their,O
75,diagnostic,O
75,test,O
75,would,O
75,be,O
75,positive,O
75,if,O
75,administered,O
75,.,O
75,as,O
75,well,O
75,as,O
75,their,O
75,infectious,O
75,‐,O
75,ness,O
75,to,O
75,susceptible,O
75,individuals,O
75,.,O
75,Based,O
75,on,O
75,a,O
75,schedule,O
75,of,O
75,testing,O
75,each,O
75,person,O
75,every,O
75,D,O
75,days,DURATION
75,.,O
75,if,O
75,an,O
75,individual,O
75,happened,O
75,to,O
75,be,O
75,tested,O
75,on,O
75,a,DURATION
75,day,DURATION
75,when,O
75,their,O
75,viral,O
75,load,O
75,exceeded,O
75,the,O
75,limit,O
75,of,O
75,detection,O
75,L,O
75,of,O
75,the,O
75,test,O
75,.,O
75,their,O
75,positive,O
75,result,O
75,would,O
75,cause,O
75,them,O
75,to,O
75,isolate,O
75,(,O
75,I,O
75,Q,O
75,),O
75,.,O
75,but,O
75,with,O
75,the,O
75,possibility,O
75,of,O
75,a,O
75,delay,O
75,in,O
75,turnaround,O
75,time,O
75,.,O
75,A,O
75,fraction,O
75,1,NUMBER
75,f,O
75,of,O
75,individuals,O
75,self,O
75,‐,O
75,isolate,O
75,on,O
75,the,DURATION
75,first,DURATION
75,day,DURATION
75,after,O
75,peak,O
75,viral,O
75,load,O
75,.,O
75,to,O
75,mimic,O
75,symptom,O
75,‐,O
75,driven,O
75,isolation,O
75,(,O
75,I,O
75,SQ,O
75,),O
75,.,O
75,with,O
75,f,O
75,=,O
75,0.8,NUMBER
75,for,O
75,the,O
75,fully,O
75,mixed,O
75,model,TITLE
75,and,O
75,f,O
75,=,O
75,1,NUMBER
75,for,O
75,the,O
75,agent,O
75,based,O
75,model,TITLE
75,.,O
75,When,O
75,an,O
75,individuals,O
75,viral,O
75,load,O
75,dropped,O
75,below,O
75,103,NUMBER
75,.,O
75,that,O
75,individual,O
75,recovered,O
75,(,O
75,I,O
75,.,O
75,Q,O
75,.,O
75,SQ,O
75,R,O
75,),O
75,.,O
75,Details,O
75,follow,O
75,.,O
75,Testing,O
75,.,O
75,Isolation,O
75,.,O
75,and,O
75,Sample,O
75,‐,O
75,to,O
75,‐,O
75,Answer,O
75,Turnaround,O
75,Times,O
75,All,O
75,individuals,O
75,were,O
75,tested,O
75,every,O
75,D,O
75,days,DURATION
75,.,O
75,so,O
75,that,O
75,they,O
75,could,O
75,be,O
75,moved,O
75,into,O
75,isola,O
75,‐,O
75,tion,O
75,if,O
75,their,O
75,viral,O
75,load,O
75,exceeded,O
75,the,O
75,tests,O
75,limit,O
75,of,O
75,detection,O
75,V,O
75,(,O
75,t,O
75,),O
75,>,O
75,L.,O
75,Each,O
75,person,O
75,was,O
75,deterministically,O
75,tested,O
75,exactly,O
75,every,O
75,D,O
75,days,DURATION
75,.,O
75,but,O
75,testing,O
75,days,DURATION
75,were,O
75,drawn,O
75,uniformly,O
75,at,O
75,random,O
75,such,O
75,that,O
75,not,O
75,all,O
75,individuals,O
75,were,O
75,tested,O
75,on,O
75,the,DATE
75,same,DATE
75,day,DATE
75,.,O
75,To,O
75,account,O
75,for,O
75,delays,O
75,in,O
75,returning,O
75,test,O
75,results,O
75,.,O
75,we,O
75,included,O
75,a,O
75,sample,O
75,‐,O
75,to,O
75,‐,O
75,answer,O
75,turnaround,O
75,time,O
75,T,O
75,.,O
75,meaning,O
75,that,O
75,an,O
75,individual,O
75,with,O
75,a,O
75,positive,O
75,test,O
75,on,O
75,day,DURATION
75,t,O
75,would,O
75,isolate,O
75,on,O
75,day,DURATION
75,t,O
75,+,O
75,T,O
75,.,O
75,Transmission,O
75,.,O
75,Popula,PERSON
75,‐,PERSON
75,tion,O
75,Structure,O
75,.,O
75,and,O
75,Mixing,O
75,Patterns,O
75,:,O
75,Fully,O
75,‐,O
75,mixed,O
75,model,TITLE
75,Simula,O
75,‐,O
75,tions,O
75,were,O
75,initialized,O
75,with,O
75,all,O
75,individuals,O
75,susceptible,O
75,.,O
75,S,O
75,=,O
75,N,O
75,.,O
75,Each,O
75,individual,O
75,was,O
75,chosen,O
75,to,O
75,be,O
75,symptomatic,O
75,independently,O
75,with,O
75,probability,O
75,f,O
75,.,O
75,and,O
75,each,O
75,individuals,O
75,first,ORDINAL
75,test,O
75,day,DURATION
75,(,O
75,e.g.,O
75,the,DATE
75,day,DATE
75,of,O
75,the,DATE
75,week,DATE
75,that,O
75,their,O
75,weekly,SET
75,test,O
75,would,O
75,occur,O
75,),O
75,was,O
75,chosen,O
75,uni,O
75,‐,O
75,formly,O
75,at,O
75,random,O
75,between,O
75,1,NUMBER
75,and,O
75,D.,O
75,Relative,O
75,infectiousness,O
75,was,O
75,scaled,O
75,up,O
75,or,O
75,down,O
75,to,O
75,achieve,O
75,the,O
75,specified,O
75,R0,O
75,in,O
75,the,O
75,absence,O
75,of,O
75,any,O
75,testing,O
75,policy,O
75,.,O
75,but,O
75,inclusive,O
75,of,O
75,any,O
75,assumed,O
75,self,O
75,‐,O
75,isolation,O
75,of,O
75,symptomatics,O
75,.,O
75,In,O
75,each,O
75,timestep,O
75,.,O
75,those,O
75,individuals,O
75,who,O
75,were,O
75,marked,O
75,for,O
75,testing,O
75,that,O
75,day,DURATION
75,were,O
75,tested,O
75,.,O
75,and,O
75,a,O
75,counter,O
75,was,O
75,ini,O
75,‐,O
75,tialized,O
75,to,O
75,T,O
75,.,O
75,specifying,O
75,the,O
75,number,O
75,of,O
75,days,DURATION
75,until,O
75,that,O
75,individ,O
75,‐,O
75,ual,O
75,received,O
75,their,O
75,results,O
75,.,O
75,Next,O
75,.,O
75,individuals,O
75,whose,O
75,test,O
75,results,O
75,counters,O
75,were,O
75,zero,NUMBER
75,were,O
75,isolated,O
75,.,O
75,I,O
75,Q.,O
75,Then,O
75,.,O
75,symptomatic,O
75,indi,O
75,‐,O
75,viduals,O
75,whose,O
75,viral,O
75,load,O
75,had,O
75,declined,O
75,relative,O
75,to,O
75,the,O
75,previous,O
75,day,DURATION
75,were,O
75,self,O
75,‐,O
75,isolated,O
75,.,O
75,I,O
75,SQ,O
75,.,O
75,Next,O
75,.,O
75,each,O
75,susceptible,O
75,individual,O
75,was,O
75,spontaneously,O
75,(,O
75,externally,O
75,),O
75,infected,O
75,independently,O
75,with,O
75,proba,O
75,‐,O
75,bility,O
75,1,NUMBER
75,/,O
75,N,O
75,.,O
75,S,O
75,I.,O
75,Then,O
75,.,O
75,all,O
75,infected,O
75,individuals,O
75,contacted,O
75,all,O
75,susceptible,O
75,individuals,O
75,.,O
75,with,O
75,the,O
75,probability,O
75,of,O
75,transmission,O
75,based,O
75,on,O
75,that,O
75,days,DURATION
75,viral,O
75,load,O
75,V,O
75,(,O
75,t,O
75,),O
75,for,O
75,each,O
75,person,O
75,and,O
75,the,O
75,par,O
75,‐,O
75,ticular,O
75,infectiousness,O
75,function,O
75,.,O
75,described,O
75,above,O
75,.,O
75,S,O
75,I.,O
75,To,O
75,con,O
75,‐,O
75,clude,O
75,each,O
75,time,O
75,step,O
75,.,O
75,individuals,O
75,viral,O
75,loads,O
75,and,O
75,test,O
75,results,O
75,counters,O
75,were,O
75,advanced,O
75,.,O
75,with,O
75,those,O
75,whose,O
75,infectious,O
75,period,O
75,had,O
75,completely,O
75,passed,O
75,moved,O
75,to,O
75,recovery,O
75,.,O
75,I,O
75,.,O
75,Q,O
75,.,O
75,SQ,O
75,R.,O
75,Transmission,O
75,.,O
75,Population,O
75,Structure,O
75,.,O
75,and,O
75,Mixing,O
75,Patterns,O
75,:,O
75,Agent,O
75,‐,O
75,based,O
75,model,TITLE
75,The,O
75,agent,O
75,‐,O
75,based,O
75,model,TITLE
75,added,O
75,viral,O
75,kinetics,O
75,and,O
75,testing,O
75,policies,O
75,(,O
75,as,O
75,described,O
75,above,O
75,),O
75,to,O
75,an,O
75,existing,O
75,model,TITLE
75,for,O
75,SARS,O
75,‐,O
75,CoV,O
75,‐,O
75,2,NUMBER
75,transmission,O
75,in,O
75,New,CITY
75,York,CITY
75,City,CITY
75,.,O
75,A,O
75,full,O
75,description,O
75,of,O
75,the,O
75,agent,O
75,‐,O
75,based,O
75,model,TITLE
75,is,O
75,available,O
75,[,O
75,18,NUMBER
75,],O
75,;,O
75,here,O
75,we,O
75,provide,O
75,an,O
75,overview,O
75,of,O
75,the,O
75,relevant,O
75,transmission,O
75,dynamics,O
75,.,O
75,Simulations,O
75,were,O
75,initialized,O
75,with,O
75,all,O
75,in,O
75,‐,O
75,dividuals,O
75,susceptible,O
75,.,O
75,except,O
75,for,O
75,100,NUMBER
75,initially,O
75,infected,O
75,individ,O
75,‐,O
75,uals,O
75,.,O
75,S,O
75,=,O
75,N,O
75,100,NUMBER
75,.,O
75,As,O
75,in,O
75,the,O
75,fully,O
75,‐,O
75,mixed,O
75,model,TITLE
75,.,O
75,each,O
75,individuals,O
75,test,O
75,day,DURATION
75,was,O
75,chosen,O
75,uniformly,O
75,at,O
75,random,O
75,and,O
75,relative,O
75,infectious,O
75,‐,O
75,ness,O
75,was,O
75,scaled,O
75,to,O
75,achieve,O
75,the,O
75,specified,O
75,R0,O
75,.,O
75,In,O
75,each,O
75,timestep,O
75,.,O
75,those,O
75,individuals,O
75,who,O
75,were,O
75,marked,O
75,for,O
75,testing,O
75,that,O
75,day,DURATION
75,were,O
75,test,O
75,‐,O
75,ed,O
75,.,O
75,and,O
75,a,O
75,counter,O
75,was,O
75,initialized,O
75,to,O
75,T,O
75,.,O
75,specifying,O
75,the,O
75,number,O
75,of,O
75,days,DURATION
75,until,O
75,that,O
75,individual,O
75,received,O
75,their,O
75,results,O
75,.,O
75,Next,O
75,.,O
75,indi,O
75,‐,O
75,viduals,O
75,whose,O
75,test,O
75,results,O
75,counters,O
75,were,O
75,zero,NUMBER
75,were,O
75,isolated,O
75,.,O
75,I,O
75,Q,O
75,.,O
75,There,O
75,was,O
75,no,O
75,selfisolation,O
75,in,O
75,this,O
75,model,TITLE
75,(,O
75,and,O
75,accordingly,O
75,.,O
75,the,O
75,model,TITLE
75,did,O
75,not,O
75,label,O
75,individuals,O
75,as,O
75,symptomatic,O
75,or,O
75,Then,O
75,.,O
75,transmis,O
75,‐,O
75,sion,O
75,from,O
75,infected,O
75,individuals,O
75,to,O
75,susceptible,O
75,individuals,O
75,was,O
75,simulated,O
75,both,O
75,within,O
75,and,O
75,outside,O
75,households,O
75,.,O
75,To,O
75,model,O
75,within,O
75,‐,O
75,household,O
75,transmission,O
75,.,O
75,each,O
75,individual,O
75,had,O
75,a,O
75,set,O
75,of,O
75,other,O
75,indi,O
75,‐,O
75,viduals,O
75,comprising,O
75,their,O
75,household,O
75,.,O
75,Household,O
75,structures,O
75,.,O
75,along,O
75,with,O
75,the,O
75,age,O
75,of,O
75,each,O
75,individual,O
75,.,O
75,were,O
75,sampled,O
75,from,O
75,census,O
75,micro,O
75,‐,O
75,data,O
75,for,O
75,New,CITY
75,York,CITY
75,City,CITY
75,[,O
75,33,NUMBER
75,],O
75,.,O
75,The,O
75,probability,O
75,for,O
75,an,O
75,infectious,O
75,individual,O
75,to,O
75,infect,O
75,each,O
75,of,O
75,their,O
75,household,O
75,members,O
75,each,SET
75,day,SET
75,was,O
75,determined,O
75,by,O
75,scaling,O
75,the,O
75,relative,O
75,infectiousness,O
75,values,O
75,to,O
75,match,O
75,the,O
75,estimated,O
75,secondary,O
75,attack,CAUSE_OF_DEATH
75,rate,O
75,for,O
75,close,O
75,household,O
75,contacts,O
75,previously,DATE
75,reported,O
75,in,O
75,case,O
75,cluster,O
75,studies,O
75,[,O
75,34,NUMBER
75,],O
75,.,O
75,Outside,O
75,of,O
75,household,O
75,transmission,O
75,was,O
75,simulated,O
75,using,O
75,age,O
75,‐,O
75,stratified,O
75,contact,O
75,matrices,O
75,.,O
75,which,O
75,describe,O
75,the,O
75,expected,O
75,number,O
75,of,O
75,daily,SET
75,contacts,O
75,between,O
75,an,O
75,individual,O
75,in,O
75,a,O
75,given,O
75,age,O
75,group,O
75,and,O
75,those,O
75,in,O
75,each,O
75,oth,O
75,‐,O
75,er,O
75,age,O
75,group,O
75,.,O
75,Each,O
75,infectious,O
75,individual,O
75,of,O
75,age,O
75,i,O
75,drew,O
75,Pois,O
75,‐,O
75,son,O
75,(,O
75,Mij,O
75,),O
75,contacts,O
75,with,O
75,individuals,O
75,in,O
75,age,O
75,group,O
75,j,O
75,.,O
75,where,O
75,M,O
75,is,O
75,the,O
75,contact,O
75,matrix,O
75,.,O
75,The,O
75,contacted,O
75,individuals,O
75,were,O
75,sampled,O
75,uni,O
75,‐,O
75,formly,O
75,at,O
75,random,O
75,from,O
75,age,O
75,group,O
75,j,O
75,.,O
75,We,O
75,use,O
75,a,O
75,contact,O
75,matrix,O
75,for,O
75,the,O
75,United,COUNTRY
75,States,COUNTRY
75,estimated,O
75,by,O
75,[,O
75,35,NUMBER
75,],O
75,.,O
75,Each,O
75,contact,O
75,resulted,O
75,in,O
75,in,O
75,‐,O
75,fection,O
75,.,O
75,S,O
75,I,O
75,.,O
75,with,O
75,probability,O
75,proportional,O
75,to,O
75,the,O
75,relative,O
75,in,O
75,‐,O
75,fectiousness,O
75,of,O
75,the,O
75,infected,O
75,individual,O
75,on,O
75,that,O
75,day,DURATION
75,.,O
75,scaled,O
75,to,O
75,obtain,O
75,the,O
75,specified,O
75,value,O
75,of,O
75,R0,O
75,.,O
75,To,O
75,conclude,O
75,each,O
75,time,O
75,step,O
75,.,O
75,individuals,O
75,viral,O
75,loads,O
75,and,O
75,test,O
75,results,O
75,counters,O
75,were,O
75,advanced,O
75,.,O
75,with,O
75,those,O
75,whose,O
75,infectious,O
75,period,O
75,had,O
75,completely,O
75,passed,O
75,moved,O
75,to,O
75,recovery,O
75,.,O
75,I,O
75,.,O
75,Q,O
75,R.,O
75,Calibration,O
75,to,O
75,achieve,O
75,targeted,O
75,R0,O
75,and,O
75,esti,O
75,‐,O
75,mation,O
75,of,O
75,R,O
75,As,O
75,a,O
75,consistency,O
75,check,O
75,.,O
75,each,O
75,simulations,O
75,R0,O
75,was,O
75,esti,O
75,‐,O
75,mated,O
75,as,O
75,follows,O
75,.,O
75,to,O
75,ensure,O
75,that,O
75,simulations,O
75,were,O
75,properly,O
75,cali,O
75,‐,O
75,brated,O
75,to,O
75,their,O
75,intended,O
75,values,O
75,.,O
75,Note,O
75,that,O
75,to,O
75,vary,O
75,R0,O
75,.,O
75,the,O
75,pro,O
75,‐,O
75,portionality,O
75,constant,O
75,in,O
75,the,O
75,function,O
75,that,O
75,maps,O
75,viral,O
75,load,O
75,to,O
75,in,O
75,‐,O
75,fectiousness,O
75,need,O
75,only,O
75,be,O
75,adjusted,O
75,up,O
75,or,O
75,down,O
75,.,O
75,In,O
75,a,O
75,typical,O
75,SEIR,O
75,model,TITLE
75,.,O
75,this,O
75,would,O
75,correspond,O
75,to,O
75,changing,O
75,the,O
75,infectiousness,O
75,pa,O
75,‐,O
75,rameter,O
75,which,O
75,governs,O
75,the,O
75,rate,O
75,at,O
75,which,O
75,I,O
75,‐,O
75,to,O
75,‐,O
75,S,O
75,contacts,O
75,cause,O
75,new,O
75,infections,CAUSE_OF_DEATH
75,.,O
75,For,O
75,the,O
75,fully,O
75,‐,O
75,mixed,O
75,.,O
75,the,O
75,value,O
75,of,O
75,R0,O
75,was,O
75,numerical,O
75,‐,O
75,ly,O
75,estimated,O
75,by,O
75,running,O
75,single,O
75,‐,O
75,generation,O
75,simulations,O
75,in,O
75,which,O
75,a,O
75,50,NUMBER
75,infected,O
75,individual,O
75,were,O
75,placed,O
75,in,O
75,a,O
75,population,O
75,of,O
75,N,O
75,50,NUMBER
75,oth,O
75,‐,O
75,ers,O
75,.,O
75,The,O
75,number,O
75,of,O
75,secondary,O
75,infections,CAUSE_OF_DEATH
75,from,O
75,those,O
75,initially,O
75,in,O
75,‐,O
75,fected,O
75,was,O
75,recorded,O
75,and,O
75,used,O
75,to,O
75,directly,O
75,estimate,O
75,R0,O
75,.,O
75,For,O
75,the,O
75,agent,O
75,‐,O
75,based,O
75,model,TITLE
75,.,O
75,the,O
75,value,O
75,of,O
75,R0,O
75,depends,O
75,on,O
75,the,O
75,distribution,O
75,of,O
75,infected,O
75,agents,O
75,due,O
75,to,O
75,stratification,O
75,by,O
75,age,O
75,and,O
75,household,O
75,.,O
75,We,O
75,numerically,O
75,estimate,O
75,R0,O
75,by,O
75,averaging,O
75,over,O
75,the,O
75,number,O
75,of,O
75,secondary,O
75,infections,CAUSE_OF_DEATH
75,caused,O
75,by,O
75,each,O
75,agent,O
75,who,O
75,was,O
75,infected,O
75,in,O
75,the,O
75,first,ORDINAL
75,15,NUMBER
75,days,DURATION
75,of,O
75,the,O
75,simulation,O
75,(,O
75,at,O
75,which,O
75,point,O
75,the,O
75,population,O
75,is,O
75,still,O
75,more,O
75,than,O
75,99.99,PERCENT
75,%,PERCENT
75,susceptible,O
75,),O
75,.,O
75,Estimations,O
75,of,O
75,R,O
75,proceeded,O
75,exact,O
75,‐,O
75,ly,O
75,as,O
75,estimations,O
75,of,O
75,R0,O
75,for,O
75,both,O
75,models,O
75,.,O
75,except,O
75,with,O
75,interven,O
75,‐,O
75,tions,O
75,applied,O
75,to,O
75,the,O
75,the,O
75,viral,O
75,loads,O
75,and,O
75,therefore,O
75,the,O
75,dynamics,O
75,.,O
75,Supplemental,O
75,Text,O
75,Adjustments,O
75,for,O
75,false,O
75,negatives,O
75,and,O
75,test,O
75,re,O
75,‐,O
75,fusal,O
75,When,O
75,an,O
75,infected,O
75,individual,O
75,is,O
75,not,O
75,diagnosed,O
75,.,O
75,due,O
75,either,O
75,refusal,O
75,to,O
75,participate,O
75,in,O
75,testing,O
75,or,O
75,due,O
75,to,O
75,a,O
75,false,O
75,negative,O
75,re,O
75,‐,O
75,sult,O
75,unrelated,O
75,to,O
75,limit,O
75,of,O
75,detectionfor,O
75,instance,O
75,due,O
75,to,O
75,an,O
75,im,O
75,‐,O
75,properly,O
75,collected,O
75,samplethe,O
75,impact,O
75,on,O
75,a,O
75,surveillance,O
75,strategys,O
75,effectiveness,O
75,can,O
75,be,O
75,estimated,O
75,as,O
75,follows,O
75,.,O
75,Let,O
75,se,O
75,be,O
75,the,O
75,test,O
75,sensitivity,O
75,.,O
75,in,O
75,the,O
75,particular,O
75,sense,O
75,of,O
75,the,O
75,probability,O
75,of,O
75,cor,O
75,‐,O
75,rectly,O
75,diagnosing,O
75,an,O
75,individual,O
75,as,O
75,positive,O
75,when,O
75,that,O
75,persons,O
75,vi,O
75,‐,O
75,ral,O
75,load,O
75,should,O
75,.,O
75,in,O
75,principle,O
75,.,O
75,have,O
75,provided,O
75,a,O
75,sufficiently,O
75,Let,O
75,f0,O
75,be,O
75,the,O
75,total,O
75,infectiousness,O
75,removed,O
75,with,O
75,no,O
75,testing,O
75,policy,O
75,.,O
75,i.e.,O
75,due,O
75,to,O
75,symptom,O
75,‐,O
75,driven,O
75,self,O
75,isolation,O
75,.,O
75,Let,O
75,ftest,O
75,be,O
75,the,O
75,frac,O
75,‐,O
75,tion,O
75,of,O
75,total,O
75,infectiousness,O
75,removed,O
75,with,O
75,a,O
75,chosen,O
75,testing,O
75,poli,O
75,‐,O
75,cy,O
75,.,O
75,inclusive,O
75,of,O
75,symptom,O
75,‐,O
75,driven,O
75,self,O
75,isolation,O
75,.,O
75,assuming,O
75,that,O
75,se,O
75,=,O
75,1,NUMBER
75,and,O
75,r,O
75,=,O
75,0,NUMBER
75,.,O
75,Note,O
75,that,O
75,f0,O
75,and,O
75,ftest,O
75,are,O
75,the,O
75,heights,O
75,of,O
75,bars,O
75,in,O
75,Figs.,O
75,1C,O
75,and,O
75,3C,O
75,.,O
75,with,O
75,f0,O
75,corresponding,O
75,to,O
75,the,O
75,no,O
75,test,O
75,height,O
75,and,O
75,ftest,O
75,corresponding,O
75,to,O
75,a,O
75,testing,O
75,program,O
75,.,O
75,Under,O
75,these,O
75,assump,O
75,‐,O
75,tions,O
75,.,O
75,when,O
75,se,O
75,=,O
75,1,NUMBER
75,and,O
75,r,O
75,=,O
75,0,NUMBER
75,.,O
75,Both,O
75,f0,O
75,and,O
75,ftest,O
75,can,O
75,be,O
75,estimated,O
75,rapidly,O
75,via,O
75,Monte,LOCATION
75,Carlo,LOCATION
75,to,O
75,make,O
75,this,O
75,approximation,O
75,by,O
75,drawing,O
75,trajectories,O
75,and,O
75,applying,O
75,a,O
75,surveillance,O
75,policy,O
75,to,O
75,them1,NUMBER
75,.,O
75,In,O
75,this,O
75,context,O
75,.,O
75,adjusting,O
75,for,O
75,false,O
75,negatives,O
75,and,O
75,test,O
75,refusal,O
75,is,O
75,straightforward,O
75,.,O
75,When,O
75,se,O
75,<,O
75,1,NUMBER
75,and,O
75,/,O
75,or,O
75,when,O
75,r,O
75,>,O
75,0,NUMBER
75,.,O
75,this,O
75,approxima,O
75,‐,O
75,tion,O
75,can,O
75,be,O
75,modified,O
75,.,O
75,The,O
75,probability,O
75,that,O
75,an,O
75,individual,O
75,is,O
75,a,O
75,non,O
75,‐,O
75,refuser,O
75,and,O
75,the,O
75,test,O
75,does,O
75,not,O
75,fail,O
75,is,O
75,se,O
75,(,O
75,1r,O
75,),O
75,.,O
75,Under,O
75,the,O
75,as,O
75,‐,O
75,sumption,O
75,of,O
75,statistical,O
75,independence,O
75,between,O
75,refusal,O
75,status,O
75,.,O
75,vi,O
75,‐,O
75,ral,O
75,load,O
75,.,O
75,and,O
75,se,O
75,.,O
75,the,O
75,approximation,O
75,becomes,O
75,+,O
75,1,NUMBER
75,se,O
75,(,O
75,1,NUMBER
75,r,O
75,),O
75,R0,O
75,.,O
75,R,O
75,se,O
75,(,O
75,1,NUMBER
75,r,O
75,),O
75,which,O
75,simply,O
75,expresses,O
75,a,O
75,weighted,O
75,combination,O
75,of,O
75,removed,O
75,infectiousness,O
75,between,O
75,a,O
75,successfully,O
75,executed,O
75,test,O
75,and,O
75,no,O
75,test,O
75,.,O
75,Intuitively,O
75,.,O
75,note,O
75,that,O
75,if,O
75,one,NUMBER
75,plugs,O
75,in,O
75,r,O
75,=,O
75,1,NUMBER
75,(,O
75,complete,O
75,refusal,O
75,),O
75,or,O
75,completely,O
75,failing,O
75,sensitivity,O
75,se,O
75,=,O
75,0,NUMBER
75,.,O
75,then,O
75,R,O
75,R0,O
75,.,O
75,as,O
75,expect,O
75,‐,O
75,ed,O
75,.,O
75,includes,O
75,this,O
75,estimate,O
75,.,O
