14,REVIEW,O
14,ARTICLE,O
14,COVID,O
14,‐,O
14,19,NUMBER
14,.,O
14,An,O
14,update,O
14,for,O
14,orthopedic,O
14,surgeons,O
14,Moham,O
14,‐,O
14,mad,O
14,Kamal,PERSON
14,Abdelnasser1,PERSON
14,.,O
14,Mohamed,PERSON
14,Morsy1,PERSON
14,.,O
14,Ahmed,PERSON
14,E.,PERSON
14,Osman1,PERSON
14,.,O
14,Ayman,PERSON
14,F.,PERSON
14,AbdelKawi1,O
14,.,O
14,Mahmoud,PERSON
14,Fouad,PERSON
14,Ibrahim1,PERSON
14,.,O
14,Amr,PERSON
14,Eisa1,PERSON
14,.,O
14,Amr,PERSON
14,A.,PERSON
14,Fadle1,PERSON
14,.,O
14,Amr,PERSON
14,Hatem1,O
14,.,O
14,Mohammed,PERSON
14,Anter,PERSON
14,Abdelhameed1,PERSON
14,.,O
14,*,O
14,.,O
14,Ahmed,PERSON
14,Abdelazim,PERSON
14,A.,O
14,Has,O
14,‐,O
14,san1,O
14,.,O
14,and,O
14,Ahmed,PERSON
14,Shawky,PERSON
14,Abdelgawaad1,O
14,.2,O
14,Spine,O
14,center,O
14,.,O
14,Helios,PERSON
14,Klinikum,LOCATION
14,Erfurt,CITY
14,.,O
14,Nordhaeuser,PERSON
14,street,O
14,74,NUMBER
14,.,O
14,88089,NUMBER
14,Erfurt,CITY
14,.,O
14,Germany,COUNTRY
14,Ab,O
14,‐,O
14,stract,O
14,The,O
14,COVID,O
14,‐,O
14,19,NUMBER
14,pandemic,O
14,has,O
14,affected,O
14,our,O
14,world,O
14,in,O
14,a,O
14,short,O
14,period,O
14,of,O
14,time,O
14,.,O
14,and,O
14,the,O
14,orthopedic,O
14,surgery,CAUSE_OF_DEATH
14,practice,O
14,was,O
14,not,O
14,an,O
14,exclusion,O
14,.,O
14,Elective,O
14,care,O
14,was,O
14,deferred,O
14,in,O
14,most,O
14,health,O
14,care,O
14,facili,O
14,‐,O
14,ties,O
14,and,O
14,emergency,O
14,care,O
14,was,O
14,continued,O
14,with,O
14,strict,O
14,precautions,O
14,.,O
14,With,O
14,rapid,O
14,progression,O
14,of,O
14,the,O
14,pandemic,O
14,.,O
14,the,O
14,response,O
14,of,O
14,the,O
14,medi,O
14,‐,O
14,cal,O
14,community,O
14,is,O
14,also,O
14,rapidly,O
14,changing,O
14,in,O
14,all,O
14,aspects,O
14,of,O
14,deliver,O
14,‐,O
14,ing,O
14,care,O
14,.,O
14,This,O
14,led,O
14,to,O
14,a,O
14,large,O
14,number,O
14,of,O
14,publications,O
14,with,O
14,re,O
14,‐,O
14,ports,O
14,.,O
14,guidelines,O
14,.,O
14,performed,O
14,with,O
14,all,O
14,related,O
14,terms,O
14,on,O
14,two,NUMBER
14,scien,O
14,‐,O
14,tic,O
14,search,O
14,engines,O
14,.,O
14,PubMed,O
14,and,O
14,SCOPUS,ORGANIZATION
14,.,O
14,and,O
14,the,O
14,results,O
14,were,O
14,ltered,O
14,5,NUMBER
14,main,O
14,headings,O
14,;,O
14,the,O
14,impact,O
14,of,O
14,pandemic,O
14,on,O
14,the,O
14,orthopedic,O
14,practice,O
14,.,O
14,COVID,O
14,‐,O
14,19,NUMBER
14,and,O
14,the,O
14,trauma,O
14,patient,O
14,.,O
14,elective,O
14,and,O
14,emergency,O
14,surgeries,O
14,during,O
14,the,O
14,pandemic,O
14,.,O
14,peri,O
14,‐,O
14,operative,O
14,management,O
14,of,O
14,the,O
14,patient,O
14,with,O
14,COVID,O
14,‐,O
14,19,NUMBER
14,.,O
14,Miscellaneous,O
14,Key,O
14,words,O
14,:,O
14,COVID,O
14,‐,O
14,19,NUMBER
14,.,O
14,Or,O
14,‐,O
14,thopaedics,O
14,.,O
14,COVID,O
14,‐,O
14,19,NUMBER
14,or,O
14,SARS,O
14,‐,O
14,CoV,O
14,‐,O
14,2,NUMBER
14,was,O
14,rst,O
14,identied,O
14,as,O
14,a,O
14,poten,O
14,‐,O
14,tial,O
14,infectious,O
14,threat,O
14,in,O
14,China,COUNTRY
14,in,O
14,December,DATE
14,2019,DATE
14,.,O
14,[,O
14,13,NUMBER
14,],O
14,and,O
14,de,O
14,‐,O
14,clared,O
14,as,O
14,a,O
14,pandemic,O
14,by,O
14,the,O
14,World,ORGANIZATION
14,Health,ORGANIZATION
14,Organization,ORGANIZATION
14,on,O
14,March,DATE
14,11,NUMBER
14,.,O
14,2020,DATE
14,[,O
14,4,NUMBER
14,],O
14,.,O
14,With,O
14,the,O
14,massive,O
14,burden,O
14,on,O
14,health,O
14,systems,O
14,around,O
14,the,O
14,world,O
14,.,O
14,COVID,O
14,‐,O
14,19,NUMBER
14,has,O
14,heavily,O
14,impacted,O
14,all,O
14,aspects,O
14,of,O
14,the,O
14,medi,O
14,‐,O
14,cal,O
14,practice,O
14,including,O
14,specialities,O
14,that,O
14,are,O
14,not,O
14,directly,O
14,related,O
14,to,O
14,its,O
14,clinical,O
14,effects,O
14,such,O
14,as,O
14,orthopedic,O
14,surgery,CAUSE_OF_DEATH
14,.,O
14,Elective,O
14,surgical,O
14,procedures,O
14,have,O
14,been,O
14,postponed,O
14,in,O
14,order,O
14,to,O
14,reduce,O
14,the,O
14,burden,O
14,on,O
14,health,O
14,systems,O
14,and,O
14,allow,O
14,for,O
14,more,O
14,availability,O
14,of,O
14,hos,O
14,‐,O
14,pital,O
14,beds,O
14,for,O
14,the,O
14,more,O
14,needy,O
14,.,O
14,Management,O
14,of,O
14,emergent,O
14,and,O
14,urgent,O
14,surgical,O
14,cases,O
14,has,O
14,also,O
14,been,O
14,affected,O
14,[,O
14,5,NUMBER
14,],O
14,.,O
14,A,O
14,continuous,O
14,need,O
14,is,O
14,present,DATE
14,to,O
14,address,O
14,the,O
14,daily,SET
14,new,O
14,information,O
14,and,O
14,to,O
14,employ,O
14,them,O
14,in,O
14,our,O
14,orthopedic,O
14,practices,O
14,.,O
14,Moreover,O
14,.,O
14,with,O
14,more,O
14,countries,O
14,reach,O
14,‐,O
14,ing,O
14,their,O
14,peak,O
14,and,O
14,plateau,O
14,phase,O
14,.,O
14,healthcare,O
14,facilities,O
14,are,O
14,get,O
14,‐,O
14,ting,O
14,ready,O
14,to,O
14,reopen,O
14,and,O
14,resume,O
14,medical,O
14,care,O
14,.,O
14,This,O
14,will,O
14,require,O
14,a,O
14,solid,O
14,understanding,O
14,of,O
14,the,O
14,precautions,O
14,required,O
14,for,O
14,this,O
14,resump,O
14,‐,O
14,tion,O
14,during,O
14,such,O
14,a,O
14,critical,O
14,phase,O
14,.,O
14,which,O
14,may,O
14,extend,O
14,for,O
14,a,O
14,few,O
14,months,DURATION
14,ahead,O
14,.,O
14,not,O
14,to,O
14,mention,O
14,some,O
14,speculations,O
14,of,O
14,a,DURATION
14,second,DURATION
14,wave,O
14,of,O
14,COVID,O
14,‐,O
14,19,NUMBER
14,guidelines,O
14,relevant,O
14,to,O
14,the,O
14,orthopedic,O
14,community,O
14,available,O
14,in,O
14,the,O
14,literature,O
14,to,O
14,help,O
14,us,O
14,plan,O
14,for,O
14,the,O
14,current,DATE
14,phase,O
14,and,O
14,those,O
14,yet,O
14,to,O
14,come,O
14,.,O
14,To,O
14,provide,O
14,the,O
14,most,O
14,relevant,O
14,and,O
14,up,O
14,to,O
14,date,O
14,information,O
14,for,O
14,the,O
14,orthopedic,O
14,community,O
14,.,O
14,a,O
14,systematic,O
14,ap,O
14,‐,O
14,proach,O
14,was,O
14,used,O
14,to,O
14,gather,O
14,information,O
14,.,O
14,A,O
14,literature,O
14,search,O
14,was,O
14,conducted,O
14,on,O
14,May,DATE
14,22nd,DATE
14,on,O
14,Medline,ORGANIZATION
14,and,O
14,SCOPUS,ORGANIZATION
14,with,O
14,the,O
14,terms,O
14,COVID,O
14,‐,O
14,19,NUMBER
14,.,O
14,COVID,O
14,19,NUMBER
14,.,O
14,COVID,O
14,.,O
14,Corona,PERSON
14,virus,O
14,or,O
14,Corona,PERSON
14,.,O
14,together,O
14,and,O
14,Meta,O
14,‐,O
14,Analyses,O
14,(,O
14,PRISMA,ORGANIZATION
14,),O
14,method,O
14,and,O
14,owchart,O
14,were,O
14,after,O
14,omitting,O
14,du,O
14,‐,O
14,plicates,O
14,.,O
14,Screening,O
14,by,O
14,title,O
14,and,O
14,abstract,O
14,further,O
14,which,O
14,permits,O
14,unrestricted,O
14,use,O
14,.,O
14,distribution,O
14,.,O
14,and,O
14,reproduction,O
14,in,O
14,any,O
14,medium,O
14,.,O
14,provided,O
14,the,O
14,original,O
14,work,O
14,is,O
14,properly,O
14,cited,O
14,.,O
14,M.K.,PERSON
14,Abdelnasser,PERSON
14,et,O
14,al.,O
14,:,O
14,SICOT,O
14,‐,O
14,J,O
14,2020,DATE
14,.,O
14,6,NUMBER
14,.,O
14,24,NUMBER
14,reduced,O
14,the,O
14,number,O
14,to,O
14,262,NUMBER
14,after,O
14,ex,O
14,‐,O
14,clusion,O
14,of,O
14,non,O
14,‐,O
14,English,NATIONALITY
14,information,O
14,.,O
14,Relevant,O
14,information,O
14,was,O
14,di,O
14,‐,O
14,gested,O
14,and,O
14,organized,O
14,under,O
14,5,NUMBER
14,main,O
14,headings,O
14,;,O
14,the,O
14,impact,O
14,of,O
14,COVID,O
14,‐,O
14,19,NUMBER
14,pandemic,O
14,on,O
14,the,O
14,orthopedic,O
14,practice,O
14,.,O
14,COVID,O
14,‐,O
14,19,NUMBER
14,and,O
14,the,O
14,trauma,O
14,patient,O
14,.,O
14,elective,O
14,and,O
14,emergency,O
14,surgeries,O
14,during,O
14,the,O
14,pan,O
14,‐,O
14,demic,O
14,.,O
14,perioperative,O
14,management,O
14,of,O
14,the,O
14,patient,O
14,with,O
14,COVID,O
14,‐,O
14,19,NUMBER
14,.,O
14,Miscellaneous,O
14,effects,O
14,of,O
14,the,O
14,pandemic,O
14,such,O
14,as,O
14,those,O
14,on,O
14,training,O
14,programs,O
14,and,O
14,the,O
14,evolution,O
14,of,O
14,telemedicine,O
14,.,O
14,The,O
14,impact,O
14,of,O
14,COVID,O
14,‐,O
14,19,NUMBER
14,pandemic,O
14,Lack,O
14,of,O
14,sufcient,O
14,evidence,O
14,and,O
14,the,O
14,highly,O
14,conta,O
14,‐,O
14,gious,O
14,nature,O
14,of,O
14,COVID,O
14,‐,O
14,19,NUMBER
14,led,O
14,to,O
14,drastic,O
14,measures,O
14,implemented,O
14,by,O
14,many,O
14,countries,O
14,varying,O
14,from,O
14,social,O
14,distancing,O
14,to,O
14,total,O
14,lockdown,O
14,.,O
14,which,O
14,had,O
14,tremendous,O
14,global,O
14,economic,O
14,and,O
14,social,O
14,effects,O
14,[,O
14,7,NUMBER
14,.,O
14,8,NUMBER
14,],O
14,.,O
14,The,O
14,COVID,O
14,‐,O
14,19,NUMBER
14,pandemic,O
14,represents,O
14,an,O
14,unprecedented,O
14,challenge,O
14,to,O
14,healthcare,O
14,systems,O
14,mainly,O
14,due,O
14,to,O
14,the,O
14,exponential,O
14,expansion,O
14,of,O
14,the,O
14,patient,O
14,population,O
14,in,O
14,need,O
14,of,O
14,hospitalization,O
14,surpassing,O
14,avail,O
14,‐,O
14,able,O
14,resources,O
14,[,O
14,914,NUMBER
14,],O
14,.,O
14,With,O
14,the,O
14,risks,O
14,posed,O
14,by,O
14,shortage,O
14,of,O
14,Person,O
14,‐,O
14,al,O
14,Protective,O
14,Equipment,O
14,(,O
14,PPE,O
14,),O
14,[,O
14,1315,DATE
14,],O
14,non,O
14,‐,O
14,traditional,O
14,solutions,O
14,were,O
14,developed,O
14,such,O
14,as,O
14,3D,O
14,printed,O
14,face,O
14,shields,O
14,.,O
14,reusable,O
14,gowns,O
14,.,O
14,and,O
14,protocols,O
14,for,O
14,the,O
14,re,O
14,‐,O
14,use,O
14,of,O
14,PPE,O
14,[,O
14,18,NUMBER
14,],O
14,.,O
14,Moreover,O
14,.,O
14,the,O
14,sudden,O
14,overload,O
14,of,O
14,healthcare,O
14,systems,O
14,mandated,O
14,institution,O
14,of,O
14,new,O
14,hospi,O
14,‐,O
14,tals,O
14,as,O
14,well,O
14,as,O
14,changing,O
14,the,O
14,bed,O
14,capacity,O
14,to,O
14,increase,O
14,respiratory,O
14,care,O
14,beds,O
14,;,O
14,this,O
14,was,O
14,coupled,O
14,with,O
14,initial,O
14,reduction,O
14,and,O
14,later,O
14,can,O
14,‐,O
14,celation,O
14,of,O
14,all,O
14,elective,O
14,procedures,O
14,in,O
14,order,O
14,to,O
14,save,O
14,the,O
14,avail,O
14,‐,O
14,able,O
14,resources,O
14,and,O
14,limit,O
14,spread,O
14,of,O
14,the,O
14,virus,O
14,[,O
14,1927,DATE
14,],O
14,.,O
14,In,O
14,the,O
14,midst,O
14,of,O
14,this,O
14,crisis,O
14,.,O
14,the,O
14,orthopedic,O
14,surgeon,TITLE
14,was,O
14,surely,O
14,affected,O
14,:,O
14,from,O
14,de,O
14,‐,O
14,specialization,O
14,and,O
14,serving,O
14,on,O
14,the,O
14,frontline,O
14,.,O
14,to,O
14,upgrades,O
14,from,O
14,fellow,O
14,to,O
14,faculty,O
14,and,O
14,reassignment,O
14,of,O
14,residents,O
14,to,O
14,clinical,O
14,care,O
14,rotations,O
14,[,O
14,1828,DATE
14,],O
14,.,O
14,Managing,O
14,COVID,O
14,‐,O
14,19,NUMBER
14,patients,O
14,with,O
14,surgical,O
14,emer,O
14,‐,O
14,gencies,O
14,and,O
14,trauma,O
14,with,O
14,the,O
14,risk,O
14,of,O
14,self,O
14,‐,O
14,infection,CAUSE_OF_DEATH
14,have,O
14,led,O
14,to,O
14,a,O
14,higher,O
14,degree,O
14,of,O
14,anxiety,O
14,M.K.,PERSON
14,Abdelnasser,PERSON
14,et,O
14,al.,O
14,:,O
14,SICOT,O
14,‐,O
14,J,O
14,2020,DATE
14,.,O
14,6,NUMBER
14,.,O
14,24,NUMBER
14,to,O
14,provide,O
14,meetings,O
14,for,O
14,faculty,O
14,.,O
14,quick,O
14,and,O
14,wide,O
14,spread,O
14,of,O
14,knowledge,O
14,.,O
14,and,O
14,outreach,O
14,to,O
14,patients,O
14,through,O
14,telehealth,O
14,systems,O
14,COVID,O
14,‐,O
14,19,NUMBER
14,and,O
14,the,O
14,trauma,O
14,patient,O
14,So,O
14,far,O
14,.,O
14,very,O
14,few,O
14,studies,O
14,reported,O
14,the,O
14,association,O
14,between,O
14,COVID,O
14,‐,O
14,19,NUMBER
14,and,O
14,trauma,O
14,patients,O
14,[,O
14,3335,NUMBER
14,],O
14,.,O
14,Giv,O
14,‐,O
14,en,O
14,the,O
14,fact,O
14,that,O
14,patients,O
14,with,O
14,fractures,O
14,especially,O
14,of,O
14,the,O
14,lower,O
14,extremity,O
14,and,O
14,those,O
14,with,O
14,limited,O
14,ambulatory,O
14,capacity,O
14,are,O
14,more,O
14,susceptible,O
14,to,O
14,respiratory,CAUSE_OF_DEATH
14,infection,CAUSE_OF_DEATH
14,[,O
14,36,NUMBER
14,],O
14,.,O
14,the,O
14,association,O
14,be,O
14,‐,O
14,tween,O
14,COVID,O
14,‐,O
14,19,NUMBER
14,and,O
14,trauma,O
14,patients,O
14,is,O
14,not,O
14,unlikely,O
14,.,O
14,Mi,O
14,et,O
14,al,O
14,.,O
14,reported,O
14,on,O
14,10,NUMBER
14,trauma,O
14,patients,O
14,with,O
14,COVID,O
14,‐,O
14,19,NUMBER
14,.,O
14,seven,NUMBER
14,of,O
14,them,O
14,(,O
14,70,PERCENT
14,%,PERCENT
14,),O
14,had,O
14,a,O
14,nosocomial,O
14,infection,CAUSE_OF_DEATH
14,after,O
14,admission,O
14,to,O
14,the,O
14,hospital,O
14,be,O
14,‐,O
14,cause,O
14,of,O
14,their,O
14,fracture,O
14,[,O
14,34,NUMBER
14,],O
14,.,O
14,Although,O
14,SARS,O
14,‐,O
14,CoV,O
14,‐,O
14,2,NUMBER
14,was,O
14,positive,O
14,in,O
14,only,O
14,6,NUMBER
14,patients,O
14,.,O
14,the,O
14,characteristic,O
14,CT,STATE_OR_PROVINCE
14,ground,O
14,‐,O
14,glass,O
14,opacities,O
14,were,O
14,evident,O
14,in,O
14,all,O
14,patients,O
14,.,O
14,Clinical,O
14,symptoms,O
14,were,O
14,not,O
14,differ,O
14,‐,O
14,ent,O
14,from,O
14,those,O
14,present,DATE
14,in,O
14,patients,O
14,without,O
14,factures,O
14,.,O
14,Lymphopenia,PERSON
14,was,O
14,more,O
14,common,O
14,in,O
14,patients,O
14,with,O
14,fractures,O
14,.,O
14,Moreover,O
14,.,O
14,D,O
14,‐,O
14,Dimer,O
14,and,O
14,the,O
14,median,O
14,neutrophilic,O
14,count,TITLE
14,were,O
14,higher,O
14,than,O
14,the,O
14,upper,O
14,normal,O
14,limits,O
14,of,O
14,the,O
14,corresponding,O
14,indicators,O
14,.,O
14,These,O
14,might,O
14,be,O
14,special,O
14,laboratory,O
14,indicators,O
14,of,O
14,fractures,O
14,in,O
14,patients,O
14,with,O
14,COVID,O
14,‐,O
14,19,NUMBER
14,.,O
14,Four,NUMBER
14,patients,O
14,(,O
14,40,PERCENT
14,%,PERCENT
14,),O
14,died,O
14,and,O
14,three,NUMBER
14,others,O
14,(,O
14,30,PERCENT
14,%,PERCENT
14,),O
14,developed,O
14,between,O
14,COVID,O
14,‐,O
14,19,NUMBER
14,pneumonia,CAUSE_OF_DEATH
14,and,O
14,fractures,O
14,can,O
14,lead,O
14,to,O
14,severe,O
14,adverse,O
14,out,O
14,‐,O
14,comes,O
14,and,O
14,increased,O
14,mortality,O
14,[,O
14,34,NUMBER
14,],O
14,.,O
14,Catellani,O
14,et,O
14,al.,O
14,reported,O
14,on,O
14,16,NUMBER
14,patients,O
14,of,O
14,proximal,O
14,femoral,O
14,fractures,O
14,positive,O
14,for,O
14,COVID,O
14,‐,O
14,19,NUMBER
14,[,O
14,35,NUMBER
14,],O
14,.,O
14,All,O
14,patients,O
14,presented,O
14,with,O
14,fever,CAUSE_OF_DEATH
14,and,O
14,oxygen,O
14,desaturation,O
14,on,O
14,ambient,O
14,air,O
14,;,O
14,14,NUMBER
14,of,O
14,them,O
14,required,O
14,respiratory,O
14,support,O
14,.,O
14,Improved,O
14,respiratory,O
14,parameters,O
14,were,O
14,evident,O
14,in,O
14,12,NUMBER
14,out,O
14,of,O
14,13,NUMBER
14,patients,O
14,who,O
14,underwent,O
14,early,DATE
14,may,DATE
14,contribute,O
14,to,O
14,the,O
14,overall,O
14,patient,O
14,stability,O
14,.,O
14,improvement,O
14,in,O
14,physiological,O
14,ventilation,O
14,.,O
14,seated,O
14,mobilization,O
14,.,O
14,and,O
14,general,TITLE
14,patient,O
14,comfort,O
14,in,O
14,bed,O
14,[,O
14,35,NUMBER
14,],O
14,.,O
14,Nevertheless,O
14,.,O
14,the,O
14,asso,O
14,‐,O
14,ciation,O
14,between,O
14,COVID,O
14,‐,O
14,19,NUMBER
14,characteristic,O
14,CT,STATE_OR_PROVINCE
14,picture,O
14,and,O
14,trauma,O
14,pa,O
14,‐,O
14,tients,O
14,has,O
14,also,O
14,been,O
14,reported,O
14,in,O
14,absence,O
14,of,O
14,symptoms,O
14,related,O
14,to,O
14,COVID,O
14,‐,O
14,19,NUMBER
14,pneumonia,CAUSE_OF_DEATH
14,[,O
14,33,NUMBER
14,],O
14,.,O
14,Emergent,O
14,.,O
14,urgent,O
14,.,O
14,and,O
14,elective,O
14,proce,O
14,‐,O
14,dures,O
14,The,O
14,necessity,O
14,to,O
14,choose,O
14,which,O
14,operations,O
14,to,O
14,proceed,O
14,with,O
14,and,O
14,which,O
14,can,O
14,wait,O
14,is,O
14,a,O
14,challenging,O
14,and,O
14,sometimes,O
14,difcult,O
14,deci,O
14,‐,O
14,sion,O
14,during,O
14,the,O
14,pandemic,O
14,crisis,O
14,.,O
14,In,O
14,the,O
14,light,O
14,of,O
14,the,O
14,available,O
14,questions,O
14,to,O
14,our,O
14,practice,O
14,.,O
14,A,O
14,.,O
14,What,O
14,is,O
14,the,O
14,definition,O
14,of,O
14,an,O
14,elec,O
14,‐,O
14,tive,O
14,procedure,O
14,?,O
14,In,O
14,the,O
14,time,O
14,of,O
14,the,O
14,pandemic,O
14,.,O
14,it,O
14,is,O
14,important,O
14,to,O
14,identify,O
14,elective,O
14,procedures,O
14,or,O
14,in,O
14,other,O
14,terms,O
14,.,O
14,the,O
14,ones,O
14,that,O
14,could,O
14,be,O
14,delayed,O
14,.,O
14,Although,O
14,this,DATE
14,may,DATE
14,sound,O
14,simple,O
14,.,O
14,the,O
14,pandemic,O
14,itself,O
14,has,O
14,made,O
14,such,O
14,a,O
14,sharp,O
14,distinction,O
14,impossible,O
14,.,O
14,creating,O
14,a,O
14,large,O
14,gray,O
14,zone,O
14,.,O
14,This,O
14,question,O
14,is,O
14,particularly,O
14,relevant,O
14,to,O
14,the,O
14,orthopedic,O
14,practice,O
14,as,O
14,47,PERCENT
14,%,PERCENT
14,of,O
14,the,O
14,expenditure,O
14,is,O
14,from,O
14,elective,O
14,surgeries,O
14,[,O
14,37,NUMBER
14,],O
14,.,O
14,With,O
14,no,O
14,consensus,O
14,reached,O
14,in,O
14,the,O
14,orthopedic,O
14,com,O
14,‐,O
14,munity,O
14,.,O
14,to,O
14,each,O
14,facility,O
14,according,O
14,to,O
14,its,O
14,resources,O
14,and,O
14,to,O
14,each,O
14,patient,O
14,according,O
14,to,O
14,the,O
14,condition,O
14,[,O
14,3739,DATE
14,],O
14,.,O
14,The,O
14,Ohio,STATE_OR_PROVINCE
14,Hospital,O
14,As,O
14,‐,O
14,sociation,O
14,(,O
14,OHA,ORGANIZATION
14,),O
14,dened,O
14,elective,O
14,surgeries,O
14,as,O
14,those,O
14,not,O
14,meeting,O
14,the,O
14,following,O
14,criteria,O
14,threat,O
14,to,O
14,the,O
14,patients,O
14,life,O
14,if,O
14,surgery,CAUSE_OF_DEATH
14,or,O
14,pro,O
14,‐,O
14,cedure,O
14,is,O
14,not,O
14,performed,O
14,.,O
14,threat,O
14,of,O
14,permanent,O
14,dysfunction,O
14,of,O
14,an,O
14,extremity,O
14,or,O
14,an,O
14,organ,O
14,system,O
14,.,O
14,risk,O
14,of,O
14,metastasis,CAUSE_OF_DEATH
14,or,O
14,progression,O
14,of,O
14,staging,O
14,.,O
14,or,O
14,risk,O
14,of,O
14,rapidly,O
14,diseases,CAUSE_OF_DEATH
14,(,O
14,low,O
14,or,O
14,moderate,O
14,risk,O
14,of,O
14,clinical,O
14,deterioration,O
14,),O
14,can,O
14,short,O
14,‐,O
14,term,O
14,clinical,O
14,deterioration,O
14,),O
14,should,O
14,be,O
14,considered,O
14,for,O
14,surgery,CAUSE_OF_DEATH
14,with,O
14,precautions,O
14,[,O
14,40,NUMBER
14,],O
14,.,O
14,The,O
14,COVID,O
14,‐,O
14,19,NUMBER
14,status,O
14,of,O
14,the,O
14,patient,O
14,whether,O
14,positive,O
14,.,O
14,negative,O
14,.,O
14,or,O
14,not,O
14,tested,O
14,is,O
14,another,O
14,important,O
14,factor,O
14,that,O
14,affects,O
14,the,O
14,time,O
14,of,O
14,sur,O
14,‐,O
14,gical,O
14,intervention,O
14,[,O
14,40,NUMBER
14,],O
14,.,O
14,B,O
14,.,O
14,Why,O
14,postpone,O
14,elective,O
14,procedures,O
14,?,O
14,Reducing,O
14,surgeries,O
14,saves,O
14,resources,O
14,including,O
14,hospital,O
14,beds,O
14,.,O
14,PPEs,O
14,.,O
14,as,O
14,well,O
14,as,O
14,protecting,O
14,the,O
14,surgical,O
14,staff,O
14,[,O
14,5,NUMBER
14,],O
14,.,O
14,This,O
14,can,O
14,also,O
14,di,O
14,‐,O
14,minish,O
14,the,O
14,risk,O
14,of,O
14,perioperative,O
14,complications,CAUSE_OF_DEATH
14,and,O
14,mortality,O
14,.,O
14,[,O
14,40,NUMBER
14,.,O
14,41,NUMBER
14,],O
14,reduce,O
14,unnecessary,O
14,patient,O
14,trafc,O
14,and,O
14,decrease,O
14,the,O
14,intro,O
14,‐,O
14,duction,O
14,and,O
14,spread,O
14,of,O
14,disease,CAUSE_OF_DEATH
14,among,O
14,patients,O
14,and,O
14,health,O
14,care,O
14,providers,O
14,[,O
14,5,NUMBER
14,],O
14,.,O
14,C,O
14,.,O
14,What,O
14,should,O
14,be,O
14,offered,O
14,to,O
14,patients,O
14,as,O
14,an,O
14,al,O
14,‐,O
14,ternative,O
14,to,O
14,surgical,O
14,intervention,O
14,?,O
14,Delays,O
14,of,O
14,operative,O
14,inter,O
14,‐,O
14,vention,O
14,in,O
14,elective,O
14,cases,O
14,although,O
14,temporary,O
14,.,O
14,might,O
14,extend,O
14,for,O
14,months,DURATION
14,as,O
14,a,O
14,best,O
14,estimate,O
14,.,O
14,Patients,O
14,should,O
14,be,O
14,offered,O
14,sound,O
14,al,O
14,‐,O
14,ternatives,O
14,to,O
14,assist,O
14,them,O
14,bear,O
14,the,O
14,anticipated,O
14,waiting,O
14,times,O
14,.,O
14,this,O
14,could,O
14,be,O
14,in,O
14,the,O
14,form,O
14,of,O
14,optimized,O
14,medical,O
14,treatment,O
14,.,O
14,indi,O
14,‐,O
14,vidualized,O
14,non,O
14,‐,O
14,surgical,O
14,options,O
14,through,O
14,psychological,O
14,support,O
14,.,O
14,and,O
14,in,O
14,pediatric,O
14,patients,O
14,engaging,O
14,families,O
14,and,O
14,stressing,O
14,on,O
14,safety,O
14,measures,O
14,[,O
14,4042,NUMBER
14,],O
14,.,O
14,D.,O
14,Are,O
14,there,O
14,any,O
14,recommendations,O
14,on,O
14,cat,O
14,‐,O
14,egorizing,O
14,and,O
14,managing,O
14,orthopedic,O
14,conditions,O
14,?,O
14,according,O
14,to,O
14,ur,O
14,‐,O
14,gency,O
14,.,O
14,[,O
14,37,NUMBER
14,.,O
14,38,NUMBER
14,],O
14,as,O
14,well,O
14,as,O
14,guidelines,O
14,put,O
14,forth,O
14,by,O
14,international,O
14,societies,O
14,[,O
14,4547,NUMBER
14,],O
14,.,O
14,Awad,PERSON
14,et,O
14,al.,O
14,stratied,O
14,orthopedic,O
14,conditions,O
14,in,O
14,‐,O
14,to,O
14,ve,O
14,categories,O
14,according,O
14,to,O
14,urgency,O
14,.,O
14,A,O
14,through,O
14,E,O
14,.,O
14,A,O
14,being,O
14,the,O
14,most,O
14,urgent,O
14,[,O
14,45,NUMBER
14,],O
14,.,O
14,Open,O
14,fractures,O
14,.,O
14,acute,O
14,neurovascular,O
14,derange,O
14,‐,O
14,ments,O
14,as,O
14,well,O
14,as,O
14,acute,O
14,infections,CAUSE_OF_DEATH
14,were,O
14,rendered,O
14,as,O
14,emergent,O
14,(,O
14,A,O
14,),O
14,to,O
14,be,O
14,operated,O
14,within,O
14,24,NUMBER
14,h.,O
14,Closed,O
14,fractures,O
14,were,O
14,grouped,O
14,under,O
14,B,O
14,or,O
14,C.,O
14,Deformities,O
14,.,O
14,arthroplasty,O
14,and,O
14,trigger,O
14,nger,O
14,were,O
14,grouped,O
14,Farrell,PERSON
14,et,O
14,al.,O
14,suggested,O
14,some,O
14,management,O
14,plans,O
14,for,O
14,the,O
14,pediatric,O
14,orthopedic,O
14,patient,O
14,[,O
14,42,NUMBER
14,],O
14,.,O
14,In,O
14,the,O
14,pediatric,O
14,trauma,O
14,patient,O
14,.,O
14,modica,O
14,‐,O
14,tions,O
14,to,O
14,standard,O
14,care,O
14,were,O
14,mostly,O
14,to,O
14,the,O
14,M.K.,PERSON
14,Abdelnasser,PERSON
14,et,O
14,al.,O
14,:,O
14,SICOT,O
14,‐,O
14,J,O
14,2020,DATE
14,.,O
14,6,NUMBER
14,.,O
14,24,NUMBER
14,e.g.,O
14,.,O
14,Spine,O
14,Priority,O
14,A,O
14,Closed,O
14,reduction,O
14,of,O
14,a,O
14,Facet,O
14,dislocation,O
14,Priority,O
14,B,O
14,Cauda,O
14,equina,O
14,Foot,O
14,and,O
14,ankle,O
14,Priority,O
14,C,O
14,Priority,O
14,D,O
14,Operative,O
14,lumbar,O
14,discectomy,O
14,with,O
14,Operative,O
14,foot,O
14,Priority,O
14,E,O
14,Ankle,O
14,arthroplasty,O
14,or,O
14,Gartland,PERSON
14,1,NUMBER
14,Supracondylar,O
14,fracture,O
14,Fibular,O
14,Fracture,O
14,What,O
14,to,O
14,do,O
14,immediately,O
14,Collar,O
14,and,O
14,cuff,O
14,.,O
14,removed,O
14,by,O
14,family,O
14,at,O
14,3,DURATION
14,weeks,DURATION
14,.,O
14,Apply,O
14,walking,O
14,boot,O
14,Weight,O
14,bear,O
14,as,O
14,tolerated,O
14,None,O
14,required,O
14,.,O
14,Family,O
14,to,O
14,remove,O
14,boot,O
14,at,O
14,week,DURATION
14,4,NUMBER
14,Tele,O
14,‐,O
14,conference,O
14,week,DURATION
14,6,NUMBER
14,New,O
14,case,O
14,of,O
14,a,O
14,club,O
14,foot,O
14,Do,O
14,not,O
14,start,O
14,a,O
14,Ponseti,PERSON
14,risk,O
14,of,O
14,transmission,O
14,Anterior,O
14,Cruciate,O
14,Excellent,O
14,results,O
14,can,O
14,be,O
14,still,O
14,obtained,O
14,with,O
14,a,O
14,period,O
14,of,O
14,delay,O
14,during,O
14,the,O
14,COVID,O
14,‐,O
14,19,NUMBER
14,era,O
14,[,O
14,48,NUMBER
14,],O
14,.,O
14,Patients,O
14,were,O
14,classied,O
14,into,O
14,three,NUMBER
14,levels,O
14,according,O
14,to,O
14,the,O
14,urgency,O
14,of,O
14,surgical,O
14,intervention,O
14,and,O
14,the,O
14,facility,O
14,in,O
14,which,O
14,the,O
14,patient,O
14,should,O
14,be,O
14,operated,O
14,upon,O
14,.,O
14,E,O
14,.,O
14,How,O
14,to,O
14,triage,O
14,patients,O
14,dur,O
14,‐,O
14,ing,O
14,the,O
14,COVID,O
14,‐,O
14,19,NUMBER
14,pandemic,O
14,?,O
14,Awad,PERSON
14,et,O
14,al.,O
14,recommended,O
14,regional,O
14,or,O
14,‐,O
14,ganization,O
14,by,O
14,assigning,O
14,designated,O
14,hospitals,O
14,with,O
14,orthopedic,O
14,staff,O
14,to,O
14,treat,O
14,only,O
14,suspected,O
14,or,O
14,conrmed,O
14,COVID,O
14,‐,O
14,19,NUMBER
14,patients,O
14,and,O
14,other,O
14,hospitals,O
14,in,O
14,the,O
14,same,O
14,regions,O
14,to,O
14,treat,O
14,exclusively,O
14,non,O
14,‐,O
14,in,O
14,‐,O
14,fected,O
14,patients,O
14,[,O
14,45,NUMBER
14,],O
14,.,O
14,This,DATE
14,may,DATE
14,not,O
14,be,O
14,feasible,O
14,in,O
14,some,O
14,regions,O
14,or,O
14,districts,O
14,and,O
14,in,O
14,such,O
14,a,O
14,case,O
14,.,O
14,the,O
14,same,O
14,hospital,O
14,should,O
14,be,O
14,di,O
14,‐,O
14,vided,O
14,into,O
14,areas,O
14,or,O
14,wards,O
14,according,O
14,to,O
14,the,O
14,risk,O
14,of,O
14,exposure,O
14,to,O
14,the,O
14,virus,O
14,.,O
14,with,O
14,a,O
14,stratied,O
14,On,O
14,the,O
14,personnel,O
14,level,O
14,.,O
14,all,O
14,should,O
14,ap,O
14,‐,O
14,ply,O
14,the,O
14,general,TITLE
14,selfprotection,O
14,rules,O
14,like,O
14,.,O
14,safe,O
14,distancing,O
14,.,O
14,face,O
14,masks,O
14,.,O
14,goggles,O
14,for,O
14,eye,O
14,protection,O
14,.,O
14,hand,O
14,disinfection,O
14,.,O
14,regular,O
14,de,O
14,‐,O
14,contamination,O
14,of,O
14,all,O
14,patient,O
14,/,O
14,staff,O
14,contact,O
14,points,O
14,.,O
14,and,O
14,avoidance,O
14,of,O
14,touching,O
14,ones,O
14,working,O
14,in,O
14,the,O
14,hospital,O
14,involved,O
14,in,O
14,direct,O
14,pa,O
14,‐,O
14,tient,O
14,care,O
14,.,O
14,while,O
14,the,O
14,other,O
14,teams,O
14,are,O
14,away,O
14,from,O
14,the,O
14,hospital,O
14,through,O
14,14,DURATION
14,days,DURATION
14,as,O
14,a,O
14,quarantine,O
14,between,O
14,episodes,O
14,of,O
14,direct,O
14,pa,O
14,‐,O
14,tient,O
14,care,O
14,[,O
14,51,NUMBER
14,],O
14,.,O
14,This,O
14,requires,O
14,adequate,O
14,number,O
14,of,O
14,medical,O
14,staff,O
14,which,O
14,has,O
14,not,O
14,always,O
14,been,O
14,the,O
14,case,O
14,in,O
14,the,O
14,COVID,O
14,‐,O
14,19,NUMBER
14,pandemic,O
14,.,O
14,Ponsetti,O
14,casting,O
14,can,O
14,be,O
14,commenced,O
14,later,O
14,Consider,O
14,teleconferencing,O
14,Follow,O
14,‐,O
14,up,O
14,after,O
14,the,O
14,pandemic,O
14,.,O
14,Offer,O
14,prehab,O
14,program,O
14,.,O
14,On,O
14,the,O
14,pa,O
14,‐,O
14,tient,O
14,level,O
14,.,O
14,in,O
14,hospitals,O
14,still,O
14,running,O
14,outpatient,O
14,clinics,O
14,.,O
14,pa,O
14,‐,O
14,tients,O
14,should,O
14,be,O
14,screened,O
14,for,O
14,symptoms,O
14,like,O
14,(,O
14,fever,CAUSE_OF_DEATH
14,.,O
14,cough,O
14,.,O
14,sore,O
14,throat,O
14,),O
14,.,O
14,if,O
14,the,O
14,patient,O
14,shows,O
14,positive,O
14,symptoms,O
14,consider,O
14,delaying,O
14,the,O
14,outpatient,O
14,management,O
14,till,O
14,test,O
14,results,O
14,are,O
14,available,O
14,.,O
14,If,O
14,a,O
14,patients,O
14,operation,O
14,could,O
14,not,O
14,be,O
14,delayed,O
14,for,O
14,testing,O
14,.,O
14,then,O
14,the,O
14,pa,O
14,‐,O
14,tient,O
14,should,O
14,be,O
14,re,O
14,‐,O
14,triaged,O
14,into,O
14,the,O
14,emergency,O
14,category,O
14,and,O
14,pre,O
14,‐,O
14,sumed,O
14,COVID,O
14,positive,O
14,.,O
14,All,O
14,of,O
14,this,O
14,should,O
14,be,O
14,done,O
14,with,O
14,proper,O
14,pre,O
14,‐,O
14,cautions,O
14,such,O
14,as,O
14,wearing,O
14,face,O
14,masks,O
14,.,O
14,distancing,O
14,.,O
14,and,O
14,well,O
14,‐,O
14,aerated,O
14,waiting,O
14,areas,O
14,[,O
14,52,NUMBER
14,.,O
14,53,NUMBER
14,],O
14,.,O
14,As,O
14,for,O
14,patients,O
14,in,O
14,the,O
14,Emergency,O
14,Depart,O
14,‐,O
14,ment,O
14,(,O
14,ED,O
14,),O
14,and,O
14,crowded,O
14,triage,O
14,areas,O
14,.,O
14,same,O
14,protective,O
14,precautions,O
14,apply,O
14,.,O
14,and,O
14,if,O
14,the,O
14,patient,O
14,is,O
14,oriented,O
14,.,O
14,he,O
14,/,O
14,she,O
14,is,O
14,asked,O
14,for,O
14,the,O
14,suspect,O
14,criteria,O
14,for,O
14,COVID,O
14,‐,O
14,19,NUMBER
14,infection,CAUSE_OF_DEATH
14,.,O
14,Suspected,O
14,or,O
14,conrmed,O
14,COVID,O
14,‐,O
14,19,NUMBER
14,patients,O
14,should,O
14,be,O
14,isolated,O
14,in,O
14,a,O
14,separate,O
14,room,O
14,and,O
14,should,O
14,keep,O
14,at,O
14,least,O
14,6,NUMBER
14,feet,O
14,distance,O
14,from,O
14,other,O
14,patients,O
14,or,O
14,non,O
14,‐,O
14,treating,O
14,staff,O
14,.,O
14,COVID,O
14,‐,O
14,19,NUMBER
14,Polymerase,O
14,Chain,O
14,Reaction,O
14,(,O
14,PCR,O
14,),O
14,testing,O
14,should,O
14,be,O
14,done,O
14,for,O
14,all,O
14,patients,O
14,that,O
14,will,O
14,be,O
14,admitted,O
14,or,O
14,will,O
14,un,O
14,‐,O
14,dergo,O
14,surgery,CAUSE_OF_DEATH
14,.,O
14,Surgeons,O
14,should,O
14,not,O
14,approach,O
14,the,O
14,triage,O
14,area,O
14,with,O
14,‐,O
14,out,O
14,the,O
14,minimum,O
14,standard,O
14,PPE,O
14,recommended,O
14,.,O
14,PPE,O
14,should,O
14,be,O
14,exchanged,O
14,if,O
14,they,O
14,are,O
14,damaged,O
14,or,O
14,soiled,O
14,or,O
14,before,O
14,leaving,O
14,the,O
14,ED,O
14,.,O
14,Only,O
14,re,O
14,‐,O
14,quired,O
14,equipment,O
14,and,O
14,assessment,O
14,tools,O
14,should,O
14,be,O
14,brought,O
14,into,O
14,the,O
14,triage,O
14,room,O
14,to,O
14,minimize,O
14,the,O
14,number,O
14,of,O
14,items,O
14,that,O
14,need,O
14,to,O
14,be,O
14,dis,O
14,‐,O
14,infected,O
14,after,O
14,the,O
14,exposure,O
14,[,O
14,4554,NUMBER
14,],O
14,.,O
14,F,O
14,.,O
14,What,O
14,are,O
14,the,O
14,peri,O
14,‐,O
14,opera,O
14,‐,O
14,tive,O
14,precautions,O
14,when,O
14,operating,O
14,on,O
14,a,O
14,COVID,O
14,‐,O
14,19,NUMBER
14,positive,O
14,or,O
14,sus,O
14,‐,O
14,pected,O
14,case,O
14,?,O
14,This,O
14,should,O
14,be,O
14,incorporated,O
14,into,O
14,hospital,O
14,plans,O
14,and,O
14,rules,O
14,to,O
14,face,O
14,the,O
14,pandemic,O
14,.,O
14,[,O
14,55,NUMBER
14,],O
14,and,O
14,can,O
14,be,O
14,subdivided,O
14,into,O
14,mea,O
14,‐,O
14,sures,O
14,M.K.,PERSON
14,Abdelnasser,PERSON
14,et,O
14,al.,O
14,:,O
14,SICOT,O
14,‐,O
14,J,O
14,2020,DATE
14,.,O
14,6,NUMBER
14,.,O
14,24,NUMBER
14,Surgical,O
14,Spine,O
14,Pathologies,O
14,Cervical,O
14,or,O
14,thoracic,O
14,myelopathy,O
14,(,O
14,symptomatic,O
14,;,O
14,disc,O
14,herniations,O
14,.,O
14,infections,CAUSE_OF_DEATH
14,.,O
14,tumor,CAUSE_OF_DEATH
14,burden,O
14,),O
14,Acute,O
14,or,O
14,subacute,O
14,lumbar,O
14,disc,O
14,herniations,O
14,Compression,O
14,fracture,O
14,(,O
14,without,O
14,neurologic,O
14,decits,O
14,),O
14,Proceed,O
14,with,O
14,surgical,O
14,intervention,O
14,at,O
14,hospital,O
14,location,O
14,.,O
14,Proceed,O
14,with,O
14,surgical,O
14,intervention,O
14,at,O
14,ambulatory,O
14,surgical,O
14,center,O
14,(,O
14,ASC,ORGANIZATION
14,),O
14,versus,O
14,consider,O
14,at,O
14,hospital,O
14,facility,O
14,if,O
14,low,O
14,COVID,O
14,‐,O
14,19,NUMBER
14,census,O
14,.,O
14,De,O
14,‐,O
14,fer,O
14,surgery,CAUSE_OF_DEATH
14,or,O
14,reconsider,O
14,risks,O
14,versus,O
14,benets,O
14,of,O
14,continued,O
14,con,O
14,‐,O
14,servative,O
14,management,O
14,.,O
14,Consider,O
14,course,O
14,of,O
14,steroid,O
14,therapy,O
14,(,O
14,injec,O
14,‐,O
14,tion,O
14,or,O
14,oral,O
14,),O
14,.,O
14,Odontoid,O
14,fractures,O
14,in,O
14,elderly,O
14,will,O
14,be,O
14,managed,O
14,conservatively,O
14,.,O
14,with,O
14,option,O
14,of,O
14,treating,O
14,symptomatic,O
14,nonunion,O
14,sur,O
14,‐,O
14,gically,O
14,in,O
14,future,DATE
14,.,O
14,urgency,O
14,of,O
14,the,O
14,condition,O
14,is,O
14,multifactorial,O
14,and,O
14,differs,O
14,according,O
14,to,O
14,the,O
14,institution,O
14,.,O
14,resources,O
14,and,O
14,patient,O
14,characteristics,O
14,(,O
14,see,O
14,text,O
14,),O
14,.,O
14,**,O
14,The,O
14,emergency,O
14,patients,O
14,stay,O
14,postop,O
14,‐,O
14,eratively,O
14,in,O
14,the,O
14,Isolation,O
14,Ward,O
14,till,O
14,available,O
14,test,O
14,results,O
14,for,O
14,COVID,O
14,‐,O
14,19,NUMBER
14,Infection,CAUSE_OF_DEATH
14,.,O
14,involving,O
14,the,O
14,operating,O
14,room,O
14,.,O
14,personnel,O
14,.,O
14,anesthesia,O
14,.,O
14,the,O
14,procedure,O
14,.,O
14,and,O
14,postoperative,O
14,precautions,O
14,.,O
14,Oper,O
14,‐,O
14,ating,O
14,room,O
14,measures,O
14,Separate,O
14,operating,O
14,rooms,O
14,(,O
14,OR,O
14,),O
14,should,O
14,be,O
14,des,O
14,‐,O
14,ignated,O
14,for,O
14,COVID,O
14,‐,O
14,19,NUMBER
14,positive,O
14,patients,O
14,.,O
14,isolated,O
14,from,O
14,other,O
14,oper,O
14,‐,O
14,ating,O
14,rooms,O
14,[,O
14,545,NUMBER
14,],O
14,.,O
14,The,O
14,operating,O
14,room,O
14,is,O
14,preferred,O
14,to,O
14,have,O
14,a,O
14,sep,DATE
14,‐,O
14,arate,O
14,ventilation,O
14,system,O
14,with,O
14,negative,O
14,pressure,O
14,[,O
14,5,NUMBER
14,.,O
14,5860,NUMBER
14,],O
14,.,O
14,which,O
14,if,O
14,not,O
14,available,O
14,.,O
14,it,O
14,is,O
14,recommended,O
14,to,O
14,add,O
14,High,O
14,‐,O
14,Efciency,O
14,Particu,O
14,‐,O
14,late,O
14,Air,O
14,(,O
14,HEPA,O
14,),O
14,lters,O
14,to,O
14,positive,O
14,pressure,O
14,rooms,O
14,[,O
14,5154,NUMBER
14,],O
14,.,O
14,More,O
14,‐,O
14,over,O
14,.,O
14,Air,O
14,conditioning,O
14,should,O
14,be,O
14,turned,O
14,off,O
14,Only,O
14,the,O
14,materials,O
14,necessary,O
14,for,O
14,the,O
14,case,O
14,should,O
14,be,O
14,brought,O
14,into,O
14,the,O
14,OR,STATE_OR_PROVINCE
14,[,O
14,5,NUMBER
14,],O
14,.,O
14,All,O
14,equipment,O
14,and,O
14,screens,O
14,should,O
14,be,O
14,covered,O
14,with,O
14,plastic,O
14,sheets,O
14,to,O
14,facilitate,O
14,decontamination,O
14,[,O
14,45,NUMBER
14,],O
14,.,O
14,Consider,O
14,attenuation,O
14,of,O
14,residual,O
14,environmental,O
14,contamination,O
14,through,O
14,cleaning,O
14,with,O
14,surface,O
14,disin,O
14,‐,O
14,fectants,O
14,and,O
14,ultraviolet,O
14,light,O
14,All,O
14,trafc,O
14,in,O
14,and,O
14,out,O
14,of,O
14,the,O
14,OR,STATE_OR_PROVINCE
14,should,O
14,be,O
14,minimized,O
14,[,O
14,554,NUMBER
14,],O
14,.,O
14,All,O
14,doors,O
14,should,O
14,be,O
14,closed,O
14,once,DATE
14,the,O
14,patient,O
14,is,O
14,transferred,O
14,in,O
14,and,O
14,during,O
14,the,O
14,whole,O
14,operation,O
14,[,O
14,5,NUMBER
14,],O
14,.,O
14,The,O
14,path,O
14,of,O
14,the,O
14,patient,O
14,to,O
14,and,O
14,from,O
14,the,O
14,OR,STATE_OR_PROVINCE
14,should,O
14,be,O
14,kept,O
14,clear,O
14,and,O
14,better,O
14,to,O
14,be,O
14,separate,O
14,from,O
14,other,O
14,operating,O
14,rooms,O
14,[,O
14,5,NUMBER
14,],O
14,.,O
14,Patients,O
14,should,O
14,cover,O
14,their,O
14,face,O
14,with,O
14,a,O
14,surgical,O
14,mask,O
14,[,O
14,5,NUMBER
14,],O
14,.,O
14,The,O
14,patient,O
14,should,O
14,recover,O
14,in,O
14,the,O
14,operating,O
14,room,O
14,and,O
14,transferred,O
14,directly,O
14,to,O
14,the,O
14,isolation,O
14,ward,O
14,[,O
14,562,NUMBER
14,],O
14,.,O
14,The,O
14,number,O
14,of,O
14,personnel,O
14,inside,O
14,the,O
14,OR,STATE_OR_PROVINCE
14,should,O
14,be,O
14,kept,O
14,to,O
14,the,O
14,minimum,O
14,.,O
14,Services,O
14,personnel,O
14,should,O
14,not,O
14,en,O
14,‐,O
14,ter,TITLE
14,the,O
14,room,O
14,M.K.,PERSON
14,Abdelnasser,PERSON
14,et,O
14,al.,O
14,:,O
14,SICOT,O
14,‐,O
14,J,O
14,2020,DATE
14,.,O
14,6,NUMBER
14,.,O
14,24,NUMBER
14,until,O
14,enough,O
14,time,O
14,has,O
14,elapsed,O
14,for,O
14,air,O
14,changers,O
14,to,O
14,reduce,O
14,the,O
14,risk,O
14,of,O
14,contamination,O
14,[,O
14,4561,NUMBER
14,],O
14,.,O
14,Sales,O
14,representatives,O
14,.,O
14,residents,O
14,.,O
14,and,O
14,fel,O
14,‐,O
14,lows,O
14,should,O
14,be,O
14,discarded,O
14,from,O
14,OR,O
14,unless,O
14,essential,O
14,[,O
14,551,NUMBER
14,],O
14,.,O
14,inspec,O
14,‐,O
14,tion,O
14,or,O
14,destruction,O
14,[,O
14,5,NUMBER
14,.,O
14,4561,NUMBER
14,],O
14,.,O
14,All,O
14,contaminated,O
14,instruments,O
14,and,O
14,devices,O
14,should,O
14,be,O
14,disinfected,O
14,separately,O
14,followed,O
14,by,O
14,proper,O
14,la,O
14,‐,O
14,beling,O
14,[,O
14,5,NUMBER
14,.,O
14,4561,NUMBER
14,],O
14,.,O
14,Operating,O
14,personnel,O
14,Postoperative,MISC
14,precautions,O
14,The,O
14,fewest,O
14,number,O
14,of,O
14,personnel,O
14,possible,O
14,is,O
14,the,O
14,main,O
14,goal,O
14,.,O
14,with,O
14,the,O
14,highest,O
14,skilled,O
14,surgeon,TITLE
14,performing,O
14,the,O
14,procedure,O
14,to,O
14,avoid,O
14,prolongation,O
14,of,O
14,the,O
14,surgery,CAUSE_OF_DEATH
14,[,O
14,51,NUMBER
14,.,O
14,54,NUMBER
14,.,O
14,59,NUMBER
14,.,O
14,64,NUMBER
14,],O
14,.,O
14,All,O
14,personnel,O
14,in,O
14,the,O
14,operating,O
14,room,O
14,should,O
14,wear,O
14,the,O
14,PPE,O
14,which,O
14,include,O
14,Association,O
14,of,O
14,Advancement,O
14,of,O
14,Medical,O
14,Instrumentation,O
14,(,O
14,AAMI,O
14,),O
14,level,O
14,III,NUMBER
14,surgi,O
14,‐,O
14,cal,O
14,gowns,O
14,.,O
14,surgical,O
14,hood,O
14,(,O
14,for,O
14,head,O
14,and,O
14,neck,O
14,covering,O
14,),O
14,.,O
14,double,O
14,gloves,O
14,.,O
14,facemasks,O
14,and,O
14,either,O
14,N95,O
14,.,O
14,Filtering,O
14,Face,O
14,Piece,O
14,2,NUMBER
14,(,O
14,FFP2,O
14,),O
14,respirators,O
14,with,O
14,a,O
14,face,O
14,shield,O
14,/,O
14,googles,O
14,or,O
14,Powered,O
14,Air,O
14,‐,O
14,Purifying,O
14,Respirator,O
14,(,O
14,PARP,O
14,),O
14,.,O
14,uid,O
14,‐,O
14,resistant,O
14,shoes,O
14,or,O
14,booties,O
14,[,O
14,5,NUMBER
14,.,O
14,4957,NUMBER
14,],O
14,.,O
14,Don,PERSON
14,‐,PERSON
14,ning,O
14,and,O
14,dofng,O
14,of,O
14,PPE,O
14,should,O
14,be,O
14,done,O
14,in,O
14,an,O
14,anteroom,O
14,if,O
14,available,O
14,.,O
14,[,O
14,556,NUMBER
14,],O
14,with,O
14,hand,O
14,hygiene,O
14,prior,O
14,and,O
14,after,O
14,donning,O
14,/,O
14,dofng,O
14,PPE,O
14,[,O
14,5,NUMBER
14,],O
14,.,O
14,Avoid,O
14,self,O
14,‐,O
14,contamination,O
14,during,O
14,PPE,O
14,dofng,O
14,.,O
14,Disinfect,O
14,the,O
14,rst,O
14,pair,O
14,of,O
14,gloves,O
14,with,O
14,an,O
14,alcohol,O
14,solution,O
14,.,O
14,before,O
14,removing,O
14,the,O
14,surgical,O
14,mask,O
14,with,O
14,the,O
14,shield,O
14,and,O
14,the,O
14,hair,O
14,cap,O
14,[,O
14,556,NUMBER
14,],O
14,.,O
14,Consider,O
14,placing,O
14,a,O
14,simple,O
14,surgical,O
14,mask,O
14,on,O
14,top,O
14,of,O
14,the,O
14,N,O
14,‐,O
14,95,NUMBER
14,to,O
14,prevent,O
14,gross,O
14,contami,O
14,‐,O
14,nation,O
14,.,O
14,Each,O
14,time,O
14,N95,O
14,respirator,O
14,is,O
14,taken,O
14,off,O
14,.,O
14,it,O
14,must,O
14,be,O
14,double,O
14,‐,O
14,checked,O
14,for,O
14,not,O
14,being,O
14,soiled,O
14,or,O
14,damaged,O
14,before,O
14,reuse,O
14,[,O
14,5,NUMBER
14,.,O
14,4557,DATE
14,],O
14,.,O
14,Full,O
14,face,O
14,shield,O
14,is,O
14,preferred,O
14,to,O
14,protective,O
14,eye,O
14,goggles,O
14,[,O
14,5,NUMBER
14,.,O
14,5257,NUMBER
14,],O
14,.,O
14,Dedicated,O
14,anesthesia,O
14,machines,O
14,should,O
14,be,O
14,exclusively,O
14,des,O
14,‐,O
14,ignated,O
14,for,O
14,COVID,O
14,‐,O
14,19,NUMBER
14,positive,O
14,cases,O
14,[,O
14,62,NUMBER
14,],O
14,.,O
14,The,O
14,most,O
14,experienced,O
14,anesthesiologist,TITLE
14,should,O
14,intubate,O
14,the,O
14,patient,O
14,in,O
14,the,O
14,shortest,O
14,pos,O
14,‐,O
14,sible,O
14,time,O
14,with,O
14,minimal,O
14,airway,O
14,manipulation,O
14,.,O
14,avoiding,O
14,face,O
14,mask,O
14,ventilation,O
14,and,O
14,open,O
14,‐,O
14,air,O
14,way,O
14,suction,O
14,as,O
14,possible,O
14,[,O
14,5,NUMBER
14,.,O
14,4560,NUMBER
14,],O
14,.,O
14,Keep,O
14,the,O
14,minimum,O
14,number,O
14,of,O
14,personnel,O
14,inside,O
14,the,O
14,anesthesia,O
14,room,O
14,which,O
14,should,O
14,be,O
14,separate,O
14,from,O
14,the,O
14,operating,O
14,room,O
14,.,O
14,which,O
14,should,O
14,not,O
14,be,O
14,entered,O
14,for,O
14,1520,DATE
14,min,DURATION
14,after,O
14,intubation,O
14,[,O
14,5,NUMBER
14,.,O
14,5157,NUMBER
14,],O
14,.,O
14,Use,O
14,deep,O
14,anes,O
14,‐,O
14,thesia,O
14,and,O
14,neuromuscular,O
14,blockage,O
14,.,O
14,Preoxygenation,O
14,should,O
14,be,O
14,per,O
14,‐,O
14,formed,O
14,via,O
14,well,O
14,‐,O
14,tting,O
14,face,O
14,mask,O
14,to,O
14,avoid,O
14,hypoxia,O
14,in,O
14,critically,O
14,ill,O
14,COVID,O
14,‐,O
14,19,NUMBER
14,patients,O
14,with,O
14,respiratory,CAUSE_OF_DEATH
14,failure,CAUSE_OF_DEATH
14,[,O
14,6065,NUMBER
14,],O
14,.,O
14,It,O
14,is,O
14,pre,O
14,‐,O
14,ferred,O
14,to,O
14,avoid,O
14,general,TITLE
14,anesthesia,O
14,and,O
14,use,O
14,of,O
14,regional,O
14,/,O
14,spinal,O
14,anesthesia,O
14,is,O
14,recommended,O
14,whenever,O
14,possible,O
14,[,O
14,60,NUMBER
14,],O
14,.,O
14,Surgical,O
14,pro,O
14,‐,O
14,cedure,O
14,Consider,O
14,the,O
14,use,O
14,of,O
14,minimally,O
14,invasive,O
14,approaches,O
14,to,O
14,de,O
14,‐,O
14,crease,O
14,operating,O
14,staff,O
14,exposure,O
14,and,O
14,shorten,O
14,case,O
14,duration,O
14,[,O
14,5,NUMBER
14,.,O
14,5166,NUMBER
14,],O
14,.,O
14,Use,O
14,disposable,O
14,medical,O
14,supplies,O
14,/,O
14,instruments,O
14,whenever,O
14,pos,O
14,‐,O
14,sible,O
14,.,O
14,and,O
14,absorbable,O
14,sutures,O
14,for,O
14,wound,O
14,closure,O
14,to,O
14,avoid,O
14,a,O
14,post,O
14,‐,O
14,operative,O
14,unnecessary,O
14,visit,O
14,[,O
14,4551,NUMBER
14,],O
14,.,O
14,The,O
14,use,O
14,of,O
14,electrocautery,O
14,should,O
14,be,O
14,reduced,O
14,to,O
14,minimize,O
14,the,O
14,surgical,O
14,smoke,O
14,and,O
14,should,O
14,be,O
14,used,O
14,in,O
14,conjunction,O
14,with,O
14,a,O
14,smoke,O
14,evacuator,O
14,[,O
14,5,NUMBER
14,.,O
14,58,NUMBER
14,.,O
14,59,NUMBER
14,.,O
14,67,NUMBER
14,],O
14,.,O
14,Care,O
14,should,O
14,be,O
14,taken,O
14,when,O
14,using,O
14,sharp,O
14,objects,O
14,to,O
14,avoid,O
14,sharp,O
14,injury,O
14,or,O
14,damage,O
14,of,O
14,PPE,O
14,[,O
14,61,NUMBER
14,],O
14,.,O
14,The,O
14,use,O
14,of,O
14,power,O
14,tools,O
14,like,O
14,bone,O
14,saws,O
14,.,O
14,ream,O
14,‐,O
14,ers,O
14,.,O
14,and,O
14,drills,O
14,should,O
14,be,O
14,reduced,O
14,to,O
14,the,O
14,minimum,O
14,and,O
14,the,O
14,power,O
14,settings,O
14,should,O
14,be,O
14,as,O
14,low,O
14,as,O
14,possible,O
14,.,O
14,as,O
14,they,O
14,release,O
14,aerosols,O
14,.,O
14,increasing,O
14,the,O
14,risk,O
14,of,O
14,virus,O
14,spread,O
14,.,O
14,Suction,O
14,devices,O
14,to,O
14,remove,O
14,smoke,O
14,and,O
14,aerosols,O
14,should,O
14,be,O
14,used,O
14,during,O
14,their,O
14,use,O
14,[,O
14,68,NUMBER
14,],O
14,.,O
14,All,O
14,body,O
14,uids,O
14,as,O
14,blood,O
14,.,O
14,secretions,O
14,.,O
14,urine,O
14,.,O
14,or,O
14,pathological,O
14,specimens,O
14,should,O
14,be,O
14,collected,O
14,in,O
14,double,O
14,sealed,O
14,bags,O
14,for,O
14,The,O
14,transfer,O
14,to,O
14,isolation,O
14,wards,O
14,should,O
14,be,O
14,through,O
14,dedicated,O
14,corridors,O
14,and,O
14,eleva,O
14,‐,O
14,tors,O
14,which,O
14,should,O
14,be,O
14,carefully,O
14,sterilized,O
14,after,O
14,transport,O
14,[,O
14,55,NUMBER
14,.,O
14,62,NUMBER
14,],O
14,.,O
14,During,O
14,the,O
14,transfer,O
14,.,O
14,transport,O
14,personnel,O
14,should,O
14,wear,O
14,PPE,O
14,which,O
14,should,O
14,not,O
14,be,O
14,the,O
14,same,O
14,as,O
14,worn,O
14,during,O
14,the,O
14,procedure,O
14,and,O
14,pa,O
14,‐,O
14,tients,O
14,should,O
14,be,O
14,wearing,O
14,N,O
14,‐,O
14,95,NUMBER
14,/,O
14,FFP2,O
14,masks,O
14,and,O
14,covered,O
14,with,O
14,dispos,O
14,‐,O
14,able,O
14,operating,O
14,sheets,O
14,[,O
14,5,NUMBER
14,.,O
14,5862,NUMBER
14,],O
14,.,O
14,Surgeons,O
14,must,O
14,be,O
14,aware,O
14,of,O
14,com,O
14,‐,O
14,mon,DATE
14,postoperative,O
14,complications,CAUSE_OF_DEATH
14,from,O
14,COVID,O
14,‐,O
14,19,NUMBER
14,infections,CAUSE_OF_DEATH
14,.,O
14,In,O
14,the,O
14,presence,O
14,of,O
14,fever,CAUSE_OF_DEATH
14,and,O
14,one,NUMBER
14,of,O
14,the,O
14,symptoms,O
14,of,O
14,a,O
14,respiratory,O
14,infec,O
14,‐,O
14,tion,O
14,(,O
14,dry,O
14,cough,O
14,.,O
14,etc.,O
14,),O
14,.,O
14,laboratory,O
14,tests,O
14,for,O
14,COVID,O
14,‐,O
14,19,NUMBER
14,diagnosis,O
14,must,O
14,be,O
14,ordered,O
14,.,O
14,Suspected,O
14,cases,O
14,should,O
14,be,O
14,reported,O
14,immediately,O
14,together,O
14,with,O
14,transfer,O
14,of,O
14,the,O
14,patient,O
14,to,O
14,an,O
14,isolation,O
14,ward,O
14,[,O
14,69,NUMBER
14,],O
14,.,O
14,Patients,O
14,should,O
14,receive,O
14,adequate,O
14,nutrition,O
14,.,O
14,uid,O
14,hydration,O
14,.,O
14,and,O
14,electrolyte,O
14,balance,O
14,to,O
14,promote,O
14,immune,O
14,recovery,O
14,and,O
14,rapid,O
14,rehabil,O
14,‐,O
14,itation,O
14,[,O
14,61,NUMBER
14,],O
14,.,O
14,Frequent,O
14,monitoring,O
14,of,O
14,temperature,O
14,.,O
14,laboratory,O
14,Com,O
14,‐,O
14,plete,O
14,Blood,O
14,Count,TITLE
14,(,O
14,CBC,ORGANIZATION
14,),O
14,.,O
14,C,O
14,‐,O
14,reactive,O
14,protein,O
14,.,O
14,and,O
14,Ferritin,O
14,level,O
14,should,O
14,be,O
14,done,O
14,[,O
14,70,NUMBER
14,],O
14,.,O
14,Severe,O
14,COVID,O
14,‐,O
14,19,NUMBER
14,infection,CAUSE_OF_DEATH
14,might,O
14,cause,O
14,a,O
14,cy,O
14,‐,O
14,tokine,O
14,storm,CAUSE_OF_DEATH
14,syndrome,O
14,.,O
14,which,O
14,is,O
14,characterized,O
14,by,O
14,a,O
14,fulminant,O
14,and,O
14,fatal,O
14,hyper,O
14,‐,O
14,cytokinemia,O
14,with,O
14,multiorgan,O
14,failure,O
14,.,O
14,An,O
14,increased,O
14,level,O
14,of,O
14,ferritin,O
14,occurs,O
14,in,O
14,approximately,O
14,50,PERCENT
14,%,PERCENT
14,of,O
14,patients,O
14,.,O
14,All,O
14,patients,O
14,with,O
14,severe,O
14,COVID,O
14,‐,O
14,19,NUMBER
14,should,O
14,be,O
14,screened,O
14,for,O
14,hyper,O
14,‐,O
14,inam,O
14,‐,O
14,mation,O
14,markers,O
14,[,O
14,71,NUMBER
14,],O
14,.,O
14,Safe,O
14,and,O
14,effective,O
14,patient,O
14,care,O
14,during,O
14,the,O
14,pandemic,O
14,and,O
14,telemedicine,O
14,In,O
14,order,O
14,to,O
14,resume,O
14,safe,O
14,patient,O
14,care,O
14,.,O
14,telemedicine,O
14,has,O
14,been,O
14,widely,O
14,used,O
14,during,O
14,this,O
14,pandemic,O
14,[,O
14,7275,NUMBER
14,],O
14,.,O
14,Telemedicine,O
14,allows,O
14,health,O
14,care,O
14,providers,O
14,to,O
14,deliver,O
14,clinical,O
14,services,O
14,to,O
14,patients,O
14,through,O
14,the,O
14,use,O
14,of,O
14,the,O
14,widely,O
14,available,O
14,telecommunication,O
14,technologies,O
14,.,O
14,It,O
14,can,O
14,be,O
14,used,O
14,for,O
14,patient,O
14,triage,O
14,.,O
14,postoperative,O
14,educational,O
14,programs,O
14,or,O
14,videoconferences,O
14,.,O
14,Moreover,O
14,.,O
14,rehabilitation,O
14,can,O
14,be,O
14,tele,O
14,‐,O
14,monitored,O
14,through,O
14,special,O
14,technologies,O
14,such,O
14,as,O
14,wireless,O
14,sensors,O
14,for,O
14,range,O
14,of,O
14,motion,O
14,such,O
14,as,O
14,the,O
14,knee,O
14,following,O
14,knee,O
14,arthroplasty,O
14,.,O
14,Nonetheless,O
14,.,O
14,telemedicine,O
14,has,O
14,its,O
14,limitations,O
14,.,O
14,Patients,O
14,with,O
14,sutures,O
14,to,O
14,remove,O
14,.,O
14,cast,O
14,to,O
14,change,O
14,or,O
14,need,O
14,comprehensive,O
14,clinical,O
14,examination,O
14,will,O
14,still,O
14,have,O
14,to,O
14,pay,O
14,an,O
14,in,O
14,person,O
14,visit,O
14,to,O
14,the,O
14,health,O
14,care,O
14,facility,O
14,.,O
14,Also,O
14,.,O
14,there,O
14,are,O
14,obstacles,O
14,for,O
14,wide,O
14,implementation,O
14,of,O
14,such,O
14,services,O
14,such,O
14,as,O
14,infrastructure,O
14,cost,O
14,.,O
14,provider,O
14,and,O
14,patient,O
14,education,O
14,.,O
14,data,O
14,pro,O
14,‐,O
14,tection,O
14,.,O
14,ethical,O
14,consideration,O
14,.,O
14,legalization,O
14,.,O
14,and,O
14,payment,O
14,regula,O
14,‐,O
14,tion,O
14,[,O
14,64,NUMBER
14,],O
14,.,O
14,In,O
14,order,O
14,to,O
14,facilitate,O
14,the,O
14,use,O
14,of,O
14,telemedicine,O
14,.,O
14,the,O
14,Ofce,ORGANIZATION
14,for,ORGANIZATION
14,Civil,ORGANIZATION
14,Rights,ORGANIZATION
14,at,ORGANIZATION
14,the,ORGANIZATION
14,U.S.,ORGANIZATION
14,Department,ORGANIZATION
14,of,ORGANIZATION
14,Health,ORGANIZATION
14,and,O
14,Human,O
14,Zoom,O
14,.,O
14,and,O
14,FaceTime,ORGANIZATION
14,without,O
14,imposing,O
14,penalties,O
14,for,O
14,noncompliance,O
14,.,O
14,In,O
14,all,O
14,cases,O
14,.,O
14,documentation,O
14,within,O
14,the,O
14,patient,O
14,medical,O
14,record,O
14,is,O
14,mandatory,O
14,[,O
14,76,NUMBER
14,],O
14,.,O
14,Training,O
14,during,O
14,the,O
14,pandemic,O
14,The,O
14,COVID,O
14,‐,O
14,19,NUMBER
14,crisis,O
14,called,O
14,for,O
14,alternative,O
14,methods,O
14,to,O
14,resume,O
14,resident,O
14,and,O
14,fellow,O
14,edu,O
14,‐,O
14,cation,O
14,[,O
14,7779,NUMBER
14,],O
14,.,O
14,an,O
14,example,O
14,is,O
14,M.K.,PERSON
14,Abdelnasser,PERSON
14,et,O
14,al.,O
14,:,O
14,SICOT,O
14,‐,O
14,J,O
14,2020,DATE
14,.,O
14,6,NUMBER
14,.,O
14,24,NUMBER
14,the,O
14,ipped,O
14,virtual,O
14,classroom,O
14,method,O
14,.,O
14,in,O
14,which,O
14,the,O
14,learners,O
14,are,O
14,meeting,O
14,focused,O
14,on,O
14,active,O
14,learning,O
14,and,O
14,case,O
14,‐,O
14,based,O
14,discussions,O
14,.,O
14,webinars,O
14,.,O
14,and,O
14,telehealth,O
14,clinics,O
14,with,O
14,resident,O
14,in,O
14,‐,O
14,volvement,O
14,.,O
14,Many,O
14,applications,O
14,such,O
14,as,O
14,Webex,ORGANIZATION
14,.,O
14,Google,ORGANIZATION
14,Classroom,O
14,.,O
14,conferences,O
14,.,O
14,The,O
14,main,O
14,drawback,O
14,to,O
14,this,O
14,approach,O
14,is,O
14,that,O
14,it,O
14,can,O
14,not,O
14,involve,O
14,actual,O
14,clinical,O
14,or,O
14,surgical,O
14,skills,O
14,teaching,O
14,.,O
14,Others,O
14,in,O
14,‐,O
14,clude,O
14,difculties,O
14,some,O
14,senior,O
14,staff,O
14,may,O
14,have,O
14,with,O
14,utilizing,O
14,modern,O
14,technology,O
14,.,O
14,slow,O
14,internet,O
14,speed,O
14,in,O
14,some,O
14,regions,O
14,.,O
14,and,O
14,difculties,O
14,with,O
14,viewing,O
14,some,O
14,pictures,O
14,especially,O
14,radiology,O
14,[,O
14,80,NUMBER
14,],O
14,.,O
14,To,O
14,overcome,O
14,these,O
14,obstacles,O
14,high,O
14,‐,O
14,denition,O
14,3D,O
14,operative,O
14,videos,O
14,and,O
14,surgical,O
14,simulations,O
14,are,O
14,being,O
14,employed,O
14,.,O
14,Various,O
14,simulation,O
14,modalities,O
14,are,O
14,available,O
14,including,O
14,surgical,O
14,skills,O
14,laboratories,O
14,.,O
14,cadaveric,O
14,dis,O
14,‐,O
14,sections,O
14,and,O
14,procedural,O
14,training,O
14,.,O
14,and,O
14,computer,O
14,‐,O
14,based,O
14,virtual,O
14,re,O
14,‐,O
14,ality,O
14,training,O
14,[,O
14,8184,NUMBER
14,],O
14,.,O
14,The,O
14,2020,DATE
14,Annual,SET
14,Meeting,O
14,of,O
14,American,NATIONALITY
14,Acad,O
14,‐,O
14,emy,O
14,of,O
14,Orthopedic,O
14,Surgeons,O
14,(,O
14,AAOS,ORGANIZATION
14,),O
14,is,O
14,now,DATE
14,being,O
14,made,O
14,available,O
14,through,O
14,the,O
14,AAOS,ORGANIZATION
14,website,O
14,.,O
14,This,O
14,includes,O
14,instructional,O
14,course,O
14,lec,O
14,‐,O
14,tures,O
14,.,O
14,and,O
14,ask,O
14,expert,O
14,sessions,O
14,.,O
14,in,O
14,addition,O
14,to,O
14,the,O
14,traditional,O
14,research,O
14,paper,O
14,and,O
14,poster,O
14,presentations,O
14,.,O
14,The,O
14,American,NATIONALITY
14,Association,O
14,of,O
14,Hip,O
14,and,O
14,Knee,O
14,Surgeons,O
14,(,O
14,AAHKS,O
14,),O
14,has,O
14,developed,O
14,the,O
14,for,O
14,resident,O
14,and,O
14,fellow,O
14,training,O
14,through,O
14,recording,O
14,attendance,O
14,Making,O
14,use,O
14,of,O
14,the,O
14,crisis,O
14,and,O
14,planning,O
14,for,O
14,the,O
14,post,O
14,‐,O
14,pandemic,O
14,era,O
14,Global,O
14,coopera,O
14,‐,O
14,tion,O
14,and,O
14,exchange,O
14,of,O
14,experiences,O
14,are,O
14,still,O
14,to,O
14,be,O
14,improved,O
14,.,O
14,The,O
14,pandemic,O
14,is,O
14,still,O
14,in,O
14,various,O
14,stages,O
14,in,O
14,different,O
14,countries,O
14,.,O
14,Coun,O
14,‐,O
14,tries,O
14,with,O
14,increasing,O
14,numbers,O
14,of,O
14,cases,O
14,and,O
14,mortalities,O
14,are,O
14,learn,O
14,‐,O
14,ing,O
14,from,O
14,those,O
14,recovering,O
14,from,O
14,the,O
14,crisis,O
14,.,O
14,The,DATE
14,future,DATE
14,requires,O
14,better,O
14,planning,O
14,and,O
14,re,O
14,‐,O
14,allocation,O
14,of,O
14,resources,O
14,to,O
14,be,O
14,prepared,O
14,for,O
14,such,O
14,events,O
14,.,O
14,To,O
14,make,O
14,use,O
14,of,O
14,the,O
14,available,O
14,technologies,O
14,in,O
14,telemedicine,O
14,is,O
14,of,O
14,utmost,O
14,importance,O
14,.,O
14,Remote,O
14,triaging,O
14,and,O
14,exami,O
14,‐,O
14,nation,O
14,techniques,O
14,.,O
14,feedback,O
14,through,O
14,mobile,TITLE
14,applications,O
14,.,O
14,and,O
14,vir,O
14,‐,O
14,tual,O
14,interdisciplinary,O
14,meetings,O
14,should,O
14,be,O
14,encouraged,O
14,.,O
14,Urgent,O
14,leg,O
14,‐,O
14,islative,O
14,reforms,O
14,to,O
14,adapt,O
14,to,O
14,these,O
14,changes,O
14,are,O
14,mandatory,O
14,.,O
14,E,O
14,‐,O
14,learning,O
14,.,O
14,virtual,O
14,conferences,O
14,.,O
14,webinars,O
14,.,O
14,and,O
14,simulation,O
14,training,O
14,initiatives,O
14,must,O
14,be,O
14,supported,O
14,by,O
14,the,O
14,international,O
14,scientic,O
14,soci,O
14,‐,O
14,eties,O
14,.,O
14,Curricula,O
14,should,O
14,be,O
14,revised,O
14,to,O
14,adapt,O
14,to,O
14,these,O
14,needs,O
14,.,O
14,Non,O
14,‐,O
14,technical,O
14,skills,O
14,should,O
14,constitute,O
14,integral,O
14,part,O
14,of,O
14,learning,O
14,pro,O
14,‐,O
14,grams,O
14,.,O
14,Plans,O
14,should,O
14,be,O
14,prepared,O
14,to,O
14,manage,O
14,the,O
14,accumulated,O
14,long,O
14,waiting,O
14,lists,O
14,of,O
14,elective,O
14,surgeries,O
14,[,O
14,8589,DATE
14,],O
14,.,O
14,Prioritization,O
14,should,O
14,be,O
14,rational,O
14,without,O
14,inferring,O
14,excessive,O
14,burden,O
14,on,O
14,the,O
14,recovering,O
14,health,O
14,system,O
14,after,O
14,the,O
14,crisis,O
14,.,O
14,including,O
14,orthopedic,O
14,surgery,CAUSE_OF_DEATH
14,will,O
14,differ,O
14,after,O
14,the,O
14,pandemic,O
14,is,O
14,over,O
14,.,O
14,Implementation,O
14,of,O
14,new,O
14,technologies,O
14,.,O
14,restructuring,O
14,our,O
14,health,O
14,systems,O
14,with,O
14,incorporation,O
14,of,O
14,telemedicine,O
14,as,O
14,well,O
14,as,O
14,reorganizing,O
14,of,O
14,our,O
14,traditional,O
14,train,CRIMINAL_CHARGE
14,‐,O
14,ing,O
14,programs,O
14,will,O
14,be,O
14,crucial,O
14,for,O
14,a,O
14,more,O
14,effective,O
14,and,O
14,optimal,O
14,de,O
14,‐,O
14,livery,O
14,of,O
14,care,O
14,.,O
14,Conflict,O
14,of,O
14,Interest,O
14,There,O
14,is,O
14,no,O
14,funding,O
14,source,O
14,.,O
14,1,NUMBER
14,.,O
14,Holshue,ORGANIZATION
14,ML,ORGANIZATION
14,.,O
14,DeBolt,PERSON
14,C,O
14,.,O
14,Lindquist,PERSON
14,S,O
14,.,O
14,et,O
14,al.,O
14,(,O
14,2020,DATE
14,),O
14,First,ORDINAL
14,case,O
14,of,O
14,2019,DATE
14,novel,O
14,coronavirus,O
14,in,O
14,the,O
14,United,COUNTRY
14,States,COUNTRY
14,.,O
14,N,O
14,Engl,O
14,J,O
14,Med,O
14,382,NUMBER
14,.,O
14,2,NUMBER
14,.,O
14,Li,O
14,Q,O
14,.,O
14,Guan,PERSON
14,X,PERSON
14,.,O
14,Wu,PERSON
14,P,O
14,.,O
14,et,O
14,al.,O
14,(,O
14,2020,DATE
14,),O
14,Early,O
14,transmission,O
14,dynamics,O
14,in,O
14,Wuhan,CITY
14,.,O
14,China,COUNTRY
14,.,O
14,of,O
14,novel,O
14,coronavirus,O
14,‐,O
14,infected,O
14,pneumonia,CAUSE_OF_DEATH
14,.,O
14,N,O
14,Engl,PERSON
14,J,PERSON
14,Med,O
14,382,NUMBER
14,.,O
14,11991207,NUMBER
14,.,O
14,3,NUMBER
14,.,O
14,Sun,O
14,P,O
14,.,O
14,Lu,PERSON
14,X,PERSON
14,.,O
14,Xu,O
14,C,O
14,.,O
14,et,O
14,al.,O
14,(,O
14,2020,DATE
14,),O
14,Under,O
14,‐,O
14,standing,O
14,of,O
14,COVID,O
14,‐,O
14,19,NUMBER
14,based,O
14,on,O
14,current,DATE
14,evidence,O
14,.,O
14,J,PERSON
14,Med,PERSON
14,Virol,PERSON
14,92,NUMBER
14,.,O
14,548551,NUMBER
14,.,O
14,4,NUMBER
14,.,O
14,Houdek,ORGANIZATION
14,MT,ORGANIZATION
14,.,O
14,Wagner,PERSON
14,ER,O
14,.,O
14,Wyles,ORGANIZATION
14,CC,ORGANIZATION
14,.,O
14,et,O
14,al.,O
14,(,O
14,2015,DATE
14,),O
14,New,O
14,op,O
14,‐,O
14,tions,O
14,for,O
14,vascularized,O
14,bone,O
14,reconstruction,O
14,in,O
14,the,O
14,upper,O
14,extremi,O
14,‐,O
14,ty,O
14,.,O
14,Semin,ORGANIZATION
14,Plast,ORGANIZATION
14,Surg,ORGANIZATION
14,29,DATE
14,.,DATE
14,2029,DATE
14,.,O
14,5,NUMBER
14,.,O
14,Brindle,PERSON
14,M,O
14,.,O
14,Gawande,PERSON
14,A,O
14,(,O
14,2020,DATE
14,),O
14,Managing,O
14,COVID,O
14,‐,O
14,19,NUMBER
14,in,O
14,surgical,O
14,systems,O
14,.,O
14,Ann,PERSON
14,Surg,PERSON
14,272,NUMBER
14,.,O
14,e1e2,NUMBER
14,.,O
14,6,NUMBER
14,.,O
14,Moher,PERSON
14,D,PERSON
14,.,O
14,Liberati,PERSON
14,A,O
14,.,O
14,Tetzlaff,PERSON
14,J,O
14,.,O
14,et,O
14,al.,O
14,(,O
14,2009,DATE
14,),O
14,Preferred,O
14,report,O
14,‐,O
14,ing,O
14,statement,O
14,.,O
14,PLoS,O
14,Med,O
14,6,NUMBER
14,.,O
14,e1000097,O
14,.,O
14,7,NUMBER
14,.,O
14,Correia,PERSON
14,M,O
14,.,O
14,Ramos,PERSON
14,RF,PERSON
14,.,O
14,Bahten,O
14,LCV,O
14,(,O
14,2020,DATE
14,),O
14,The,O
14,surgeons,O
14,and,O
14,8,NUMBER
14,.,O
14,Vaccaro,PERSON
14,AR,PERSON
14,.,O
14,Getz,PERSON
14,CL,O
14,.,O
14,Cohen,PERSON
14,BE,O
14,.,O
14,et,O
14,al.,O
14,(,O
14,2020,DATE
14,),O
14,Practice,O
14,management,O
14,during,O
14,the,O
14,COVID,O
14,‐,O
14,19,NUMBER
14,pandem,O
14,‐,O
14,ic,O
14,.,O
14,J,O
14,Am,O
14,Acad,O
14,Orthop,O
14,Surg,O
14,28,NUMBER
14,.,O
14,464470,NUMBER
14,.,O
14,9,NUMBER
14,.,O
14,Buerhaus,PERSON
14,PI,O
14,.,O
14,Auerbach,PERSON
14,DI,O
14,.,O
14,Staiger,PERSON
14,DO,O
14,(,O
14,2020,DATE
14,),O
14,Older,O
14,clinicians,O
14,and,O
14,the,O
14,surge,O
14,in,O
14,novel,O
14,coronavirus,O
14,disease,CAUSE_OF_DEATH
14,2019,DATE
14,(,O
14,COVID,O
14,‐,O
14,19,NUMBER
14,),O
14,.,O
14,10,NUMBER
14,.,O
14,Dunham,ORGANIZATION
14,AM,ORGANIZATION
14,.,O
14,Rieder,PERSON
14,TN,PERSON
14,.,O
14,Humbyrd,O
14,CJ,O
14,(,O
14,2020,DATE
14,),O
14,A,O
14,bioethical,O
14,perspective,O
14,for,O
14,navigating,O
14,moral,O
14,dilemmas,O
14,amidst,O
14,the,O
14,COVID,O
14,‐,O
14,19,NUMBER
14,pandemic,O
14,.,O
14,J,O
14,Am,O
14,Acad,O
14,Orthop,O
14,Surg,O
14,28,NUMBER
14,.,O
14,471476,NUMBER
14,.,O
14,12,NUMBER
14,.,O
14,McBride,PERSON
14,KE,PERSON
14,.,O
14,Brown,PERSON
14,KGM,ORGANIZATION
14,.,O
14,Fisher,ORGANIZATION
14,OM,ORGANIZATION
14,.,O
14,et,O
14,al.,O
14,(,O
14,2020,DATE
14,),O
14,Im,O
14,‐,O
14,pact,O
14,of,O
14,the,O
14,COVID,O
14,‐,O
14,19,NUMBER
14,pandemic,O
14,on,O
14,surgical,O
14,services,O
14,:,O
14,Early,O
14,experi,O
14,‐,O
14,ences,O
14,at,O
14,a,O
14,nominated,O
14,COVID,O
14,‐,O
14,19,NUMBER
14,centre,O
14,.,O
14,ANZ,O
14,J,O
14,Surg,O
14,90,NUMBER
14,.,O
14,663665,NUMBER
14,.,O
14,13,NUMBER
14,.,O
14,Ranney,PERSON
14,ML,O
14,.,O
14,Griffeth,PERSON
14,V,O
14,.,O
14,Jha,PERSON
14,AK,STATE_OR_PROVINCE
14,(,O
14,2020,DATE
14,),O
14,Critical,O
14,supply,O
14,shortages,O
14,the,O
14,need,O
14,for,O
14,ventilators,O
14,and,O
14,personal,O
14,protective,O
14,equipment,O
14,during,O
14,the,O
14,COVID,O
14,‐,O
14,19,NUMBER
14,pandemic,O
14,.,O
14,N,O
14,Engl,O
14,J,O
14,Med,O
14,382,NUMBER
14,.,O
14,e41,O
14,.,O
14,14,NUMBER
14,.,O
14,Truog,PERSON
14,RD,O
14,.,O
14,Mitchell,ORGANIZATION
14,C,ORGANIZATION
14,.,O
14,Daley,PERSON
14,GQ,PERSON
14,(,O
14,2020,DATE
14,),O
14,The,O
14,toughest,O
14,triage,O
14,allocating,O
14,venti,O
14,‐,O
14,lators,O
14,in,O
14,a,O
14,pandemic,O
14,.,O
14,N,O
14,Engl,O
14,J,O
14,Med,O
14,382,NUMBER
14,.,O
14,19731975,NUMBER
14,15,NUMBER
14,.,O
14,Prevention,O
14,CfDCa,O
14,(,O
14,2020,DATE
14,),O
14,Strategies,O
14,for,O
14,optimizing,O
14,the,O
14,supply,O
14,of,O
14,hcp,O
14,/,O
14,respira,O
14,‐,O
14,tors,O
14,‐,O
14,strategy/index.html,O
14,.,O
14,Accessed,O
14,04/20/2020,DATE
14,2020,DATE
14,.,O
14,16,NUMBER
14,.,O
14,Vaishya,PERSON
14,R,O
14,.,O
14,Vaish,PERSON
14,A,O
14,(,O
14,2020,DATE
14,),O
14,Roles,O
14,and,O
14,responsibilities,O
14,of,O
14,the,O
14,orthopaedic,O
14,community,O
14,and,O
14,the,O
14,society,O
14,during,O
14,COVID,O
14,‐,O
14,19,NUMBER
14,pandemic,O
14,.,O
14,Indian,NATIONALITY
14,J,O
14,Or,O
14,‐,O
14,thop,O
14,54,NUMBER
14,.,O
14,398399,NUMBER
14,.,O
14,17,NUMBER
14,.,O
14,Bokoski,PERSON
14,I,O
14,.,O
14,Gallo,PERSON
14,C,O
14,.,O
14,Wallace,PERSON
14,MB,STATE_OR_PROVINCE
14,.,O
14,et,O
14,al,O
14,.,O
14,(,O
14,2020,DATE
14,),O
14,COVID,O
14,‐,O
14,19,NUMBER
14,pandemic,O
14,and,O
14,personal,O
14,protective,O
14,equipment,O
14,short,O
14,‐,O
14,age,O
14,:,O
14,Protective,O
14,efcacy,O
14,comparing,O
14,masks,O
14,and,O
14,scientic,O
14,methods,O
14,for,O
14,respirator,O
14,reuse,O
14,.,O
14,Gastrointest,O
14,Endosc,O
14,S0016,O
14,‐,O
14,5107,NUMBER
14,(,O
14,20,NUMBER
14,),O
14,34247,NUMBER
14,‐,O
14,4,NUMBER
14,.,O
14,M.K.,PERSON
14,Abdelnasser,PERSON
14,et,O
14,al.,O
14,:,O
14,SICOT,O
14,‐,O
14,J,O
14,2020,DATE
14,.,O
14,6,NUMBER
14,.,O
14,24,NUMBER
14,18,NUMBER
14,.,O
14,Lancaster,ORGANIZATION
14,EM,ORGANIZATION
14,.,O
14,Sosa,PERSON
14,JA,PERSON
14,.,O
14,Sammann,PERSON
14,A,O
14,.,O
14,et,O
14,al.,O
14,(,O
14,2020,DATE
14,),O
14,Rapid,O
14,response,O
14,of,O
14,an,O
14,academic,O
14,surgical,O
14,department,O
14,to,O
14,the,O
14,COVID,O
14,‐,O
14,19,NUMBER
14,pandemic,O
14,:,O
14,Implications,O
14,for,O
14,patients,O
14,.,O
14,surgeons,O
14,.,O
14,and,O
14,the,O
14,community,O
14,.,O
14,J,O
14,Am,O
14,Coll,O
14,Surg,O
14,230,NUMBER
14,.,O
14,10641073,NUMBER
14,.,O
14,19,NUMBER
14,.,O
14,Enriquez,PERSON
14,P,O
14,(,O
14,2016,DATE
14,),O
14,Crispr,O
14,‐,O
14,mediated,O
14,epigenome,O
14,edit,O
14,‐,O
14,ing,O
14,.,O
14,Yale,ORGANIZATION
14,J,ORGANIZATION
14,Biol,ORGANIZATION
14,Med,ORGANIZATION
14,89,NUMBER
14,.,O
14,471486,NUMBER
14,.,O
14,21,NUMBER
14,.,O
14,Ashford,ORGANIZATION
14,RU,ORGANIZATION
14,.,O
14,Nichols,ORGANIZATION
14,JS,ORGANIZATION
14,.,O
14,Mangwani,PERSON
14,J,PERSON
14,(,O
14,2020,DATE
14,),O
14,Annotation,O
14,:,O
14,The,O
14,COVID,O
14,‐,O
14,19,NUMBER
14,pandemic,O
14,and,O
14,clinical,O
14,orthopaedic,O
14,and,O
14,trauma,O
14,surgery,CAUSE_OF_DEATH
14,.,O
14,J,PERSON
14,Clin,PERSON
14,Orthop,PERSON
14,Trauma,PERSON
14,11,NUMBER
14,.,O
14,504505,NUMBER
14,.,O
14,22,NUMBER
14,.,O
14,Ducournau,O
14,F,O
14,.,O
14,Arianni,O
14,M,O
14,.,O
14,Awwad,PERSON
14,S,O
14,.,O
14,et,O
14,al,O
14,.,O
14,(,O
14,2020,DATE
14,),O
14,Covid,O
14,‐,O
14,19,NUMBER
14,:,O
14,Initial,O
14,experience,O
14,of,O
14,an,O
14,International,ORGANIZATION
14,Group,ORGANIZATION
14,of,ORGANIZATION
14,Hand,ORGANIZATION
14,Surgeons,ORGANIZATION
14,.,O
14,Hand,O
14,Surg,PERSON
14,Rehabil,PERSON
14,39,NUMBER
14,.,O
14,159166,NUMBER
14,.,O
14,COVID,O
14,‐,O
14,19,NUMBER
14,and,O
14,spinal,O
14,surgery,CAUSE_OF_DEATH
14,.,O
14,J,O
14,Neurosurg,LOCATION
14,Spine,LOCATION
14,.,O
14,13,NUMBER
14,.,O
14,24,NUMBER
14,.,O
14,Peloso,O
14,A,O
14,.,O
14,Moeckli,PERSON
14,B,PERSON
14,.,O
14,Oldani,PERSON
14,G,O
14,.,O
14,et,O
14,al,O
14,.,O
14,(,O
14,2020,DATE
14,),O
14,Response,O
14,of,O
14,a,O
14,European,NATIONALITY
14,surgical,O
14,department,O
14,to,O
14,the,O
14,COVID,O
14,‐,O
14,19,NUMBER
14,crisis,O
14,.,O
14,Swiss,NATIONALITY
14,Med,O
14,Wkly,O
14,150,NUMBER
14,.,O
14,w20241,NUMBER
14,.,O
14,25,NUMBER
14,.,O
14,Thaler,PERSON
14,M,O
14,.,O
14,Khosravi,PERSON
14,I,O
14,.,O
14,Hirschmann,ORGANIZATION
14,MT,ORGANIZATION
14,.,O
14,et,O
14,al.,O
14,(,O
14,2020,DATE
14,),O
14,Disruption,O
14,of,O
14,joint,O
14,arthroplasty,O
14,services,O
14,in,O
14,Europe,LOCATION
14,during,O
14,the,O
14,COVID,O
14,‐,O
14,19,NUMBER
14,(,O
14,EHS,O
14,),O
14,and,O
14,the,O
14,European,NATIONALITY
14,Knee,ORGANIZATION
14,Associates,ORGANIZATION
14,(,O
14,EKA,O
14,),O
14,.,O
14,Knee,O
14,Surg,O
14,Sports,O
14,Traumatol,O
14,Arthrosc,O
14,.,O
14,18,NUMBER
14,.,O
14,26,NUMBER
14,.,O
14,DApolito,O
14,R,O
14,.,O
14,Faraldi,PERSON
14,M,O
14,.,O
14,Ottaiano,PERSON
14,I,O
14,.,O
14,et,O
14,al.,O
14,(,O
14,2020,DATE
14,),O
14,Disruption,O
14,of,O
14,arthroplasty,O
14,practice,O
14,in,O
14,an,O
14,orthopedic,O
14,center,O
14,in,O
14,northern,O
14,Italy,COUNTRY
14,during,O
14,the,O
14,coronavirus,O
14,disease,CAUSE_OF_DEATH
14,2019,DATE
14,pandemic,O
14,.,O
14,J,O
14,Arthroplas,O
14,‐,O
14,ty,O
14,27,NUMBER
14,.,O
14,Meneghini,PERSON
14,RM,PERSON
14,(,O
14,2020,DATE
14,),O
14,Resource,O
14,reallocation,O
14,during,O
14,the,O
14,COVID,O
14,‐,O
14,19,NUMBER
14,pandemic,O
14,in,O
14,a,O
14,suburban,O
14,hospital,O
14,system,O
14,:,O
14,Implications,O
14,for,O
14,outpatient,O
14,hip,O
14,and,O
14,knee,O
14,arthroplasty,O
14,.,O
14,J,O
14,Arthroplasty,O
14,35,NUMBER
14,.,O
14,28,NUMBER
14,.,O
14,Ahmed,PERSON
14,S,PERSON
14,.,O
14,Leong,PERSON
14,Glenn,PERSON
14,TW,PERSON
14,.,O
14,Chong,PERSON
14,YL,PERSON
14,(,O
14,2020,DATE
14,),O
14,Surgical,O
14,response,O
14,to,O
14,COVID,O
14,‐,O
14,19,NUMBER
14,pandemic,O
14,:,O
14,A,O
14,Singapore,COUNTRY
14,perspective,O
14,.,O
14,J,O
14,Am,O
14,Coll,O
14,Surg,O
14,230,NUMBER
14,.,O
14,10741077,NUMBER
14,.,O
14,29,NUMBER
14,.,O
14,Haleem,PERSON
14,A,O
14,.,O
14,Javaid,PERSON
14,M,O
14,.,O
14,Vaishya,PERSON
14,R,PERSON
14,.,O
14,et,O
14,al.,O
14,(,O
14,2020,DATE
14,),O
14,Ef,O
14,‐,O
14,fects,O
14,of,O
14,COVID,O
14,‐,O
14,19,NUMBER
14,pandemic,O
14,in,O
14,the,O
14,eld,O
14,of,O
14,orthopaedics,O
14,.,O
14,J,PERSON
14,Clinic,PERSON
14,Orthop,ORGANIZATION
14,Trauma,ORGANIZATION
14,11,NUMBER
14,.,O
14,498,NUMBER
14,‐,O
14,499,NUMBER
14,.,O
14,30,NUMBER
14,.,O
14,Ross,PERSON
14,SW,O
14,.,O
14,Lauer,ORGANIZATION
14,CW,ORGANIZATION
14,.,O
14,Miles,PERSON
14,WS,PERSON
14,.,O
14,et,O
14,al.,O
14,(,O
14,2020,DATE
14,),O
14,Maximizing,O
14,the,O
14,calm,O
14,before,O
14,the,O
14,storm,CAUSE_OF_DEATH
14,:,O
14,Tiered,O
14,surgical,O
14,response,O
14,plan,O
14,for,O
14,novel,O
14,coronavirus,O
14,(,O
14,COVID,O
14,‐,O
14,19,NUMBER
14,),O
14,.,O
14,J,O
14,Am,O
14,Coll,PERSON
14,Surg,PERSON
14,230,NUMBER
14,.,O
14,10801091,NUMBER
14,.,O
14,e3,O
14,.,O
14,31,NUMBER
14,.,O
14,Sarpong,ORGANIZATION
14,NO,ORGANIZATION
14,.,O
14,Forrester,ORGANIZATION
14,LA,ORGANIZATION
14,.,O
14,Levine,PERSON
14,WN,O
14,(,O
14,2020,DATE
14,),O
14,Whats,O
14,important,O
14,:,O
14,Redeployment,O
14,of,O
14,the,O
14,orthopaedic,O
14,surgeon,TITLE
14,during,O
14,the,O
14,COVID,O
14,‐,O
14,19,NUMBER
14,pandemic,O
14,:,O
14,Perspectives,O
14,from,O
14,the,O
14,trenches,O
14,.,O
14,J,PERSON
14,Bone,PERSON
14,Joint,O
14,Surg,O
14,Am,O
14,102,NUMBER
14,.,O
14,1019102,NUMBER
14,.,O
14,32,NUMBER
14,.,O
14,Xu,PERSON
14,J,PERSON
14,.,O
14,Xu,O
14,QH,O
14,.,O
14,Wang,O
14,CM,O
14,.,O
14,et,O
14,al,O
14,.,O
14,(,O
14,2020,DATE
14,),O
14,Psychological,O
14,status,O
14,of,O
14,surgical,O
14,staff,O
14,during,O
14,the,O
14,COVID,O
14,‐,O
14,19,NUMBER
14,outbreak,O
14,.,O
14,Psychiatry,O
14,Res,O
14,33,NUMBER
14,.,O
14,Khazaei,PERSON
14,M,O
14,.,O
14,Asgari,PERSON
14,R,PERSON
14,.,O
14,Zarei,PERSON
14,E,O
14,.,O
14,et,O
14,al,O
14,.,O
14,(,O
14,2020,DATE
14,),O
14,Incidentally,O
14,diagnosed,O
14,COVID,O
14,‐,O
14,19,NUMBER
14,infection,CAUSE_OF_DEATH
14,in,O
14,trauma,O
14,pa,O
14,‐,O
14,tients,O
14,;,O
14,a,O
14,clinical,O
14,experience,O
14,.,O
14,Arch,ORGANIZATION
14,Acad,ORGANIZATION
14,Emerg,ORGANIZATION
14,Med,ORGANIZATION
14,8,NUMBER
14,.,O
14,e31,O
14,.,O
14,34,NUMBER
14,.,O
14,Mi,O
14,B,O
14,.,O
14,Chen,PERSON
14,L,PERSON
14,.,O
14,Xiong,O
14,Y,O
14,.,O
14,et,O
14,al.,O
14,(,O
14,2020,DATE
14,),O
14,Characteristics,O
14,and,O
14,early,O
14,prognosis,O
14,of,O
14,COVID,O
14,‐,O
14,19,NUMBER
14,infection,CAUSE_OF_DEATH
14,in,O
14,fracture,O
14,patients,O
14,.,O
14,J,PERSON
14,Bone,PERSON
14,Joint,O
14,Surg,O
14,Am,O
14,102,NUMBER
14,.,O
14,750758,NUMBER
14,.,O
14,35,NUMBER
14,.,O
14,Catellani,O
14,F.,O
14,.,O
14,Coscione,O
14,A.,O
14,.,O
14,DAmbrosi,O
14,R.,O
14,.,O
14,et,O
14,al.,O
14,(,O
14,2020,DATE
14,),O
14,Treatment,O
14,of,O
14,proximal,O
14,femoral,O
14,fragili,O
14,‐,O
14,ty,O
14,fractures,O
14,in,O
14,patients,O
14,with,O
14,COVID,O
14,‐,O
14,19,NUMBER
14,during,O
14,the,O
14,SARS,MISC
14,‐,O
14,CoV,O
14,‐,O
14,2,NUMBER
14,out,O
14,‐,O
14,break,O
14,in,O
14,northern,O
14,36,NUMBER
14,.,O
14,Chen,PERSON
14,YC,PERSON
14,.,O
14,Lin,PERSON
14,WC,PERSON
14,(,O
14,2017,DATE
14,),O
14,Risk,O
14,of,O
14,long,O
14,‐,O
14,term,O
14,infection,CAUSE_OF_DEATH
14,‐,O
14,related,O
14,death,O
14,in,O
14,clinical,O
14,osteoporotic,O
14,vertebral,O
14,frac,O
14,‐,O
14,tures,O
14,:,O
14,A,O
14,hospitalbased,O
14,analysis,O
14,.,O
14,PLoS,O
14,One,NUMBER
14,12,NUMBER
14,.,O
14,e0182614,NUMBER
14,.,O
14,37,NUMBER
14,.,O
14,Sta,O
14,‐,O
14,hel,O
14,PF,O
14,(,O
14,2020,DATE
14,),O
14,How,O
14,to,O
14,risk,O
14,‐,O
14,stratify,O
14,elective,O
14,surgery,CAUSE_OF_DEATH
14,during,O
14,the,O
14,COVID,O
14,‐,O
14,19,NUMBER
14,pandemic,O
14,?,O
14,Patient,O
14,Saf,O
14,Surg,O
14,14,NUMBER
14,.,O
14,8,NUMBER
14,.,O
14,of,O
14,state,O
14,guidelines,O
14,for,O
14,elective,O
14,orthopaedic,O
14,procedures,O
14,during,O
14,the,O
14,COVID,O
14,‐,O
14,19,NUMBER
14,outbreak,O
14,.,O
14,J,O
14,Bone,O
14,Joint,O
14,Surg,O
14,Am,O
14,102,NUMBER
14,.,O
14,942945,NUMBER
14,.,O
14,39,NUMBER
14,.,O
14,Lee,PERSON
14,J,PERSON
14,.,O
14,Choi,PERSON
14,JY,PERSON
14,.,O
14,Kim,PERSON
14,MS,PERSON
14,(,O
14,2020,DATE
14,),O
14,Elective,O
14,surgeries,O
14,during,O
14,the,O
14,40,NUMBER
14,.,O
14,Besnier,O
14,E,O
14,.,O
14,Tuech,PERSON
14,JJ,PERSON
14,.,O
14,Schwarz,PERSON
14,L,PERSON
14,(,O
14,2020,DATE
14,),O
14,We,O
14,asked,O
14,the,O
14,experts,O
14,:,O
14,COVID,O
14,‐,O
14,19,NUMBER
14,outbreak,O
14,:,O
14,Is,O
14,there,O
14,still,O
14,a,O
14,place,O
14,for,O
14,scheduled,O
14,surgery,CAUSE_OF_DEATH
14,?,O
14,Reection,O
14,from,O
14,patho,O
14,‐,O
14,physiological,O
14,data,O
14,.,O
14,World,O
14,J,PERSON
14,Surg,PERSON
14,.,O
14,41,NUMBER
14,.,O
14,Lei,O
14,S,O
14,.,O
14,Jiang,PERSON
14,F,O
14,.,O
14,Su,PERSON
14,W,PERSON
14,.,O
14,et,O
14,al.,O
14,(,O
14,2020,DATE
14,),O
14,Clinical,O
14,characteristics,O
14,and,O
14,outcomes,O
14,of,O
14,patients,O
14,un,O
14,‐,O
14,dergoing,O
14,surgeries,O
14,during,O
14,the,O
14,incubation,O
14,period,O
14,of,O
14,COVID,O
14,‐,O
14,19,NUMBER
14,in,O
14,‐,O
14,fection,O
14,.,O
14,EClinicalMedicine,O
14,.,O
14,42,NUMBER
14,.,O
14,Farrell,PERSON
14,S,O
14,.,O
14,Schaeffer,PERSON
14,EK,PERSON
14,.,O
14,Mulpuri,PERSON
14,K,O
14,(,O
14,2020,DATE
14,),O
14,Recommendations,O
14,for,O
14,the,O
14,care,O
14,of,O
14,pediatric,O
14,orthopedic,O
14,pa,O
14,‐,O
14,tients,O
14,during,O
14,the,O
14,COVID,MISC
14,pandemic,MISC
14,.,O
14,J,O
14,Am,O
14,Acad,O
14,Orthop,O
14,Surg,O
14,28,NUMBER
14,.,O
14,e477e486,NUMBER
14,.,O
14,43,NUMBER
14,.,O
14,DePhillipo,ORGANIZATION
14,NN,ORGANIZATION
14,.,O
14,Larson,PERSON
14,CM,O
14,.,O
14,ONeill,O
14,OR,STATE_OR_PROVINCE
14,.,O
14,et,O
14,al.,O
14,(,O
14,2020,DATE
14,),O
14,Guidelines,O
14,for,O
14,ambulatory,O
14,surgery,CAUSE_OF_DEATH
14,centers,O
14,for,O
14,the,O
14,care,O
14,of,O
14,surgi,O
14,‐,O
14,cally,O
14,necessary,O
14,/,O
14,time,O
14,‐,O
14,sensitive,O
14,orthopaedic,O
14,cases,O
14,during,O
14,the,O
14,COVID,O
14,‐,O
14,19,NUMBER
14,pandemic,O
14,.,O
14,J,O
14,Bone,O
14,Joint,O
14,Surg,O
14,Am,O
14,.,O
14,44,NUMBER
14,.,O
14,Massey,ORGANIZATION
14,PA,ORGANIZATION
14,.,O
14,McClary,PERSON
14,K,O
14,.,O
14,Zhang,PERSON
14,AS,STATE_OR_PROVINCE
14,.,O
14,et,O
14,al.,O
14,(,O
14,2020,DATE
14,),O
14,Orthopaedic,MISC
14,surgical,O
14,selection,O
14,and,O
14,in,O
14,‐,O
14,patient,O
14,paradigms,O
14,during,O
14,the,O
14,coronavirus,O
14,COVID,O
14,‐,O
14,19,NUMBER
14,pandemic,O
14,.,O
14,J,O
14,Am,O
14,Acad,PERSON
14,Orthop,PERSON
14,Surg,PERSON
14,.,O
14,45,NUMBER
14,.,O
14,Awad,O
14,ME,STATE_OR_PROVINCE
14,.,O
14,Rumley,PERSON
14,JCL,ORGANIZATION
14,.,O
14,Vazquez,PERSON
14,JA,PERSON
14,.,O
14,et,O
14,al,O
14,.,O
14,(,O
14,2020,DATE
14,),O
14,Perioperative,O
14,considerations,O
14,in,O
14,urgent,O
14,surgical,O
14,care,O
14,of,O
14,suspected,O
14,and,O
14,conrmed,O
14,COVID,O
14,‐,O
14,19,NUMBER
14,orthopedic,O
14,patients,O
14,:,O
14,Operating,O
14,rooms,O
14,protocols,O
14,and,O
14,recommendations,O
14,in,O
14,the,O
14,current,DATE
14,COVID,O
14,‐,O
14,19,NUMBER
14,pan,O
14,‐,O
14,demic,O
14,.,O
14,J,O
14,Am,O
14,Acad,O
14,Orthop,O
14,Surg,O
14,.,O
14,46,NUMBER
14,.,O
14,Balibrea,PERSON
14,JM,PERSON
14,.,O
14,Badia,ORGANIZATION
14,JM,ORGANIZATION
14,.,O
14,Rubio,PERSON
14,Perez,O
14,I,O
14,.,O
14,et,O
14,al.,O
14,(,O
14,2020,DATE
14,),O
14,.,O
14,Surgical,O
14,management,O
14,of,O
14,patients,O
14,with,O
14,COVID,O
14,‐,O
14,19,NUMBER
14,infection,CAUSE_OF_DEATH
14,.,O
14,Recommendations,O
14,of,O
14,the,O
14,Spanish,NATIONALITY
14,Association,O
14,of,O
14,Surgeons,MISC
14,.,O
14,Cir,PERSON
14,Esp,PERSON
14,.,O
14,47,NUMBER
14,.,O
14,De,PERSON
14,Vitis,PERSON
14,R,PERSON
14,.,O
14,Passiatore,O
14,M,O
14,.,O
14,Perna,PERSON
14,A,O
14,.,O
14,et,O
14,al,O
14,.,O
14,(,O
14,2020,DATE
14,),O
14,COVID,O
14,‐,O
14,19,NUMBER
14,contagion,O
14,and,O
14,contamination,O
14,through,O
14,hands,O
14,of,O
14,trauma,O
14,patients,O
14,:,O
14,What,O
14,risks,O
14,and,O
14,what,O
14,precautions,O
14,?,O
14,J,O
14,Hosp,O
14,Infect,O
14,.,O
14,48,NUMBER
14,.,O
14,Donnally,PERSON
14,CJ,PERSON
14,3rd,ORDINAL
14,.,O
14,Shenoy,PERSON
14,K,PERSON
14,.,O
14,Vaccaro,ORGANIZATION
14,AR,ORGANIZATION
14,.,O
14,et,O
14,al.,O
14,(,O
14,2020,DATE
14,),O
14,Triaging,O
14,spine,O
14,surgery,CAUSE_OF_DEATH
14,in,O
14,the,O
14,COVID,O
14,‐,O
14,19,NUMBER
14,era,O
14,.,O
14,Clin,PERSON
14,Spine,PERSON
14,Surg,PERSON
14,.,O
14,49,NUMBER
14,.,O
14,Viswanath,PERSON
14,A,O
14,.,O
14,Monga,PERSON
14,P,O
14,(,O
14,2020,DATE
14,),O
14,Working,O
14,through,O
14,the,O
14,COVID,O
14,‐,O
14,19,NUMBER
14,allied,O
14,heath,O
14,personnel,O
14,.,O
14,J,PERSON
14,Clin,PERSON
14,Orthop,PERSON
14,Trauma,PERSON
14,.,O
14,50,NUMBER
14,.,O
14,Yeo,PERSON
14,D,O
14,.,O
14,Yeo,PERSON
14,C,PERSON
14,.,O
14,Kaushal,PERSON
14,S,O
14,.,O
14,et,O
14,al.,O
14,(,O
14,2020,DATE
14,),O
14,COVID,O
14,‐,O
14,19,NUMBER
14,&,O
14,the,O
14,general,TITLE
14,surgical,O
14,department,O
14,mea,O
14,‐,O
14,sures,O
14,to,O
14,reduce,O
14,spread,O
14,of,O
14,SARS,O
14,‐,O
14,Cov,O
14,‐,O
14,2,NUMBER
14,among,O
14,surgeons,O
14,.,O
14,Ann,PERSON
14,Surg,PERSON
14,.,O
14,51,NUMBER
14,.,O
14,Stinner,O
14,DJ,TITLE
14,.,O
14,Lebrun,PERSON
14,C,O
14,.,O
14,Hsu,PERSON
14,JR,PERSON
14,.,O
14,et,O
14,al.,O
14,(,O
14,2020,DATE
14,),O
14,The,O
14,orthopaedic,O
14,trauma,O
14,service,O
14,and,O
14,COVID,O
14,‐,O
14,19,NUMBER
14,practice,O
14,considerations,O
14,to,O
14,optimize,O
14,outcomes,O
14,and,O
14,limit,O
14,exposure,O
14,.,O
14,J,O
14,Orthop,O
14,Trauma,O
14,.,O
14,52,NUMBER
14,.,O
14,Forrester,PERSON
14,JD,PERSON
14,.,O
14,Nassar,ORGANIZATION
14,AK,ORGANIZATION
14,.,O
14,Maggio,ORGANIZATION
14,PM,ORGANIZATION
14,.,O
14,et,O
14,al,O
14,.,O
14,(,O
14,2020,DATE
14,),O
14,Precautions,O
14,for,O
14,operating,O
14,room,O
14,team,O
14,members,O
14,during,O
14,the,O
14,COVID,O
14,‐,O
14,19,NUMBER
14,pandemic,O
14,.,O
14,J,O
14,Am,O
14,Coll,PERSON
14,Surg,PERSON
14,.,O
14,53,NUMBER
14,.,O
14,Kmietowicz,O
14,Z,O
14,(,O
14,2020,DATE
14,),O
14,Rules,O
14,on,O
14,isolation,O
14,rooms,O
14,for,O
14,suspected,O
14,COVID,O
14,‐,O
14,19,NUMBER
14,cases,O
14,in,O
14,GP,O
14,surgeries,O
14,to,O
14,be,O
14,relaxed,O
14,.,O
14,BMJ,O
14,(,O
14,Clinical,O
14,re,O
14,‐,O
14,search,O
14,ed,O
14,.,O
14,),O
14,368,NUMBER
14,.,O
14,m707,O
14,.,O
14,54,NUMBER
14,.,O
14,Vannabouathong,O
14,C,O
14,.,O
14,Devji,PERSON
14,T,PERSON
14,.,O
14,Ekhtiari,PERSON
14,S,O
14,.,O
14,et,O
14,al.,O
14,(,O
14,2020,DATE
14,),O
14,Novel,O
14,coronavirus,O
14,COVID,O
14,‐,O
14,19,NUMBER
14,:,O
14,Current,DATE
14,evidence,O
14,and,O
14,evolving,O
14,strategies,O
14,.,O
14,J,O
14,Bone,O
14,Joint,O
14,Surg,O
14,Am,O
14,.,O
14,55,NUMBER
14,.,O
14,Aminian,MISC
14,A,MISC
14,.,O
14,Safari,PERSON
14,S,O
14,.,O
14,Razeghian,O
14,‐,O
14,Jahromi,O
14,A,O
14,.,O
14,et,O
14,al.,O
14,(,O
14,2020,DATE
14,),O
14,COVID,O
14,‐,O
14,19,NUMBER
14,outbreak,O
14,and,O
14,sur,O
14,‐,O
14,gical,O
14,practice,O
14,:,O
14,Unexpected,O
14,fatality,O
14,in,O
14,perioperative,O
14,period,O
14,.,O
14,Ann,PERSON
14,Surg,O
14,.,O
14,56,NUMBER
14,.,O
14,Rodrigues,PERSON
14,‐,O
14,Pinto,PERSON
14,R,PERSON
14,.,O
14,Sousa,PERSON
14,R,PERSON
14,.,O
14,Oliveira,PERSON
14,A,O
14,(,O
14,2020,DATE
14,),O
14,Prepar,O
14,‐,O
14,ing,O
14,to,O
14,perform,O
14,trauma,O
14,and,O
14,orthopaedic,O
14,surgery,CAUSE_OF_DEATH
14,on,O
14,patients,O
14,with,O
14,COVID,O
14,‐,O
14,19,NUMBER
14,.,O
14,J,O
14,Bone,O
14,Joint,O
14,Surg,O
14,Am,O
14,.,O
14,M.K.,PERSON
14,Abdelnasser,PERSON
14,et,O
14,al.,O
14,:,O
14,SICOT,O
14,‐,O
14,J,O
14,2020,DATE
14,.,O
14,6,NUMBER
14,.,O
14,24,NUMBER
14,57,NUMBER
14,.,O
14,Abdelrahman,PERSON
14,T,PERSON
14,.,O
14,Ansell,PERSON
14,J,PERSON
14,.,O
14,Brown,PERSON
14,C,O
14,.,O
14,et,O
14,al,O
14,.,O
14,(,O
14,2020,DATE
14,),O
14,Systematic,O
14,COVID,O
14,‐,O
14,19,NUMBER
14,pandemic,O
14,.,O
14,BJS,MISC
14,Open,MISC
14,.,O
14,58,NUMBER
14,.,O
14,Chow,ORGANIZATION
14,TT,ORGANIZATION
14,.,O
14,Yang,PERSON
14,XY,PERSON
14,(,O
14,2004,DATE
14,),O
14,Ventilation,O
14,performance,O
14,in,O
14,activities,O
14,and,O
14,practical,O
14,guid,O
14,‐,O
14,ance,O
14,.,O
14,J,O
14,Hosp,O
14,Infect,O
14,56,NUMBER
14,.,O
14,8592,DATE
14,.,O
14,59,NUMBER
14,.,O
14,Ti,O
14,LK,O
14,.,O
14,Ang,PERSON
14,LS,O
14,.,O
14,Foong,ORGANIZATION
14,TW,ORGANIZATION
14,.,O
14,et,O
14,al.,O
14,(,O
14,2020,DATE
14,),O
14,What,O
14,we,O
14,do,O
14,when,O
14,a,O
14,COVID,O
14,‐,O
14,19,NUMBER
14,patient,O
14,needs,O
14,an,O
14,operation,O
14,:,O
14,Operating,O
14,room,O
14,preparation,O
14,and,O
14,guidance,O
14,.,O
14,Can,O
14,J,PERSON
14,Anaesth,PERSON
14,.,O
14,60,NUMBER
14,.,O
14,Wax,O
14,RS,O
14,.,O
14,Christian,RELIGION
14,MD,STATE_OR_PROVINCE
14,(,O
14,2020,DATE
14,),O
14,Practical,O
14,recommendations,O
14,for,O
14,critical,O
14,care,O
14,and,O
14,anesthesiology,O
14,teams,O
14,caring,O
14,for,O
14,novel,O
14,coronavirus,O
14,(,O
14,2019,DATE
14,‐,O
14,nCoV,O
14,),O
14,patients,O
14,.,O
14,Can,O
14,J,PERSON
14,Anaesth,PERSON
14,67,NUMBER
14,.,O
14,568576,NUMBER
14,.,O
14,61,NUMBER
14,.,O
14,Chandy,O
14,PE,STATE_OR_PROVINCE
14,.,O
14,Nasir,PERSON
14,MU,PERSON
14,.,O
14,Srinivasan,PERSON
14,S,O
14,.,O
14,et,O
14,al.,O
14,(,O
14,2020,DATE
14,),O
14,Interventional,O
14,radiology,O
14,and,O
14,COVID,O
14,‐,O
14,19,NUMBER
14,:,O
14,Evidence,O
14,‐,O
14,based,O
14,measures,O
14,to,O
14,limit,O
14,transmission,O
14,.,O
14,Di,O
14,‐,O
14,agn,O
14,Interv,PERSON
14,Radiol,PERSON
14,.,O
14,62,NUMBER
14,.,O
14,Chen,O
14,X,O
14,.,O
14,Liu,PERSON
14,Y,O
14,.,O
14,Gong,O
14,Y,O
14,.,O
14,et,O
14,al.,O
14,(,O
14,2020,DATE
14,),O
14,Pe,O
14,‐,O
14,rioperative,O
14,management,O
14,of,O
14,patients,O
14,infected,O
14,with,O
14,the,O
14,novel,O
14,coron,O
14,‐,O
14,avirus,O
14,:,O
14,Recommendation,O
14,from,O
14,the,O
14,joint,O
14,task,O
14,force,O
14,of,O
14,the,O
14,Chinese,NATIONALITY
14,Society,ORGANIZATION
14,of,ORGANIZATION
14,Anesthesiology,ORGANIZATION
14,and,O
14,the,O
14,Chinese,ORGANIZATION
14,Association,ORGANIZATION
14,of,ORGANIZATION
14,Anesthe,ORGANIZATION
14,‐,O
14,siologists,O
14,.,O
14,Anesthesiology,O
14,.,O
14,63,NUMBER
14,.,O
14,Dexter,PERSON
14,F,PERSON
14,.,O
14,Parra,PERSON
14,MC,PERSON
14,.,O
14,Brown,PERSON
14,JR,O
14,.,O
14,et,O
14,al.,O
14,(,O
14,2020,DATE
14,),O
14,Perioperative,O
14,COVID,O
14,‐,O
14,19,NUMBER
14,defense,O
14,:,O
14,An,O
14,evidence,O
14,‐,O
14,based,O
14,ap,O
14,‐,O
14,proach,O
14,for,O
14,optimization,O
14,of,O
14,infection,CAUSE_OF_DEATH
14,control,O
14,and,O
14,operating,O
14,room,O
14,management,O
14,.,O
14,Anesth,PERSON
14,Analg,PERSON
14,.,O
14,64,NUMBER
14,.,O
14,Chang,PERSON
14,Liang,PERSON
14,Z,PERSON
14,.,O
14,Wang,PERSON
14,W,PERSON
14,.,O
14,Murphy,PERSON
14,D,O
14,.,O
14,et,O
14,al,O
14,.,O
14,(,O
14,2020,DATE
14,),O
14,Novel,O
14,coronavirus,O
14,and,O
14,orthopaedic,O
14,surgery,CAUSE_OF_DEATH
14,:,O
14,Early,O
14,experiences,O
14,from,O
14,Singapore,COUNTRY
14,.,O
14,J,O
14,Bone,O
14,Joint,O
14,Surg,O
14,Am,O
14,.,O
14,65,NUMBER
14,.,O
14,Chee,PERSON
14,VW,PERSON
14,.,O
14,Khoo,PERSON
14,ML,O
14,.,O
14,Lee,PERSON
14,SF,O
14,.,O
14,et,O
14,al.,O
14,(,O
14,2004,DATE
14,),O
14,Infection,CAUSE_OF_DEATH
14,control,O
14,measures,O
14,for,O
14,op,O
14,‐,O
14,erative,O
14,procedures,O
14,in,O
14,severe,O
14,acute,O
14,respiratory,O
14,syndrome,O
14,‐,O
14,related,O
14,patients,O
14,.,O
14,Anesthesiology,O
14,100,NUMBER
14,.,O
14,13941398,NUMBER
14,.,O
14,66,NUMBER
14,.,O
14,Chadi,ORGANIZATION
14,SA,ORGANIZATION
14,.,O
14,Guidolin,PERSON
14,K,O
14,.,O
14,Caycedo,O
14,‐,O
14,Marulanda,O
14,A,O
14,.,O
14,et,O
14,al.,O
14,(,O
14,2020,DATE
14,),O
14,Current,DATE
14,evidence,O
14,for,O
14,mini,O
14,‐,O
14,mally,O
14,invasive,O
14,surgery,CAUSE_OF_DEATH
14,during,O
14,the,O
14,COVID,O
14,‐,O
14,19,NUMBER
14,pandemic,O
14,and,O
14,risk,O
14,mit,O
14,‐,O
14,igation,O
14,strategies,O
14,:,O
14,A,O
14,narrative,O
14,67,NUMBER
14,.,O
14,Zheng,PERSON
14,MH,PERSON
14,.,O
14,Boni,PERSON
14,L,PERSON
14,.,O
14,Fingerhut,O
14,A,O
14,(,O
14,2020,DATE
14,),O
14,Minimally,O
14,invasive,O
14,surgery,CAUSE_OF_DEATH
14,and,O
14,the,O
14,novel,O
14,coronavirus,O
14,out,O
14,‐,O
14,break,O
14,:,O
14,Lessons,O
14,learned,O
14,in,O
14,China,COUNTRY
14,and,O
14,Italy,COUNTRY
14,.,O
14,Ann,PERSON
14,Surg,PERSON
14,.,O
14,68,NUMBER
14,.,O
14,Yeh,PERSON
14,HC,PERSON
14,.,O
14,Turner,ORGANIZATION
14,RS,ORGANIZATION
14,.,O
14,Jones,PERSON
14,RK,PERSON
14,.,O
14,et,O
14,al.,O
14,(,O
14,1995,DATE
14,),O
14,Characterization,O
14,of,O
14,aerosols,O
14,produced,O
14,during,O
14,surgical,O
14,procedures,O
14,in,O
14,hospitals,O
14,.,O
14,Aero,ORGANIZATION
14,Sci,ORGANIZATION
14,Tech,ORGANIZATION
14,‐,O
14,nol,O
14,22,NUMBER
14,.,O
14,151161,NUMBER
14,.,O
14,69,NUMBER
14,.,O
14,BJS,ORGANIZATION
14,Society,ORGANIZATION
14,(,O
14,2020,DATE
14,),O
14,Global,O
14,guidance,O
14,for,O
14,sur,O
14,‐,O
14,gical,O
14,care,O
14,during,O
14,the,O
14,COVID,O
14,‐,O
14,19,NUMBER
14,pandemic,O
14,.,O
14,Br,PERSON
14,J,PERSON
14,Surg,PERSON
14,.,O
14,70,NUMBER
14,.,O
14,Seguin,PERSON
14,A,O
14,.,O
14,Galicier,PERSON
14,L,PERSON
14,.,O
14,Boutboul,O
14,D,O
14,.,O
14,et,O
14,al.,O
14,(,O
14,2016,DATE
14,),O
14,Pulmonary,O
14,involvement,O
14,in,O
14,patients,O
14,with,O
14,hemophagocytic,O
14,lymphohistiocytosis,O
14,.,O
14,Chest,O
14,149,NUMBER
14,.,O
14,12941301,NUMBER
14,.,O
14,71,NUMBER
14,.,O
14,Mehta,PERSON
14,P,O
14,.,O
14,McAuley,PERSON
14,DF,O
14,.,O
14,Brown,PERSON
14,M,O
14,.,O
14,et,O
14,al.,O
14,(,O
14,2020,DATE
14,),O
14,COVID,O
14,‐,O
14,19,NUMBER
14,:,O
14,Consider,O
14,cytokine,O
14,storm,CAUSE_OF_DEATH
14,syndromes,O
14,and,O
14,immunosuppres,O
14,‐,O
14,sion,O
14,.,O
14,72,NUMBER
14,.,O
14,Parisien,PERSON
14,R.L.,PERSON
14,.,O
14,Shin,PERSON
14,M.,PERSON
14,.,O
14,Constant,O
14,M.,O
14,.,O
14,et,O
14,al.,O
14,(,O
14,2020,DATE
14,),O
14,Telehealth,O
14,utilization,O
14,in,O
14,response,O
14,to,O
14,the,O
14,novel,O
14,coronavirus,O
14,(,O
14,COVID,O
14,‐,O
14,19,NUMBER
14,),O
14,pandemic,O
14,in,O
14,orthopaedic,O
14,surgery,CAUSE_OF_DEATH
14,.,O
14,J,O
14,Am,O
14,Acad,PERSON
14,Orthop,PERSON
14,Surg,O
14,.,O
14,73,NUMBER
14,.,O
14,Tanaka,PERSON
14,MJ,PERSON
14,.,O
14,Oh,O
14,LS,O
14,.,O
14,Martin,ORGANIZATION
14,SD,ORGANIZATION
14,.,O
14,et,O
14,al,O
14,.,O
14,(,O
14,2020,DATE
14,),O
14,Telemedicine,O
14,in,O
14,the,O
14,era,O
14,of,O
14,COVID,O
14,‐,O
14,19,NUMBER
14,:,O
14,The,O
14,virtual,O
14,orthopaedic,O
14,ex,O
14,‐,O
14,amination,O
14,.,O
14,J,O
14,Bone,O
14,Joint,O
14,Surg,O
14,Am,O
14,.,O
14,74,NUMBER
14,.,O
14,Pratap,PERSON
14,Singh,PERSON
14,R,PERSON
14,.,O
14,Javaid,PERSON
14,M,O
14,.,O
14,Haleem,O
14,A,O
14,.,O
14,et,O
14,al.,O
14,(,O
14,2020,DATE
14,),O
14,Internet,MISC
14,of,O
14,medical,O
14,things,O
14,(,O
14,iomt,O
14,),O
14,for,O
14,or,O
14,‐,O
14,thopaedic,O
14,in,O
14,COVID,O
14,‐,O
14,19,NUMBER
14,pandemic,O
14,:,O
14,Roles,O
14,.,O
14,challenges,O
14,.,O
14,and,O
14,applica,O
14,‐,O
14,tions,O
14,.,O
14,J,PERSON
14,Clin,PERSON
14,Orthop,PERSON
14,Trauma,PERSON
14,.,O
14,75,NUMBER
14,.,O
14,Bini,ORGANIZATION
14,SA,ORGANIZATION
14,.,O
14,Schilling,ORGANIZATION
14,PL,ORGANIZATION
14,.,O
14,Patel,PERSON
14,SP,O
14,.,O
14,et,O
14,al.,O
14,(,O
14,2020,DATE
14,),O
14,Digital,O
14,orthopaedics,O
14,:,O
14,A,O
14,glimpse,O
14,into,O
14,the,DATE
14,future,DATE
14,in,O
14,the,O
14,midst,O
14,of,O
14,a,O
14,pandemic,O
14,.,O
14,J,O
14,Arthroplasty,O
14,.,O
14,76,NUMBER
14,.,O
14,Halawi,PERSON
14,MJ,PERSON
14,.,O
14,Wang,PERSON
14,DD,O
14,.,O
14,Hunt,O
14,TR,O
14,3rd,ORDINAL
14,(,O
14,2020,DATE
14,),O
14,Whats,O
14,important,O
14,:,O
14,Weathering,O
14,the,O
14,COVID,O
14,‐,O
14,19,NUMBER
14,crisis,O
14,:,O
14,Time,O
14,for,O
14,leadership,O
14,.,O
14,vigilance,O
14,.,O
14,and,O
14,unity,O
14,.,O
14,J,PERSON
14,Bone,PERSON
14,Joint,PERSON
14,Surg,O
14,Am,O
14,.,O
14,77,NUMBER
14,.,O
14,Dowdell,ORGANIZATION
14,JE,ORGANIZATION
14,.,O
14,Louie,PERSON
14,PK,PERSON
14,.,O
14,Virk,PERSON
14,S,O
14,.,O
14,et,O
14,al,O
14,.,O
14,(,O
14,2020,DATE
14,),O
14,Spine,O
14,fellowship,O
14,training,O
14,reorganizing,O
14,during,O
14,a,O
14,pandemic,O
14,:,O
14,Perspectives,O
14,from,O
14,a,O
14,tertiary,O
14,orthopedic,O
14,specialty,O
14,center,O
14,in,O
14,the,O
14,epicenter,O
14,of,O
14,outbreak,O
14,.,O
14,Spine,O
14,J.,O
14,78,NUMBER
14,.,O
14,Tait,PERSON
14,S,O
14,.,O
14,MacLean,PERSON
14,R,PERSON
14,.,O
14,Gopinath,PERSON
14,B,PERSON
14,(,O
14,2020,DATE
14,),O
14,Covid,O
14,19,NUMBER
14,and,O
14,training,O
14,in,O
14,the,O
14,UK,COUNTRY
14,correspondence,O
14,.,O
14,Int,PERSON
14,J,PERSON
14,Surg,PERSON
14,.,O
14,79,NUMBER
14,.,O
14,Saleh,PERSON
14,H.,PERSON
14,(,O
14,2020,DATE
14,),O
14,Orthopedic,O
14,surgery,CAUSE_OF_DEATH
14,training,O
14,during,O
14,the,O
14,COVID,O
14,‐,O
14,19,NUMBER
14,pandemic,O
14,:,O
14,Dusting,O
14,off,O
14,my,O
14,stethoscope,O
14,.,O
14,Spine,O
14,(,O
14,Phila,O
14,Pa,STATE_OR_PROVINCE
14,1976,DATE
14,),O
14,.,O
14,80,NUMBER
14,.,O
14,Chick,O
14,RC,O
14,.,O
14,Clifton,PERSON
14,GT,PERSON
14,.,O
14,Peace,O
14,KM,O
14,.,O
14,et,O
14,al.,O
14,(,O
14,2020,DATE
14,),O
14,Using,O
14,technology,O
14,to,O
14,maintain,O
14,the,O
14,education,O
14,of,O
14,residents,O
14,during,O
14,the,O
14,COVID,O
14,‐,O
14,19,NUMBER
14,pandemic,O
14,.,O
14,J,PERSON
14,Surg,PERSON
14,Educ,PERSON
14,.,O
14,81,NUMBER
14,.,O
14,Kogan,PERSON
14,M,O
14,.,O
14,Klein,ORGANIZATION
14,SE,ORGANIZATION
14,.,O
14,Hannon,PERSON
14,CP,O
14,.,O
14,et,O
14,al.,O
14,(,O
14,2020,DATE
14,),O
14,Or,O
14,‐,O
14,thopaedic,O
14,education,O
14,during,O
14,the,O
14,COVID,O
14,‐,O
14,19,NUMBER
14,pandemic,O
14,.,O
14,J,O
14,Am,O
14,Acad,O
14,Or,O
14,‐,O
14,thop,O
14,82,NUMBER
14,.,O
14,McKechnie,PERSON
14,T,O
14,.,O
14,Levin,PERSON
14,M,O
14,.,O
14,Zhou,PERSON
14,K,PERSON
14,.,O
14,et,O
14,al.,O
14,(,O
14,2020,DATE
14,),O
14,Virtual,O
14,sur,O
14,‐,O
14,gical,O
14,training,O
14,during,O
14,COVID,O
14,‐,O
14,19,NUMBER
14,:,O
14,Operating,O
14,room,O
14,simulation,O
14,plat,O
14,‐,O
14,forms,O
14,accessible,O
14,from,O
14,home,O
14,.,O
14,Ann,PERSON
14,Surg,PERSON
14,.,O
14,83,NUMBER
14,.,O
14,Day,DURATION
14,RW,O
14,.,O
14,Taylor,PERSON
14,BM,O
14,.,O
14,Bednarski,PERSON
14,B,O
14,.,O
14,et,O
14,al.,O
14,(,O
14,2020,DATE
14,),O
14,Virtual,O
14,interviews,O
14,for,O
14,surgical,O
14,train,CRIMINAL_CHARGE
14,‐,O
14,ing,O
14,program,O
14,applicants,O
14,during,O
14,COVID,O
14,‐,O
14,19,NUMBER
14,:,O
14,Lessons,O
14,learned,O
14,and,O
14,rec,O
14,‐,O
14,ommendations,O
14,.,O
14,Ann,PERSON
14,Surg,PERSON
14,.,O
14,84,NUMBER
14,.,O
14,Ehrlich,PERSON
14,H,O
14,.,O
14,McKenney,PERSON
14,M,O
14,.,O
14,Elkbuli,PERSON
14,A,PERSON
14,(,O
14,2020,DATE
14,),O
14,We,O
14,asked,O
14,the,O
14,experts,O
14,:,O
14,Virtual,O
14,learning,O
14,in,O
14,surgical,O
14,educa,O
14,‐,O
14,tion,O
14,during,O
14,the,O
14,COVID,O
14,‐,O
14,19,NUMBER
14,pandemic,O
14,‐,O
14,shaping,O
14,the,DATE
14,future,DATE
14,of,O
14,surgical,O
14,education,O
14,and,O
14,training,O
14,.,O
14,World,O
14,J,O
14,Surg,O
14,13,NUMBER
14,.,O
14,85,NUMBER
14,.,O
14,Oussedik,PERSON
14,S,O
14,.,O
14,Zagra,PERSON
14,L,O
14,.,O
14,Shin,PERSON
14,GY,PERSON
14,.,O
14,et,O
14,al,O
14,.,O
14,(,O
14,2020,DATE
14,),O
14,Reinstating,O
14,elective,O
14,orthopaedic,O
14,surgery,CAUSE_OF_DEATH
14,in,O
14,the,O
14,age,O
14,of,O
14,COVID,O
14,‐,O
14,19,NUMBER
14,.,O
14,Bone,O
14,Joint,O
14,J,O
14,14,NUMBER
14,.,O
14,86,NUMBER
14,.,O
14,Parvizi,PERSON
14,J,PERSON
14,.,O
14,Gehrke,PERSON
14,T,O
14,.,O
14,Krueger,PERSON
14,CA,STATE_OR_PROVINCE
14,.,O
14,et,O
14,al.,O
14,(,O
14,2020,DATE
14,),O
14,Resuming,O
14,elective,O
14,orthopaedic,O
14,surgery,CAUSE_OF_DEATH
14,during,O
14,the,O
14,COVID,O
14,‐,O
14,19,NUMBER
14,pandemic,O
14,:,O
14,Guidelines,O
14,developed,O
14,by,O
14,The,O
14,International,ORGANIZATION
14,Consensus,ORGANIZATION
14,Group,ORGANIZATION
14,(,O
14,ICM,O
14,),O
14,.,O
14,J,O
14,Bone,O
14,Joint,O
14,Surg,O
14,Am,O
14,.,O
14,87,NUMBER
14,.,O
14,OConnor,O
14,CM,O
14,.,O
14,Anoushiravani,ORGANIZATION
14,AA,ORGANIZATION
14,.,O
14,DiCaprio,PERSON
14,MR,PERSON
14,.,O
14,et,O
14,al.,O
14,(,O
14,2020,DATE
14,),O
14,Economic,O
14,recovery,O
14,after,O
14,the,O
14,COVID,O
14,‐,O
14,19,NUMBER
14,pandemic,O
14,:,O
14,Resuming,O
14,elective,O
14,orthope,O
14,‐,O
14,dic,O
14,surgery,CAUSE_OF_DEATH
14,and,O
14,total,O
14,joint,O
14,arthroplasty,O
14,.,O
14,J,O
14,Arthroplasty,O
14,.,O
14,88,NUMBER
14,.,O
14,Mouton,PERSON
14,C,O
14,.,O
14,Hirschmann,PERSON
14,MT,STATE_OR_PROVINCE
14,.,O
14,Ollivier,PERSON
14,M,O
14,.,O
14,et,O
14,al.,O
14,(,O
14,2020,DATE
14,),O
14,COVID,O
14,‐,O
14,19,NUMBER
14,ESSKA,ORGANIZATION
14,guidelines,O
14,and,O
14,recommendations,O
14,for,O
14,resuming,O
14,elective,O
14,surgery,CAUSE_OF_DEATH
14,.,O
14,J,O
14,Exp,O
14,Orthop,O
14,7,NUMBER
14,.,O
14,28,NUMBER
14,.,O
14,89,NUMBER
14,.,O
14,de,PERSON
14,Caro,PERSON
14,F,O
14,.,O
14,Hirschmann,PERSON
14,TM,O
14,.,O
14,Ver,O
14,‐,O
14,donk,O
14,P,O
14,(,O
14,2020,DATE
14,),O
14,Returning,O
14,to,O
14,orthopaedic,O
14,business,O
14,as,O
14,usual,O
14,after,O
14,COVID,O
14,‐,O
14,19,NUMBER
14,:,O
14,Strategies,O
14,and,O
14,options,O
14,.,O
14,Knee,O
14,Surg,O
14,Sports,O
14,Traumatol,O
14,Arthrosc,O
14,16,NUMBER
14,.,O
14,Hassan,ORGANIZATION
14,AAA,ORGANIZATION
14,&,ORGANIZATION
14,Abdelgawaad,ORGANIZATION
14,AS,ORGANIZATION
14,(,O
14,2020,DATE
14,),O
14,COVID,O
14,‐,O
14,19,NUMBER
14,.,O
14,An,O
14,up,O
14,‐,O
14,date,O
14,for,O
14,orthopedic,O
14,surgeons,O
14,.,O
14,SICOT,O
14,‐,O
14,J,O
14,6,NUMBER
14,.,O
14,24,NUMBER
