1,Practical,O
1,Considerations,O
1,for,O
1,Solid,O
1,Organ,O
1,Transplantation,O
1,During,O
1,the,O
1,COVID,O
1,‐,O
1,19,NUMBER
1,Global,O
1,Outbreak,O
1,:,O
1,The,O
1,Experience,O
1,from,O
1,Singapore,COUNTRY
1,Shimin,PERSON
1,Jasmine,PERSON
1,Chung,PERSON
1,.,O
1,MBBS,O
1,.,O
1,BSc,O
1,.,O
1,MRCP,O
1,(,O
1,UK,COUNTRY
1,),O
1,.1.2,O
1,Ek,PERSON
1,Khoon,PERSON
1,Tan,PERSON
1,.,O
1,MBBS,O
1,.,O
1,MMed,O
1,.,O
1,MPH,O
1,.,O
1,FRCSEd,O
1,.2.3,O
1,Terence,PERSON
1,Kee,PERSON
1,.,O
1,MBBS,O
1,.,O
1,MRCP,O
1,(,O
1,UK,COUNTRY
1,),O
1,.,O
1,FAMS,O
1,.,O
1,FRCP,ORGANIZATION
1,.,O
1,FASN,O
1,.2.4,NUMBER
1,Thinesh,PERSON
1,Lee,PERSON
1,Krishnamoorthy,PERSON
1,.,O
1,MBChB,O
1,.,O
1,BSc,O
1,.,O
1,MRCP,O
1,(,O
1,UK,COUNTRY
1,),O
1,.2.5,O
1,Ghee,PERSON
1,Chee,PERSON
1,Phua,PERSON
1,.,O
1,MBBS,O
1,.,O
1,MMed,O
1,.,O
1,MRCP,O
1,(,O
1,UK,COUNTRY
1,),O
1,.,O
1,FAMS,O
1,.,O
1,FCCP,O
1,.,O
1,EDIC,ORGANIZATION
1,.2.6,NUMBER
1,Duu,PERSON
1,Wen,PERSON
1,Sewa,PERSON
1,.,O
1,MBBS,O
1,.,O
1,MRCP,O
1,(,O
1,UK,COUNTRY
1,),O
1,.2.6,O
1,Boon,O
1,‐,O
1,Hean,PERSON
1,Ong,PERSON
1,.,O
1,MBBS,O
1,.,O
1,MRCSEd,O
1,.,O
1,FRCSEd,O
1,(,O
1,CTh,MISC
1,),O
1,.,O
1,FAMS,O
1,.2.7,O
1,Teing,PERSON
1,Ee,PERSON
1,Tan,PERSON
1,.,O
1,MBBS,O
1,.,O
1,FRCSEd,O
1,.2.7,O
1,Cumaraswamy,PERSON
1,Sivathasan,PERSON
1,.,O
1,MBBS,ORGANIZATION
1,.,O
1,FRCS,O
1,(,O
1,Eng,O
1,/,O
1,Edin,PERSON
1,),O
1,.,O
1,FAMS,O
1,.2.7,O
1,Huei,PERSON
1,Li,PERSON
1,Valerie,PERSON
1,Gan,PERSON
1,.,O
1,MBBS,O
1,.,O
1,MRCS,ORGANIZATION
1,.,O
1,MMed,O
1,.,O
1,FAMS,O
1,.2.8,O
1,Brian,PERSON
1,Kim,PERSON
1,Poh,PERSON
1,Goh,PERSON
1,.,O
1,MBBS,O
1,.,O
1,MMed,O
1,.,O
1,MSc,O
1,.,O
1,FRCSEd,O
1,.,O
1,FAMS,O
1,.2.3,O
1,Prema,PERSON
1,Raj,PERSON
1,Jeyaraj,PERSON
1,.,O
1,MBBS,O
1,.,O
1,Mmed,O
1,.,O
1,FRCS,O
1,(,O
1,Glasg,O
1,),O
1,.,O
1,FRCS,O
1,(,O
1,Ed,MISC
1,),O
1,.,O
1,FAMS,O
1,.2.3,O
1,and,O
1,Ban,PERSON
1,Hock,PERSON
1,Tan,PERSON
1,.,O
1,MBBS,O
1,.,O
1,FRCP,O
1,(,O
1,UK,COUNTRY
1,),O
1,1.2,NUMBER
1,Abstract,O
1,.,O
1,The,O
1,current,DATE
1,coronavirus,O
1,disease,CAUSE_OF_DEATH
1,2019,DATE
1,(,O
1,COVID,O
1,‐,O
1,19,NUMBER
1,),O
1,pandem,O
1,‐,O
1,ic,O
1,has,O
1,not,O
1,only,O
1,caused,O
1,global,O
1,social,O
1,disruptions,O
1,but,O
1,has,O
1,also,O
1,put,O
1,tremendous,O
1,strain,O
1,on,O
1,healthcare,O
1,systems,O
1,worldwide,O
1,.,O
1,With,O
1,all,O
1,at,O
1,‐,O
1,tention,O
1,and,O
1,significant,O
1,effort,O
1,diverted,O
1,to,O
1,containing,O
1,and,O
1,manag,O
1,‐,O
1,ing,O
1,the,O
1,COVID,O
1,‐,O
1,19,NUMBER
1,outbreak,O
1,(,O
1,and,O
1,understandably,O
1,so,O
1,),O
1,.,O
1,essential,O
1,med,O
1,‐,O
1,ical,O
1,services,O
1,such,O
1,as,O
1,transplant,O
1,services,O
1,are,O
1,likely,O
1,to,O
1,be,O
1,af,O
1,‐,O
1,fected,O
1,.,O
1,Closure,O
1,of,O
1,transplant,O
1,programs,O
1,in,O
1,an,O
1,outbreak,O
1,caused,O
1,by,O
1,a,O
1,highly,O
1,transmissible,O
1,novel,O
1,pathogen,O
1,die,O
1,before,O
1,the,O
1,program,O
1,re,O
1,‐,O
1,opens,O
1,.,O
1,By,O
1,adopting,O
1,a,O
1,tiered,O
1,approach,O
1,based,O
1,on,O
1,outbreak,O
1,disease,CAUSE_OF_DEATH
1,alert,O
1,levels,O
1,.,O
1,and,O
1,having,O
1,hospital,O
1,guidelines,O
1,based,O
1,on,O
1,the,O
1,best,O
1,available,O
1,evidence,O
1,.,O
1,life,O
1,‐,O
1,saving,O
1,transplants,O
1,can,O
1,still,O
1,be,O
1,safely,O
1,performed,O
1,.,O
1,We,O
1,performed,O
1,a,O
1,lung,O
1,transplant,O
1,and,O
1,a,O
1,liver,O
1,transplant,O
1,successfully,O
1,during,O
1,the,O
1,COVID,O
1,‐,O
1,19,NUMBER
1,era,O
1,.,O
1,We,O
1,present,DATE
1,our,O
1,guidelines,O
1,and,O
1,experience,O
1,on,O
1,managing,O
1,the,O
1,transplant,O
1,service,O
1,as,O
1,well,O
1,as,O
1,the,O
1,selection,O
1,and,O
1,management,O
1,of,O
1,donors,O
1,and,O
1,recipients,O
1,.,O
1,We,O
1,also,O
1,dis,O
1,‐,O
1,cuss,O
1,clinical,O
1,dilemmas,O
1,in,O
1,the,O
1,management,O
1,COVID,O
1,‐,O
1,19,NUMBER
1,in,O
1,the,O
1,post,O
1,‐,O
1,transplant,O
1,recipient,O
1,.,O
1,ecause,O
1,of,O
1,the,O
1,emergence,O
1,of,O
1,a,O
1,novel,O
1,coron,O
1,‐,O
1,avirus,O
1,(,O
1,now,DATE
1,called,O
1,Severe,O
1,Acute,O
1,Respiratory,O
1,Distress,O
1,Syndrome,O
1,[,O
1,SARS,O
1,],O
1,‐,O
1,CoV,O
1,‐,O
1,2,NUMBER
1,.,O
1,causing,O
1,the,O
1,disease,CAUSE_OF_DEATH
1,coronavirus,O
1,disease,CAUSE_OF_DEATH
1,2019,DATE
1,[,O
1,COVID,O
1,‐,O
1,19,NUMBER
1,],O
1,),O
1,in,O
1,Wuhan,CITY
1,.,O
1,China,COUNTRY
1,.,O
1,in,O
1,December,DATE
1,2019,DATE
1,.,O
1,there,O
1,has,O
1,been,O
1,an,O
1,exponential,O
1,increase,O
1,in,O
1,the,O
1,global,O
1,number,O
1,of,O
1,confirmed,O
1,cases,O
1,.,O
1,There,O
1,are,O
1,now,DATE
1,>,O
1,2,NUMBER
1,million,NUMBER
1,cases,O
1,in,O
1,>,O
1,200,NUMBER
1,countries,O
1,.,O
1,The,O
1,ongoing,O
1,COVID,O
1,‐,O
1,19,NUMBER
1,outbreak,O
1,has,O
1,outstripped,O
1,the,O
1,2003,DATE
1,SARS,O
1,in,O
1,scale,O
1,and,O
1,worldwide,O
1,extent,O
1,.,O
1,leading,O
1,the,O
1,World,ORGANIZATION
1,Health,ORGANIZATION
1,Organization,ORGANIZATION
1,to,O
1,offi,O
1,‐,O
1,cially,O
1,declare,O
1,it,O
1,a,O
1,pandemic,O
1,on,O
1,March,DATE
1,11,DATE
1,.,O
1,2020.1,NUMBER
1,The,O
1,evolution,O
1,of,O
1,COVID,O
1,‐,O
1,19,NUMBER
1,and,O
1,the,O
1,containment,O
1,efforts,O
1,to,O
1,combat,O
1,it,O
1,are,O
1,reminiscent,O
1,of,O
1,SARS,O
1,.,O
1,The,O
1,potential,O
1,for,O
1,healthcare,O
1,systems,O
1,to,O
1,be,O
1,crippled,O
1,by,O
1,this,O
1,pandemic,O
1,is,O
1,real,O
1,and,O
1,looming,O
1,.,O
1,Essential,O
1,medical,O
1,services,O
1,may,O
1,be,O
1,affected,O
1,.,O
1,as,O
1,hospitals,O
1,commandeer,O
1,resources,O
1,to,O
1,care,O
1,for,O
1,COVID,O
1,‐,O
1,19,NUMBER
1,patients,O
1,and,O
1,suspects,O
1,.2,NUMBER
1,During,O
1,SARS,O
1,.,O
1,cities,O
1,experiencing,O
1,community,O
1,transmission,O
1,.,O
1,such,O
1,as,O
1,Singapore,COUNTRY
1,and,O
1,Toronto,CITY
1,.,O
1,closed,O
1,their,O
1,transplant,O
1,programs,O
1,temporarily,O
1,.3.4,NUMBER
1,Although,O
1,SARS,O
1,came,O
1,un,O
1,‐,O
1,der,O
1,control,O
1,after,O
1,a,DURATION
1,few,DURATION
1,months,DURATION
1,.,O
1,allowing,O
1,transplantation,O
1,to,O
1,re,O
1,‐,O
1,sume,O
1,.,O
1,the,O
1,current,DATE
1,COVID,O
1,‐,O
1,19,NUMBER
1,outbreak,O
1,may,O
1,be,O
1,long,O
1,‐,O
1,drawn,O
1,.,O
1,Organ,O
1,transplantation,O
1,is,O
1,an,O
1,essential,O
1,medical,O
1,service,O
1,and,O
1,can,O
1,not,O
1,be,O
1,put,O
1,on,O
1,hold,O
1,indefinitely,O
1,or,O
1,for,O
1,a,O
1,prolonged,O
1,period,O
1,of,O
1,time,O
1,without,O
1,compromising,O
1,patients,O
1,on,O
1,the,O
1,waiting,O
1,list,O
1,.,O
1,Thus,O
1,.,O
1,Department,O
1,of,O
1,Infectious,O
1,Diseases,CAUSE_OF_DEATH
1,.,O
1,Singapore,ORGANIZATION
1,General,ORGANIZATION
1,Hospital,ORGANIZATION
1,.,O
1,Singapore,COUNTRY
1,.,O
1,SingHealth,O
1,Duke,TITLE
1,‐,O
1,NUS,O
1,Transplant,O
1,Centre,O
1,.,O
1,Singapore,COUNTRY
1,.,O
1,Department,O
1,of,O
1,Hepatopancreatobiliary,O
1,and,O
1,Transplant,O
1,Surgery,CAUSE_OF_DEATH
1,.,O
1,Singapore,COUNTRY
1,General,TITLE
1,Hospital,O
1,.,O
1,Singapore,COUNTRY
1,.,O
1,Department,O
1,of,O
1,Gasteroentrology,LOCATION
1,and,O
1,Hepatol,O
1,‐,O
1,ogy,O
1,.,O
1,Singapore,ORGANIZATION
1,General,ORGANIZATION
1,Hospital,ORGANIZATION
1,.,O
1,Department,O
1,of,O
1,Respiratory,O
1,and,O
1,Critical,O
1,Care,O
1,Medicine,O
1,.,O
1,Singapore,ORGANIZATION
1,General,ORGANIZATION
1,Hospital,ORGANIZATION
1,.,O
1,Singapore,COUNTRY
1,.,O
1,Department,O
1,of,O
1,Cardiothoracic,O
1,Surgery,CAUSE_OF_DEATH
1,.,O
1,National,O
1,Heart,O
1,Centre,O
1,.,O
1,Sin,O
1,‐,O
1,gapore,O
1,.,O
1,Department,ORGANIZATION
1,of,ORGANIZATION
1,Renal,ORGANIZATION
1,Medicine,ORGANIZATION
1,Singapore,ORGANIZATION
1,General,ORGANIZATION
1,Hospital,ORGANIZATION
1,.,O
1,Singapore,COUNTRY
1,.,O
1,Department,ORGANIZATION
1,of,ORGANIZATION
1,Urology,ORGANIZATION
1,.,O
1,Singapore,ORGANIZATION
1,General,ORGANIZATION
1,Hospital,ORGANIZATION
1,.,O
1,Singapore,COUNTRY
1,.,O
1,S.J.C.,O
1,.,O
1,E.K.T.,O
1,.,O
1,T.K.,PERSON
1,.,O
1,P.R.J.,O
1,.,O
1,and,O
1,B.H.T.,O
1,participated,O
1,in,O
1,the,O
1,writing,O
1,of,O
1,the,O
1,paper,O
1,.,O
1,S.J.C.,O
1,.,O
1,E.K.T.,O
1,.,O
1,T.L.K.,O
1,.,O
1,G.C.P.,O
1,.,O
1,D.W.S.,O
1,.,O
1,B.,O
1,‐,O
1,H.O.,O
1,.,O
1,T.E.T.,O
1,.,O
1,C.S.,LOCATION
1,.,O
1,T.K.,PERSON
1,.,O
1,H.L.V.G.,O
1,.,O
1,B.K.P.G.,O
1,.,O
1,P.R.J.,O
1,.,O
1,and,O
1,B.H.T.,O
1,drafted,O
1,the,O
1,institutional,O
1,guidelines,O
1,.,O
1,Correspondence,O
1,:,O
1,Shimin,PERSON
1,Jasmine,PERSON
1,Chung,PERSON
1,.,O
1,MBBS,O
1,.,O
1,BSc,O
1,.,O
1,MRCP,O
1,(,O
1,UK,COUNTRY
1,),O
1,.,O
1,Department,O
1,of,O
1,Infec,O
1,‐,O
1,tious,O
1,Diseases,CAUSE_OF_DEATH
1,.,O
1,SGH,O
1,.,O
1,The,O
1,Academia,ORGANIZATION
1,Level,ORGANIZATION
1,3,NUMBER
1,.,O
1,20,NUMBER
1,College,O
1,Rd,O
1,.,O
1,Singa,O
1,‐,O
1,pore,O
1,Transplantation,O
1,DIRECT,O
1,(,O
1,CCBY,O
1,‐,O
1,NC,STATE_OR_PROVINCE
1,‐,O
1,ND,STATE_OR_PROVINCE
1,),O
1,.,O
1,where,O
1,it,O
1,is,O
1,permissible,O
1,to,O
1,download,O
1,and,O
1,share,O
1,the,O
1,work,O
1,provided,O
1,Transplantation,O
1,DIRECT,O
1,this,O
1,outbreak,O
1,.,O
1,we,O
1,the,O
1,transplant,O
1,community,O
1,have,O
1,to,O
1,evaluate,O
1,how,O
1,best,O
1,to,O
1,continue,O
1,providing,O
1,transplant,O
1,care,O
1,during,O
1,these,O
1,trying,O
1,times,O
1,.,O
1,Here,O
1,.,O
1,in,O
1,Singapore,COUNTRY
1,.,O
1,evidence,O
1,of,O
1,local,O
1,transmission,O
1,oc,O
1,‐,O
1,curred,O
1,shortly,O
1,after,O
1,the,O
1,first,ORDINAL
1,imported,O
1,cases,O
1,were,O
1,diagnosed,O
1,.5,NUMBER
1,Having,O
1,survived,O
1,the,O
1,tragedy,O
1,of,O
1,SARS,O
1,.,O
1,our,O
1,hospital,O
1,had,O
1,swung,O
1,into,O
1,crisis,O
1,mode,O
1,early,O
1,.,O
1,freeing,O
1,the,O
1,negative,O
1,‐,O
1,pressure,O
1,isolation,O
1,ward,O
1,of,O
1,its,O
1,usual,O
1,patients,O
1,(,O
1,eg,O
1,.,O
1,those,O
1,with,O
1,tuberculosis,CAUSE_OF_DEATH
1,.,O
1,carbapenemre,O
1,‐,O
1,sistant,O
1,Enterobacteriaceae,O
1,),O
1,and,O
1,reducing,O
1,the,O
1,number,O
1,of,O
1,elective,O
1,surgeries,O
1,to,O
1,create,O
1,bed,O
1,capacity,O
1,.,O
1,Strict,O
1,infection,CAUSE_OF_DEATH
1,prevention,O
1,protocols,O
1,were,O
1,implemented,O
1,.,O
1,and,O
1,compliance,O
1,audits,O
1,were,O
1,started,O
1,.,O
1,The,O
1,heightened,O
1,level,O
1,of,O
1,operations,O
1,and,O
1,the,O
1,desire,O
1,to,O
1,maintain,O
1,transplant,O
1,as,O
1,an,O
1,essential,O
1,service,O
1,prompted,O
1,us,O
1,to,O
1,develop,O
1,inter,O
1,‐,O
1,nal,O
1,guidelines,O
1,on,O
1,the,O
1,selection,O
1,and,O
1,management,O
1,of,O
1,donors,O
1,and,O
1,re,O
1,‐,O
1,cipients,O
1,for,O
1,transplantation,O
1,in,O
1,the,O
1,setting,O
1,of,O
1,COVID,O
1,‐,O
1,19,NUMBER
1,.,O
1,Shortly,O
1,thereafter,O
1,.,O
1,a,O
1,brain,O
1,‐,O
1,dead,O
1,donor,O
1,was,O
1,identified,O
1,.,O
1,We,O
1,implemented,O
1,these,O
1,guidelines,O
1,and,O
1,proceeded,O
1,to,O
1,perform,O
1,a,O
1,deceased,O
1,‐,O
1,donor,O
1,lung,O
1,and,O
1,a,O
1,liver,O
1,transplant,O
1,.,O
1,The,O
1,aim,O
1,of,O
1,to,O
1,continue,O
1,provision,O
1,of,O
1,organ,O
1,transplantation,O
1,services,O
1,during,O
1,this,O
1,pandemic,O
1,.,O
1,Specifically,O
1,.,O
1,we,O
1,want,O
1,to,O
1,highlight,O
1,the,O
1,need,O
1,for,O
1,a,O
1,tiered,O
1,approach,O
1,as,O
1,the,O
1,pandemic,O
1,evolves,O
1,.,O
1,EVOLVING,O
1,EPIDEMIOLOGY,O
1,OF,O
1,COVID,O
1,‐,O
1,19,NUMBER
1,AND,O
1,ITS,O
1,IMPACT,O
1,ON,O
1,DE,STATE_OR_PROVINCE
1,‐,O
1,CISION,O
1,FOR,O
1,TRANSPLANT,O
1,The,O
1,first,ORDINAL
1,reported,O
1,cluster,O
1,of,O
1,SARS,O
1,‐,O
1,CoV,O
1,‐,O
1,2,NUMBER
1,infected,O
1,individuals,O
1,in,O
1,December,DATE
1,2019,DATE
1,was,O
1,reportedly,O
1,linked,O
1,to,O
1,a,O
1,large,O
1,seafood,O
1,and,O
1,live,O
1,animal,O
1,market,O
1,in,O
1,Wuhan,CITY
1,.,LOCATION
1,Hubei,STATE_OR_PROVINCE
1,Province,LOCATION
1,.,O
1,China,COUNTRY
1,.,O
1,suggesting,O
1,a,O
1,zoonotic,O
1,origin,O
1,for,O
1,this,O
1,novel,O
1,pathogen,O
1,.,O
1,De,O
1,‐,O
1,spite,O
1,early,O
1,closure,O
1,of,O
1,the,O
1,market,O
1,with,O
1,attempts,O
1,made,O
1,to,O
1,isolate,O
1,suspects,O
1,and,O
1,closely,O
1,monitor,O
1,contacts,O
1,.,O
1,by,O
1,mid,O
1,‐,O
1,January,DATE
1,2020,DATE
1,.,O
1,COVID,O
1,‐,O
1,19,NUMBER
1,had,O
1,spread,O
1,widely,O
1,across,O
1,China,COUNTRY
1,and,O
1,exported,O
1,cases,O
1,were,O
1,reported,O
1,mainly,O
1,in,O
1,the,O
1,Asia,CITY
1,Pacific,LOCATION
1,region,O
1,.,O
1,suggesting,O
1,that,O
1,hu,O
1,‐,O
1,man,O
1,‐,O
1,to,O
1,‐,O
1,human,O
1,transmission,O
1,(,O
1,through,O
1,droplets,O
1,or,O
1,direct,O
1,contact,O
1,),O
1,had,O
1,become,O
1,more,O
1,common,O
1,.6,NUMBER
1,‐,O
1,9,NUMBER
1,International,O
1,travel,O
1,further,O
1,facili,O
1,‐,O
1,tated,O
1,the,O
1,global,O
1,spread,O
1,of,O
1,COVID,O
1,‐,O
1,19,NUMBER
1,.,O
1,As,O
1,we,O
1,now,DATE
1,know,O
1,.,O
1,SARSCoV,O
1,‐,O
1,2,NUMBER
1,is,O
1,highly,O
1,transmissible,O
1,with,O
1,a,O
1,reported,O
1,reproduction,O
1,number,O
1,(,O
1,R0,O
1,),O
1,be,O
1,‐,O
1,tween,O
1,1.4,NUMBER
1,and,O
1,5.5.10,DATE
1,Asymptomatic,O
1,and,O
1,presymptomatic,O
1,transmission,O
1,before,O
1,isolation,O
1,.,O
1,quarantine,O
1,.,O
1,social,O
1,distancing,O
1,.,O
1,and,O
1,community,O
1,containment,O
1,efforts,O
1,likely,O
1,contributed,O
1,to,O
1,the,O
1,surge,O
1,of,O
1,cases,O
1,globally,O
1,.6.8.11,NUMBER
1,‐,O
1,13,NUMBER
1,Based,O
1,on,O
1,current,DATE
1,understanding,O
1,of,O
1,influenza,CAUSE_OF_DEATH
1,pandemics,O
1,.14,O
1,we,O
1,had,O
1,anticipated,O
1,that,O
1,the,O
1,COVID,O
1,‐,O
1,19,NUMBER
1,outbreak,O
1,would,O
1,reach,O
1,Singapore,COUNTRY
1,(,O
1,and,O
1,other,O
1,parts,O
1,of,O
1,the,O
1,world,O
1,),O
1,.,O
1,Once,DATE
1,human,O
1,‐,O
1,tohu,O
1,‐,O
1,man,O
1,transmission,O
1,was,O
1,established,O
1,.,O
1,infections,CAUSE_OF_DEATH
1,would,O
1,be,O
1,imported,O
1,from,O
1,affected,O
1,areas,O
1,resulting,O
1,in,O
1,the,O
1,emergence,O
1,of,O
1,local,O
1,clusters,O
1,.,O
1,and,O
1,subsequently,O
1,widespread,O
1,community,O
1,transmission,O
1,with,O
1,unlinked,O
1,cases,O
1,.,O
1,particularly,O
1,among,O
1,densely,O
1,populated,O
1,cities,O
1,like,O
1,Singa,O
1,‐,O
1,pore,O
1,.5.6.13,NUMBER
1,As,O
1,the,O
1,situation,O
1,was,O
1,rapidly,O
1,evolving,O
1,.,O
1,we,O
1,envisioned,O
1,a,O
1,stratified,O
1,decision,O
1,‐,O
1,making,O
1,process,O
1,to,O
1,allow,O
1,our,O
1,transplant,O
1,ser,O
1,‐,O
1,vice,O
1,to,O
1,respond,O
1,to,O
1,different,O
1,phases,O
1,of,O
1,the,O
1,pandemic,O
1,.,O
1,We,O
1,developed,O
1,exercised,O
1,.,O
1,restricting,O
1,transplantation,O
1,to,O
1,those,O
1,who,O
1,require,O
1,it,O
1,urgently,O
1,and,O
1,can,O
1,not,O
1,wait,O
1,.,O
1,Living,O
1,donor,O
1,transplantation,O
1,activity,O
1,.,O
1,compared,O
1,to,O
1,deceased,O
1,organ,O
1,donation,O
1,.,O
1,will,O
1,be,O
1,reduced,O
1,due,O
1,to,O
1,the,O
1,need,O
1,to,O
1,protect,O
1,the,O
1,interests,O
1,of,O
1,the,O
1,living,O
1,donor,O
1,.,O
1,In,O
1,general,TITLE
1,.,O
1,urgent,O
1,transplants,O
1,refer,O
1,to,O
1,patients,O
1,with,O
1,the,O
1,following,O
1,condi,O
1,‐,O
1,tions,O
1,:,O
1,(,O
1,1,NUMBER
1,),O
1,liver,CAUSE_OF_DEATH
1,failure,CAUSE_OF_DEATH
1,with,O
1,a,O
1,high,O
1,28,NUMBER
1,‐,O
1,d,O
1,mortality,O
1,;,O
1,(,O
1,2,NUMBER
1,),O
1,heart,O
1,failure,O
1,patients,O
1,who,O
1,are,O
1,on,O
1,extracorporeal,O
1,circulatory,O
1,support,O
1,.,O
1,or,O
1,mechanical,O
1,circulatory,O
1,support,O
1,(,O
1,MCS,O
1,),O
1,with,O
1,evidence,O
1,of,O
1,device,O
1,‐,O
1,related,O
1,complications,CAUSE_OF_DEATH
1,or,O
1,those,O
1,who,O
1,require,O
1,continuous,O
1,high,O
1,‐,O
1,dose,O
1,inotropic,O
1,support,O
1,;,O
1,or,O
1,(,O
1,3,NUMBER
1,),O
1,patients,O
1,with,O
1,end,O
1,‐,O
1,stage,O
1,lung,O
1,disease,CAUSE_OF_DEATH
1,who,O
1,can,O
1,not,O
1,sustain,O
1,long,O
1,on,O
1,the,O
1,waitlist,O
1,.,O
1,The,O
1,urgency,O
1,to,O
1,perform,O
1,liver,O
1,transplantation,O
1,for,O
1,patients,O
1,with,O
1,hepatocellular,O
1,carcinomas,O
1,depends,O
1,on,O
1,their,O
1,transplant,O
1,oncologic,O
1,profile,O
1,and,O
1,whether,O
1,bridg,O
1,‐,O
1,ing,O
1,therapy,O
1,is,O
1,an,O
1,option,O
1,.,O
1,MCS,O
1,and,O
1,(,O
1,2,NUMBER
1,),O
1,those,O
1,with,O
1,end,O
1,‐,O
1,stage,O
1,renal,O
1,failure,O
1,awaiting,O
1,kidney,O
1,transplantation,O
1,but,O
1,have,O
1,no,O
1,urgent,O
1,issues,O
1,with,O
1,dialysis,O
1,access,O
1,.15,NUMBER
1,Apart,O
1,from,O
1,urgency,O
1,of,O
1,transplant,O
1,.,O
1,an,O
1,in,O
1,‐,O
1,dividualized,O
1,risk,O
1,assessment,O
1,of,O
1,the,O
1,recipient,O
1,based,O
1,on,O
1,the,O
1,com,O
1,‐,O
1,plexity,O
1,of,O
1,the,O
1,transplant,O
1,procedure,O
1,.,O
1,extent,O
1,of,O
1,medical,O
1,comorbidi,O
1,‐,O
1,ties,O
1,.,O
1,and,O
1,immunologic,O
1,risk,O
1,is,O
1,also,O
1,required,O
1,.,O
1,A,O
1,medically,O
1,and,O
1,sur,O
1,‐,O
1,gically,O
1,complex,O
1,candidate,TITLE
1,may,O
1,require,O
1,extraordinary,O
1,resources,O
1,such,O
1,as,O
1,an,O
1,extended,O
1,intensive,O
1,care,O
1,unit,O
1,(,O
1,ICU,O
1,),O
1,stay,O
1,.,O
1,large,O
1,amounts,O
1,of,O
1,blood,O
1,products,O
1,.,O
1,or,O
1,subspecialty,O
1,support,O
1,;,O
1,these,O
1,may,O
1,not,O
1,be,O
1,promptly,O
1,available,O
1,when,O
1,hospital,O
1,resources,O
1,and,O
1,manpower,O
1,are,O
1,di,O
1,‐,O
1,verted,O
1,away,O
1,.,O
1,The,O
1,infective,O
1,nature,O
1,of,O
1,SARS,O
1,‐,O
1,CoV,O
1,‐,O
1,2,NUMBER
1,and,O
1,the,O
1,implica,O
1,‐,O
1,tions,O
1,on,O
1,immunosuppression,O
1,also,O
1,imply,O
1,that,O
1,performing,O
1,transplants,O
1,with,O
1,a,O
1,higher,O
1,immunological,O
1,risk,O
1,of,O
1,rejection,O
1,such,O
1,as,O
1,ABO,O
1,‐,O
1,incom,O
1,‐,O
1,patible,O
1,transplant,O
1,or,O
1,transplants,O
1,for,O
1,highly,O
1,sensitized,O
1,recipi,O
1,‐,O
1,ents,O
1,may,O
1,come,O
1,at,O
1,an,O
1,increased,O
1,risk,O
1,.,O
1,With,O
1,that,O
1,in,O
1,mind,O
1,.,O
1,we,O
1,devel,O
1,‐,O
1,oped,O
1,a,O
1,decision,O
1,‐,O
1,making,O
1,grid,O
1,to,O
1,that,O
1,organ,O
1,.,O
1,against,O
1,the,O
1,principle,O
1,of,O
1,ideal,O
1,patient,O
1,selection,O
1,for,O
1,a,O
1,procedure,O
1,.,O
1,by,O
1,recognizing,O
1,the,O
1,fact,O
1,that,O
1,a,O
1,successful,O
1,patient,O
1,outcome,O
1,is,O
1,intimately,O
1,dependent,O
1,on,O
1,the,O
1,resources,O
1,that,O
1,are,O
1,COVID,O
1,‐,O
1,19,NUMBER
1,SITUATION,O
1,IN,O
1,SINGAPORE,COUNTRY
1,AND,O
1,POLICY,O
1,STATEMENTS,O
1,FROM,O
1,THE,O
1,MINISTRY,O
1,OF,O
1,HEALTH,O
1,Singapores,O
1,first,ORDINAL
1,patient,O
1,with,O
1,COVID,O
1,‐,O
1,19,NUMBER
1,was,O
1,an,O
1,imported,O
1,case,O
1,that,O
1,was,O
1,diagnosed,O
1,at,O
1,our,O
1,hos,O
1,‐,O
1,pital,O
1,.,O
1,Local,O
1,transmission,O
1,occurred,O
1,within,O
1,2,DURATION
1,wk,DURATION
1,and,O
1,several,O
1,local,O
1,chains,O
1,of,O
1,transmission,O
1,were,O
1,later,O
1,identified,O
1,.5,NUMBER
1,Through,O
1,media,O
1,re,O
1,‐,O
1,ports,O
1,.,O
1,this,O
1,sequence,O
1,of,O
1,events,O
1,has,O
1,been,O
1,played,O
1,out,O
1,many,O
1,times,O
1,in,O
1,different,O
1,countries,O
1,.,O
1,In,O
1,certain,O
1,countries,O
1,.,O
1,even,O
1,the,O
1,earliest,O
1,cases,O
1,have,O
1,not,O
1,had,O
1,travel,O
1,links,O
1,.2.6,NUMBER
1,The,O
1,ability,O
1,to,O
1,identify,O
1,the,O
1,local,O
1,chains,O
1,of,O
1,transmission,O
1,is,O
1,attributed,O
1,to,O
1,the,O
1,Singapore,COUNTRY
1,gov,O
1,‐,O
1,ernment,O
1,establishing,O
1,a,O
1,Ministerial,O
1,taskforce,O
1,that,O
1,.,O
1,under,O
1,the,O
1,aus,O
1,‐,O
1,pices,O
1,of,O
1,the,O
1,Infectious,MISC
1,Diseases,CAUSE_OF_DEATH
1,Act,MISC
1,.,O
1,performed,O
1,extensive,O
1,contact,O
1,tracing,O
1,of,O
1,infected,O
1,and,O
1,exposed,O
1,individuals,O
1,.,O
1,On,O
1,February,DATE
1,19,DATE
1,.,O
1,2020,DATE
1,.,O
1,the,O
1,local,O
1,Ministry,ORGANIZATION
1,of,ORGANIZATION
1,Health,ORGANIZATION
1,(,O
1,MOH,O
1,),O
1,issued,O
1,a,O
1,statement,O
1,al,O
1,‐,O
1,lowing,O
1,living,O
1,donor,O
1,transplants,O
1,to,O
1,proceed,O
1,.,O
1,while,O
1,temporarily,O
1,banning,O
1,all,O
1,nonurgent,O
1,deceased,O
1,donor,O
1,transplants,O
1,.15,NUMBER
1,As,O
1,the,O
1,epi,O
1,‐,O
1,demiologic,O
1,curve,O
1,of,O
1,incident,O
1,COVID19,O
1,cases,O
1,in,O
1,Singapore,COUNTRY
1,flattened,O
1,toward,O
1,the,DATE
1,end,DATE
1,of,DATE
1,February,DATE
1,2020,DATE
1,.,O
1,MOH,O
1,allowed,O
1,nonurgent,O
1,deceased,O
1,donor,O
1,transplants,O
1,as,O
1,well,O
1,.,O
1,provided,O
1,the,O
1,earlier,O
1,criteria,O
1,were,O
1,met,O
1,(,O
1,communication,O
1,with,O
1,MOH,O
1,.,O
1,Singapore,COUNTRY
1,on,O
1,March,DATE
1,3,DATE
1,.,DATE
1,2020,DATE
1,),O
1,.,O
1,By,O
1,then,O
1,.,O
1,our,O
1,workgroup,O
1,had,O
1,developed,O
1,guidelines,O
1,on,O
1,how,O
1,we,O
1,would,O
1,proceed,O
1,with,O
1,transplantation,O
1,safely,O
1,.,O
1,The,O
1,thought,O
1,processes,O
1,and,O
1,measures,O
1,adopted,O
1,are,O
1,described,O
1,in,O
1,the,O
1,subsequent,O
1,sections,O
1,.,O
1,Chung,O
1,et,O
1,al,O
1,Impact,O
1,of,O
1,disease,CAUSE_OF_DEATH
1,outbreak,O
1,alerts,O
1,on,O
1,transplantation,O
1,programs,O
1,DORSCON,O
1,alert45,O
1,Extent,O
1,of,O
1,COVID,O
1,‐,O
1,19,NUMBER
1,Transmission,O
1,predominantly,O
1,within,O
1,Hubei,STATE_OR_PROVINCE
1,Province,LOCATION
1,.,O
1,China,COUNTRY
1,Rare,O
1,cases,O
1,exported,O
1,outside,O
1,of,O
1,China,COUNTRY
1,Increased,O
1,transmission,O
1,to,O
1,multiple,O
1,provinces,O
1,and,O
1,municipalities,O
1,in,O
1,China,COUNTRY
1,Increasing,O
1,number,O
1,of,O
1,exported,O
1,cases,O
1,outside,O
1,of,O
1,China,COUNTRY
1,Im,O
1,‐,O
1,ported,O
1,case,O
1,to,O
1,Singapore,COUNTRY
1,;,O
1,no,O
1,local,O
1,transmission,O
1,.,O
1,No,O
1,case,O
1,fatality,O
1,Widespread,O
1,transmission,O
1,within,O
1,China,COUNTRY
1,Significant,O
1,number,O
1,of,O
1,ex,O
1,‐,O
1,ported,O
1,cases,O
1,outside,O
1,of,O
1,China,COUNTRY
1,.,O
1,in,O
1,a,O
1,few,O
1,WHO,O
1,regions,O
1,.,O
1,Reports,O
1,of,O
1,community,O
1,transmission,O
1,outside,O
1,of,O
1,China,COUNTRY
1,Local,O
1,transmission,O
1,WITHIN,O
1,Singapore,COUNTRY
1,.,O
1,Severe,O
1,cases,O
1,of,O
1,COVID,O
1,‐,O
1,19,NUMBER
1,reported,O
1,Red,O
1,(,O
1,very,O
1,high,O
1,),O
1,Widespread,O
1,global,O
1,transmission,O
1,Ongoing,O
1,community,O
1,transmission,O
1,in,O
1,Risk,O
1,of,O
1,increased,O
1,number,O
1,of,O
1,severe,O
1,Deceased,MISC
1,donor,O
1,transplant,O
1,pro,O
1,‐,O
1,gram,O
1,Living,O
1,donor,O
1,transplant,O
1,program,O
1,Nil,O
1,restrictions,O
1,Nil,O
1,re,O
1,‐,O
1,strictions,O
1,Organ,MISC
1,donors,O
1,with,O
1,positive,O
1,travel,O
1,history,O
1,to,O
1,affected,O
1,To,O
1,defer,O
1,transplant,O
1,for,O
1,1428,DATE
1,d,O
1,if,O
1,organ,O
1,donors,O
1,region,O
1,may,O
1,be,O
1,re,O
1,‐,O
1,jected,O
1,upon,O
1,advice,O
1,from,O
1,TxID,O
1,had,O
1,positive,O
1,contact,O
1,history,O
1,or,O
1,travel,O
1,history,O
1,to,O
1,affected,O
1,areas,O
1,Although,O
1,restrictions,O
1,not,O
1,im,O
1,‐,O
1,posed,O
1,.,O
1,to,O
1,proceed,O
1,with,O
1,Nil,O
1,restrictions,O
1,.,O
1,Thorough,O
1,screening,O
1,of,O
1,donor,O
1,transplant,O
1,with,O
1,caution,O
1,and,O
1,recipients,O
1,through,O
1,clinical,O
1,history,O
1,taking,O
1,Active,O
1,screeningc,O
1,and,O
1,exclusion,O
1,of,O
1,donors,O
1,and,O
1,re,O
1,‐,O
1,cipients,O
1,at,O
1,risk,O
1,of,O
1,COVID,O
1,‐,O
1,19,NUMBER
1,(,O
1,based,O
1,on,O
1,history,O
1,Active,O
1,screeningc,O
1,of,O
1,donors,O
1,and,O
1,recipients,O
1,who,O
1,are,O
1,at,O
1,risk,O
1,of,O
1,COVID,O
1,‐,O
1,19,NUMBER
1,(,O
1,based,O
1,on,O
1,history,O
1,taking,O
1,),O
1,.,O
1,To,O
1,defer,O
1,transplant,O
1,for,O
1,1428,DATE
1,d,O
1,if,O
1,screen,O
1,Some,O
1,restrictions,O
1,placed,O
1,on,O
1,transplant,O
1,program,O
1,.,O
1,Restrictions,O
1,may,O
1,be,O
1,imposed,O
1,.,O
1,to,O
1,proceed,O
1,with,O
1,To,O
1,proceed,O
1,with,O
1,extra,O
1,caution.d,O
1,extra,O
1,caution.d,O
1,donor,O
1,program,O
1,transplant,O
1,load,O
1,expected,O
1,to,O
1,Medically,O
1,nonurgent,O
1,transplants,O
1,may,O
1,be,O
1,put,O
1,on,O
1,hold,O
1,dip,O
1,.,O
1,Exceptions,O
1,may,O
1,be,O
1,considered,O
1,for,O
1,urgent,O
1,Precautions,O
1,under,O
1,DORSCON,ORGANIZATION
1,yellow,O
1,apply,O
1,.,O
1,In,O
1,addiliver,O
1,transplants,O
1,tion,O
1,.,O
1,diagnostic,O
1,testing,O
1,to,O
1,exclude,O
1,COVID,O
1,‐,O
1,19,NUMBER
1,is,O
1,mandated,O
1,for,O
1,both,O
1,donor,O
1,and,O
1,recipient,O
1,Transplant,O
1,surgeries,O
1,are,O
1,likely,O
1,affected,O
1,due,O
1,to,O
1,diversion,O
1,of,O
1,resources,O
1,to,O
1,combat,O
1,COVID,O
1,‐,O
1,19,NUMBER
1,Suspension,O
1,of,O
1,nonurgent,O
1,transplant,O
1,likely,O
1,Medi,O
1,‐,O
1,cally,O
1,urgent,O
1,transplants,O
1,to,O
1,be,O
1,considered,O
1,on,O
1,a,O
1,case,O
1,by,O
1,case,O
1,basis,O
1,in,O
1,consult,O
1,with,O
1,TxID,O
1,.,O
1,This,O
1,is,O
1,also,O
1,dependent,O
1,on,O
1,available,O
1,re,O
1,‐,O
1,sources,O
1,and,O
1,restrictions,O
1,imposed,O
1,based,O
1,on,O
1,situation,O
1,Precautions,O
1,under,O
1,DORSCON,ORGANIZATION
1,orange,O
1,apply,O
1,Precautions,O
1,under,O
1,DORSCON,O
1,yellow,O
1,ap,O
1,‐,O
1,ply,O
1,.,O
1,In,O
1,addition,O
1,.,O
1,diagnostic,O
1,testing,O
1,to,O
1,exclude,O
1,COVID,O
1,‐,O
1,19,NUMBER
1,is,O
1,for,O
1,both,O
1,donor,O
1,and,O
1,recipient,O
1,Transplant,O
1,surgeries,O
1,are,O
1,likely,O
1,affected,O
1,due,O
1,to,O
1,diversion,O
1,of,O
1,resources,O
1,to,O
1,combat,O
1,COVID,O
1,‐,O
1,19,NUMBER
1,Suspension,O
1,of,O
1,nonurgent,O
1,transplant,O
1,likely,O
1,Medically,MISC
1,urgent,O
1,transplants,O
1,to,O
1,be,O
1,considered,O
1,on,O
1,a,O
1,case,O
1,by,O
1,case,O
1,basis,O
1,in,O
1,consult,O
1,with,O
1,TxID,O
1,.,O
1,This,O
1,is,O
1,also,O
1,dependent,O
1,on,O
1,available,O
1,resources,O
1,and,O
1,restrictions,O
1,imposed,O
1,based,O
1,on,O
1,situation,O
1,Precautions,O
1,under,O
1,DORSCON,O
1,organ,O
1,apply,O
1,DORSCON,O
1,alert,O
1,was,O
1,raised,O
1,to,O
1,yellow,O
1,on,O
1,January,DATE
1,21,DATE
1,.,DATE
1,2020,DATE
1,.,O
1,DORSCON,O
1,alert,O
1,was,O
1,raised,O
1,to,O
1,orange,O
1,on,O
1,February,DATE
1,7,DATE
1,.,DATE
1,2020,DATE
1,.,O
1,Donors,O
1,would,O
1,have,O
1,to,O
1,be,O
1,screened,O
1,for,O
1,respiratory,O
1,symptoms,O
1,and,O
1,travel,O
1,history,O
1,to,O
1,af,O
1,‐,O
1,fected,O
1,areas,O
1,or,O
1,CONTACT,O
1,with,O
1,COVID,O
1,‐,O
1,19,NUMBER
1,cases,O
1,or,O
1,suspects,O
1,through,O
1,history,O
1,taking,O
1,.,O
1,Decision,O
1,to,O
1,proceed,O
1,with,O
1,transplant,O
1,is,O
1,based,O
1,on,O
1,medical,O
1,indication,O
1,.,O
1,and,O
1,availability,O
1,of,O
1,manpower,O
1,and,O
1,resources,O
1,.,O
1,Medically,O
1,urgent,O
1,cases,O
1,are,O
1,given,O
1,priority,O
1,.,O
1,Enhanced,O
1,infection,CAUSE_OF_DEATH
1,control,O
1,precautions,O
1,are,O
1,put,O
1,in,O
1,place,O
1,;,O
1,restrictions,O
1,are,O
1,placed,O
1,on,O
1,the,O
1,number,O
1,of,O
1,visitors,O
1,.,O
1,and,O
1,healthcare,O
1,workers,O
1,attending,O
1,to,O
1,the,O
1,transplant,O
1,recipient,O
1,.,O
1,COVID,O
1,‐,O
1,19,NUMBER
1,.,O
1,coronavirus,O
1,disease,CAUSE_OF_DEATH
1,19,NUMBER
1,;,O
1,DORSCON,LOCATION
1,.,O
1,Disease,CAUSE_OF_DEATH
1,Outbreak,MISC
1,Response,MISC
1,System,MISC
1,Condition,MISC
1,;,O
1,TxID,O
1,.,O
1,Transplant,O
1,In,O
1,‐,O
1,fectious,O
1,Diseases,CAUSE_OF_DEATH
1,;,O
1,WHO,ORGANIZATION
1,.,O
1,World,ORGANIZATION
1,Health,ORGANIZATION
1,Organization,ORGANIZATION
1,.,O
1,MOH,O
1,issued,O
1,another,O
1,advisory,O
1,on,O
1,April,DATE
1,6,DATE
1,.,DATE
1,2020,DATE
1,permitting,O
1,deceased,O
1,donor,O
1,organ,O
1,transplants,O
1,.,O
1,and,O
1,urgent,O
1,living,O
1,donor,O
1,liver,O
1,transplant,O
1,.,O
1,with,O
1,the,O
1,proviso,O
1,that,O
1,infection,CAUSE_OF_DEATH
1,control,O
1,measures,O
1,pertaining,O
1,to,O
1,the,O
1,trans,O
1,‐,O
1,plant,O
1,procedure,O
1,were,O
1,intact,O
1,.,O
1,and,O
1,that,O
1,there,O
1,were,O
1,available,O
1,re,O
1,‐,O
1,sources,O
1,(,O
1,eg,O
1,.,O
1,manpower,O
1,.,O
1,operating,O
1,theater,O
1,facilities,O
1,.,O
1,surgical,O
1,and,O
1,intensive,O
1,care,O
1,beds,O
1,.,O
1,blood,O
1,stock,O
1,.,O
1,and,O
1,adequacy,O
1,of,O
1,personal,O
1,pro,O
1,‐,O
1,tective,O
1,equipment,O
1,[,O
1,PPE,O
1,],O
1,),O
1,.16,NUMBER
1,At,O
1,the,O
1,time,DATE
1,of,O
1,writing,O
1,.,O
1,Singapore,COUNTRY
1,is,O
1,experiencing,O
1,the,O
1,second,ORDINAL
1,wave,O
1,of,O
1,COVID,O
1,‐,O
1,19,NUMBER
1,infections,CAUSE_OF_DEATH
1,.,O
1,which,O
1,oc,O
1,‐,O
1,curred,O
1,first,ORDINAL
1,from,O
1,residents,O
1,returning,O
1,from,O
1,other,O
1,countries,O
1,.,O
1,fol,O
1,‐,O
1,lowed,O
1,by,O
1,an,O
1,emergence,O
1,of,O
1,new,O
1,local,O
1,clusters,O
1,and,O
1,cases,O
1,of,O
1,unlinked,O
1,community,O
1,PRINCIPAL,TITLE
1,CONSIDERATIONS,O
1,FOR,O
1,NEW,O
1,ORGAN,O
1,TRANSPLANTATION,O
1,DURING,O
1,COVID,O
1,‐,O
1,19,NUMBER
1,First,ORDINAL
1,and,O
1,foremost,O
1,.,O
1,SARS,O
1,‐,O
1,CoV,O
1,‐,O
1,2,NUMBER
1,and,O
1,the,O
1,disease,CAUSE_OF_DEATH
1,COVID19,O
1,are,O
1,still,O
1,being,O
1,defined,O
1,.,O
1,What,O
1,we,O
1,do,O
1,not,O
1,know,O
1,is,O
1,the,O
1,(,O
1,1,NUMBER
1,),O
1,risk,O
1,of,O
1,transmission,O
1,from,O
1,a,O
1,positive,O
1,donor,O
1,to,O
1,a,O
1,recipient,O
1,.,O
1,(,O
1,2,NUMBER
1,),O
1,impact,O
1,of,O
1,a,O
1,recipient,O
1,becoming,O
1,infected,O
1,with,O
1,COVID,O
1,‐,O
1,19,NUMBER
1,and,O
1,how,O
1,that,O
1,influences,O
1,transplant,O
1,outcomes,O
1,.,O
1,and,O
1,(,O
1,3,NUMBER
1,),O
1,effective,O
1,treatment,O
1,(,O
1,if,O
1,any,O
1,),O
1,for,O
1,COVID,O
1,‐,O
1,19,NUMBER
1,.,O
1,With,O
1,that,O
1,in,O
1,mind,O
1,.,O
1,the,O
1,underlying,O
1,princi,O
1,‐,O
1,ple,O
1,(,O
1,to,O
1,allow,O
1,safe,O
1,transplants,O
1,to,O
1,continue,O
1,),O
1,would,O
1,be,O
1,based,O
1,on,O
1,any,O
1,available,O
1,evidence,O
1,and,O
1,adopting,O
1,best,O
1,practices,O
1,to,O
1,exclude,O
1,COVID,O
1,‐,O
1,19,NUMBER
1,in,O
1,the,O
1,donor,O
1,and,O
1,the,O
1,recipient,O
1,.,O
1,while,O
1,maintaining,O
1,a,O
1,smooth,O
1,operational,O
1,workflow,O
1,that,O
1,also,O
1,protects,O
1,healthcare,O
1,workers,O
1,(,O
1,HCWs,O
1,),O
1,.,O
1,MEASURES,O
1,TO,O
1,EXCLUDE,O
1,COVID,O
1,‐,O
1,19,NUMBER
1,IN,O
1,DONORS,O
1,AND,O
1,RECIPIENTS,O
1,Our,O
1,COVID,O
1,‐,O
1,19specific,O
1,guidelines,O
1,for,O
1,donor,O
1,and,O
1,recipient,O
1,time,O
1,‐,O
1,sen,O
1,‐,O
1,sitive,O
1,nature,O
1,of,O
1,donation,O
1,after,O
1,brain,O
1,death,O
1,.,O
1,The,O
1,14,NUMBER
1,‐,O
1,d,O
1,lead,O
1,‐,O
1,up,O
1,pe,O
1,‐,O
1,riod,O
1,for,O
1,living,O
1,donor,O
1,transplantation,O
1,is,O
1,based,O
1,on,O
1,estimates,O
1,that,O
1,the,O
1,median,O
1,incubation,O
1,period,O
1,is,O
1,approximately,O
1,5.1,NUMBER
1,d,O
1,and,O
1,that,O
1,<,O
1,1,PERCENT
1,%,PERCENT
1,will,O
1,develop,O
1,symptoms,O
1,after,O
1,14,NUMBER
1,d,O
1,of,O
1,active,O
1,duration,O
1,.,O
1,The,O
1,need,O
1,for,O
1,extensive,O
1,testing,O
1,has,O
1,to,O
1,be,O
1,balanced,O
1,against,O
1,the,O
1,need,O
1,to,O
1,expedite,O
1,the,O
1,evaluation,O
1,process,O
1,to,O
1,free,O
1,up,O
1,ICU,O
1,resources,O
1,and,O
1,allow,O
1,a,O
1,time,O
1,‐,O
1,ly,O
1,donation,O
1,process,O
1,that,O
1,case,O
1,would,O
1,automatically,O
1,be,O
1,excluded,O
1,from,O
1,donation,O
1,.,O
1,Donors,O
1,with,O
1,any,O
1,potential,O
1,risk,O
1,of,O
1,exposure,O
1,to,O
1,known,O
1,COVID,O
1,‐,O
1,19,NUMBER
1,Transplantation,O
1,DIRECT,O
1,surgical,O
1,complexity,O
1,.,O
1,(,O
1,b,O
1,),O
1,extent,O
1,of,O
1,medical,O
1,comorbidities,O
1,.,O
1,and,O
1,(,O
1,c,O
1,),O
1,immunological,O
1,risk,O
1,.,O
1,bIn,O
1,general,TITLE
1,.,O
1,medically,O
1,urgent,O
1,transplants,O
1,are,O
1,performed,O
1,for,O
1,patients,O
1,with,O
1,(,O
1,a,O
1,),O
1,liver,CAUSE_OF_DEATH
1,failure,CAUSE_OF_DEATH
1,with,O
1,a,O
1,high,O
1,28,NUMBER
1,‐,O
1,d,O
1,mortality,O
1,.,O
1,(,O
1,b,O
1,),O
1,heart,O
1,failure,O
1,patients,O
1,who,O
1,are,O
1,on,O
1,MCS,O
1,with,O
1,evidence,O
1,of,O
1,device,O
1,‐,O
1,related,O
1,complications,CAUSE_OF_DEATH
1,or,O
1,those,O
1,who,O
1,require,O
1,continuous,O
1,high,O
1,‐,O
1,dose,O
1,inotropic,O
1,support,O
1,.,O
1,or,O
1,(,O
1,c,O
1,),O
1,patients,O
1,with,O
1,end,O
1,‐,O
1,stage,O
1,lung,O
1,disease,CAUSE_OF_DEATH
1,who,O
1,can,O
1,not,O
1,sustain,O
1,long,O
1,on,O
1,the,O
1,waitlist,O
1,.,O
1,patients,O
1,who,O
1,are,O
1,well,O
1,supported,O
1,on,O
1,MCS,O
1,.,O
1,and,O
1,dialysis,O
1,patients,O
1,with,O
1,no,O
1,access,O
1,issues,O
1,.,O
1,cDecision,O
1,to,O
1,proceed,O
1,with,O
1,transplantation,O
1,is,O
1,contingent,O
1,on,O
1,the,O
1,availability,O
1,of,O
1,manpower,O
1,.,O
1,operating,O
1,theater,O
1,facilities,O
1,.,O
1,medical,O
1,equipment,O
1,.,O
1,surgi,O
1,‐,O
1,cal,O
1,and,O
1,intensive,O
1,care,O
1,beds,O
1,.,O
1,blood,O
1,products,O
1,.,O
1,and,O
1,adequacy,O
1,of,O
1,PPE,O
1,.,O
1,MCS,O
1,.,O
1,mechanical,O
1,circulatory,O
1,support,O
1,;,O
1,PPE,O
1,.,O
1,personal,O
1,protective,O
1,equipment,O
1,.,O
1,transmission,O
1,routes,O
1,(,O
1,or,O
1,fulfilling,O
1,the,O
1,case,O
1,defini,O
1,‐,O
1,tion,O
1,for,O
1,a,O
1,suspect,O
1,case,O
1,),O
1,.,O
1,such,O
1,as,O
1,recent,O
1,travel,O
1,history,O
1,outside,O
1,of,O
1,Singapore,COUNTRY
1,.,O
1,or,O
1,possible,O
1,relationship,O
1,to,O
1,any,O
1,of,O
1,locally,O
1,identi,O
1,‐,O
1,fied,O
1,COVID,O
1,‐,O
1,19,NUMBER
1,clusters,O
1,.,O
1,are,O
1,excluded,O
1,.,O
1,Donors,O
1,would,O
1,also,O
1,undergo,O
1,objective,O
1,testing,O
1,with,O
1,SARS,O
1,‐,O
1,CoV,O
1,‐,O
1,2,NUMBER
1,polymerase,O
1,chain,O
1,reaction,O
1,(,O
1,PCR,O
1,),O
1,from,O
1,a,O
1,respiratory,O
1,specimen,O
1,.,O
1,Sequential,O
1,testing,O
1,also,O
1,improves,O
1,the,O
1,sensitivity,O
1,of,O
1,the,O
1,test,O
1,.,O
1,improving,O
1,the,O
1,confidence,O
1,of,O
1,ruling,O
1,out,O
1,COVID,O
1,‐,O
1,19,NUMBER
1,.,O
1,For,O
1,deceased,O
1,donors,O
1,.,O
1,an,O
1,additional,O
1,computed,O
1,tomography,O
1,(,O
1,CT,STATE_OR_PROVINCE
1,),O
1,chest,O
1,was,O
1,performed,O
1,even,O
1,if,O
1,SARS,O
1,‐,O
1,CoV,O
1,‐,O
1,2,NUMBER
1,that,O
1,CT,STATE_OR_PROVINCE
1,imaging,O
1,find,O
1,‐,O
1,ings,O
1,of,O
1,viral,O
1,pneumonia,CAUSE_OF_DEATH
1,from,O
1,COVID,O
1,‐,O
1,19,NUMBER
1,predated,O
1,PCR,O
1,tests,O
1,from,O
1,respiratory,O
1,samples,O
1,.,O
1,allowing,O
1,for,O
1,an,O
1,earlier,O
1,diagnosis,O
1,.18,NUMBER
1,‐,O
1,20,NUMBER
1,The,O
1,criteria,O
1,for,O
1,potential,O
1,transplant,O
1,recipients,O
1,are,O
1,described,O
1,with,O
1,COVID,O
1,‐,O
1,19,NUMBER
1,.,O
1,For,O
1,patients,O
1,requiring,O
1,an,O
1,urgent,O
1,transplant,O
1,.,O
1,respirato,O
1,‐,O
1,ry,O
1,and,O
1,febrile,O
1,illnesses,O
1,should,O
1,be,O
1,extensively,O
1,evaluated,O
1,to,O
1,ex,O
1,‐,O
1,clude,O
1,COVID,O
1,‐,O
1,19,NUMBER
1,.,O
1,For,O
1,medically,O
1,nonurgent,O
1,transplants,O
1,.,O
1,a,O
1,thorough,O
1,history,O
1,is,O
1,taken,O
1,from,O
1,the,O
1,recipients,O
1,for,O
1,the,O
1,presence,O
1,of,O
1,respira,O
1,‐,O
1,tory,O
1,symptoms,O
1,or,O
1,fever,CAUSE_OF_DEATH
1,.,O
1,as,O
1,well,O
1,as,O
1,contact,O
1,and,O
1,travel,O
1,history,O
1,.,O
1,Last,O
1,.,O
1,a,O
1,COVID,O
1,‐,O
1,19,NUMBER
1,test,O
1,is,O
1,performed,O
1,as,O
1,a,O
1,final,O
1,step,O
1,to,O
1,exclude,O
1,asymptomatic,O
1,COVID,O
1,‐,O
1,19,NUMBER
1,infection,CAUSE_OF_DEATH
1,before,O
1,proceeding,O
1,to,O
1,surgery,CAUSE_OF_DEATH
1,.,O
1,For,O
1,potential,O
1,living,O
1,donor,O
1,transplant,O
1,donors,O
1,and,O
1,recipients,O
1,.,O
1,we,O
1,rec,O
1,‐,O
1,ommended,O
1,an,O
1,interim,O
1,COVID,O
1,‐,O
1,19,NUMBER
1,test,O
1,at,O
1,day,DURATION
1,7,NUMBER
1,to,O
1,proactively,O
1,identi,O
1,‐,O
1,fy,O
1,asymptomatic,O
1,infection,CAUSE_OF_DEATH
1,in,O
1,the,O
1,candidate,TITLE
1,that,O
1,would,O
1,allow,O
1,the,O
1,termination,O
1,of,O
1,the,O
1,14,NUMBER
1,‐,O
1,d,O
1,lead,O
1,‐,O
1,up,O
1,process,O
1,to,O
1,transplant,O
1,.,O
1,TRANS,O
1,‐,O
1,PLANT,O
1,CENTER,O
1,POLICIES,O
1,Informed,O
1,Consent,O
1,for,O
1,Transplant,O
1,During,O
1,COVID,O
1,‐,O
1,19,NUMBER
1,Global,O
1,Outbreak,O
1,An,O
1,extra,O
1,effort,O
1,was,O
1,made,O
1,to,O
1,counsel,O
1,the,O
1,recipients,O
1,on,O
1,the,O
1,risks,O
1,of,O
1,proceeding,O
1,with,O
1,transplant,O
1,given,O
1,the,O
1,evolving,O
1,COVID,O
1,‐,O
1,19,NUMBER
1,situation,O
1,.,O
1,We,O
1,described,O
1,existing,O
1,steps,O
1,and,O
1,pre,O
1,‐,O
1,cautions,O
1,adopted,O
1,by,O
1,the,O
1,institution,O
1,to,O
1,exclude,O
1,SARS,O
1,‐,O
1,CoV,O
1,‐,O
1,2,NUMBER
1,in,O
1,both,O
1,donor,O
1,and,O
1,recipient,O
1,.,O
1,We,O
1,emphasized,O
1,that,O
1,COVID,O
1,‐,O
1,19,DATE
1,may,DATE
1,not,O
1,be,O
1,fully,O
1,excluded,O
1,despite,O
1,these,O
1,measures,O
1,and,O
1,that,O
1,the,O
1,natural,O
1,history,O
1,and,O
1,management,O
1,of,O
1,COVID,O
1,‐,O
1,19,NUMBER
1,infection,CAUSE_OF_DEATH
1,in,O
1,transplant,O
1,recipients,O
1,were,O
1,not,O
1,known,O
1,.,O
1,Ultimately,O
1,.,O
1,these,O
1,have,O
1,to,O
1,be,O
1,weighed,O
1,against,O
1,choosing,O
1,to,O
1,stay,O
1,on,O
1,the,O
1,transplant,O
1,waitlist,O
1,and,O
1,the,O
1,risk,O
1,of,O
1,drop,O
1,‐,O
1,out,O
1,.,O
1,In,O
1,‐,O
1,fection,O
1,Prevention,O
1,Precautions,O
1,Hospital,O
1,‐,O
1,wide,O
1,infection,CAUSE_OF_DEATH
1,prevention,O
1,precautions,O
1,were,O
1,introduced,O
1,in,O
1,mid,O
1,‐,O
1,January,DATE
1,2020,DATE
1,.,O
1,HCWs,O
1,were,O
1,also,O
1,subject,O
1,to,O
1,mandatory,O
1,twice,O
1,‐,O
1,daily,SET
1,reporting,O
1,of,O
1,body,O
1,temperature,O
1,and,O
1,a,O
1,moratorium,O
1,on,O
1,future,DATE
1,travel,O
1,to,O
1,affected,O
1,countries,O
1,.,O
1,HCWs,O
1,re,O
1,‐,O
1,turning,O
1,from,O
1,affected,O
1,areas,O
1,were,O
1,placed,O
1,on,O
1,a,O
1,14,NUMBER
1,‐,O
1,d,O
1,stayhome,O
1,no,O
1,‐,O
1,tice,O
1,.,O
1,HCWs,O
1,who,O
1,were,O
1,unwell,O
1,were,O
1,directed,O
1,to,O
1,the,O
1,staff,O
1,clinic,O
1,for,O
1,prompt,O
1,evaluation,O
1,.,O
1,All,O
1,HCWs,O
1,had,O
1,to,O
1,(,O
1,at,O
1,a,O
1,minimum,O
1,),O
1,wear,O
1,a,O
1,surgical,O
1,mask,O
1,in,O
1,all,O
1,clinical,O
1,settings,O
1,.,O
1,HCWs,O
1,in,O
1,the,O
1,isolation,O
1,ward,O
1,manag,O
1,‐,O
1,ing,O
1,patients,O
1,with,O
1,or,O
1,suspected,O
1,of,O
1,having,O
1,COVID,O
1,‐,O
1,19,NUMBER
1,wore,O
1,full,O
1,PPE,O
1,.,O
1,including,O
1,N95,O
1,masks,O
1,.,O
1,face,O
1,shield,O
1,.,O
1,long,O
1,‐,O
1,sleeved,O
1,gown,O
1,.,O
1,and,O
1,gloves,O
1,.,O
1,Strict,O
1,guidelines,O
1,were,O
1,laid,O
1,down,O
1,for,O
1,surgeons,O
1,and,O
1,anesthetists,O
1,in,O
1,the,O
1,operating,O
1,room,O
1,with,O
1,regard,O
1,to,O
1,the,O
1,use,O
1,of,O
1,appropriate,O
1,PPE,O
1,dur,O
1,‐,O
1,ing,O
1,procedures,O
1,.,O
1,Relevant,O
1,to,O
1,transplant,O
1,.,O
1,full,O
1,PPE,O
1,was,O
1,used,O
1,for,O
1,aerosolgenerating,O
1,procedures,O
1,such,O
1,as,O
1,intubation,O
1,and,O
1,extubation,O
1,or,O
1,surgery,CAUSE_OF_DEATH
1,to,O
1,the,O
1,respiratory,O
1,system,O
1,.,O
1,The,O
1,N95,MISC
1,mask,O
1,was,O
1,worn,O
1,if,O
1,the,O
1,Cavitron,O
1,Ultrasonic,O
1,Surgical,O
1,Aspirator,O
1,was,O
1,used,O
1,.,O
1,The,O
1,radiology,O
1,unit,O
1,screened,O
1,all,O
1,requests,O
1,for,O
1,investigations,O
1,.,O
1,creating,O
1,a,O
1,special,O
1,workflow,O
1,with,O
1,segregated,O
1,areas,O
1,for,O
1,patients,O
1,with,O
1,worrying,O
1,clini,O
1,‐,O
1,cal,O
1,and,O
1,epidemiological,O
1,features,O
1,.21,NUMBER
1,The,O
1,SingHealth,O
1,Duke,TITLE
1,‐,O
1,NUS,O
1,Transplant,O
1,program,O
1,implemented,O
1,its,O
1,own,O
1,business,O
1,contingency,O
1,plans,O
1,.,O
1,Those,O
1,currently,DATE
1,on,O
1,or,O
1,consulting,O
1,for,O
1,the,O
1,inpatient,O
1,trans,O
1,‐,O
1,plant,O
1,service,O
1,were,O
1,not,O
1,allowed,O
1,to,O
1,attend,O
1,to,O
1,COVID,O
1,‐,O
1,19,NUMBER
1,cases,O
1,or,O
1,suspects,O
1,.,O
1,A,O
1,roster,O
1,for,O
1,an,O
1,active,O
1,and,O
1,backup,O
1,team,O
1,(,O
1,s,O
1,),O
1,was,O
1,drawn,O
1,up,O
1,where,O
1,possible,O
1,.,O
1,For,O
1,example,O
1,.,O
1,transplant,O
1,coordinators,O
1,were,O
1,divided,O
1,into,O
1,2,NUMBER
1,teams,O
1,.,O
1,This,O
1,allowed,O
1,the,O
1,continuation,O
1,of,O
1,services,O
1,if,O
1,any,O
1,team,O
1,member,O
1,became,O
1,exposed,O
1,to,O
1,.,O
1,or,O
1,infected,O
1,with,O
1,COVID19,O
1,.,O
1,necessi,O
1,‐,O
1,tating,O
1,the,O
1,need,O
1,to,O
1,quarantine,O
1,the,O
1,HCWs,O
1,and,O
1,team,O
1,members,O
1,.,O
1,As,O
1,the,O
1,donor,O
1,team,O
1,might,O
1,need,O
1,to,O
1,travel,O
1,to,O
1,another,O
1,hospital,O
1,for,O
1,organ,O
1,procurement,O
1,.,O
1,donor,O
1,and,O
1,recipient,O
1,teams,O
1,were,O
1,formed,O
1,without,O
1,over,O
1,‐,O
1,lap,O
1,to,O
1,further,O
1,reduce,O
1,the,O
1,risk,O
1,of,O
1,Chung,MISC
1,et,MISC
1,al,MISC
1,Donor,MISC
1,and,O
1,recipient,O
1,selection,O
1,criteria,O
1,.,O
1,and,O
1,additional,O
1,precautionary,O
1,measures,O
1,for,O
1,transplant,O
1,Donor,MISC
1,selection,O
1,criteria,O
1,and,O
1,instructions,O
1,Living,O
1,donor,O
1,transplant,O
1,program,O
1,Deceased,MISC
1,donor,O
1,transplant,O
1,program,O
1,In,O
1,addition,O
1,to,O
1,fulfilling,O
1,criteria,O
1,for,O
1,routine,O
1,pretransplant,O
1,workup,O
1,.,O
1,ALL,O
1,of,O
1,the,O
1,following,O
1,apply,O
1,‐,O
1,Absence,O
1,of,O
1,respiratory,O
1,symptoms,O
1,for,O
1,at,O
1,least,O
1,14,NUMBER
1,d,O
1,before,O
1,planned,O
1,transplant,O
1,Exclusion,MISC
1,criteria,O
1,‐,O
1,No,O
1,travel,O
1,his,O
1,‐,O
1,tory,O
1,outside,O
1,of,O
1,Singapore,COUNTRY
1,for,O
1,at,O
1,least,O
1,14,NUMBER
1,d,O
1,before,O
1,planned,O
1,‐,O
1,Res,O
1,‐,O
1,piratory,O
1,specimen,O
1,(,O
1,eg,O
1,.,O
1,nasopharyngeal,O
1,or,O
1,oropharyngeal,O
1,specimen,O
1,),O
1,test,O
1,negative,O
1,for,O
1,SARS,O
1,‐,O
1,Co,O
1,‐,O
1,V2,O
1,PCR,O
1,(,O
1,2,NUMBER
1,),O
1,a,O
1,before,O
1,proceeding,O
1,with,O
1,transplant,O
1,‐,O
1,Donors,O
1,should,O
1,not,O
1,be,O
1,COVID,O
1,‐,O
1,19,NUMBER
1,suspects,O
1,The,O
1,following,O
1,precautions,O
1,/,O
1,advice,O
1,are,O
1,recommended,O
1,:,O
1,‐,O
1,Minimize,O
1,hosting,O
1,contacts,O
1,with,O
1,travel,O
1,outside,O
1,of,O
1,locale,O
1,(,O
1,eg,O
1,.,O
1,overseas,O
1,family,O
1,/,O
1,‐,O
1,Avoid,O
1,con,O
1,‐,O
1,gregational,O
1,/,O
1,large,O
1,group,O
1,meetings,O
1,(,O
1,where,O
1,possible,O
1,),O
1,before,O
1,planned,O
1,‐,O
1,When,O
1,participating,O
1,in,O
1,group,O
1,activities,O
1,.,O
1,to,O
1,wear,O
1,a,O
1,mask,O
1,‐,O
1,Practice,O
1,social,O
1,distancing,O
1,‐,O
1,Inform,O
1,transplant,O
1,coordinators,O
1,if,O
1,respiratory,O
1,symptoms,O
1,or,O
1,febrile,O
1,illness,CAUSE_OF_DEATH
1,Recipient,O
1,selection,O
1,criteria,O
1,In,O
1,addi,O
1,‐,O
1,tion,O
1,to,O
1,fulfilling,O
1,criteria,O
1,for,O
1,routine,O
1,pretransplant,O
1,workup,O
1,.,O
1,ALL,O
1,of,O
1,the,O
1,and,O
1,instructions,O
1,following,O
1,apply,O
1,‐,O
1,Absence,O
1,of,O
1,respiratory,O
1,symptoms,O
1,for,O
1,at,O
1,least,O
1,14,NUMBER
1,d,O
1,before,O
1,planned,O
1,transplant,O
1,‐,O
1,No,O
1,travel,O
1,history,O
1,outside,O
1,of,O
1,Singapore,COUNTRY
1,for,O
1,at,O
1,least,O
1,14,NUMBER
1,d,O
1,before,O
1,planned,O
1,‐,O
1,Respiratory,O
1,specimen,O
1,(,O
1,eg,O
1,.,O
1,nasopharyngeal,O
1,or,O
1,oropharyngeal,O
1,speci,O
1,‐,O
1,men,O
1,),O
1,test,O
1,negative,O
1,for,O
1,SARS,O
1,‐,O
1,CoV,O
1,‐,O
1,2,NUMBER
1,PCR,O
1,(,O
1,2,NUMBER
1,),O
1,a,O
1,before,O
1,proceeding,O
1,with,O
1,transplant,O
1,‐,O
1,Should,O
1,not,O
1,be,O
1,COVID,O
1,‐,O
1,19,NUMBER
1,suspects,O
1,The,O
1,following,O
1,precau,O
1,‐,O
1,tions,O
1,/,O
1,advice,O
1,are,O
1,recommended,O
1,‐,O
1,Minimize,O
1,hosting,O
1,contacts,O
1,with,O
1,travel,O
1,outside,O
1,of,O
1,locale,O
1,(,O
1,eg,O
1,.,O
1,overseas,O
1,family,O
1,/,O
1,‐,O
1,Avoid,O
1,congrega,O
1,‐,O
1,tional,O
1,/,O
1,large,O
1,group,O
1,meetings,O
1,(,O
1,where,O
1,possible,O
1,),O
1,before,O
1,planned,O
1,‐,O
1,When,O
1,participating,O
1,in,O
1,group,O
1,activities,O
1,.,O
1,to,O
1,wear,O
1,a,O
1,mask,O
1,Posttransplant,O
1,inpatient,O
1,care,O
1,for,O
1,donor,O
1,Posttransplant,O
1,inpatient,O
1,care,O
1,for,O
1,recip,O
1,‐,O
1,ient,O
1,Instructions,O
1,to,O
1,appointed,O
1,full,O
1,time,O
1,caregiver,O
1,(,O
1,s,O
1,),O
1,‐,O
1,Those,O
1,with,O
1,ANY,O
1,travel,O
1,history,O
1,outside,O
1,of,O
1,Singapore,COUNTRY
1,in,O
1,the,O
1,last,O
1,28,NUMBER
1,d,O
1,;,O
1,‐,O
1,COVID,O
1,‐,O
1,19,NUMBER
1,suspects,O
1,/,O
1,cases,O
1,at,O
1,the,O
1,time,DATE
1,of,O
1,evaluation,O
1,In,O
1,addition,O
1,to,O
1,fulfilling,O
1,criteria,O
1,for,O
1,routine,O
1,pretransplant,O
1,workup,O
1,.,O
1,ALL,O
1,of,O
1,the,O
1,following,O
1,apply,O
1,(,O
1,a,O
1,),O
1,SARS,O
1,‐,O
1,CoV,O
1,‐,O
1,2,NUMBER
1,PCR,O
1,(,O
1,3,NUMBER
1,specimens,O
1,),O
1,b,O
1,test,O
1,negative,O
1,(,O
1,b,O
1,),O
1,CT,STATE_OR_PROVINCE
1,Chest,O
1,with,O
1,no,O
1,evidence,O
1,for,O
1,viral,O
1,pneumoniac,O
1,Patients,O
1,with,O
1,negative,O
1,SARS,O
1,‐,O
1,CoV,O
1,‐,O
1,2,NUMBER
1,PCR,O
1,.,O
1,and,O
1,CT,STATE_OR_PROVINCE
1,chest,O
1,findings,O
1,not,O
1,suggestive,O
1,of,O
1,viral,O
1,pneumonia,CAUSE_OF_DEATH
1,may,O
1,be,O
1,considered,O
1,as,O
1,potential,O
1,organ,O
1,donors,O
1,on,O
1,a,O
1,case,O
1,by,O
1,case,O
1,basis,O
1,in,O
1,consult,O
1,with,O
1,TxID,O
1,In,O
1,addition,O
1,to,O
1,fulfilling,O
1,criteria,O
1,for,O
1,routine,O
1,pretransplant,O
1,For,O
1,patients,O
1,requiring,O
1,a,O
1,medi,O
1,‐,O
1,cally,O
1,urgent,O
1,transplant,O
1,.,O
1,ALL,O
1,of,O
1,the,O
1,following,O
1,apply,O
1,‐,O
1,Should,O
1,not,O
1,be,O
1,COVID,O
1,‐,O
1,19,NUMBER
1,suspects,O
1,‐,O
1,Should,O
1,be,O
1,worked,O
1,up,O
1,for,O
1,any,O
1,respiratory,O
1,symptoms,O
1,/,O
1,fever,CAUSE_OF_DEATH
1,.,O
1,and,O
1,COVID,O
1,‐,O
1,19,NUMBER
1,ruled,O
1,out,O
1,before,O
1,proceeding,O
1,with,O
1,‐,O
1,In,O
1,the,O
1,absences,O
1,of,O
1,respiratory,O
1,symptoms,O
1,.,O
1,respiratory,O
1,specimen,O
1,(,O
1,eg,O
1,.,O
1,nasopharyngeal,O
1,or,O
1,oropharyngeal,O
1,specimen,O
1,),O
1,must,O
1,still,O
1,test,O
1,negative,O
1,for,O
1,SARS,O
1,‐,O
1,CoV,O
1,‐,O
1,2,NUMBER
1,PCR,O
1,(,O
1,1,NUMBER
1,),O
1,before,O
1,transplant,O
1,For,O
1,medically,O
1,nonurgent,O
1,transplant,O
1,.,O
1,ALL,O
1,of,O
1,the,O
1,following,O
1,‐,O
1,Absence,O
1,of,O
1,respirato,O
1,‐,O
1,ry,O
1,symptoms,O
1,for,O
1,at,O
1,least,O
1,14,NUMBER
1,d,O
1,before,O
1,planned,O
1,transplant,O
1,‐,O
1,No,O
1,trav,O
1,‐,O
1,el,O
1,history,O
1,outside,O
1,of,O
1,Singapore,COUNTRY
1,for,O
1,at,O
1,least,O
1,14,NUMBER
1,d,O
1,before,O
1,planned,O
1,transplant,O
1,‐,O
1,Respiratory,O
1,specimen,O
1,(,O
1,eg,O
1,.,O
1,nasopharyngeal,O
1,or,O
1,oropha,O
1,‐,O
1,ryngeal,O
1,specimen,O
1,),O
1,test,O
1,negative,O
1,for,O
1,SARS,O
1,‐,O
1,CoV,O
1,‐,O
1,2,NUMBER
1,PCR,O
1,(,O
1,1,NUMBER
1,),O
1,just,O
1,be,O
1,‐,O
1,fore,O
1,proceeding,O
1,with,O
1,transplant,O
1,‐,O
1,Should,O
1,not,O
1,be,O
1,COVID,O
1,‐,O
1,19,NUMBER
1,suspects,O
1,‐,O
1,Practice,O
1,social,O
1,distancing,O
1,‐,O
1,Inform,O
1,transplant,O
1,coordinators,O
1,if,O
1,respiratory,O
1,symptoms,O
1,or,O
1,febrile,O
1,illness,CAUSE_OF_DEATH
1,Routine,O
1,postsurgical,O
1,care,O
1,Standard,O
1,precautionsd,O
1,Recipient,O
1,to,O
1,be,O
1,nursed,O
1,strictly,O
1,in,O
1,a,O
1,single,O
1,room,O
1,with,O
1,droplet,O
1,and,O
1,standard,O
1,precautions,O
1,.,O
1,Additional,O
1,contact,O
1,precautions,O
1,for,O
1,those,O
1,who,O
1,are,O
1,colonized,O
1,with,O
1,multidrug,O
1,resistant,O
1,organisms,O
1,If,O
1,febrile,O
1,illness,CAUSE_OF_DEATH
1,develops,O
1,.,O
1,to,O
1,work,O
1,up,O
1,as,O
1,appropriatee,O
1,Have,O
1,a,O
1,dedicated,O
1,full,O
1,time,O
1,caregiver,O
1,During,O
1,the,O
1,pretransplant,O
1,pe,O
1,‐,O
1,riod,O
1,.,O
1,the,O
1,potential,O
1,carer,O
1,should,O
1,.,O
1,in,O
1,the,O
1,pretransplant,O
1,period,O
1,.,O
1,adopt,O
1,lifestyle,O
1,restrictions,O
1,that,O
1,apply,O
1,to,O
1,the,O
1,recipient,O
1,.,O
1,It,O
1,is,O
1,advisable,O
1,that,O
1,during,O
1,the,O
1,observation,O
1,period,O
1,for,O
1,the,O
1,recipient,O
1,(,O
1,as,O
1,described,O
1,above,O
1,),O
1,.,O
1,the,O
1,appointed,O
1,full,O
1,‐,O
1,time,O
1,caregiver,O
1,(,O
1,s,O
1,),O
1,remain,O
1,free,O
1,of,O
1,respiratory,O
1,symptoms,O
1,.,O
1,If,O
1,they,O
1,are,O
1,unwell,O
1,at,O
1,any,O
1,time,O
1,be,O
1,‐,O
1,fore,O
1,or,O
1,after,O
1,the,O
1,transplant,O
1,.,O
1,they,O
1,should,O
1,inform,O
1,the,O
1,transplant,O
1,coordinator,O
1,.,O
1,seek,O
1,medical,O
1,help,O
1,/,O
1,advice,O
1,.,O
1,practice,O
1,social,O
1,distancing,O
1,and,O
1,appoint,O
1,an,O
1,alternative,O
1,caregiver,O
1,for,O
1,the,O
1,potential,O
1,recipient,O
1,while,O
1,they,O
1,recuperate,O
1,Transplantation,MISC
1,DIRECT,MISC
1,Donor,MISC
1,and,O
1,recipient,O
1,selection,O
1,criteria,O
1,.,O
1,and,O
1,additional,O
1,precautionary,O
1,measures,O
1,for,O
1,transplant,O
1,Living,O
1,donor,O
1,transplant,O
1,program,O
1,Instructions,O
1,to,O
1,house,O
1,‐,O
1,hold,O
1,Deceased,MISC
1,donor,O
1,transplant,O
1,program,O
1,Advice,O
1,to,O
1,caregivers,O
1,:,O
1,‐,O
1,Minimize,O
1,hosting,O
1,contacts,O
1,with,O
1,travel,O
1,outside,O
1,of,O
1,locale,O
1,(,O
1,eg,O
1,.,O
1,overseas,O
1,family,O
1,/,O
1,friends,O
1,),O
1,‐,O
1,Avoid,O
1,congregational,RELIGION
1,/,O
1,large,O
1,group,O
1,meet,O
1,‐,O
1,ings,O
1,(,O
1,where,O
1,possible,O
1,),O
1,before,O
1,planned,O
1,transplant,O
1,‐,O
1,When,O
1,participat,O
1,‐,O
1,ing,O
1,in,O
1,group,O
1,activities,O
1,.,O
1,to,O
1,wear,O
1,a,O
1,mask,O
1,‐,O
1,Practice,O
1,social,O
1,distanc,O
1,‐,O
1,ing,O
1,‐,O
1,Inform,O
1,transplant,O
1,coordinators,O
1,if,O
1,respiratory,O
1,symptoms,O
1,or,O
1,febrile,O
1,illness,CAUSE_OF_DEATH
1,develops,O
1,‐,O
1,Observe,O
1,good,O
1,personal,O
1,hygiene,O
1,‐,O
1,Be,O
1,up,O
1,to,O
1,date,O
1,with,O
1,their,O
1,yearly,SET
1,influenza,CAUSE_OF_DEATH
1,vaccination,O
1,Advice,O
1,to,O
1,household,O
1,members,O
1,‐,O
1,Observe,O
1,good,O
1,personal,O
1,hygiene,O
1,‐,O
1,Be,O
1,up,O
1,to,O
1,date,O
1,with,O
1,yearly,SET
1,influenza,CAUSE_OF_DEATH
1,vaccination,O
1,‐,O
1,For,O
1,household,O
1,members,O
1,who,O
1,are,O
1,not,O
1,the,O
1,re,O
1,‐,O
1,cipients,O
1,full,O
1,‐,O
1,time,O
1,caregivers,O
1,:,O
1,to,O
1,wear,O
1,a,O
1,mask,O
1,when,O
1,they,O
1,partici,O
1,‐,O
1,pate,O
1,in,O
1,group,O
1,activities,O
1,before,O
1,and,O
1,posttransplant,O
1,The,O
1,first,ORDINAL
1,specimen,O
1,should,O
1,only,O
1,be,O
1,obtained,O
1,after,O
1,the,O
1,first,ORDINAL
1,7,NUMBER
1,d,O
1,of,O
1,the,O
1,14,NUMBER
1,‐,O
1,d,O
1,observation,O
1,period,O
1,for,O
1,respiratory,O
1,symptoms,O
1,;,O
1,the,O
1,final,O
1,specimen,O
1,should,O
1,be,O
1,collected,O
1,after,O
1,a,O
1,14,NUMBER
1,‐,O
1,d,O
1,symptom,O
1,‐,O
1,free,O
1,period,O
1,.,O
1,Specimens,O
1,collected,O
1,for,O
1,SARS,O
1,‐,O
1,Co,O
1,‐,O
1,V2,O
1,must,O
1,be,O
1,collected,O
1,at,O
1,least,O
1,12,NUMBER
1,h,O
1,apart,O
1,and,O
1,the,O
1,final,O
1,SARS,O
1,‐,O
1,CoV,O
1,‐,O
1,2,NUMBER
1,PCR,O
1,must,O
1,be,O
1,performed,O
1,within,O
1,2448,DATE
1,h,O
1,of,O
1,organ,O
1,procurement,O
1,.,O
1,Patients,O
1,with,O
1,viral,O
1,pneumonia,CAUSE_OF_DEATH
1,other,O
1,than,O
1,COVID,O
1,19,NUMBER
1,(,O
1,eg,O
1,.,O
1,rhinovirus,O
1,.,O
1,RSV,O
1,.,O
1,etc.,O
1,),O
1,will,O
1,be,O
1,considered,O
1,for,O
1,suit,O
1,‐,O
1,ability,O
1,of,O
1,organ,O
1,donation,O
1,on,O
1,a,O
1,case,O
1,‐,O
1,by,O
1,‐,O
1,case,O
1,basis,O
1,.,O
1,During,O
1,the,O
1,COVID,O
1,‐,O
1,19,NUMBER
1,pandemic,O
1,.,O
1,COVID,O
1,‐,O
1,19,NUMBER
1,has,O
1,to,O
1,be,O
1,considered,O
1,as,O
1,a,O
1,cause,O
1,for,O
1,unspecified,O
1,febrile,O
1,illness,CAUSE_OF_DEATH
1,/,O
1,respiratory,O
1,tract,O
1,infection,CAUSE_OF_DEATH
1,.,O
1,SARS,O
1,‐,O
1,CoV,O
1,‐,O
1,2,NUMBER
1,PCR,O
1,and,O
1,CT,STATE_OR_PROVINCE
1,Chest,MISC
1,to,O
1,be,O
1,considered,O
1,as,O
1,part,O
1,of,O
1,workup,O
1,if,O
1,ap,O
1,‐,O
1,propriate,O
1,.,O
1,COVID,O
1,‐,O
1,19,NUMBER
1,.,O
1,coronavirus,O
1,disease,CAUSE_OF_DEATH
1,19,NUMBER
1,;,O
1,CT,STATE_OR_PROVINCE
1,.,O
1,computed,O
1,tomog,O
1,‐,O
1,raphy,O
1,;,O
1,CXR,O
1,.,O
1,chest,O
1,radiograph,O
1,;,O
1,PCR,O
1,.,O
1,polymerase,O
1,chain,O
1,reaction,O
1,;,O
1,SARS,O
1,.,O
1,Severe,O
1,Acute,O
1,Respiratory,O
1,Distress,O
1,Syndrome,O
1,;,O
1,TxID,O
1,.,O
1,trans,O
1,‐,O
1,plant,O
1,infectious,O
1,reconstruction,O
1,was,O
1,performed,O
1,by,O
1,the,O
1,donor,O
1,team,O
1,in,O
1,a,O
1,separate,O
1,operating,O
1,room,O
1,.,O
1,before,O
1,delivery,O
1,of,O
1,the,O
1,organ,O
1,to,O
1,the,O
1,recipient,O
1,team,O
1,.,O
1,These,O
1,measures,O
1,taken,O
1,by,O
1,the,O
1,hospital,O
1,and,O
1,trans,O
1,‐,O
1,plant,O
1,provision,O
1,of,O
1,transplant,O
1,care,O
1,.,O
1,Postoperative,O
1,Care,O
1,Recipi,O
1,‐,O
1,ents,O
1,would,O
1,be,O
1,nursed,O
1,strictly,O
1,in,O
1,a,O
1,single,O
1,room,O
1,.,O
1,with,O
1,droplet,O
1,and,O
1,standard,O
1,precautions,O
1,.,O
1,They,O
1,would,O
1,be,O
1,monitored,O
1,closely,O
1,for,O
1,the,O
1,de,O
1,‐,O
1,velopment,O
1,of,O
1,infective,O
1,symptoms,O
1,and,O
1,tested,O
1,for,O
1,COVID,O
1,‐,O
1,19,NUMBER
1,promptly,O
1,.,O
1,if,O
1,indicated,O
1,.,O
1,In,O
1,the,O
1,unfortunate,O
1,event,O
1,that,O
1,the,O
1,recipient,O
1,becomes,O
1,positive,O
1,for,O
1,COVID,O
1,‐,O
1,19,NUMBER
1,.,O
1,they,O
1,will,O
1,be,O
1,managed,O
1,in,O
1,accordance,O
1,to,O
1,the,O
1,hospital,O
1,policy,O
1,.,O
1,All,O
1,efforts,O
1,will,O
1,be,O
1,made,O
1,to,O
1,establish,O
1,if,O
1,this,O
1,was,O
1,a,O
1,donor,O
1,‐,O
1,derived,O
1,infection,CAUSE_OF_DEATH
1,(,O
1,DDI,O
1,),O
1,.,O
1,hospital,O
1,‐,O
1,acquired,O
1,.,O
1,or,O
1,commu,O
1,‐,O
1,nity,O
1,‐,O
1,acquired,O
1,.,O
1,Hospital,O
1,and,O
1,MOH,O
1,‐,O
1,sanctioned,O
1,epidemiology,O
1,teams,O
1,would,O
1,be,O
1,engaged,O
1,to,O
1,perform,O
1,the,O
1,necessary,O
1,contact,O
1,tracing,O
1,.,O
1,Addi,O
1,‐,O
1,tional,O
1,Considerations,O
1,A,O
1,key,O
1,consideration,O
1,before,O
1,proceeding,O
1,with,O
1,transplant,O
1,surgery,CAUSE_OF_DEATH
1,is,O
1,the,O
1,availability,O
1,of,O
1,operating,O
1,theater,O
1,and,O
1,ICU,O
1,beds,O
1,.,O
1,as,O
1,these,O
1,resources,O
1,may,O
1,be,O
1,diverted,O
1,to,O
1,the,O
1,care,O
1,of,O
1,pa,O
1,‐,O
1,tients,O
1,with,O
1,and,O
1,blood,O
1,bank,O
1,stores,O
1,may,O
1,compromise,O
1,the,O
1,success,O
1,of,O
1,transplant,O
1,surgery,CAUSE_OF_DEATH
1,in,O
1,a,O
1,coagulopathic,O
1,patient,O
1,.,O
1,These,O
1,factors,O
1,may,O
1,influence,O
1,recipient,O
1,selection,O
1,and,O
1,the,O
1,decision,O
1,to,O
1,proceed,O
1,with,O
1,CASE,O
1,DESCRIPTION,O
1,In,O
1,March,DATE
1,2020,DATE
1,.,O
1,when,O
1,the,O
1,Disease,CAUSE_OF_DEATH
1,Outbreak,O
1,Re,O
1,‐,O
1,sponse,O
1,System,O
1,Condition,O
1,(,O
1,DORSCON,O
1,),O
1,alert,O
1,in,O
1,Singapore,COUNTRY
1,was,O
1,orange,O
1,at,O
1,another,O
1,hospital,O
1,.,O
1,The,O
1,cause,O
1,of,O
1,death,O
1,was,O
1,a,O
1,cerebrovascular,O
1,ac,O
1,‐,O
1,cident,O
1,.,O
1,Collateral,O
1,history,O
1,from,O
1,the,O
1,next,O
1,‐,O
1,of,O
1,‐,O
1,kin,O
1,established,O
1,that,O
1,the,O
1,potential,O
1,donor,O
1,did,O
1,not,O
1,have,O
1,respiratory,O
1,symptoms,O
1,before,O
1,ad,O
1,‐,O
1,mission,O
1,.,O
1,The,O
1,donor,O
1,fulfilled,O
1,MOHs,O
1,requirements,O
1,for,O
1,deceased,O
1,donor,O
1,evaluation,O
1,.,O
1,and,O
1,fulfilled,O
1,our,O
1,criteria,O
1,described,O
1,were,O
1,called,O
1,in,O
1,to,O
1,the,O
1,hospital,O
1,and,O
1,evaluated,O
1,.,O
1,They,O
1,too,O
1,met,O
1,our,O
1,inclusion,O
1,crite,O
1,‐,O
1,ria,O
1,and,O
1,provided,O
1,informed,O
1,consent,O
1,to,O
1,proceed,O
1,.,O
1,The,O
1,recipient,O
1,of,O
1,both,O
1,lungs,O
1,was,O
1,a,O
1,middle,O
1,‐,O
1,aged,O
1,patient,O
1,with,O
1,postinfective,O
1,bronchiectasis,O
1,with,O
1,pulmonary,O
1,hypertension,CAUSE_OF_DEATH
1,on,O
1,long,O
1,‐,O
1,term,O
1,oxygen,O
1,therapy,O
1,but,O
1,had,O
1,no,O
1,other,O
1,comorbidities,O
1,or,O
1,prior,O
1,chest,O
1,surgery,CAUSE_OF_DEATH
1,.,O
1,Venous,O
1,‐,O
1,arterial,O
1,Extracorporeal,O
1,Membrane,O
1,Oxygenation,O
1,was,O
1,used,O
1,for,O
1,circulatory,O
1,support,O
1,and,O
1,to,O
1,maintain,O
1,adequate,O
1,gas,O
1,exchange,O
1,in,O
1,a,O
1,patient,O
1,whose,O
1,surgery,CAUSE_OF_DEATH
1,was,O
1,technically,O
1,challenging,O
1,;,O
1,intraoperative,O
1,blood,O
1,transfusion,O
1,requirements,O
1,were,O
1,also,O
1,reduced,O
1,with,O
1,the,O
1,use,O
1,of,O
1,a,O
1,cell,O
1,saver,O
1,device,O
1,.,O
1,The,O
1,liver,O
1,recipient,O
1,was,O
1,a,O
1,middle,O
1,‐,O
1,aged,O
1,pa,O
1,‐,O
1,tient,O
1,with,O
1,hepatocellular,O
1,carcinoma,O
1,and,O
1,a,O
1,low,O
1,physiologic,O
1,model,TITLE
1,for,O
1,end,O
1,‐,O
1,stage,O
1,liver,CAUSE_OF_DEATH
1,disease,CAUSE_OF_DEATH
1,score,O
1,.,O
1,The,O
1,patient,O
1,was,O
1,assessed,O
1,to,O
1,be,O
1,a,O
1,low,O
1,surgical,O
1,risk,O
1,candidate,TITLE
1,and,O
1,was,O
1,expected,O
1,to,O
1,require,O
1,minimal,O
1,blood,O
1,transfusions,O
1,during,O
1,surgery,CAUSE_OF_DEATH
1,.,O
1,Our,O
1,usual,O
1,immunosuppression,O
1,protocol,O
1,for,O
1,lung,O
1,and,O
1,liver,O
1,transplantation,O
1,does,O
1,not,O
1,involve,O
1,T,O
1,‐,O
1,cell,O
1,depleting,O
1,induction,O
1,therapy,O
1,.,O
1,Both,O
1,patients,O
1,received,O
1,standard,O
1,doses,O
1,of,O
1,steroid,O
1,and,O
1,basiliximab,O
1,for,O
1,induction,O
1,.,O
1,After,O
1,transplant,O
1,.,O
1,they,O
1,were,O
1,maintained,O
1,on,O
1,tacrolimus,O
1,(,O
1,target,O
1,trough,O
1,level,O
1,between,O
1,1015,DATE
1,and,O
1,810,NUMBER
1,g,O
1,/,O
1,L,O
1,for,O
1,the,O
1,lung,O
1,and,O
1,the,O
1,liver,O
1,recipients,O
1,.,O
1,respec,O
1,‐,O
1,tively,O
1,),O
1,.,O
1,mycophenolate,O
1,mofetil,O
1,and,O
1,followed,O
1,a,O
1,standard,O
1,steroid,O
1,taper,TITLE
1,.,O
1,Both,O
1,recipients,O
1,are,O
1,negative,O
1,for,O
1,COVID,O
1,‐,O
1,19,NUMBER
1,on,O
1,postopera,O
1,‐,O
1,tive,O
1,day,DURATION
1,15,NUMBER
1,and,O
1,at,O
1,the,O
1,time,DATE
1,of,O
1,writing,O
1,.,O
1,The,O
1,recipient,O
1,of,O
1,the,O
1,lung,O
1,transplant,O
1,developed,O
1,bilateral,O
1,hemothorax,O
1,.,O
1,Stenotrophomonas,O
1,mal,O
1,‐,O
1,tophilia,O
1,ventilator,TITLE
1,‐,O
1,associated,O
1,pneumonia,CAUSE_OF_DEATH
1,.,O
1,and,O
1,required,O
1,prolonged,O
1,ventilation,O
1,due,O
1,to,O
1,diaphragmatic,O
1,paralysis,O
1,.,O
1,The,O
1,recipient,O
1,of,O
1,the,O
1,liver,O
1,has,O
1,since,O
1,been,O
1,discharged,O
1,to,O
1,outpatient,O
1,care,O
1,.,O
1,Closure,O
1,of,O
1,a,O
1,transplant,O
1,program,O
1,during,O
1,an,O
1,outbreak,O
1,of,O
1,because,O
1,little,O
1,is,O
1,known,O
1,about,O
1,the,O
1,pathogen,O
1,.,O
1,Invoking,O
1,the,O
1,tenet,O
1,Primum,O
1,non,O
1,nocere,O
1,in,O
1,this,O
1,setting,O
1,means,O
1,we,O
1,have,O
1,to,O
1,consider,O
1,the,O
1,potential,O
1,for,O
1,transplant,O
1,to,O
1,cause,O
1,harm,O
1,by,O
1,(,O
1,1,NUMBER
1,),O
1,introducing,O
1,a,O
1,DDI,O
1,and,O
1,(,O
1,2,NUMBER
1,),O
1,placing,O
1,them,O
1,at,O
1,in,O
1,‐,O
1,creased,O
1,risk,O
1,should,O
1,they,O
1,subsequently,O
1,become,O
1,infected,O
1,with,O
1,COVID,O
1,‐,O
1,19,NUMBER
1,while,O
1,of,O
1,coronaviruses,O
1,to,O
1,guide,O
1,evaluation,O
1,or,O
1,test,O
1,‐,O
1,ing,O
1,.23.24,NUMBER
1,Because,O
1,there,O
1,is,O
1,no,O
1,known,O
1,treatment,O
1,for,O
1,COVID,O
1,‐,O
1,19,NUMBER
1,.,O
1,there,O
1,is,O
1,nothing,O
1,that,O
1,can,O
1,be,O
1,given,O
1,empirically,O
1,or,O
1,prophylactically,O
1,to,O
1,prevent,O
1,its,O
1,transmission,O
1,.,O
1,Therefore,O
1,.,O
1,the,O
1,only,O
1,way,O
1,to,O
1,prevent,O
1,COVID19,O
1,DDI,O
1,is,O
1,by,O
1,excluding,O
1,infection,CAUSE_OF_DEATH
1,in,O
1,the,O
1,donor,O
1,.,O
1,This,DATE
1,may,DATE
1,be,O
1,achieved,O
1,through,O
1,history,O
1,taking,O
1,and,O
1,confirmatory,O
1,testing,O
1,.25,NUMBER
1,A,O
1,de,O
1,‐,O
1,tailed,O
1,history,O
1,of,O
1,the,O
1,donor,O
1,or,O
1,from,O
1,family,O
1,members,O
1,or,O
1,witnesses,O
1,(,O
1,in,O
1,the,O
1,case,O
1,of,O
1,a,O
1,deceased,O
1,donor,O
1,),O
1,may,O
1,shed,O
1,light,O
1,on,O
1,the,O
1,donors,O
1,exposure,O
1,to,O
1,the,O
1,pathogen,O
1,.,O
1,The,O
1,policy,O
1,of,O
1,containment,O
1,and,O
1,extensive,O
1,contact,O
1,‐,O
1,tracing,O
1,in,O
1,Singapore,COUNTRY
1,has,O
1,allowed,O
1,the,O
1,chains,O
1,of,O
1,transmis,O
1,‐,O
1,sion,O
1,to,O
1,be,O
1,identified,O
1,.,O
1,In,O
1,addition,O
1,.,O
1,MOH,ORGANIZATION
1,provides,O
1,a,O
1,daily,SET
1,press,O
1,release,O
1,with,O
1,details,O
1,on,O
1,newly,O
1,diagnosed,O
1,patients,O
1,with,O
1,COVID,O
1,‐,O
1,19,NUMBER
1,and,O
1,sites,O
1,of,O
1,potential,O
1,clusters,O
1,.5,NUMBER
1,This,O
1,dynamic,O
1,list,O
1,of,O
1,COVID,O
1,‐,O
1,19,NUMBER
1,clusters,O
1,is,O
1,used,O
1,at,O
1,the,O
1,Emergency,ORGANIZATION
1,Department,ORGANIZATION
1,when,O
1,screening,O
1,at,O
1,‐,O
1,tendees,O
1,and,O
1,by,O
1,organ,O
1,procurement,O
1,coordinators,O
1,.,O
1,Despite,O
1,that,O
1,.,O
1,there,O
1,exist,O
1,several,O
1,unlinked,O
1,or,O
1,yet,O
1,‐,O
1,to,O
1,‐,O
1,be,O
1,linked,O
1,cases,O
1,.,O
1,This,O
1,im,O
1,‐,O
1,plies,O
1,that,O
1,history,O
1,taking,O
1,alone,O
1,is,O
1,not,O
1,foolproof,O
1,in,O
1,excluding,O
1,COVID,O
1,‐,O
1,19,NUMBER
1,and,O
1,diagnostic,O
1,tests,O
1,are,O
1,required,O
1,to,O
1,complete,O
1,the,O
1,evalu,O
1,‐,O
1,ation,O
1,.,O
1,The,O
1,PCR,O
1,assay,O
1,for,O
1,SARS,O
1,‐,O
1,CoV,O
1,‐,O
1,2,NUMBER
1,is,O
1,now,DATE
1,available,O
1,at,O
1,many,O
1,centers,O
1,.,O
1,While,O
1,a,O
1,negative,O
1,result,O
1,may,O
1,be,O
1,used,O
1,to,O
1,rule,O
1,out,O
1,COVID,O
1,‐,O
1,19,NUMBER
1,.,O
1,we,O
1,do,O
1,not,O
1,know,O
1,many,O
1,of,O
1,the,O
1,parameters,O
1,.,O
1,such,O
1,as,O
1,the,O
1,neg,O
1,‐,O
1,ative,O
1,predictive,O
1,value,O
1,of,O
1,this,O
1,new,O
1,test,O
1,.,O
1,Even,O
1,among,O
1,pathogens,O
1,such,O
1,as,O
1,HIV,CAUSE_OF_DEATH
1,.,O
1,Hepatitis,CAUSE_OF_DEATH
1,B,CAUSE_OF_DEATH
1,and,O
1,C,O
1,that,O
1,have,O
1,established,O
1,tests,O
1,with,O
1,a,O
1,high,O
1,negative,O
1,predictive,O
1,value,O
1,.,O
1,window,O
1,period,O
1,transmissions,O
1,have,O
1,been,O
1,recorded,O
1,.26,NUMBER
1,Furthermore,O
1,.,O
1,a,O
1,recent,O
1,report,O
1,of,O
1,negative,O
1,tests,O
1,in,O
1,a,O
1,symptomatic,O
1,patient,O
1,that,O
1,on,O
1,repeat,O
1,testing,O
1,became,O
1,positive,O
1,is,O
1,concerning,O
1,.,O
1,even,O
1,though,O
1,this,DATE
1,may,DATE
1,have,O
1,been,O
1,related,O
1,to,O
1,sampling,O
1,or,O
1,testing,O
1,issues,O
1,.27,NUMBER
1,We,O
1,also,O
1,considered,O
1,testing,O
1,for,O
1,SARS,O
1,‐,O
1,CoV,O
1,‐,O
1,2,NUMBER
1,RNAemia,O
1,in,O
1,potential,O
1,donors,O
1,.,O
1,RNAemia,O
1,was,O
1,documented,O
1,in,O
1,15,PERCENT
1,%,PERCENT
1,of,O
1,41,NUMBER
1,patients,O
1,in,O
1,an,O
1,early,O
1,series,O
1,from,O
1,Wuhan,CITY
1,.28,NUMBER
1,RNAemia,O
1,was,O
1,seen,O
1,in,O
1,both,O
1,patients,O
1,that,O
1,had,O
1,milder,O
1,symptoms,O
1,.,O
1,and,O
1,those,O
1,that,O
1,required,O
1,intensive,O
1,care,O
1,.,O
1,Whether,O
1,RNAemia,O
1,translates,O
1,to,O
1,infection,CAUSE_OF_DEATH
1,in,O
1,solid,O
1,organs,O
1,such,O
1,as,O
1,the,O
1,liver,O
1,is,O
1,unknown,O
1,.,O
1,Moreover,O
1,.,O
1,the,O
1,period,O
1,of,O
1,RNAemia,O
1,in,O
1,relation,O
1,to,O
1,onset,O
1,of,O
1,the,O
1,symptom,O
1,was,O
1,not,O
1,described,O
1,in,O
1,the,O
1,report,O
1,by,O
1,Huang,PERSON
1,et,O
1,al.,O
1,28,NUMBER
1,The,O
1,pervasiveness,O
1,of,O
1,SARS,O
1,‐,O
1,CoV,O
1,‐,O
1,2,NUMBER
1,in,O
1,tissue,O
1,and,O
1,body,O
1,fluids,O
1,is,O
1,also,O
1,not,O
1,fully,O
1,defined,O
1,.,O
1,A,O
1,unique,O
1,fea,O
1,‐,O
1,ture,O
1,of,O
1,SARS,O
1,‐,O
1,CoV,O
1,‐,O
1,2,NUMBER
1,is,O
1,its,O
1,binding,O
1,to,O
1,angiotensin,O
1,‐,O
1,converting,O
1,en,O
1,‐,O
1,zyme,O
1,2,NUMBER
1,receptor,O
1,and,O
1,that,O
1,it,O
1,might,O
1,demonstrate,O
1,tropism,O
1,to,O
1,tissues,O
1,with,O
1,increased,O
1,angiotensinconverting,O
1,enzyme,O
1,2,NUMBER
1,expression,O
1,.,O
1,al,O
1,‐,O
1,though,O
1,this,O
1,hypothesis,O
1,has,O
1,not,O
1,been,O
1,confirmed,O
1,.29,NUMBER
1,We,O
1,know,O
1,from,O
1,the,O
1,report,O
1,by,O
1,Chen,PERSON
1,et,O
1,al30,O
1,that,O
1,among,O
1,9,NUMBER
1,pregnant,O
1,women,O
1,with,O
1,COVID,O
1,‐,O
1,19,NUMBER
1,who,O
1,underwent,O
1,delivery,O
1,by,O
1,cesarean,O
1,section,O
1,.,O
1,there,O
1,was,O
1,no,O
1,vertical,O
1,transmissionSARS,O
1,‐,O
1,CoV,O
1,‐,O
1,2,NUMBER
1,was,O
1,not,O
1,identified,O
1,in,O
1,the,O
1,amniotic,O
1,fluid,O
1,.,O
1,cord,O
1,blood,O
1,.,O
1,neonatal,O
1,throat,O
1,swab,O
1,.,O
1,and,O
1,breast,O
1,milk,O
1,.,O
1,Presently,O
1,.,O
1,the,O
1,MOH,O
1,guideline,O
1,stipulates,O
1,that,O
1,a,O
1,donor,O
1,must,O
1,have,O
1,3,NUMBER
1,sequential,O
1,negative,O
1,throat,O
1,swab,O
1,PCR,O
1,tests,O
1,for,O
1,SARSCoV,O
1,‐,O
1,2,NUMBER
1,.,O
1,These,O
1,tests,O
1,should,O
1,ideally,O
1,be,O
1,taken,O
1,at,O
1,least,O
1,12,NUMBER
1,h,O
1,apart,O
1,.,O
1,and,O
1,within,O
1,2448,DATE
1,h,O
1,before,O
1,organ,O
1,donation,O
1,.,O
1,Our,O
1,institution,O
1,introduced,O
1,the,O
1,need,O
1,for,O
1,a,O
1,CT,STATE_OR_PROVINCE
1,chest,O
1,as,O
1,an,O
1,added,O
1,precaution,O
1,after,O
1,noting,O
1,reports,O
1,that,O
1,CT,STATE_OR_PROVINCE
1,chest,O
1,findings,O
1,predated,O
1,a,O
1,positive,O
1,PCR,O
1,result,O
1,and,O
1,could,O
1,be,O
1,used,O
1,to,O
1,identify,O
1,patients,O
1,with,O
1,COVID,O
1,‐,O
1,19.18,NUMBER
1,‐,O
1,20,NUMBER
1,In,O
1,this,O
1,case,O
1,.,O
1,we,O
1,were,O
1,suf,O
1,‐,O
1,ficiently,O
1,confident,O
1,that,O
1,Chung,PERSON
1,et,O
1,al,O
1,the,O
1,donor,O
1,did,O
1,not,O
1,have,O
1,COVID,O
1,‐,O
1,19,NUMBER
1,.,O
1,given,O
1,the,O
1,clinical,O
1,course,O
1,in,O
1,the,O
1,ICU,O
1,.,O
1,the,O
1,negative,O
1,PCR,O
1,tests,O
1,and,O
1,a,O
1,negative,O
1,CT,STATE_OR_PROVINCE
1,chest,O
1,.,O
1,The,O
1,COVID,O
1,‐,O
1,19,NUMBER
1,outbreak,O
1,is,O
1,evolving,O
1,and,O
1,we,O
1,are,O
1,currently,DATE
1,in,O
1,the,O
1,acceleration,O
1,phase,O
1,of,O
1,this,O
1,pandemic,O
1,.,O
1,While,O
1,halting,O
1,transplantation,O
1,may,O
1,appear,O
1,logical,O
1,and,O
1,in,O
1,the,O
1,in,O
1,‐,O
1,terest,O
1,of,O
1,patient,O
1,safety,O
1,.,O
1,it,O
1,is,O
1,also,O
1,not,O
1,without,O
1,its,O
1,harms,O
1,.,O
1,Dur,O
1,‐,O
1,ing,O
1,SARS,O
1,.,O
1,deferring,O
1,cancer,CAUSE_OF_DEATH
1,treatment,O
1,and,O
1,postponing,O
1,diagnostic,O
1,testing,O
1,led,O
1,to,O
1,what,O
1,has,O
1,been,O
1,called,O
1,the,O
1,collateral,O
1,damage,O
1,of,O
1,SARS,O
1,.4,NUMBER
1,The,O
1,same,O
1,applies,O
1,to,O
1,withholding,O
1,life,O
1,‐,O
1,saving,O
1,transplants,O
1,for,O
1,patients,O
1,on,O
1,the,O
1,waiting,O
1,list,O
1,who,O
1,may,O
1,risk,O
1,dropping,O
1,out,O
1,be,O
1,‐,O
1,cause,O
1,of,O
1,progression,O
1,of,O
1,disease,CAUSE_OF_DEATH
1,or,O
1,death,O
1,.,O
1,This,O
1,must,O
1,be,O
1,balanced,O
1,against,O
1,the,O
1,challenges,O
1,posed,O
1,by,O
1,COVID,O
1,‐,O
1,19,NUMBER
1,.,O
1,which,O
1,is,O
1,likely,O
1,to,O
1,stay,O
1,for,O
1,some,O
1,time,O
1,.,O
1,For,O
1,this,O
1,very,O
1,reason,O
1,.,O
1,we,O
1,have,O
1,proposed,O
1,a,O
1,tiered,O
1,approach,O
1,to,O
1,the,O
1,selection,O
1,of,O
1,cases,O
1,for,O
1,transplantation,O
1,.,O
1,Although,O
1,we,O
1,have,O
1,addressed,O
1,the,O
1,issue,O
1,of,O
1,donor,O
1,and,O
1,recipient,O
1,selection,O
1,in,O
1,the,O
1,peritransplant,O
1,period,O
1,to,O
1,prevent,O
1,DDIs,O
1,.,O
1,we,O
1,have,O
1,to,O
1,be,O
1,cog,O
1,‐,O
1,nizant,O
1,that,O
1,most,O
1,COVID,O
1,‐,O
1,19,NUMBER
1,infections,CAUSE_OF_DEATH
1,in,O
1,the,O
1,posttransplant,O
1,period,O
1,are,O
1,likely,O
1,to,O
1,be,O
1,acquired,O
1,from,O
1,the,O
1,community,O
1,.6.13,NUMBER
1,Nosocomial,O
1,transmissions,O
1,may,O
1,still,O
1,be,O
1,possible,O
1,but,O
1,at,O
1,our,O
1,hospital,O
1,.,O
1,strin,O
1,‐,O
1,gent,O
1,infection,CAUSE_OF_DEATH
1,prevention,O
1,policies,O
1,(,O
1,described,O
1,above,O
1,),O
1,are,O
1,in,O
1,place,O
1,to,O
1,mitigate,O
1,this,O
1,risk,O
1,.,O
1,To,O
1,safely,O
1,navigate,O
1,transplantation,O
1,during,O
1,this,O
1,outbreak,O
1,.,O
1,we,O
1,also,O
1,have,O
1,to,O
1,recognize,O
1,the,O
1,importance,O
1,of,O
1,(,O
1,1,NUMBER
1,),O
1,prevention,O
1,of,O
1,COVID,O
1,‐,O
1,19,NUMBER
1,in,O
1,of,O
1,face,O
1,masks,O
1,.,O
1,isolation,O
1,.,O
1,quarantine,O
1,.,O
1,social,O
1,distancing,O
1,.,O
1,and,O
1,community,O
1,containment,O
1,of,O
1,infected,O
1,cases,O
1,),O
1,in,O
1,the,O
1,absence,O
1,of,O
1,effective,O
1,pharmacoprophylaxis13,O
1,.31,O
1,and,O
1,(,O
1,2,NUMBER
1,),O
1,es,O
1,‐,O
1,tablishing,O
1,and,O
1,continually,O
1,refining,O
1,management,O
1,and,O
1,treatment,O
1,strategies,O
1,for,O
1,infected,O
1,transplant,O
1,recipients,O
1,based,O
1,on,O
1,available,O
1,evidence,O
1,.,O
1,Presently,O
1,.,O
1,there,O
1,is,O
1,little,O
1,guidance,O
1,on,O
1,the,O
1,management,O
1,of,O
1,the,O
1,recipient,O
1,should,O
1,he,O
1,or,O
1,she,O
1,get,O
1,infected,O
1,with,O
1,COVID,O
1,‐,O
1,19,NUMBER
1,.,O
1,Historical,O
1,reports,O
1,of,O
1,other,O
1,coronaviruses,O
1,(,O
1,SARS,O
1,and,O
1,Middle,LOCATION
1,East,LOCATION
1,Respiratory,O
1,Syndrome,O
1,),O
1,suggest,O
1,that,O
1,they,O
1,may,O
1,be,O
1,lethal,O
1,in,O
1,trans,O
1,‐,O
1,plant,O
1,recipients,O
1,.,O
1,The,O
1,liver,O
1,transplant,O
1,recipient,O
1,described,O
1,by,O
1,Ku,O
1,‐,O
1,mar,DATE
1,et,O
1,al3,O
1,died,O
1,from,O
1,SARS,O
1,.,O
1,Of,O
1,the,O
1,2,NUMBER
1,renal,O
1,transplant,O
1,patients,O
1,of,O
1,AlGhamdi,PERSON
1,et,O
1,al32,O
1,who,O
1,acquired,O
1,Middle,LOCATION
1,East,LOCATION
1,of,O
1,posttransplant,O
1,COVID,O
1,‐,O
1,19,NUMBER
1,infections,CAUSE_OF_DEATH
1,in,O
1,transplant,O
1,recipients,O
1,were,O
1,community,O
1,ac,O
1,‐,O
1,quired,O
1,.33,NUMBER
1,‐,O
1,40,NUMBER
1,In,O
1,addition,O
1,.,O
1,outcomes,O
1,appear,O
1,more,O
1,severe,O
1,.,O
1,In,O
1,a,O
1,case,O
1,series,O
1,of,O
1,20,NUMBER
1,renal,O
1,transplant,O
1,recipients,O
1,with,O
1,COVID,O
1,‐,O
1,19,NUMBER
1,by,O
1,Alberi,PERSON
1,‐,O
1,ci,O
1,et,O
1,al,O
1,.40,O
1,85,PERCENT
1,%,PERCENT
1,of,O
1,cases,O
1,required,O
1,supplementary,O
1,oxygen,O
1,therapy,O
1,.,O
1,20,PERCENT
1,%,PERCENT
1,received,O
1,ICU,O
1,care,O
1,.,O
1,and,O
1,the,O
1,mortality,O
1,rate,O
1,was,O
1,25,PERCENT
1,%,PERCENT
1,.,O
1,which,O
1,is,O
1,much,O
1,higher,O
1,than,O
1,the,O
1,case,O
1,fatality,O
1,rate,O
1,of,O
1,approximately,O
1,2.3,PERCENT
1,%,PERCENT
1,in,O
1,the,O
1,general,TITLE
1,population,O
1,.8,NUMBER
1,To,O
1,improve,O
1,outcomes,O
1,of,O
1,severe,O
1,COVID,O
1,‐,O
1,19,NUMBER
1,in,O
1,recipients,O
1,.,O
1,it,O
1,is,O
1,intuitive,O
1,then,O
1,to,O
1,consider,O
1,either,O
1,the,O
1,use,O
1,of,O
1,antiviral,O
1,therapy,O
1,or,O
1,modulation,O
1,of,O
1,immunosuppression,O
1,as,O
1,observed,O
1,in,O
1,these,O
1,reports,O
1,.33,NUMBER
1,‐,O
1,40,NUMBER
1,However,O
1,.,O
1,there,O
1,are,O
1,no,O
1,proven,O
1,benefits,O
1,of,O
1,either,O
1,strategy,O
1,and,O
1,potential,O
1,pitfalls,O
1,exist,O
1,.,O
1,With,O
1,regard,O
1,to,O
1,an,O
1,‐,O
1,tiviral,O
1,therapy,O
1,.,O
1,there,O
1,are,O
1,no,O
1,established,O
1,therapies,O
1,to,O
1,date,O
1,.41,NUMBER
1,Although,O
1,drugs,CRIMINAL_CHARGE
1,such,O
1,as,O
1,hydroxychloroquine,O
1,/,O
1,chloroquine,O
1,azithromycin,O
1,.,O
1,or,O
1,lopinavir,O
1,/,O
1,ritonavir,O
1,have,O
1,in,O
1,vivo,O
1,activity,O
1,against,O
1,SARS,O
1,‐,O
1,CoV,O
1,‐,O
1,2,NUMBER
1,.,O
1,and,O
1,are,O
1,currently,DATE
1,being,O
1,used,O
1,for,O
1,patients,O
1,with,O
1,severe,O
1,COVID,O
1,‐,O
1,19,NUMBER
1,.,O
1,their,O
1,efficacy,O
1,is,O
1,not,O
1,proven,O
1,and,O
1,there,O
1,may,O
1,be,O
1,adverse,O
1,drug,O
1,effects,O
1,.,O
1,Hydroxychloroquine,O
1,/,O
1,chloroquine,O
1,azithromycin,O
1,combination,O
1,is,O
1,associated,O
1,with,O
1,significant,O
1,gastroin,O
1,‐,O
1,testinal,O
1,disturbances,O
1,and,O
1,patients,O
1,have,O
1,to,O
1,be,O
1,closely,O
1,monitoring,O
1,for,O
1,toxicity,O
1,(,O
1,in,O
1,particular,O
1,QTc,O
1,prolongation,O
1,),O
1,.,O
1,Lopinavir,LOCATION
1,/,O
1,riton,O
1,‐,O
1,avir,O
1,can,O
1,also,O
1,cause,O
1,diarrhea,O
1,.,O
1,It,O
1,is,O
1,also,O
1,a,O
1,potent,O
1,inhibitor,O
1,of,O
1,CYP,O
1,3A4,O
1,.,O
1,a,O
1,dose,O
1,adjustment,O
1,of,O
1,the,O
1,calcineurin,O
1,inhibitors,O
1,(,O
1,tacrolimus,O
1,/,O
1,Transplantation,O
1,DIRECT,O
1,cyclosporine,O
1,),O
1,.,O
1,is,O
1,need,O
1,‐,O
1,ed,O
1,.41.42,NUMBER
1,Preliminary,O
1,data,O
1,based,O
1,on,O
1,the,O
1,compassionate,O
1,use,O
1,of,O
1,remdesivir,O
1,appear,O
1,promising,O
1,with,O
1,68,PERCENT
1,%,PERCENT
1,of,O
1,patients,O
1,showing,O
1,clinical,O
1,improvement,O
1,.43,NUMBER
1,This,DATE
1,may,DATE
1,be,O
1,a,O
1,possible,O
1,therapeutic,O
1,option,O
1,.,O
1,and,O
1,we,O
1,eagerly,O
1,await,O
1,the,O
1,results,O
1,of,O
1,ongoing,O
1,remdesivir,O
1,clinical,O
1,tri,O
1,‐,O
1,als,O
1,.40,NUMBER
1,Where,O
1,possible,O
1,.,O
1,we,O
1,recommend,O
1,the,O
1,enrollment,O
1,of,O
1,affected,O
1,patients,O
1,into,O
1,the,O
1,remdesivir,O
1,clinical,O
1,trials,O
1,.,O
1,For,O
1,those,O
1,who,O
1,do,O
1,not,O
1,qualify,O
1,.,O
1,we,O
1,recommend,O
1,the,O
1,use,O
1,of,O
1,hydroxychloroquine,O
1,.,O
1,In,O
1,pa,O
1,‐,O
1,tients,O
1,with,O
1,severe,O
1,illness,CAUSE_OF_DEATH
1,.,O
1,the,O
1,use,O
1,of,O
1,convalescent,O
1,serum,O
1,or,O
1,im,O
1,‐,O
1,munomodulatory,O
1,therapy,O
1,with,O
1,tocilizumab,O
1,may,O
1,be,O
1,considered,O
1,on,O
1,a,O
1,case,O
1,‐,O
1,by,O
1,‐,O
1,case,O
1,There,O
1,is,O
1,no,O
1,strong,O
1,evidence,O
1,on,O
1,how,O
1,to,O
1,modify,O
1,immuno,O
1,‐,O
1,suppression,O
1,during,O
1,acute,O
1,COVID,O
1,‐,O
1,19,NUMBER
1,.,O
1,The,O
1,severe,O
1,illness,CAUSE_OF_DEATH
1,associated,O
1,with,O
1,COVID,O
1,‐,O
1,19,NUMBER
1,is,O
1,associated,O
1,with,O
1,an,O
1,intense,O
1,inflammatory,O
1,re,O
1,‐,O
1,sponse,O
1,.,O
1,However,O
1,.,O
1,there,O
1,is,O
1,no,O
1,proven,O
1,benefit,O
1,in,O
1,the,O
1,use,O
1,of,O
1,corti,O
1,‐,O
1,costeroids,O
1,.,O
1,and,O
1,potential,O
1,deleterious,O
1,effects,O
1,(,O
1,eg,O
1,.,O
1,prolonged,O
1,vi,O
1,‐,O
1,ral,O
1,clearance,O
1,and,O
1,risk,O
1,of,O
1,secondary,O
1,bacterial,O
1,and,O
1,fungal,O
1,infec,O
1,‐,O
1,tions,O
1,),O
1,exists,O
1,.41.44,NUMBER
1,On,O
1,the,O
1,other,O
1,hand,O
1,.,O
1,it,O
1,is,O
1,also,O
1,not,O
1,entirely,O
1,clear,O
1,how,O
1,to,O
1,reduce,O
1,or,O
1,discontinue,O
1,immunosuppression,O
1,.,O
1,Although,O
1,it,O
1,may,O
1,bolster,O
1,native,O
1,immune,O
1,responses,O
1,.,O
1,it,O
1,risks,O
1,graft,O
1,rejection,O
1,which,O
1,will,O
1,be,O
1,a,O
1,devastating,O
1,complication,O
1,due,O
1,to,O
1,the,O
1,treatment,O
1,re,O
1,‐,O
1,quired,O
1,to,O
1,reverse,O
1,it,O
1,.,O
1,Presently,O
1,.,O
1,centers,O
1,with,O
1,experience,O
1,managing,O
1,COVID,O
1,‐,O
1,19,NUMBER
1,in,O
1,transplant,O
1,recipients,O
1,recommend,O
1,dose,O
1,reduction,O
1,of,O
1,an,O
1,‐,O
1,timetabolites,O
1,or,O
1,calcineurin,O
1,inhibitors,O
1,in,O
1,those,O
1,with,O
1,severe,O
1,in,O
1,‐,O
1,fections,O
1,.41.42,NUMBER
1,In,O
1,this,O
1,pandemic,O
1,.,O
1,the,O
1,patient,O
1,.,O
1,transplanted,O
1,or,O
1,not,O
1,.,O
1,is,O
1,similarly,O
1,at,O
1,the,O
1,risk,O
1,of,O
1,succumbing,O
1,to,O
1,COVID,O
1,‐,O
1,19,NUMBER
1,either,O
1,as,O
1,a,O
1,patient,O
1,with,O
1,end,O
1,‐,O
1,stage,O
1,organ,O
1,failure,O
1,or,O
1,immunosuppressed,O
1,after,O
1,transplant,O
1,.,O
1,At,O
1,each,O
1,phase,O
1,of,O
1,the,O
1,outbreak,O
1,.,O
1,the,O
1,decision,O
1,to,O
1,pro,O
1,‐,O
1,ceed,O
1,with,O
1,transplantation,O
1,must,O
1,be,O
1,guided,O
1,by,O
1,the,O
1,indication,O
1,for,O
1,transplant,O
1,.,O
1,availability,O
1,of,O
1,manpower,O
1,and,O
1,resources,O
1,.,O
1,and,O
1,overall,O
1,safety,O
1,of,O
1,all,O
1,parties,O
1,involved,O
1,in,O
1,the,O
1,procedure,O
1,.,O
1,The,O
1,known,O
1,and,O
1,unknown,O
1,risks,O
1,of,O
1,transplantation,O
1,are,O
1,certainly,O
1,increased,O
1,amid,O
1,this,O
1,COVID,O
1,‐,O
1,19,NUMBER
1,pandemic,O
1,.,O
1,However,O
1,.,O
1,these,O
1,risks,O
1,may,O
1,be,O
1,mitigated,O
1,if,O
1,the,O
1,locale,O
1,practices,O
1,an,O
1,effective,O
1,containment,O
1,policy,O
1,.,O
1,due,O
1,to,O
1,diligence,O
1,made,O
1,to,O
1,exclude,O
1,COVID,O
1,‐,O
1,19,NUMBER
1,in,O
1,both,O
1,donor,O
1,and,O
1,recipient,O
1,.,O
1,and,O
1,there,O
1,are,O
1,robust,O
1,infectious,O
1,prevention,O
1,processes,O
1,within,O
1,the,O
1,hospital,O
1,.,O
1,As,O
1,more,O
1,data,O
1,emerge,O
1,.,O
1,it,O
1,is,O
1,likely,O
1,that,O
1,we,O
1,will,O
1,gain,O
1,more,O
1,knowledge,O
1,to,O
1,make,O
1,the,O
1,process,O
1,even,O
1,safer,O
1,.,O
1,Management,O
1,strate,O
1,‐,O
1,gies,O
1,of,O
1,COVID,O
1,‐,O
1,19,NUMBER
1,after,O
1,transplant,O
1,will,O
1,continue,O
1,to,O
1,evolve,O
1,as,O
1,more,O
1,data,O
1,emerge,O
1,.,O
1,1,NUMBER
1,.,O
1,World,ORGANIZATION
1,Health,ORGANIZATION
1,Organization,ORGANIZATION
1,.,O
1,WHO,O
1,Director,TITLE
1,‐,O
1,Generals,O
1,opening,O
1,remarks,O
1,at,O
1,the,O
1,media,O
1,briefing,O
1,on,O
1,COVID,O
1,‐,O
1,1911,DATE
1,March,DATE
1,2020,DATE
1,.,O
1,2,NUMBER
1,.,O
1,Grasselli,PERSON
1,G,PERSON
1,.,O
1,Pesenti,PERSON
1,A,O
1,.,O
1,Cecconi,PERSON
1,M.,O
1,Critical,O
1,care,O
1,utilization,O
1,for,O
1,the,O
1,COVID19,O
1,outbreak,O
1,in,O
1,Lombardy,LOCATION
1,.,O
1,Italy,COUNTRY
1,:,O
1,early,O
1,experience,O
1,and,O
1,forecast,O
1,during,O
1,3,NUMBER
1,.,O
1,Kumar,PERSON
1,D,PERSON
1,.,O
1,Tellier,PERSON
1,R,PERSON
1,.,O
1,Draker,PERSON
1,R,PERSON
1,.,O
1,et,O
1,al,O
1,.,O
1,Severe,O
1,Acute,O
1,Respiratory,O
1,Syndrome,O
1,(,O
1,SARS,O
1,),O
1,in,O
1,a,O
1,liver,O
1,transplant,O
1,recipient,O
1,and,O
1,guidelines,O
1,for,O
1,donor,O
1,SARS,O
1,screening,O
1,.,O
1,Am,O
1,J,O
1,Transplant,O
1,.,O
1,4,NUMBER
1,.,O
1,Bernstein,PERSON
1,M,O
1,.,O
1,Hawryluck,O
1,L.,O
1,Challenging,O
1,beliefs,O
1,and,O
1,ethical,O
1,con,O
1,‐,O
1,cepts,O
1,:,O
1,the,O
1,sg,O
1,/,O
1,covid,O
1,‐,O
1,19,NUMBER
1,.,O
1,Accessed,O
1,April,DATE
1,12,DATE
1,.,DATE
1,2020,DATE
1,.,O
1,diseases,CAUSE_OF_DEATH
1,/,O
1,novel,O
1,‐,O
1,coronavirus,O
1,‐,O
1,2019,DATE
1,/,O
1,situation,O
1,‐,O
1,reports,O
1,.,O
1,2020,DATE
1,.,O
1,Accessed,O
1,7,NUMBER
1,.,O
1,Pan,O
1,A,O
1,.,O
1,Liu,PERSON
1,L,O
1,.,O
1,Wang,PERSON
1,C,PERSON
1,.,O
1,et,O
1,al,O
1,.,O
1,Association,O
1,of,O
1,public,O
1,health,O
1,interventions,O
1,with,O
1,the,O
1,epidemiology,O
1,of,O
1,the,O
1,COVID,O
1,‐,O
1,19,NUMBER
1,outbreak,O
1,in,O
1,Wuhan,CITY
1,.,O
1,China,COUNTRY
1,.,O
1,8,NUMBER
1,.,O
1,Lai,O
1,CC,O
1,.,O
1,Shih,PERSON
1,TP,O
1,.,O
1,Ko,O
1,WC,O
1,.,O
1,et,O
1,al,O
1,.,O
1,Severe,O
1,acute,O
1,respiratory,O
1,syndrome,O
1,coronavirus,O
1,2,NUMBER
1,(,O
1,SARS,O
1,‐,O
1,CoV,O
1,‐,O
1,2,NUMBER
1,),O
1,and,O
1,coronavirus,O
1,disease,CAUSE_OF_DEATH
1,‐,O
1,2019,DATE
1,(,O
1,COVID19,O
1,),O
1,:,O
1,the,O
1,epidemic,O
1,and,O
1,the,O
1,challenges,O
1,.,O
1,Int,PERSON
1,J,PERSON
1,Antimicrob,PERSON
1,Agents,O
1,.,O
1,9,NUMBER
1,.,O
1,Wang,PERSON
1,C,PERSON
1,.,O
1,Horby,LOCATION
1,PW,LOCATION
1,.,O
1,Hayden,PERSON
1,FG,O
1,.,O
1,et,O
1,al,O
1,.,O
1,A,O
1,novel,O
1,coron,O
1,‐,O
1,avirus,O
1,outbreak,O
1,10,NUMBER
1,.,O
1,Chen,PERSON
1,J.,PERSON
1,Pathogenicity,PERSON
1,and,O
1,transmissibility,O
1,of,O
1,2019,DATE
1,‐,O
1,nCoVA,O
1,quick,O
1,overview,O
1,and,O
1,comparison,O
1,with,O
1,other,O
1,emerging,O
1,viruses,O
1,.,O
1,Microbes,O
1,11,NUMBER
1,.,O
1,Wei,O
1,WE,O
1,.,O
1,Li,PERSON
1,Z,PERSON
1,.,O
1,Chiew,PERSON
1,CJ,PERSON
1,.,O
1,et,O
1,al,O
1,.,O
1,Presymp,O
1,‐,O
1,tomatic,O
1,transmission,O
1,of,O
1,SARSCoV,O
1,‐,O
1,2,NUMBER
1,‐,O
1,Singapore,COUNTRY
1,.,O
1,January,DATE
1,23,DATE
1,‐,O
1,March,DATE
1,16,NUMBER
1,.,O
1,2020,DATE
1,.,O
1,MMWR,O
1,Morb,O
1,Mortal,O
1,12,NUMBER
1,.,O
1,Rothe,PERSON
1,C,O
1,.,O
1,Schunk,PERSON
1,M,O
1,.,O
1,Sothmann,O
1,P,O
1,.,O
1,et,O
1,al,O
1,.,O
1,Transmission,O
1,of,O
1,2019,DATE
1,‐,O
1,nCoV,O
1,infection,CAUSE_OF_DEATH
1,from,O
1,an,O
1,asymptomatic,O
1,con,O
1,‐,O
1,tact,O
1,in,O
1,Germany,COUNTRY
1,.,O
1,N,O
1,Engl,PERSON
1,J,PERSON
1,Med,PERSON
1,.,O
1,13,NUMBER
1,.,O
1,Centers,O
1,for,O
1,Disease,CAUSE_OF_DEATH
1,Control,O
1,and,O
1,Prevention,O
1,:,O
1,coronavirus,O
1,disease,CAUSE_OF_DEATH
1,2019,DATE
1,gov,O
1,/,O
1,coron,O
1,‐,O
1,avirus,O
1,/,O
1,2019,DATE
1,‐,O
1,ncov,O
1,/,O
1,cases,O
1,‐,O
1,updates/summary.html,O
1,.,O
1,Accessed,O
1,14,NUMBER
1,.,O
1,Hol,O
1,‐,O
1,loway,O
1,R,O
1,.,O
1,Rasmussen,ORGANIZATION
1,SA,ORGANIZATION
1,.,O
1,Zaza,PERSON
1,S,PERSON
1,.,O
1,et,O
1,al,O
1,.,O
1,Updated,O
1,preparedness,O
1,and,O
1,response,O
1,framework,O
1,for,O
1,influenza,CAUSE_OF_DEATH
1,pandemics,O
1,.,O
1,MMWR,O
1,Recomm,O
1,15,NUMBER
1,.,O
1,Min,DURATION
1,‐,O
1,istry,O
1,of,O
1,Health,O
1,.,O
1,Singapore,COUNTRY
1,.,O
1,Advisory,O
1,on,O
1,Health,O
1,Measures,O
1,for,O
1,Organ,O
1,and,O
1,Tissue,O
1,Recovery,O
1,and,O
1,Transplantation,O
1,:,O
1,COVID,O
1,‐,O
1,19,NUMBER
1,Dorscon,ORGANIZATION
1,Orange,ORGANIZATION
1,.,O
1,Singapore,COUNTRY
1,:,O
1,Ministry,ORGANIZATION
1,of,ORGANIZATION
1,Health,ORGANIZATION
1,.,O
1,Singapore,COUNTRY
1,;,O
1,2020,DATE
1,.,O
1,16,NUMBER
1,.,O
1,Ministry,O
1,of,O
1,Health,O
1,.,O
1,Singapore,COUNTRY
1,.,O
1,Updated,O
1,advisory,O
1,on,O
1,health,O
1,measures,O
1,for,O
1,organ,O
1,and,O
1,tissue,O
1,recovery,O
1,and,O
1,transplantation,O
1,:,O
1,COVID,O
1,‐,O
1,19,NUMBER
1,Dorscon,O
1,Organe,O
1,.,O
1,Singapore,COUNTRY
1,:,O
1,Ministry,ORGANIZATION
1,of,ORGANIZATION
1,Health,ORGANIZATION
1,.,O
1,Singapore,COUNTRY
1,;,O
1,2020,DATE
1,.,O
1,17,NUMBER
1,.,O
1,Lauer,ORGANIZATION
1,SA,ORGANIZATION
1,.,O
1,Grantz,PERSON
1,KH,PERSON
1,.,O
1,Bi,O
1,Q,O
1,.,O
1,et,O
1,al,O
1,.,O
1,The,O
1,incubation,O
1,period,O
1,of,O
1,coronavirus,O
1,dis,O
1,‐,O
1,ease,O
1,2019,DATE
1,(,O
1,COVID,O
1,‐,O
1,19,NUMBER
1,),O
1,from,O
1,publicly,O
1,reported,O
1,confirmed,O
1,cases,O
1,:,O
1,es,O
1,‐,O
1,timation,O
1,and,O
1,application,O
1,.,O
1,Ann,O
1,Intern,TITLE
1,Med,O
1,.,O
1,2020,DATE
1,.,O
1,18,NUMBER
1,.,O
1,Ai,O
1,T,O
1,.,O
1,Yang,PERSON
1,Z,O
1,.,O
1,Hou,PERSON
1,H,PERSON
1,.,O
1,et,O
1,al,O
1,.,O
1,Correlation,O
1,of,O
1,chest,O
1,CT,STATE_OR_PROVINCE
1,and,O
1,RT,O
1,‐,O
1,PCR,O
1,testing,O
1,in,O
1,coronavirus,O
1,disease,CAUSE_OF_DEATH
1,2019,DATE
1,(,O
1,COVID,O
1,‐,O
1,19,NUMBER
1,),O
1,in,O
1,China,COUNTRY
1,:,O
1,a,O
1,report,O
1,of,O
1,1014,DATE
1,19,NUMBER
1,.,O
1,Fang,O
1,Y,O
1,.,O
1,Zhang,PERSON
1,H,PERSON
1,.,O
1,Xie,PERSON
1,J,PERSON
1,.,O
1,et,O
1,al,O
1,.,O
1,Sensitivity,O
1,of,O
1,chest,O
1,CT,STATE_OR_PROVINCE
1,for,O
1,COVID,O
1,‐,O
1,19,NUMBER
1,:,O
1,20,NUMBER
1,.,O
1,Xie,PERSON
1,X,PERSON
1,.,O
1,Zhong,PERSON
1,Z,PERSON
1,.,O
1,Zhao,PERSON
1,W,PERSON
1,.,O
1,et,O
1,al,O
1,.,O
1,Chest,O
1,CT,STATE_OR_PROVINCE
1,for,O
1,typical,O
1,2019,DATE
1,‐,O
1,nCoV,O
1,pneumonia,CAUSE_OF_DEATH
1,:,O
1,relationship,O
1,to,O
1,negative,O
1,RT,O
1,‐,O
1,PCR,O
1,testing,O
1,.,O
1,Ra,O
1,‐,O
1,diology,O
1,.,O
1,21,NUMBER
1,.,O
1,Cheng,PERSON
1,LT,PERSON
1,.,O
1,Chan,ORGANIZATION
1,LP,ORGANIZATION
1,.,O
1,Tan,O
1,BH,O
1,.,O
1,et,O
1,al,O
1,.,O
1,Dj,TITLE
1,vu,O
1,or,O
1,jamais,O
1,vu,O
1,?,O
1,How,O
1,the,O
1,severe,O
1,acute,O
1,respiratory,O
1,syndrome,O
1,experience,O
1,influ,O
1,‐,O
1,enced,O
1,a,O
1,Singapore,COUNTRY
1,22,NUMBER
1,.,O
1,Angelico,ORGANIZATION
1,R,ORGANIZATION
1,.,O
1,Trapani,PERSON
1,S,O
1,.,O
1,Manzia,O
1,TM,O
1,.,O
1,et,O
1,al,O
1,.,O
1,The,O
1,COVID,O
1,‐,O
1,19,NUMBER
1,outbreak,O
1,in,O
1,Italy,COUNTRY
1,:,O
1,initial,O
1,implications,O
1,for,O
1,organ,O
1,transplantation,O
1,programs,O
1,.,O
1,Am,O
1,J,O
1,23,NUMBER
1,.,O
1,Chong,ORGANIZATION
1,PP,ORGANIZATION
1,.,O
1,Razonable,PERSON
1,RR,PERSON
1,.,O
1,Diag,O
1,‐,O
1,nostic,O
1,and,O
1,management,O
1,strategies,O
1,for,O
1,donor,O
1,‐,O
1,derived,O
1,infections,CAUSE_OF_DEATH
1,.,O
1,Infect,O
1,Dis,O
1,Clin,O
1,North,O
1,Am,O
1,.,O
1,2013,DATE
1,;,O
1,27:253,NUMBER
1,24,NUMBER
1,.,O
1,Len,PERSON
1,O,PERSON
1,.,O
1,Garzoni,PERSON
1,C,O
1,.,O
1,Lum,PERSON
1,‐,PERSON
1,breras,O
1,C,O
1,.,O
1,et,O
1,al,O
1,.,O
1,Recommendations,O
1,for,O
1,screening,O
1,of,O
1,donor,O
1,and,O
1,re,O
1,‐,O
1,cipient,O
1,prior,O
1,to,O
1,solid,O
1,organ,O
1,transplantation,O
1,and,O
1,to,O
1,minimize,O
1,transmission,O
1,of,O
1,donor,O
1,‐,O
1,derived,O
1,infections,CAUSE_OF_DEATH
1,.,O
1,Clin,PERSON
1,Microbiol,PERSON
1,25,NUMBER
1,.,O
1,Seem,O
1,DL,O
1,.,O
1,Lee,PERSON
1,I,O
1,.,O
1,Umscheid,PERSON
1,CA,STATE_OR_PROVINCE
1,.,O
1,et,O
1,al,O
1,;,O
1,United,ORGANIZATION
1,States,ORGANIZATION
1,Public,ORGANIZATION
1,Health,ORGANIZATION
1,Ser,O
1,‐,O
1,vice,O
1,.,O
1,PHS,O
1,guideline,O
1,for,O
1,reducing,O
1,human,O
1,immunodeficiency,O
1,virus,O
1,.,O
1,hepatitis,CAUSE_OF_DEATH
1,B,CAUSE_OF_DEATH
1,virus,O
1,.,O
1,and,O
1,hepatitis,CAUSE_OF_DEATH
1,C,CAUSE_OF_DEATH
1,virus,O
1,transmission,O
1,through,O
1,or,O
1,‐,O
1,gan,O
1,transplantation,O
1,.,O
1,Public,ORGANIZATION
1,Health,ORGANIZATION
1,Rep.,ORGANIZATION
1,26,NUMBER
1,.,O
1,Ison,PERSON
1,MG,O
1,.,O
1,Llata,PERSON
1,E,PERSON
1,.,O
1,Conover,PERSON
1,CS,O
1,.,O
1,et,O
1,al,O
1,;,O
1,HIV,CAUSE_OF_DEATH
1,‐,O
1,HCV,O
1,Transplantation,O
1,immunodeficiency,O
1,virus,O
1,and,O
1,hepatitis,CAUSE_OF_DEATH
1,C,CAUSE_OF_DEATH
1,virus,O
1,from,O
1,an,O
1,organ,O
1,donor,O
1,to,O
1,four,NUMBER
1,transplant,O
1,re,O
1,‐,O
1,cipients,O
1,.,O
1,Am,O
1,J,O
1,Transplant,O
1,.,O
1,27,NUMBER
1,.,O
1,Tay,PERSON
1,JY,PERSON
1,.,O
1,Lim,PERSON
1,PL,PERSON
1,.,O
1,Marimuthu,PERSON
1,K,PERSON
1,.,O
1,et,O
1,al,O
1,.,O
1,De,O
1,‐,O
1,isolating,O
1,COVID19,O
1,suspect,O
1,cases,O
1,:,O
1,a,O
1,continuing,O
1,challenge,O
1,.,O
1,Clin,O
1,Infect,O
1,Dis,O
1,.,O
1,28,NUMBER
1,.,O
1,Huang,PERSON
1,C,PERSON
1,.,O
1,Wang,O
1,Y,O
1,.,O
1,Li,PERSON
1,X,PERSON
1,.,O
1,et,O
1,al,O
1,.,O
1,Clinical,O
1,fea,O
1,‐,O
1,tures,O
1,of,O
1,patients,O
1,infected,O
1,with,O
1,2019,DATE
1,novel,O
1,coronavirus,O
1,in,O
1,Wuhan,CITY
1,.,O
1,China,COUNTRY
1,.,O
1,Lancet,O
1,.,O
1,29,NUMBER
1,.,O
1,Baig,PERSON
1,AM,O
1,.,O
1,Khaleeq,PERSON
1,A,O
1,.,O
1,Ali,PERSON
1,U,PERSON
1,.,O
1,et,O
1,al,O
1,.,O
1,Evidence,O
1,of,O
1,the,O
1,COVID,O
1,‐,O
1,19,NUMBER
1,virus,O
1,targeting,O
1,the,O
1,CNS,O
1,:,O
1,tissue,O
1,distribution,O
1,.,O
1,host,TITLE
1,‐,O
1,virus,O
1,interaction,O
1,.,O
1,and,O
1,proposed,O
1,neurotropic,O
1,mechanisms,O
1,.,O
1,ACS,ORGANIZATION
1,Chem,ORGANIZATION
1,Neurosci,O
1,.,O
1,30,NUMBER
1,.,O
1,Chen,PERSON
1,H,PERSON
1,.,O
1,Guo,PERSON
1,J,PERSON
1,.,O
1,Wang,O
1,C,O
1,.,O
1,et,O
1,al,O
1,.,O
1,Clinical,O
1,character,O
1,‐,O
1,istics,O
1,and,O
1,intrauterine,O
1,vertical,O
1,transmission,O
1,potential,O
1,of,O
1,COVID,O
1,‐,O
1,19,NUMBER
1,infection,CAUSE_OF_DEATH
1,in,O
1,nine,NUMBER
1,31,NUMBER
1,.,O
1,Wilder,PERSON
1,‐,PERSON
1,Smith,PERSON
1,A,O
1,.,O
1,Freedman,ORGANIZATION
1,DO,ORGANIZATION
1,.,O
1,Iso,O
1,‐,O
1,lation,O
1,.,O
1,quarantine,O
1,.,O
1,social,O
1,distancing,O
1,and,O
1,community,O
1,containment,O
1,:,O
1,pivotal,O
1,role,O
1,for,O
1,old,O
1,‐,O
1,style,O
1,public,O
1,health,O
1,measures,O
1,in,O
1,the,O
1,novel,O
1,coronavirus,O
1,(,O
1,2019,DATE
1,‐,O
1,nCoV,O
1,),O
1,outbreak,O
1,.,O
1,J,O
1,Travel,O
1,32,NUMBER
1,.,O
1,AlGhamdi,PERSON
1,M,O
1,.,O
1,Mush,PERSON
1,‐,PERSON
1,taq,O
1,F,O
1,.,O
1,Awn,PERSON
1,N,PERSON
1,.,O
1,et,O
1,al,O
1,.,O
1,MERS,O
1,CoV,O
1,infection,CAUSE_OF_DEATH
1,in,O
1,two,NUMBER
1,renal,O
1,transplant,O
1,recipients,O
1,:,O
1,case,O
1,report,O
1,.,O
1,Am,O
1,J,O
1,Transplant,O
1,.,O
1,33,NUMBER
1,.,O
1,Zhang,PERSON
1,H,PERSON
1,.,O
1,Chen,PERSON
1,Y,PERSON
1,.,O
1,Yuan,O
1,Q,O
1,.,O
1,et,O
1,al,O
1,.,O
1,Identification,O
1,of,O
1,kidney,O
1,transplant,O
1,recipients,O
1,34,NUMBER
1,.,O
1,Zhu,PERSON
1,L,PERSON
1,.,O
1,Xu,PERSON
1,X,PERSON
1,.,O
1,Ma,PERSON
1,K,PERSON
1,.,O
1,et,O
1,al,O
1,.,O
1,Successful,O
1,recovery,O
1,of,O
1,COVID,O
1,‐,O
1,19,NUMBER
1,pneumo,O
1,‐,O
1,nia,O
1,in,O
1,a,O
1,renal,O
1,transplant,O
1,recipient,O
1,with,O
1,long,O
1,‐,O
1,term,O
1,immunosuppres,O
1,‐,O
1,sion,O
1,.,O
1,Am,O
1,36,NUMBER
1,.,O
1,Huang,PERSON
1,JF,PERSON
1,.,O
1,Zheng,PERSON
1,KI,PERSON
1,.,O
1,George,PERSON
1,J,PERSON
1,.,O
1,et,O
1,al,O
1,.,O
1,Fatal,O
1,outcome,O
1,in,O
1,a,O
1,liver,O
1,transplant,O
1,37,NUMBER
1,.,O
1,Wang,PERSON
1,J,PERSON
1,.,O
1,Li,PERSON
1,X,PERSON
1,.,O
1,Cao,PERSON
1,G,PERSON
1,.,O
1,et,O
1,al,O
1,.,O
1,COVID,O
1,‐,O
1,19,NUMBER
1,in,O
1,a,O
1,kidney,O
1,transplant,O
1,patient,O
1,.,O
1,Eur,PERSON
1,Chung,PERSON
1,et,O
1,al,O
1,38,NUMBER
1,.,O
1,Seminari,O
1,E,O
1,.,O
1,Colaneri,PERSON
1,M,O
1,.,O
1,Sambo,PERSON
1,M,O
1,.,O
1,et,O
1,al,O
1,.,O
1,SARS,O
1,Cov2,O
1,infection,CAUSE_OF_DEATH
1,in,O
1,a,O
1,renal,O
1,trans,O
1,‐,O
1,planted,O
1,patients,O
1,.,O
1,A,O
1,case,O
1,report,O
1,.,O
1,Am,O
1,J,O
1,Transplant,O
1,.,O
1,2020,DATE
1,.,O
1,40,NUMBER
1,.,O
1,Al,O
1,‐,O
1,berici,O
1,F,O
1,.,O
1,Delbarba,PERSON
1,E,PERSON
1,.,O
1,Manenti,PERSON
1,C,O
1,.,O
1,et,O
1,al,O
1,.,O
1,A,O
1,single,O
1,center,O
1,observa,O
1,‐,O
1,tional,O
1,study,O
1,of,O
1,the,O
1,clinical,O
1,characteristics,O
1,and,O
1,short,O
1,‐,O
1,term,O
1,out,O
1,‐,O
1,come,O
1,of,O
1,20,NUMBER
1,kidney,O
1,transplant,O
1,patients,O
1,admitted,O
1,for,O
1,SARS,O
1,‐,O
1,CoV,O
1,‐,O
1,2,NUMBER
1,pneumonia,CAUSE_OF_DEATH
1,.,O
1,Kidney,O
1,41,NUMBER
1,.,O
1,Bhimraj,MISC
1,A,MISC
1,.,O
1,Morgan,ORGANIZATION
1,RL,ORGANIZATION
1,.,O
1,Shumaker,PERSON
1,AH,O
1,.,O
1,et,O
1,al,O
1,.,O
1,Infectious,ORGANIZATION
1,Diseases,ORGANIZATION
1,Society,ORGANIZATION
1,of,ORGANIZATION
1,America,ORGANIZATION
1,Guidelines,ORGANIZATION
1,on,O
1,the,O
1,treat,O
1,‐,O
1,ment,O
1,and,O
1,management,O
1,idsociety.org/practice‐guide,O
1,‐,O
1,line,O
1,/,O
1,covid,O
1,‐,O
1,19,NUMBER
1,‐,O
1,guideline,O
1,‐,O
1,treatment,O
1,‐,O
1,andmanagement,O
1,/,O
1,.,O
1,Accessed,O
1,April,DATE
1,12,NUMBER
1,.,O
1,2020,DATE
1,.,O
1,42,NUMBER
1,.,O
1,Liu,PERSON
1,H,O
1,.,O
1,He,O
1,X,O
1,.,O
1,Wang,O
1,Y,O
1,.,O
1,et,O
1,al,O
1,.,O
1,Management,O
1,of,O
1,COVID,O
1,‐,O
1,19,NUMBER
1,in,O
1,patients,O
1,43,NUMBER
1,.,O
1,Grein,PERSON
1,J,PERSON
1,.,O
1,Ohmagari,PERSON
1,N,PERSON
1,.,O
1,Shin,PERSON
1,D,PERSON
1,.,O
1,et,O
1,al,O
1,.,O
1,Compassionate,O
1,use,O
1,of,O
1,remdesivir,O
1,for,O
1,patients,O
1,with,O
1,severe,O
1,COVID,O
1,‐,O
1,19,NUMBER
1,.,O
1,N,O
1,Engl,PERSON
1,J,PERSON
1,Med,O
1,.,O
1,2020,DATE
1,.,O
1,44,NUMBER
1,.,O
1,Workgroup,O
1,C,O
1,‐,O
1,T.,O
1,National,O
1,Center,O
1,for,O
1,Infectious,O
1,Diseases,CAUSE_OF_DEATH
1,(,O
1,Singapore,COUNTRY
1,),O
1,:,O
1,interim,O
1,treatment,O
1,guidelines,O
1,for,O
1,COVID,O
1,‐,O
1,19,NUMBER
1,version,O
1,1.0,NUMBER
1,.,O
1,2020,DATE
1,.,O
1,45,NUMBER
1,.,O
1,Government,O
1,of,O
1,Singapore,COUNTRY
1,:,O
1,what,O
1,do,O
1,the,O
1,dif,O
1,‐,O
1,ferent,O
1,DORSCON,O
1,levels,O
