49,WJ,O
49,C,O
49,C,O
49,Clinical,O
49,Cases,O
49,World,O
49,J,O
49,Clin,O
49,Cases,O
49,2020,DATE
49,June,DATE
49,26,DATE
49,;,O
49,8,NUMBER
49,(,O
49,12,NUMBER
49,),O
49,:,O
49,2554,DATE
49,‐,O
49,2565,DATE
49,ORIGINAL,O
49,ARTICLE,O
49,Prospective,O
49,Study,O
49,Epidemiological,O
49,and,O
49,clinical,O
49,characteristics,O
49,of,O
49,COVID,O
49,‐,O
49,19,NUMBER
49,patients,O
49,in,O
49,Hengyang,CITY
49,.,O
49,Hunan,STATE_OR_PROVINCE
49,Province,O
49,.,O
49,China,COUNTRY
49,Zhe,O
49,‐,O
49,Feng,PERSON
49,Zhong,PERSON
49,.,O
49,Jia,PERSON
49,Huang,PERSON
49,.,O
49,Xia,PERSON
49,Yang,PERSON
49,.,O
49,Jin,PERSON
49,‐,PERSON
49,Ling,PERSON
49,Peng,PERSON
49,.,O
49,Xiao,PERSON
49,‐,PERSON
49,Yan,PERSON
49,Zhang,PERSON
49,.,O
49,Yang,PERSON
49,Hu,PERSON
49,.,O
49,Nian,PERSON
49,Fu,PERSON
49,.,O
49,Hai,PERSON
49,‐,PERSON
49,Lian,PERSON
49,Lin,PERSON
49,.,O
49,Bo,PERSON
49,Jiang,PERSON
49,.,O
49,Ya,PERSON
49,‐,PERSON
49,Ying,PERSON
49,Tian,PERSON
49,.,O
49,Hong,O
49,‐,O
49,Yi,PERSON
49,Yao,PERSON
49,.,O
49,Li,PERSON
49,‐,PERSON
49,Pu,PERSON
49,Deng,PERSON
49,.,O
49,Xiao,PERSON
49,‐,PERSON
49,Qing,PERSON
49,Tang,PERSON
49,.,O
49,Jie,O
49,‐,O
49,Can,O
49,Zhou,PERSON
49,.,O
49,Jian,PERSON
49,Tang,PERSON
49,.,O
49,Xia,PERSON
49,Xie,PERSON
49,.,O
49,Qiong,PERSON
49,Liu,PERSON
49,.,O
49,Jing,PERSON
49,Liu,PERSON
49,.,O
49,Cheng,PERSON
49,‐,PERSON
49,Yun,PERSON
49,Dou,PERSON
49,.,O
49,Rong,PERSON
49,‐,O
49,Juan,PERSON
49,Dai,PERSON
49,.,O
49,Bo,PERSON
49,Yan,PERSON
49,.,O
49,Xue,O
49,‐,O
49,Feng,PERSON
49,Yang,PERSON
49,(,O
49,0000,DATE
49,‐,O
49,0001,DATE
49,‐,O
49,8938,NUMBER
49,‐,O
49,5397,NUMBER
49,),O
49,;,O
49,Jia,PERSON
49,Huang,PERSON
49,(,O
49,0000,DATE
49,‐,O
49,0001,DATE
49,‐,O
49,8793,NUMBER
49,‐,O
49,1075,DATE
49,),O
49,;,O
49,Xia,PERSON
49,Yang,PERSON
49,Peng,PERSON
49,(,O
49,0000,DATE
49,‐,O
49,0002,DATE
49,‐,O
49,0685,DATE
49,‐,O
49,5881,NUMBER
49,),O
49,;,O
49,XiaoYan,PERSON
49,Zhang,PERSON
49,(,O
49,0000,DATE
49,‐,O
49,0003,DATE
49,‐,O
49,0598,DATE
49,‐,O
49,1525,DATE
49,),O
49,;,O
49,Yang,PERSON
49,Hu,PERSON
49,(,O
49,0000,DATE
49,‐,O
49,0003,DATE
49,‐,O
49,0042,DATE
49,‐,O
49,7146,NUMBER
49,),O
49,;,O
49,Nian,PERSON
49,Fu,PERSON
49,(,O
49,0000,DATE
49,‐,O
49,0001,DATE
49,‐,O
49,8616,NUMBER
49,‐,O
49,453X,O
49,),O
49,;,O
49,HaiLian,PERSON
49,Lin,PERSON
49,(,O
49,0000,DATE
49,‐,O
49,0002,DATE
49,‐,O
49,2082,DATE
49,‐,O
49,0917,DATE
49,),O
49,;,O
49,Bo,PERSON
49,Jiang,PERSON
49,(,O
49,0000,DATE
49,‐,O
49,0002,DATE
49,‐,O
49,5953,NUMBER
49,‐,O
49,8580,NUMBER
49,),O
49,;,O
49,YaYing,O
49,Tian,PERSON
49,(,O
49,0000,DATE
49,‐,O
49,0001,DATE
49,‐,O
49,6788,NUMBER
49,‐,O
49,8911,NUMBER
49,),O
49,;,O
49,Hong,O
49,‐,O
49,Yi,PERSON
49,Yao,PERSON
49,(,O
49,0000,DATE
49,‐,O
49,0002,DATE
49,‐,O
49,3078,NUMBER
49,‐,O
49,7719,NUMBER
49,),O
49,;,O
49,Li,PERSON
49,‐,PERSON
49,Pu,PERSON
49,Deng,PERSON
49,(,O
49,0000,DATE
49,‐,O
49,0003,DATE
49,‐,O
49,0698,DATE
49,‐,O
49,308X,NUMBER
49,),O
49,;,O
49,Xiao,PERSON
49,‐,PERSON
49,Qing,PERSON
49,Tang,PERSON
49,(,O
49,0000,DATE
49,‐,O
49,0001,DATE
49,‐,O
49,9151,NUMBER
49,‐,O
49,3730,NUMBER
49,),O
49,;,O
49,Jie,O
49,‐,O
49,Can,O
49,Zhou,O
49,(,O
49,0000,DATE
49,‐,O
49,0001,DATE
49,‐,O
49,8316,NUMBER
49,‐,O
49,3566,NUMBER
49,),O
49,;,O
49,Jian,PERSON
49,Tang,PERSON
49,(,O
49,0000,DATE
49,‐,O
49,0002,DATE
49,‐,O
49,5050,NUMBER
49,‐,O
49,5758,NUMBER
49,),O
49,;,O
49,Xia,PERSON
49,Xie,PERSON
49,(,O
49,0000,DATE
49,‐,O
49,0002,DATE
49,‐,O
49,2924,DATE
49,‐,O
49,2869,DATE
49,),O
49,;,O
49,Qiong,PERSON
49,Liu,PERSON
49,(,O
49,0000,DATE
49,‐,O
49,0001,DATE
49,‐,O
49,7183,NUMBER
49,‐,O
49,5302,NUMBER
49,),O
49,;,O
49,Jing,PERSON
49,Liu,PERSON
49,Dou,PERSON
49,(,O
49,0000,DATE
49,‐,O
49,0002,DATE
49,‐,O
49,7376,NUMBER
49,‐,O
49,2677,DATE
49,),O
49,;,O
49,RongJuan,PERSON
49,Dai,PERSON
49,(,O
49,0000,DATE
49,‐,O
49,0002,DATE
49,‐,O
49,5949,NUMBER
49,‐,O
49,950X,NUMBER
49,),O
49,;,O
49,Bo,PERSON
49,Yan,PERSON
49,(,O
49,0000,DATE
49,‐,O
49,0002,DATE
49,‐,O
49,0247,DATE
49,‐,O
49,1792,DATE
49,),O
49,;,O
49,XueFeng,PERSON
49,Yang,PERSON
49,(,O
49,0000,DATE
49,‐,O
49,0002,DATE
49,‐,O
49,3470,NUMBER
49,‐,O
49,0350,DATE
49,),O
49,.,O
49,and,O
49,Huang,PERSON
49,J,PERSON
49,equally,O
49,contrib,O
49,‐,O
49,uted,O
49,to,O
49,this,O
49,work,O
49,;,O
49,Yang,PERSON
49,XF,O
49,and,O
49,Tang,PERSON
49,XQ,O
49,designed,O
49,the,O
49,study,O
49,and,O
49,edited,O
49,the,O
49,LP,O
49,.,O
49,Jiang,PERSON
49,B,O
49,.,O
49,Tian,O
49,YY,O
49,.,O
49,Yao,PERSON
49,HY,PERSON
49,.,O
49,Zhou,O
49,JC,O
49,.,O
49,Tang,PERSON
49,J,PERSON
49,.,O
49,Xie,PERSON
49,X,PERSON
49,.,O
49,Liu,PERSON
49,Q,O
49,.,O
49,Liu,PERSON
49,J,PERSON
49,.,O
49,Dou,O
49,CY,O
49,.,O
49,and,O
49,Dai,PERSON
49,RJ,PERSON
49,participated,O
49,in,O
49,data,O
49,collection,O
49,;,O
49,Yang,O
49,X,O
49,.,O
49,Peng,PERSON
49,JL,PERSON
49,.,O
49,Zhang,PERSON
49,XY,PERSON
49,.,O
49,Yan,PERSON
49,B,PERSON
49,.,O
49,and,O
49,Fu,O
49,N,O
49,took,O
49,part,O
49,in,O
49,data,O
49,sorting,O
49,;,O
49,Yang,PERSON
49,XF,O
49,.,O
49,Huang,PERSON
49,J,PERSON
49,.,O
49,and,O
49,Lin,PERSON
49,HL,O
49,carried,O
49,out,O
49,read,O
49,and,O
49,ap,O
49,‐,O
49,proved,O
49,the,O
49,final,O
49,Supported,O
49,by,O
49,the,O
49,Novel,O
49,Coronavirus,O
49,Pneumonia,CAUSE_OF_DEATH
49,Zhe,O
49,‐,O
49,Feng,PERSON
49,Zhong,PERSON
49,.,O
49,Bo,PERSON
49,Jiang,PERSON
49,.,O
49,Ya,O
49,‐,O
49,Ying,PERSON
49,Tian,PERSON
49,.,O
49,Department,O
49,of,O
49,Infectious,O
49,Diseases,CAUSE_OF_DEATH
49,.,O
49,the,O
49,Afliated,LOCATION
49,Hunan,STATE_OR_PROVINCE
49,Province,LOCATION
49,.,O
49,China,COUNTRY
49,Jia,PERSON
49,Huang,PERSON
49,.,O
49,Yang,PERSON
49,Hu,PERSON
49,.,O
49,Nian,PERSON
49,Fu,PERSON
49,.,O
49,Hai,PERSON
49,‐,PERSON
49,Lian,PERSON
49,Lin,PERSON
49,.,O
49,Xue,PERSON
49,‐,PERSON
49,Feng,PERSON
49,Yang,PERSON
49,.,O
49,Department,O
49,of,O
49,Gastroen,O
49,‐,O
49,terology,O
49,.,O
49,the,O
49,421002,NUMBER
49,.,O
49,Hunan,STATE_OR_PROVINCE
49,Province,LOCATION
49,.,O
49,China,COUNTRY
49,Xia,PERSON
49,Yang,PERSON
49,.,O
49,Jin,PERSON
49,‐,PERSON
49,Ling,PERSON
49,Peng,PERSON
49,.,O
49,Xiao,PERSON
49,‐,PERSON
49,Yan,PERSON
49,Zhang,PERSON
49,.,O
49,Department,ORGANIZATION
49,of,ORGANIZATION
49,General,ORGANIZATION
49,Practice,ORGANIZATION
49,.,O
49,the,O
49,Afliat,O
49,‐,O
49,ed,O
49,Hunan,STATE_OR_PROVINCE
49,Province,LOCATION
49,.,O
49,China,COUNTRY
49,Hong,O
49,‐,O
49,Yi,PERSON
49,Yao,PERSON
49,.,O
49,Li,PERSON
49,‐,PERSON
49,Pu,PERSON
49,Deng,PERSON
49,.,O
49,Department,O
49,of,O
49,Intensive,O
49,Medicine,O
49,.,O
49,the,O
49,Afliated,ORGANIZATION
49,Nanhua,ORGANIZATION
49,Hospital,ORGANIZATION
49,.,O
49,Jie,O
49,‐,O
49,Can,O
49,Zhou,PERSON
49,.,O
49,Jian,PERSON
49,Tang,PERSON
49,.,O
49,Xia,PERSON
49,Xie,PERSON
49,.,O
49,Qiong,PERSON
49,Liu,PERSON
49,.,O
49,Jing,PERSON
49,Liu,PERSON
49,.,O
49,Cheng,PERSON
49,‐,PERSON
49,Yun,PERSON
49,Dou,PERSON
49,.,O
49,Rong,PERSON
49,‐,PERSON
49,Juan,PERSON
49,Dai,PERSON
49,.,O
49,Department,O
49,of,O
49,Infectious,O
49,Diseases,CAUSE_OF_DEATH
49,.,O
49,the,O
49,First,ORDINAL
49,Affiliated,O
49,Hos,O
49,‐,O
49,pital,O
49,.,O
49,Hengyang,ORGANIZATION
49,Medical,ORGANIZATION
49,College,ORGANIZATION
49,.,O
49,Bo,PERSON
49,Yan,PERSON
49,.,O
49,Department,O
49,of,O
49,Cardiolo,O
49,‐,O
49,gy,O
49,.,O
49,the,O
49,First,ORGANIZATION
49,Affiliated,ORGANIZATION
49,Hospital,ORGANIZATION
49,.,O
49,Hengyang,ORGANIZATION
49,Medical,ORGANIZATION
49,College,ORGANIZATION
49,.,O
49,336,NUMBER
49,.,O
49,Dongfeng,CITY
49,Road,LOCATION
49,.,O
49,Zhuhui,LOCATION
49,District,LOCATION
49,.,O
49,Hengyang,CITY
49,421002,NUMBER
49,.,O
49,Hunan,STATE_OR_PROVINCE
49,Province,LOCATION
49,.,O
49,China,COUNTRY
49,.,O
49,In,O
49,December,DATE
49,2019,DATE
49,.,O
49,an,O
49,ongoing,O
49,outbreak,O
49,of,O
49,coronavirus,O
49,dis,O
49,‐,O
49,ease,O
49,2019,DATE
49,(,O
49,COVID,O
49,‐,O
49,19,NUMBER
49,),O
49,was,O
49,first,ORDINAL
49,identified,O
49,in,O
49,Wuhan,CITY
49,.,O
49,China,COUNTRY
49,.,O
49,The,O
49,characteristics,O
49,of,O
49,COVID,O
49,‐,O
49,19,NUMBER
49,patients,O
49,treated,O
49,in,O
49,local,O
49,hospitals,O
49,in,O
49,Wuhan,CITY
49,are,O
49,not,O
49,fully,O
49,representative,TITLE
49,of,O
49,patients,O
49,outside,O
49,Wuhan,CITY
49,.,O
49,Therefore,O
49,.,O
49,it,O
49,is,O
49,highly,O
49,essential,O
49,to,O
49,analyze,O
49,the,O
49,epidemiological,O
49,and,O
49,clinical,O
49,characteristics,O
49,of,O
49,COVID,O
49,‐,O
49,19,NUMBER
49,in,O
49,areas,O
49,outside,O
49,Wuhan,CITY
49,or,O
49,Hubei,STATE_OR_PROVINCE
49,Province,LOCATION
49,.,O
49,To,O
49,date,O
49,.,O
49,a,O
49,limited,O
49,number,O
49,of,O
49,studies,O
49,have,O
49,concentrated,O
49,on,O
49,the,O
49,epidemiological,O
49,Zhong,O
49,ZF,O
49,et,O
49,al,O
49,.,O
49,Epidemiologi,O
49,‐,O
49,cal,O
49,and,O
49,clinical,O
49,characteristics,O
49,of,O
49,COVID,O
49,‐,O
49,19,NUMBER
49,South,LOCATION
49,China,COUNTRY
49,.,O
49,No,O
49,.,O
49,2020,DATE
49,‐,O
49,15,NUMBER
49,and,O
49,No,O
49,.,O
49,2020,DATE
49,‐,O
49,25,NUMBER
49,;,O
49,the,O
49,Hengyang,ORGANIZATION
49,Science,ORGANIZATION
49,and,ORGANIZATION
49,Technology,ORGANIZATION
49,Plan,O
49,Project,O
49,‐,O
49,Basic,O
49,Research,O
49,Project,O
49,of,O
49,Prevention,O
49,and,O
49,Treatment,O
49,of,O
49,the,O
49,Novel,O
49,Coronavirus,O
49,Pneumonia,CAUSE_OF_DEATH
49,.,O
49,No,O
49,.,O
49,202010031577,NUMBER
49,;,O
49,the,O
49,Scien,O
49,‐,O
49,tific,ORGANIZATION
49,Research,ORGANIZATION
49,Project,ORGANIZATION
49,of,ORGANIZATION
49,Hunan,ORGANIZATION
49,Provincial,ORGANIZATION
49,Health,ORGANIZATION
49,and,O
49,Family,O
49,Planning,ORGANIZATION
49,Commission,ORGANIZATION
49,.,O
49,No,O
49,.,O
49,A2017015,O
49,;,O
49,the,O
49,Natural,O
49,Science,O
49,Founda,O
49,‐,O
49,tion,O
49,of,O
49,Hunan,STATE_OR_PROVINCE
49,Province,LOCATION
49,.,O
49,China,COUNTRY
49,.,O
49,No.,O
49,2016JJ5010,O
49,;,O
49,and,O
49,the,O
49,National,O
49,Natural,ORGANIZATION
49,Science,ORGANIZATION
49,Foundation,ORGANIZATION
49,of,ORGANIZATION
49,China,ORGANIZATION
49,.,O
49,No,O
49,.,O
49,statement,O
49,:,O
49,The,O
49,study,O
49,was,O
49,conducted,O
49,in,O
49,accordance,O
49,with,O
49,the,O
49,Declaration,O
49,of,O
49,Helsinki,CITY
49,.,O
49,and,O
49,it,O
49,was,O
49,approved,O
49,by,O
49,the,O
49,Ethics,ORGANIZATION
49,Committee,ORGANIZATION
49,of,ORGANIZATION
49,Afliated,ORGANIZATION
49,Nanhua,ORGANIZATION
49,Hospi,ORGANIZATION
49,‐,O
49,tal,O
49,of,O
49,Clinical,O
49,trial,O
49,registration,O
49,statement,O
49,:,O
49,This,O
49,study,O
49,is,O
49,not,O
49,a,O
49,clinical,O
49,trial,O
49,Informed,O
49,consent,O
49,statement,O
49,:,O
49,All,O
49,the,O
49,patients,O
49,signed,O
49,a,O
49,written,O
49,informed,O
49,consent,O
49,form,O
49,prior,O
49,to,O
49,commencing,O
49,the,O
49,study,O
49,.,O
49,Conflict,O
49,‐,O
49,of,O
49,‐,O
49,interest,O
49,statement,O
49,:,O
49,All,O
49,conflict,O
49,of,O
49,interest,O
49,.,O
49,Data,O
49,sharing,O
49,statement,O
49,:,O
49,No,O
49,additional,O
49,data,O
49,are,O
49,available,O
49,.,O
49,dis,O
49,‐,O
49,tribute,O
49,.,O
49,remix,O
49,.,O
49,adapt,O
49,.,O
49,build,O
49,on,O
49,different,O
49,terms,O
49,.,O
49,provided,O
49,the,O
49,original,O
49,work,O
49,is,O
49,properly,O
49,cited,O
49,and,O
49,First,ORDINAL
49,decision,O
49,:,O
49,March,DATE
49,27,DATE
49,.,O
49,2020,DATE
49,Revised,O
49,:,O
49,May,DATE
49,15,DATE
49,.,DATE
49,2020,DATE
49,Shen,O
49,HN,O
49,.,O
49,Yu,O
49,B,O
49,and,O
49,clinical,O
49,character,O
49,‐,O
49,istics,O
49,of,O
49,COVID,O
49,‐,O
49,19,NUMBER
49,patients,O
49,with,O
49,different,O
49,genders,O
49,.,O
49,clinical,O
49,classification,O
49,.,O
49,and,O
49,with,O
49,or,O
49,without,O
49,basic,O
49,diseases,CAUSE_OF_DEATH
49,.,O
49,To,O
49,study,O
49,the,O
49,epidemiological,O
49,and,O
49,clinical,O
49,characteristics,O
49,of,O
49,COVID,O
49,‐,O
49,19,NUMBER
49,patients,O
49,in,O
49,Hengyang,CITY
49,(,O
49,China,COUNTRY
49,),O
49,and,O
49,provide,O
49,a,O
49,reliable,O
49,reference,O
49,for,O
49,the,O
49,pre,O
49,‐,O
49,vention,O
49,and,O
49,control,O
49,of,O
49,COVID,O
49,‐,O
49,19,NUMBER
49,.,O
49,From,O
49,January,DATE
49,16,DATE
49,to,O
49,March,DATE
49,2,DATE
49,.,O
49,2020,DATE
49,.,O
49,a,O
49,total,O
49,of,O
49,48,NUMBER
49,confirmed,O
49,cases,O
49,of,O
49,COVID,O
49,‐,O
49,19,NUMBER
49,were,O
49,reported,O
49,in,O
49,Hengyang,CITY
49,.,O
49,and,O
49,those,O
49,cases,O
49,were,O
49,included,O
49,in,O
49,this,O
49,study,O
49,.,O
49,The,O
49,diag,O
49,‐,O
49,nostic,O
49,criteria,O
49,.,O
49,clinical,O
49,classification,O
49,.,O
49,and,O
49,discharge,O
49,standard,O
49,related,O
49,to,O
49,COVID,O
49,‐,O
49,19,NUMBER
49,were,O
49,in,O
49,line,O
49,with,O
49,the,O
49,Diagnosis,MISC
49,and,O
49,Treatment,O
49,Protocol,O
49,for,O
49,Novel,O
49,Coronavirus,O
49,Pneumonia,CAUSE_OF_DEATH
49,(,O
49,Trial,O
49,Version,O
49,7,NUMBER
49,),O
49,re,O
49,‐,O
49,leased,O
49,by,O
49,National,ORGANIZATION
49,Health,ORGANIZATION
49,Commission,ORGANIZATION
49,and,O
49,National,ORGANIZATION
49,Administration,ORGANIZATION
49,of,O
49,Traditional,O
49,Chinese,NATIONALITY
49,Medicine,O
49,.,O
49,The,O
49,presence,O
49,of,O
49,SARS,O
49,‐,O
49,CoV,O
49,‐,O
49,2,NUMBER
49,in,O
49,pharyngeal,O
49,swab,O
49,specimens,O
49,was,O
49,detected,O
49,by,O
49,quantitative,O
49,reverse,O
49,transcription,O
49,polymerase,O
49,chain,O
49,reaction,O
49,.,O
49,All,O
49,the,O
49,data,O
49,were,O
49,im,O
49,‐,O
49,ported,O
49,into,O
49,the,O
49,excel,O
49,worksheet,O
49,and,O
49,statistically,O
49,analyzed,O
49,by,O
49,us,O
49,‐,O
49,ing,O
49,SPSS,ORGANIZATION
49,25.0,NUMBER
49,A,O
49,total,O
49,of,O
49,48,NUMBER
49,cases,O
49,of,O
49,COVID,O
49,‐,O
49,19,NUMBER
49,were,O
49,collected,O
49,.,O
49,of,O
49,which,O
49,1,NUMBER
49,was,O
49,mild,O
49,.,O
49,38,NUMBER
49,were,O
49,moderate,O
49,.,O
49,and,O
49,9,NUMBER
49,were,O
49,severe,O
49,.,O
49,It,O
49,was,O
49,un,O
49,‐,O
49,veiled,O
49,that,O
49,there,O
49,were,O
49,31,NUMBER
49,(,O
49,64.6,PERCENT
49,%,PERCENT
49,),O
49,male,O
49,patients,O
49,and,O
49,17,NUMBER
49,(,O
49,35.4,PERCENT
49,%,PERCENT
49,),O
49,female,O
49,patients,O
49,.,O
49,with,O
49,a,O
49,female,O
49,‐,O
49,to,O
49,‐,O
49,male,O
49,ratio,O
49,of,O
49,1.82:1,O
49,.,O
49,The,O
49,range,O
49,of,O
49,age,O
49,of,O
49,patients,O
49,with,O
49,COVID,O
49,‐,O
49,19,NUMBER
49,was,O
49,dominantly,O
49,30,NUMBER
49,‐,O
49,49,DURATION
49,years,DURATION
49,old,DURATION
49,[,O
49,25,NUMBER
49,(,O
49,52.1,PERCENT
49,%,PERCENT
49,),O
49,of,O
49,48,NUMBER
49,],O
49,.,O
49,followed,O
49,by,O
49,those,O
49,aged,O
49,over,O
49,60,DURATION
49,years,DURATION
49,old,DURATION
49,[,O
49,11,NUMBER
49,(,O
49,22.9,PERCENT
49,%,PERCENT
49,),O
49,],O
49,.,O
49,Besides,O
49,.,O
49,29.2,PERCENT
49,%,PERCENT
49,(,O
49,14,NUMBER
49,of,O
49,48,NUMBER
49,),O
49,of,O
49,patients,O
49,had,O
49,basic,O
49,dis,O
49,‐,O
49,eases,O
49,.,O
49,and,O
49,57.2,PERCENT
49,%,PERCENT
49,(,O
49,8,NUMBER
49,of,O
49,14,NUMBER
49,),O
49,of,O
49,patients,O
49,with,O
49,basic,O
49,diseases,CAUSE_OF_DEATH
49,were,O
49,aged,O
49,over,O
49,60,DURATION
49,years,DURATION
49,old,DURATION
49,.,O
49,The,O
49,occupations,O
49,of,O
49,48,NUMBER
49,COVID,O
49,‐,O
49,19,NUMBER
49,patients,O
49,were,O
49,mainly,O
49,farmers,O
49,working,O
49,in,O
49,agricultural,O
49,production,O
49,[,O
49,15,NUMBER
49,(,O
49,31.5,PERCENT
49,%,PERCENT
49,),O
49,of,O
49,48,NUMBER
49,],O
49,.,O
49,rural,O
49,migrant,O
49,workers,O
49,from,O
49,Hengyang,CITY
49,to,O
49,Wuhan,CITY
49,[,O
49,15,NUMBER
49,(,O
49,31.5,PERCENT
49,%,PERCENT
49,),O
49,],O
49,.,O
49,and,O
49,service,O
49,workers,O
49,operating,O
49,in,O
49,the,O
49,service,O
49,sector,O
49,[,O
49,8,NUMBER
49,(,O
49,16.7,PERCENT
49,%,PERCENT
49,),O
49,],O
49,.,O
49,The,O
49,mean,O
49,latent,O
49,period,O
49,was,O
49,6.86,NUMBER
49,3.57,NUMBER
49,d,O
49,.,O
49,and,O
49,the,O
49,median,O
49,was,O
49,7,NUMBER
49,[,O
49,interquartile,O
49,range,O
49,(,O
49,IQR,O
49,),O
49,:,O
49,4,NUMBER
49,‐,O
49,9,NUMBER
49,],O
49,d,O
49,.,O
49,The,O
49,mean,O
49,time,O
49,from,O
49,on,O
49,‐,O
49,set,O
49,of,O
49,symptoms,O
49,to,O
49,the,O
49,first,ORDINAL
49,physician,TITLE
49,visit,O
49,was,O
49,3.38,NUMBER
49,2.98,NUMBER
49,(,O
49,95,PERCENT
49,%,PERCENT
49,CI,O
49,:,O
49,2.58,NUMBER
49,‐,O
49,9.18,NUMBER
49,),O
49,d,O
49,.,O
49,with,O
49,a,O
49,median,O
49,of,O
49,2,NUMBER
49,(,O
49,IQR,O
49,:,O
49,1,NUMBER
49,‐,O
49,5,NUMBER
49,),O
49,d,O
49,.,O
49,and,O
49,the,O
49,mean,O
49,time,O
49,from,O
49,hospital,O
49,admission,O
49,to,O
49,confirmed,O
49,diagnosis,O
49,was,O
49,2.29,NUMBER
49,2.11,NUMBER
49,(,O
49,95,PERCENT
49,%,PERCENT
49,CI,O
49,:,O
49,1.18,NUMBER
49,‐,O
49,6.42,NUMBER
49,),O
49,d,O
49,.,O
49,with,O
49,a,O
49,median,O
49,of,O
49,2,NUMBER
49,(,O
49,IQR,O
49,:,O
49,1,NUMBER
49,‐,O
49,3,NUMBER
49,),O
49,d.,O
49,The,O
49,main,O
49,symptoms,O
49,were,O
49,fever,CAUSE_OF_DEATH
49,[,O
49,43,NUMBER
49,(,O
49,89.6,PERCENT
49,%,PERCENT
49,),O
49,of,O
49,48,NUMBER
49,],O
49,.,O
49,cough,O
49,and,O
49,expectora,O
49,‐,O
49,tion,O
49,[,O
49,41,NUMBER
49,(,O
49,85.4,PERCENT
49,%,PERCENT
49,),O
49,],O
49,.,O
49,fatigue,O
49,[,O
49,22,NUMBER
49,(,O
49,45.8,PERCENT
49,%,PERCENT
49,),O
49,],O
49,.,O
49,and,O
49,chills,O
49,[,O
49,22,NUMBER
49,(,O
49,45.8,PERCENT
49,%,PERCENT
49,),O
49,],O
49,.,O
49,Other,O
49,symptoms,O
49,included,O
49,poor,O
49,appetite,O
49,[,O
49,13,NUMBER
49,(,O
49,27.1,PERCENT
49,%,PERCENT
49,),O
49,],O
49,.,O
49,sore,O
49,throat,O
49,[,O
49,9,NUMBER
49,(,O
49,18.8,PERCENT
49,%,PERCENT
49,),O
49,],O
49,.,O
49,dyspnea,O
49,[,O
49,9,NUMBER
49,(,O
49,18.8,PERCENT
49,%,PERCENT
49,),O
49,],O
49,.,O
49,diarrhea,O
49,[,O
49,7,NUMBER
49,(,O
49,14.6,PERCENT
49,%,PERCENT
49,),O
49,],O
49,.,O
49,dizziness,O
49,[,O
49,5,NUMBER
49,(,O
49,10.4,PERCENT
49,%,PERCENT
49,),O
49,],O
49,.,O
49,headache,O
49,[,O
49,5,NUMBER
49,(,O
49,10.4,PERCENT
49,%,PERCENT
49,),O
49,],O
49,.,O
49,muscle,O
49,pain,O
49,[,O
49,5,NUMBER
49,(,O
49,10.4,PERCENT
49,%,PERCENT
49,),O
49,],O
49,.,O
49,nau,O
49,‐,O
49,sea,O
49,and,O
49,vomiting,O
49,[,O
49,4,NUMBER
49,(,O
49,8.3,PERCENT
49,%,PERCENT
49,),O
49,],O
49,.,O
49,hemoptysis,O
49,[,O
49,4,NUMBER
49,(,O
49,8.3,PERCENT
49,%,PERCENT
49,),O
49,],O
49,.,O
49,and,O
49,runny,O
49,nose,O
49,[,O
49,1,NUMBER
49,(,O
49,2.1,PERCENT
49,%,PERCENT
49,),O
49,],O
49,.,O
49,The,O
49,numbers,O
49,of,O
49,peripheral,O
49,blood,O
49,leukocytes,O
49,.,O
49,lym,O
49,‐,O
49,phocytes,O
49,.,O
49,and,O
49,eosinophils,O
49,were,O
49,significantly,O
49,reduced,O
49,in,O
49,the,O
49,ma,O
49,‐,O
49,jority,O
49,of,O
49,the,O
49,patients,O
49,.,O
49,The,O
49,levels,O
49,of,O
49,C,O
49,‐,O
49,reactive,O
49,protein,O
49,.,O
49,fib,O
49,‐,O
49,rinogen,O
49,.,O
49,blood,O
49,glucose,O
49,.,O
49,lactate,O
49,dehydrogenase,O
49,.,O
49,Ddimer,O
49,.,O
49,alanine,O
49,aminotransferase,O
49,(,O
49,ALT,O
49,),O
49,.,O
49,aspartate,O
49,aminotransferase,O
49,(,O
49,AST,O
49,),O
49,.,O
49,gamma,O
49,‐,O
49,glutamyl,O
49,transferase,O
49,(,O
49,‐,O
49,GT,O
49,),O
49,.,O
49,myoglobin,O
49,(,O
49,MB,STATE_OR_PROVINCE
49,),O
49,.,O
49,and,O
49,creatine,O
49,kinase,O
49,(,O
49,CK,O
49,),O
49,were,O
49,increased,O
49,in,O
49,64.6,PERCENT
49,%,PERCENT
49,.,O
49,44.7,PERCENT
49,%,PERCENT
49,.,O
49,43.2,PERCENT
49,%,PERCENT
49,.,O
49,37.0,PERCENT
49,%,PERCENT
49,.,O
49,29.5,PERCENT
49,%,PERCENT
49,.,O
49,22.9,PERCENT
49,%,PERCENT
49,.20.8,PERCENT
49,%,PERCENT
49,.,O
49,21.6,PERCENT
49,%,PERCENT
49,.,O
49,13.6,PERCENT
49,%,PERCENT
49,.,O
49,and,O
49,12.8,PERCENT
49,%,PERCENT
49,of,O
49,patients,O
49,.,O
49,respectively,O
49,.,O
49,The,O
49,incidence,O
49,of,O
49,ALT,O
49,elevation,O
49,in,O
49,male,O
49,patients,O
49,was,O
49,remarkably,O
49,higher,O
49,than,O
49,that,O
49,in,O
49,females,O
49,(,O
49,P,O
49,<,O
49,0.01,NUMBER
49,),O
49,.,O
49,while,O
49,the,O
49,incidences,O
49,of,O
49,AST,ORGANIZATION
49,.,O
49,CK,O
49,.,O
49,and,O
49,blood,O
49,glucose,O
49,elevations,O
49,in,O
49,severe,O
49,patients,O
49,were,O
49,re,O
49,‐,O
49,markably,O
49,higher,O
49,than,O
49,those,O
49,in,O
49,moderate,O
49,patients,O
49,(,O
49,P,O
49,<,O
49,0.05,NUMBER
49,.,O
49,re,O
49,‐,O
49,spectively,O
49,),O
49,.,O
49,Except,O
49,for,O
49,the,O
49,mild,O
49,patients,O
49,.,O
49,chest,O
49,computed,O
49,tomog,O
49,‐,O
49,raphy,O
49,showed,O
49,characteristic,O
49,pulmonary,O
49,lesions,O
49,.,O
49,All,O
49,the,O
49,patients,O
49,received,O
49,antiviral,O
49,drugs,CRIMINAL_CHARGE
49,.,O
49,38,NUMBER
49,(,O
49,79.2,PERCENT
49,%,PERCENT
49,),O
49,accepted,O
49,traditional,O
49,Chinese,NATIONALITY
49,medicine,O
49,.,O
49,and,O
49,2,NUMBER
49,(,O
49,4.2,PERCENT
49,%,PERCENT
49,),O
49,received,O
49,treatment,O
49,of,O
49,human,O
49,umbilical,O
49,‐,O
49,cord,O
49,mesenchymal,O
49,stem,O
49,cells,O
49,.,O
49,On,O
49,March,DATE
49,2,DATE
49,.,DATE
49,2020,DATE
49,.,O
49,48,NUMBER
49,patients,O
49,with,O
49,COVID,O
49,‐,O
49,19,NUMBER
49,were,O
49,all,O
49,cured,O
49,and,O
49,discharged,O
49,.,O
49,Based,O
49,on,O
49,our,O
49,results,O
49,.,O
49,patients,O
49,with,O
49,COVID,O
49,‐,O
49,19,NUMBER
49,often,O
49,have,O
49,multiple,O
49,organ,O
49,dysfunction,O
49,or,O
49,damage,O
49,.,O
49,The,O
49,incidences,O
49,of,O
49,ALT,O
49,elevation,O
49,in,O
49,males,O
49,.,O
49,and,O
49,AST,ORGANIZATION
49,.,O
49,CK,O
49,.,O
49,and,O
49,blood,O
49,glucose,O
49,elevations,O
49,in,O
49,severe,O
49,patients,O
49,are,O
49,remarkably,O
49,higher,O
49,.,O
49,Key,O
49,words,O
49,:,O
49,Novel,O
49,coronavirus,O
49,pneumonia,CAUSE_OF_DEATH
49,;,O
49,COVID,O
49,‐,O
49,19,NUMBER
49,;,O
49,SARS,O
49,‐,O
49,CoV,O
49,‐,O
49,2,NUMBER
49,;,O
49,Epidemiology,O
49,;,O
49,Hengyang,CITY
49,;,O
49,Coronavirus,O
49,disease,CAUSE_OF_DEATH
49,2019,DATE
49,Zhong,PERSON
49,ZF,PERSON
49,et,O
49,al,O
49,.,O
49,Epidemiological,O
49,and,O
49,clinical,O
49,characteristics,O
49,of,O
49,COVID,O
49,‐,O
49,19,NUMBER
49,Core,O
49,tip,O
49,:,O
49,To,O
49,study,O
49,the,O
49,epidemiological,O
49,and,O
49,clinical,O
49,characteris,O
49,‐,O
49,tics,O
49,of,O
49,coronavirus,O
49,disease,CAUSE_OF_DEATH
49,2019,DATE
49,(,O
49,COVID,O
49,‐,O
49,19,NUMBER
49,),O
49,patients,O
49,with,O
49,differ,O
49,‐,O
49,ent,O
49,genders,O
49,.,O
49,clinical,O
49,classification,O
49,.,O
49,and,O
49,with,O
49,or,O
49,without,O
49,basic,O
49,diseases,CAUSE_OF_DEATH
49,could,O
49,provide,O
49,more,O
49,information,O
49,for,O
49,COVID,O
49,‐,O
49,19,NUMBER
49,prevention,O
49,and,O
49,control,O
49,.,O
49,Our,O
49,research,O
49,found,O
49,that,O
49,many,O
49,patients,O
49,with,O
49,COVID,O
49,‐,O
49,19,NUMBER
49,had,O
49,multiple,O
49,organ,O
49,dysfunction,O
49,or,O
49,damage,O
49,.,O
49,The,O
49,higher,O
49,attention,O
49,of,O
49,the,O
49,government,O
49,and,O
49,residents,O
49,on,O
49,the,O
49,prevention,O
49,and,O
49,control,O
49,of,O
49,COVID,O
49,‐,O
49,19,NUMBER
49,was,O
49,the,O
49,key,O
49,factor,O
49,to,O
49,control,O
49,the,O
49,development,O
49,of,O
49,COVID,O
49,‐,O
49,19,NUMBER
49,epidemic,O
49,.,O
49,Wearing,O
49,masks,O
49,and,O
49,home,O
49,isolation,O
49,could,O
49,effec,O
49,‐,O
49,tively,O
49,cut,O
49,off,O
49,transmission,O
49,routes,O
49,and,O
49,prevent,O
49,the,O
49,spread,O
49,of,O
49,the,O
49,novel,O
49,coronavirus,O
49,.,O
49,Citation,O
49,:,O
49,Zhong,PERSON
49,ZF,PERSON
49,.,O
49,Huang,PERSON
49,J,PERSON
49,.,O
49,Yang,PERSON
49,X,O
49,.,O
49,Peng,O
49,JL,O
49,.,O
49,Zhang,PERSON
49,XY,PERSON
49,.,O
49,Hu,O
49,Y,O
49,.,O
49,Fu,O
49,N,O
49,.,O
49,Lin,O
49,HL,O
49,.,O
49,Jiang,PERSON
49,B,O
49,.,O
49,Tian,O
49,YY,O
49,.,O
49,Yao,PERSON
49,HY,PERSON
49,.,O
49,Deng,PERSON
49,LP,O
49,.,O
49,Tang,O
49,XQ,O
49,.,O
49,Zhou,PERSON
49,JC,PERSON
49,.,O
49,Tang,PERSON
49,J,PERSON
49,.,O
49,Xie,PERSON
49,X,PERSON
49,.,O
49,Liu,PERSON
49,Q,O
49,.,O
49,Liu,PERSON
49,J,PERSON
49,.,O
49,Dou,O
49,CY,O
49,.,O
49,Dai,PERSON
49,RJ,PERSON
49,.,O
49,Yan,O
49,B,O
49,.,O
49,Yang,PERSON
49,XF,O
49,.,O
49,Epidemiological,O
49,and,O
49,clinical,O
49,characteristics,O
49,of,O
49,COVID,O
49,‐,O
49,19,NUMBER
49,patients,O
49,in,O
49,Hengyang,CITY
49,.,O
49,Hunan,STATE_OR_PROVINCE
49,Province,LOCATION
49,.,O
49,China,COUNTRY
49,.,O
49,World,O
49,J,O
49,Clin,O
49,Cases,O
49,2020,DATE
49,;,O
49,8,NUMBER
49,(,O
49,12,NUMBER
49,),O
49,:,O
49,2554,DATE
49,‐,O
49,2565,DATE
49,On,O
49,December,DATE
49,31,DATE
49,.,DATE
49,2019,DATE
49,.,O
49,an,O
49,unex,O
49,‐,O
49,plained,O
49,pneumonia,CAUSE_OF_DEATH
49,was,O
49,reported,O
49,in,O
49,Wuhan,CITY
49,.,O
49,China,COUNTRY
49,[,O
49,1,NUMBER
49,],O
49,.,O
49,It,O
49,was,O
49,found,O
49,that,O
49,this,O
49,pneumonia,CAUSE_OF_DEATH
49,was,O
49,caused,O
49,by,O
49,a,O
49,2019,DATE
49,novel,O
49,coronavirus,O
49,(,O
49,2019nCoV,O
49,),O
49,[,O
49,2,NUMBER
49,],O
49,.,O
49,which,O
49,was,O
49,named,O
49,severe,O
49,acute,O
49,respiratory,O
49,syndrome,O
49,coronavirus,O
49,2,NUMBER
49,(,O
49,SARSCoV,O
49,‐,O
49,2,NUMBER
49,),O
49,by,O
49,the,O
49,International,ORGANIZATION
49,Committee,ORGANIZATION
49,on,O
49,Tax,O
49,‐,O
49,onomy,O
49,of,O
49,Viruses,O
49,.,O
49,The,O
49,disease,CAUSE_OF_DEATH
49,caused,O
49,by,O
49,SARS,O
49,‐,O
49,CoV,O
49,‐,O
49,2,NUMBER
49,was,O
49,called,O
49,coronavirus,O
49,disease,CAUSE_OF_DEATH
49,2019,DATE
49,(,O
49,COVID,O
49,‐,O
49,19,NUMBER
49,),O
49,[,O
49,3,NUMBER
49,],O
49,.,O
49,COVID,O
49,‐,O
49,19,NUMBER
49,in,O
49,Wuhan,CITY
49,.,O
49,and,O
49,even,O
49,throughout,O
49,mainland,O
49,China,COUNTRY
49,;,O
49,however,O
49,.,O
49,from,O
49,the,O
49,geographical,O
49,perspective,O
49,.,O
49,the,O
49,data,O
49,were,O
49,mainly,O
49,from,O
49,the,O
49,epidemic,O
49,centers,O
49,of,O
49,Hubei,STATE_OR_PROVINCE
49,Province,LOCATION
49,.,O
49,especially,O
49,Wuhan,CITY
49,[,O
49,4.5,NUMBER
49,],O
49,.,O
49,However,O
49,.,O
49,the,O
49,characteris,O
49,‐,O
49,tics,O
49,of,O
49,patients,O
49,treated,O
49,in,O
49,local,O
49,hospitals,O
49,in,O
49,Wuhan,CITY
49,are,O
49,not,O
49,ful,O
49,‐,O
49,ly,O
49,representative,TITLE
49,of,O
49,patients,O
49,outside,O
49,Wuhan,CITY
49,.,O
49,Therefore,O
49,.,O
49,it,O
49,is,O
49,highly,O
49,essential,O
49,to,O
49,analyze,O
49,the,O
49,epidemiological,O
49,and,O
49,clinical,O
49,characteristics,O
49,of,O
49,COVID,O
49,‐,O
49,19,NUMBER
49,in,O
49,areas,O
49,outside,O
49,Wuhan,CITY
49,or,O
49,Hubei,STATE_OR_PROVINCE
49,Prov,O
49,‐,O
49,ince,O
49,.,O
49,At,O
49,the,O
49,same,O
49,time,O
49,.,O
49,there,O
49,have,O
49,been,O
49,limited,O
49,reports,O
49,about,O
49,the,O
49,differences,O
49,in,O
49,the,O
49,epidemiological,O
49,and,O
49,clinical,O
49,characteristics,O
49,of,O
49,COVID,O
49,‐,O
49,19,NUMBER
49,patients,O
49,with,O
49,different,O
49,genders,O
49,.,O
49,clinical,O
49,classifica,O
49,‐,O
49,tion,O
49,.,O
49,and,O
49,with,O
49,or,O
49,without,O
49,basic,O
49,diseases,CAUSE_OF_DEATH
49,.,O
49,Since,O
49,the,O
49,first,ORDINAL
49,COVID,O
49,‐,O
49,19,NUMBER
49,patient,O
49,was,O
49,discovered,O
49,on,O
49,January,DATE
49,16,DATE
49,.,DATE
49,2020,DATE
49,.,O
49,a,O
49,total,O
49,of,O
49,48,NUMBER
49,confirmed,O
49,cases,O
49,of,O
49,COVID,O
49,‐,O
49,19,NUMBER
49,have,O
49,been,O
49,reported,O
49,in,O
49,Hengyang,CITY
49,(,O
49,Hunan,STATE_OR_PROVINCE
49,Province,LOCATION
49,),O
49,.,O
49,a,O
49,close,O
49,neighbor,O
49,city,O
49,of,O
49,Hubei,STATE_OR_PROVINCE
49,.,O
49,Until,O
49,18:00,TIME
49,on,O
49,March,DATE
49,2,DATE
49,.,DATE
49,2020,DATE
49,.,O
49,all,O
49,the,O
49,48,NUMBER
49,confirmed,O
49,cases,O
49,were,O
49,cured,O
49,and,O
49,dis,O
49,‐,O
49,charged,O
49,.,O
49,At,O
49,present,DATE
49,.,O
49,COVID,O
49,‐,O
49,19,NUMBER
49,is,O
49,affecting,O
49,many,O
49,countries,O
49,and,O
49,territories,O
49,worldwide,O
49,[,O
49,6,NUMBER
49,],O
49,.,O
49,The,O
49,present,DATE
49,study,O
49,aimed,O
49,to,O
49,summarize,O
49,the,O
49,epidemiological,O
49,and,O
49,clinical,O
49,characteristics,O
49,of,O
49,COVID,O
49,‐,O
49,19,NUMBER
49,pa,O
49,‐,O
49,tients,O
49,in,O
49,Hengyang,CITY
49,(,O
49,China,COUNTRY
49,),O
49,and,O
49,provide,O
49,a,O
49,reliable,O
49,reference,O
49,for,O
49,the,O
49,prevention,O
49,and,O
49,control,O
49,of,O
49,COVID,O
49,‐,O
49,19,NUMBER
49,.,O
49,MATERIALS,O
49,AND,O
49,METHODS,O
49,Patients,O
49,with,O
49,COVID,O
49,‐,O
49,19,NUMBER
49,According,O
49,to,O
49,the,O
49,arrangements,O
49,by,O
49,the,O
49,Hengyang,CITY
49,Municipal,O
49,People,O
49,’s,O
49,Government,O
49,.,O
49,all,O
49,the,O
49,COVID,O
49,‐,O
49,19,NUMBER
49,patients,O
49,were,O
49,admitted,O
49,centrally,O
49,to,O
49,the,O
49,Affiliated,O
49,Nanhua,LOCATION
49,Hospital,LOCATION
49,of,O
49,South,LOCATION
49,China,COUNTRY
49,without,O
49,selectivity,O
49,.,O
49,From,O
49,January,DATE
49,16,DATE
49,to,O
49,March,DATE
49,2,DATE
49,.,O
49,2020,DATE
49,.,O
49,all,O
49,the,O
49,48,NUMBER
49,patients,O
49,with,O
49,COVID,O
49,‐,O
49,19,NUMBER
49,who,O
49,were,O
49,treated,O
49,at,O
49,these,O
49,two,NUMBER
49,hospitals,O
49,were,O
49,included,O
49,in,O
49,the,O
49,current,DATE
49,Epidemiological,O
49,inves,O
49,‐,O
49,tigation,O
49,According,O
49,to,O
49,the,O
49,Diagnosis,MISC
49,and,O
49,Treatment,O
49,Protocol,O
49,for,O
49,Novel,O
49,Coronavirus,O
49,Pneumonia,CAUSE_OF_DEATH
49,(,O
49,Trial,O
49,Version,O
49,7,NUMBER
49,),O
49,released,O
49,by,O
49,Nation,O
49,‐,O
49,al,ORGANIZATION
49,Health,ORGANIZATION
49,Commission,ORGANIZATION
49,and,O
49,National,ORGANIZATION
49,Administration,ORGANIZATION
49,of,ORGANIZATION
49,Traditional,ORGANIZATION
49,Chinese,NATIONALITY
49,Medicine,O
49,[,O
49,7,NUMBER
49,],O
49,.,O
49,the,O
49,epidemiological,O
49,history,O
49,can,O
49,be,O
49,divided,O
49,into,O
49,the,O
49,following,O
49,five,NUMBER
49,conditions,O
49,:,O
49,(,O
49,1,NUMBER
49,),O
49,History,O
49,of,O
49,travel,O
49,to,O
49,or,O
49,residency,O
49,in,O
49,an,O
49,epidemic,O
49,area,O
49,within,O
49,14,NUMBER
49,d,O
49,prior,O
49,to,O
49,onset,O
49,of,O
49,ill,O
49,‐,O
49,ness,O
49,;,O
49,(,O
49,2,NUMBER
49,),O
49,History,O
49,of,O
49,contact,O
49,with,O
49,patients,O
49,with,O
49,COVID,O
49,‐,O
49,19,NUMBER
49,within,O
49,14,NUMBER
49,d,O
49,before,O
49,onset,O
49,;,O
49,(,O
49,3,NUMBER
49,),O
49,History,O
49,of,O
49,contact,O
49,with,O
49,patients,O
49,with,O
49,fever,CAUSE_OF_DEATH
49,or,O
49,respiratory,O
49,symptoms,O
49,from,O
49,epidemic,O
49,areas,O
49,within,O
49,14,NUMBER
49,d,O
49,prior,O
49,to,O
49,onset,O
49,;,O
49,(,O
49,4,NUMBER
49,),O
49,Zhong,ORGANIZATION
49,ZF,ORGANIZATION
49,et,O
49,al,O
49,.,O
49,Epidemiological,O
49,and,O
49,clinical,O
49,characteristics,O
49,of,O
49,COVID,O
49,‐,O
49,19,NUMBER
49,Agglomeration,O
49,;,O
49,and,O
49,(,O
49,5,NUMBER
49,),O
49,An,O
49,unclear,O
49,epidemic,O
49,history,O
49,.,O
49,Diagnosis,O
49,and,O
49,treatment,O
49,The,O
49,diagnostic,O
49,crite,O
49,‐,O
49,ria,O
49,.,O
49,clinical,O
49,classification,O
49,.,O
49,and,O
49,discharge,O
49,standard,O
49,related,O
49,to,O
49,COVID,O
49,‐,O
49,19,NUMBER
49,were,O
49,in,O
49,line,O
49,with,O
49,the,O
49,Diagnosis,MISC
49,and,O
49,Treatment,O
49,Protocol,O
49,for,O
49,Novel,O
49,Coronavirus,O
49,Pneumonia,CAUSE_OF_DEATH
49,(,O
49,Trial,O
49,Version,O
49,7,NUMBER
49,),O
49,[,O
49,7,NUMBER
49,],O
49,.,O
49,The,O
49,pres,O
49,‐,O
49,ence,O
49,of,O
49,SARS,O
49,‐,O
49,CoV,O
49,‐,O
49,2,NUMBER
49,in,O
49,pharyngeal,O
49,swab,O
49,specimens,O
49,was,O
49,detected,O
49,by,O
49,quantitative,O
49,reverse,O
49,transcription,O
49,polymerase,O
49,chain,O
49,reaction,O
49,(,O
49,PCR,O
49,),O
49,.,O
49,The,O
49,SARS,O
49,‐,O
49,CoV,O
49,‐,O
49,2,NUMBER
49,nucleic,O
49,acid,O
49,diagnostic,O
49,kit,O
49,(,O
49,PCR,O
49,‐,O
49,Fluores,O
49,‐,O
49,cence,O
49,Probing,O
49,),O
49,was,O
49,provided,O
49,by,O
49,Hunan,PERSON
49,Shengxiang,PERSON
49,Biotechnology,PERSON
49,Co.,ORGANIZATION
49,.,ORGANIZATION
49,Ltd.,ORGANIZATION
49,(,O
49,Changsha,LOCATION
49,.,O
49,China,COUNTRY
49,),O
49,.,O
49,This,O
49,test,O
49,utilizes,O
49,the,O
49,2019nCoV,O
49,ORF,O
49,1ab,O
49,and,O
49,the,O
49,specific,O
49,conserved,O
49,sequence,O
49,of,O
49,the,O
49,gene,O
49,coding,O
49,for,O
49,nucleocapsid,O
49,protein,O
49,N,O
49,as,O
49,the,O
49,target,O
49,regions,O
49,.,O
49,which,O
49,were,O
49,designed,O
49,for,O
49,the,O
49,conserved,O
49,sequence,O
49,of,O
49,the,O
49,double,O
49,‐,O
49,target,O
49,genes,O
49,.,O
49,in,O
49,order,O
49,to,O
49,detect,O
49,sample,O
49,RNA,O
49,through,O
49,fluorescent,O
49,signal,O
49,changes,O
49,.,O
49,The,O
49,se,O
49,‐,O
49,quences,O
49,are,O
49,:,O
49,Target,O
49,1,NUMBER
49,(,O
49,ORF1ab,O
49,),O
49,[,O
49,8,NUMBER
49,],O
49,:,O
49,Forward,O
49,primer,O
49,.,O
49,CCCTGTGGGTTT,O
49,‐,O
49,TACACTTAA,O
49,and,O
49,reverse,O
49,primer,O
49,.,O
49,ACGATTGTGCATCAGCTGA,LOCATION
49,.,O
49,and,O
49,the,O
49,probe,O
49,5,NUMBER
49,‐,O
49,VIC,O
49,‐,O
49,CCGTCTGCGGTATGTGGAAAGGTTATGBHQG,O
49,‐,O
49,1,NUMBER
49,‐,O
49,3,NUMBER
49,;,O
49,Target,O
49,2,NUMBER
49,(,O
49,N,O
49,),O
49,[,O
49,8,NUMBER
49,],O
49,:,O
49,Forward,O
49,primer,O
49,.,O
49,GGGGAACTTCTCCTGCTAGAAT,O
49,and,O
49,reverse,O
49,primer,O
49,.,O
49,CAGA,O
49,‐,O
49,CATTTTGCTCTCAAGCTG,O
49,.,O
49,and,O
49,the,O
49,probe,O
49,5,NUMBER
49,‐,O
49,FAM,O
49,‐,O
49,TTGCTGCTGCTTGACAGATT,O
49,‐,O
49,TAM,O
49,‐,O
49,RA,O
49,‐,O
49,3,NUMBER
49,.,O
49,Conditions,O
49,for,O
49,the,O
49,amplifications,O
49,were,O
49,50C,O
49,for,O
49,30,DURATION
49,min,DURATION
49,.,O
49,95C,O
49,for,O
49,1,DURATION
49,min,DURATION
49,.,O
49,followed,O
49,by,O
49,45,NUMBER
49,cycles,O
49,of,O
49,95C,O
49,for,O
49,15,NUMBER
49,s,O
49,and,O
49,60C,O
49,for,O
49,30,NUMBER
49,s,O
49,.,O
49,The,O
49,patients,O
49,diagnosed,O
49,with,O
49,COVID,O
49,‐,O
49,19,NUMBER
49,were,O
49,positive,O
49,for,O
49,the,O
49,SARS,O
49,‐,O
49,CoV,O
49,‐,O
49,2,NUMBER
49,nucleic,O
49,acid,O
49,test,O
49,.,O
49,and,O
49,all,O
49,the,O
49,patients,O
49,released,O
49,from,O
49,isolation,O
49,and,O
49,discharged,O
49,from,O
49,hospital,O
49,were,O
49,tested,O
49,for,O
49,SARS,O
49,‐,O
49,CoV,O
49,‐,O
49,2,NUMBER
49,nucleic,O
49,acid,O
49,at,O
49,least,O
49,twice,O
49,.,O
49,All,O
49,the,O
49,patients,O
49,received,O
49,antivi,O
49,‐,O
49,ral,O
49,.,O
49,traditional,O
49,Chinese,NATIONALITY
49,medicine,O
49,(,O
49,TCM,ORGANIZATION
49,),O
49,.,O
49,and,O
49,symptomatic,O
49,therapy,O
49,according,O
49,to,O
49,the,O
49,Diagnosis,MISC
49,and,O
49,Treatment,O
49,Protocol,O
49,for,O
49,Novel,O
49,Coro,O
49,‐,O
49,navirus,O
49,Pneumonia,CAUSE_OF_DEATH
49,(,O
49,Trial,O
49,Version,O
49,7,NUMBER
49,),O
49,[,O
49,7,NUMBER
49,],O
49,.,O
49,Statistical,O
49,analysis,O
49,The,O
49,patients,O
49,data,O
49,were,O
49,collected,O
49,or,O
49,supplemented,O
49,by,O
49,interviews,O
49,with,O
49,patients,O
49,and,O
49,relatives,O
49,.,O
49,and,O
49,all,O
49,the,O
49,data,O
49,(,O
49,including,O
49,epidemiologi,O
49,‐,O
49,cal,O
49,.,O
49,demographic,O
49,.,O
49,clinical,O
49,.,O
49,laboratory,O
49,.,O
49,treatment,O
49,.,O
49,and,O
49,outcome,O
49,data,O
49,),O
49,were,O
49,imported,O
49,into,O
49,an,O
49,excel,O
49,worksheet,O
49,and,O
49,statistically,O
49,an,O
49,‐,O
49,alyzed,O
49,by,O
49,using,O
49,SPSS,ORGANIZATION
49,25.0,NUMBER
49,software,O
49,(,O
49,IBM,ORGANIZATION
49,.,O
49,Armonk,LOCATION
49,.,O
49,NY,STATE_OR_PROVINCE
49,.,O
49,United,PERSON
49,States,O
49,),O
49,.,O
49,All,O
49,the,O
49,data,O
49,were,O
49,checked,O
49,by,O
49,two,NUMBER
49,physicians,O
49,(,O
49,Huang,PERSON
49,J,PERSON
49,and,O
49,Lin,O
49,HL,O
49,),O
49,.,O
49,and,O
49,any,O
49,difference,O
49,in,O
49,interpretation,O
49,between,O
49,the,O
49,two,NUMBER
49,physicians,O
49,was,O
49,adjudicated,O
49,by,O
49,a,O
49,third,ORDINAL
49,researcher,TITLE
49,(,O
49,Yang,PERSON
49,XF,O
49,),O
49,.,O
49,Nu,O
49,‐,O
49,merical,O
49,variables,O
49,are,O
49,described,O
49,using,O
49,the,O
49,mean,O
49,SD,STATE_OR_PROVINCE
49,.,O
49,95,PERCENT
49,%,PERCENT
49,confi,O
49,‐,O
49,dence,O
49,interval,O
49,(,O
49,95,PERCENT
49,%,PERCENT
49,CI,O
49,),O
49,.,O
49,median,O
49,.,O
49,and,O
49,interquartile,O
49,range,O
49,(,O
49,IQR,O
49,),O
49,values,O
49,.,O
49,Categorical,O
49,variables,O
49,are,O
49,described,O
49,as,O
49,percentages,O
49,and,O
49,were,O
49,compared,O
49,using,O
49,the,O
49,2,NUMBER
49,test,O
49,.,O
49,P,O
49,<,O
49,0.05,NUMBER
49,was,O
49,considered,O
49,statis,O
49,‐,O
49,tically,O
49,significant,O
49,.,O
49,Patients,O
49,demographic,O
49,characteristics,O
49,A,O
49,to,O
49,‐,O
49,tal,O
49,of,O
49,48,NUMBER
49,cases,O
49,of,O
49,COVID,O
49,‐,O
49,19,NUMBER
49,were,O
49,collected,O
49,.,O
49,of,O
49,which,O
49,1,NUMBER
49,was,O
49,mild,O
49,.,O
49,38,NUMBER
49,were,O
49,moderate,O
49,.,O
49,and,O
49,9,NUMBER
49,were,O
49,severe,O
49,.,O
49,The,O
49,mean,O
49,age,O
49,of,O
49,the,O
49,48,NUMBER
49,pa,O
49,‐,O
49,tients,O
49,was,O
49,44.35,NUMBER
49,15.76,NUMBER
49,(,O
49,95,PERCENT
49,%,PERCENT
49,CI,O
49,:,O
49,3.42,NUMBER
49,‐,O
49,48.24,NUMBER
49,),O
49,years,DURATION
49,old,O
49,.,O
49,and,O
49,the,O
49,median,O
49,age,O
49,was,O
49,41,NUMBER
49,(,O
49,IQR,O
49,:,O
49,34.75,NUMBER
49,‐,O
49,53.75,NUMBER
49,),O
49,years,DURATION
49,old,O
49,;,O
49,for,O
49,moderate,O
49,cas,O
49,‐,O
49,es,O
49,.,O
49,the,O
49,mean,O
49,age,O
49,was,O
49,43.95,NUMBER
49,16.24,NUMBER
49,(,O
49,95,PERCENT
49,%,PERCENT
49,CI,O
49,:,O
49,12.64,NUMBER
49,‐,O
49,75.36,NUMBER
49,),O
49,years,DURATION
49,old,O
49,.,O
49,and,O
49,the,O
49,median,O
49,age,O
49,was,O
49,41,NUMBER
49,(,O
49,IQR,O
49,:,O
49,11.64,NUMBER
49,‐,O
49,74.36,NUMBER
49,),O
49,years,DURATION
49,old,O
49,;,O
49,for,O
49,se,O
49,‐,O
49,vere,O
49,cases,O
49,.,O
49,the,O
49,mean,O
49,age,O
49,was,O
49,49.11,NUMBER
49,13.45,NUMBER
49,(,O
49,95,PERCENT
49,%,PERCENT
49,CI,O
49,:,O
49,22.54,NUMBER
49,‐,O
49,75.46,NUMBER
49,),O
49,years,DURATION
49,old,O
49,.,O
49,and,O
49,the,O
49,median,O
49,age,O
49,was,O
49,47,NUMBER
49,(,O
49,IQR,O
49,:,O
49,38,NUMBER
49,‐,O
49,65,NUMBER
49,),O
49,years,DURATION
49,old,O
49,.,O
49,Among,O
49,all,O
49,the,O
49,patients,O
49,.,O
49,the,O
49,maximum,O
49,and,O
49,minimum,O
49,ages,O
49,were,O
49,76,NUMBER
49,and,O
49,11,DURATION
49,years,DURATION
49,old,DURATION
49,.,O
49,respectively,O
49,.,O
49,The,O
49,range,O
49,of,O
49,age,O
49,of,O
49,patients,O
49,with,O
49,COVID,O
49,‐,O
49,19,NUMBER
49,was,O
49,dominantly,O
49,30,NUMBER
49,‐,O
49,49,DURATION
49,years,DURATION
49,old,DURATION
49,[,O
49,25,NUMBER
49,(,O
49,52.1,PERCENT
49,%,PERCENT
49,),O
49,of,O
49,48,NUMBER
49,],O
49,.,O
49,fol,O
49,‐,O
49,lowed,O
49,by,O
49,those,O
49,aged,O
49,over,O
49,60,DURATION
49,years,DURATION
49,old,DURATION
49,[,O
49,11,NUMBER
49,(,O
49,22.9,PERCENT
49,%,PERCENT
49,),O
49,of,O
49,48,NUMBER
49,],O
49,.,O
49,There,O
49,were,O
49,no,O
49,children,O
49,who,O
49,were,O
49,aged,O
49,under,O
49,10,DURATION
49,years,DURATION
49,old,DURATION
49,.,O
49,Besides,O
49,.,O
49,29.2,PERCENT
49,%,PERCENT
49,(,O
49,14,NUMBER
49,of,O
49,48,NUMBER
49,),O
49,of,O
49,patients,O
49,had,O
49,basic,O
49,diseases,CAUSE_OF_DEATH
49,.,O
49,and,O
49,57.2,PERCENT
49,%,PERCENT
49,(,O
49,8,NUMBER
49,of,O
49,14,NUMBER
49,),O
49,of,O
49,patients,O
49,with,O
49,basic,O
49,diseases,CAUSE_OF_DEATH
49,were,O
49,aged,O
49,over,O
49,60,DURATION
49,years,DURATION
49,old,DURATION
49,.,O
49,The,O
49,prevalence,O
49,of,O
49,COVID,O
49,‐,O
49,19,NUMBER
49,in,O
49,patients,O
49,over,O
49,60,DURATION
49,years,DURATION
49,old,DURATION
49,with,O
49,basic,O
49,diseases,CAUSE_OF_DEATH
49,was,O
49,significantly,O
49,higher,O
49,than,O
49,that,O
49,in,O
49,patients,O
49,without,O
49,basic,O
49,It,O
49,was,O
49,unveiled,O
49,that,O
49,there,O
49,were,O
49,31,NUMBER
49,(,O
49,64.6,PERCENT
49,%,PERCENT
49,),O
49,male,O
49,patients,O
49,and,O
49,17,NUMBER
49,(,O
49,35.4,PERCENT
49,%,PERCENT
49,),O
49,female,O
49,patients,O
49,.,O
49,with,O
49,a,O
49,female,O
49,‐,O
49,to,O
49,‐,O
49,male,O
49,ratio,O
49,of,O
49,1.82:1,NUMBER
49,.,O
49,The,O
49,occupations,O
49,of,O
49,48,NUMBER
49,COVID,O
49,‐,O
49,19,NUMBER
49,patients,O
49,were,O
49,mainly,O
49,farm,O
49,‐,O
49,ers,O
49,working,O
49,in,O
49,agricultural,O
49,production,O
49,[,O
49,15,NUMBER
49,(,O
49,31.5,PERCENT
49,%,PERCENT
49,),O
49,of,O
49,48,NUMBER
49,],O
49,.,O
49,rural,O
49,migrant,O
49,workers,O
49,from,O
49,Hengyang,CITY
49,to,O
49,Wuhan,CITY
49,[,O
49,15,NUMBER
49,(,O
49,31.5,PERCENT
49,%,PERCENT
49,),O
49,],O
49,.,O
49,and,O
49,service,O
49,workers,O
49,operating,O
49,in,O
49,the,O
49,service,O
49,sector,O
49,[,O
49,8,NUMBER
49,(,O
49,16.7,PERCENT
49,%,PERCENT
49,),O
49,],O
49,.,O
49,The,O
49,patients,O
49,demographic,O
49,characteristics,O
49,Epidemiological,O
49,history,O
49,Among,O
49,48,NUMBER
49,COVID,O
49,‐,O
49,19,NUMBER
49,patients,O
49,.,O
49,there,O
49,was,O
49,no,O
49,history,O
49,of,O
49,wildlife,O
49,exposure,O
49,(,O
49,in,O
49,‐,O
49,cluding,O
49,direct,O
49,contact,O
49,with,O
49,animals,O
49,and,O
49,visits,O
49,to,O
49,the,O
49,wildlife,O
49,market,O
49,),O
49,within,O
49,14,NUMBER
49,d,O
49,.,O
49,and,O
49,58.3,PERCENT
49,%,PERCENT
49,Zhong,O
49,ZF,O
49,et,O
49,al,O
49,.,O
49,Epidemiological,O
49,and,O
49,clinical,O
49,characteristics,O
49,of,O
49,COVID,O
49,‐,O
49,19,NUMBER
49,T,O
49,(,O
49,n,O
49,=,O
49,48,NUMBER
49,),O
49,A,O
49,(,O
49,n,O
49,=,O
49,31,NUMBER
49,),O
49,B,O
49,(,O
49,n,O
49,=,O
49,17,NUMBER
49,),O
49,2,NUMBER
49,(,O
49,P,O
49,value1,O
49,),O
49,C,O
49,(,O
49,n,O
49,=,O
49,14,NUMBER
49,),O
49,D,O
49,(,O
49,n,O
49,=,O
49,34,NUMBER
49,),O
49,2,NUMBER
49,(,O
49,P,O
49,value2,O
49,),O
49,E,O
49,(,O
49,n,O
49,=,O
49,38,NUMBER
49,),O
49,F,O
49,(,O
49,n,O
49,=,O
49,9,NUMBER
49,),O
49,2,NUMBER
49,(,O
49,P,O
49,value3,O
49,),O
49,Age,O
49,(,O
49,years,DURATION
49,old,O
49,),O
49,Office,O
49,staff,O
49,Service,O
49,workers,O
49,Rural,O
49,migrant,O
49,Indicates,O
49,differences,O
49,between,O
49,male,O
49,and,O
49,fe,O
49,‐,O
49,male,O
49,patients,O
49,.,O
49,Denotes,O
49,differences,O
49,between,O
49,patients,O
49,with,O
49,and,O
49,without,O
49,basic,O
49,diseases,CAUSE_OF_DEATH
49,.,O
49,Represents,O
49,differences,O
49,between,O
49,moderate,O
49,and,O
49,severe,O
49,patients,O
49,.,O
49,P,O
49,<,O
49,0.05,NUMBER
49,was,O
49,considered,O
49,statistically,O
49,sig,O
49,‐,O
49,nificant,O
49,.,O
49,T,O
49,:,O
49,All,O
49,patients,O
49,;,O
49,A,O
49,:,O
49,Male,O
49,;,O
49,B,O
49,:,O
49,Female,O
49,;,O
49,C,O
49,:,O
49,With,O
49,basic,O
49,dis,O
49,‐,O
49,eases,O
49,;,O
49,D,O
49,:,O
49,Without,O
49,basic,O
49,diseases,CAUSE_OF_DEATH
49,;,O
49,E,O
49,:,O
49,Moderate,O
49,;,O
49,F,O
49,:,O
49,Severe,O
49,.,O
49,(,O
49,28,NUMBER
49,of,O
49,48,NUMBER
49,),O
49,had,O
49,a,O
49,history,O
49,of,O
49,travel,O
49,to,O
49,or,O
49,residency,O
49,in,O
49,Wuhan,CITY
49,and,O
49,sur,O
49,‐,O
49,rounding,O
49,areas,O
49,.,O
49,In,O
49,addition,O
49,.,O
49,31.3,PERCENT
49,%,PERCENT
49,(,O
49,15,NUMBER
49,of,O
49,48,NUMBER
49,),O
49,had,O
49,a,O
49,history,O
49,of,O
49,contact,O
49,with,O
49,patients,O
49,with,O
49,COVID,O
49,‐,O
49,19,NUMBER
49,within,O
49,14,NUMBER
49,d,O
49,;,O
49,10.4,PERCENT
49,%,PERCENT
49,(,O
49,5,NUMBER
49,of,O
49,48,NUMBER
49,),O
49,had,O
49,a,O
49,history,O
49,of,O
49,contact,O
49,with,O
49,patients,O
49,with,O
49,fever,CAUSE_OF_DEATH
49,or,O
49,respiratory,O
49,symptoms,O
49,from,O
49,the,O
49,epidemic,O
49,area,O
49,within,O
49,14,NUMBER
49,d,O
49,prior,O
49,to,O
49,onset,O
49,;,O
49,22.9,PERCENT
49,%,PERCENT
49,(,O
49,11,NUMBER
49,of,O
49,48,NUMBER
49,),O
49,had,O
49,clustered,O
49,onset,O
49,.,O
49,which,O
49,occurred,O
49,in,O
49,10,NUMBER
49,families,O
49,and,O
49,1,NUMBER
49,community,O
49,;,O
49,8.3,PERCENT
49,%,PERCENT
49,(,O
49,4,NUMBER
49,of,O
49,48,NUMBER
49,),O
49,of,O
49,patients,O
49,had,O
49,an,O
49,unclear,O
49,epidemic,O
49,history,O
49,.,O
49,Date,O
49,distribution,O
49,of,O
49,confirmed,O
49,cases,O
49,distribution,O
49,of,O
49,confirmed,O
49,cases,O
49,of,O
49,COVID,O
49,‐,O
49,19,NUMBER
49,by,O
49,date,O
49,of,O
49,onset,O
49,.,O
49,It,O
49,was,O
49,uncovered,O
49,that,O
49,there,O
49,were,O
49,no,O
49,new,O
49,confirmed,O
49,cases,O
49,in,O
49,Hengyang,CITY
49,after,O
49,February,DATE
49,14,NUMBER
49,.,O
49,2020,DATE
49,.,O
49,Latent,O
49,period,O
49,The,O
49,latent,O
49,period,O
49,was,O
49,defined,O
49,as,O
49,the,O
49,time,O
49,from,O
49,exposure,O
49,to,O
49,the,O
49,onset,O
49,of,O
49,symptoms,O
49,.,O
49,which,O
49,was,O
49,estimated,O
49,among,O
49,patients,O
49,who,O
49,could,O
49,provide,O
49,the,O
49,exact,O
49,date,O
49,of,O
49,close,O
49,contact,O
49,with,O
49,individuals,O
49,from,O
49,Wuhan,CITY
49,and,O
49,other,O
49,epidemic,O
49,areas,O
49,with,O
49,con,O
49,‐,O
49,firmed,O
49,or,O
49,suspected,O
49,SARS,O
49,‐,O
49,CoV,O
49,‐,O
49,2,NUMBER
49,infection,CAUSE_OF_DEATH
49,.,O
49,The,O
49,longest,O
49,latent,O
49,pe,O
49,‐,O
49,riod,O
49,was,O
49,15,DURATION
49,days,DURATION
49,and,O
49,the,O
49,shortest,O
49,was,O
49,1,DURATION
49,day,DURATION
49,.,O
49,The,O
49,mean,O
49,latent,O
49,pe,O
49,‐,O
49,riod,O
49,was,O
49,6.86,NUMBER
49,3.57,NUMBER
49,d,O
49,.,O
49,and,O
49,the,O
49,median,O
49,was,O
49,7,NUMBER
49,Mean,O
49,time,O
49,of,O
49,first,ORDINAL
49,physician,TITLE
49,visit,O
49,and,O
49,confirmed,O
49,diagnosis,O
49,The,O
49,mean,O
49,time,O
49,from,O
49,onset,O
49,of,O
49,symptoms,O
49,to,O
49,the,O
49,first,ORDINAL
49,physician,TITLE
49,visit,O
49,was,O
49,3.38,NUMBER
49,2.98,NUMBER
49,(,O
49,95,PERCENT
49,%,PERCENT
49,CI,O
49,:,O
49,2.58,NUMBER
49,‐,O
49,9.18,NUMBER
49,),O
49,d,O
49,.,O
49,with,O
49,a,O
49,median,O
49,of,O
49,2,NUMBER
49,(,O
49,IQR,O
49,:,O
49,1,NUMBER
49,‐,O
49,5,NUMBER
49,),O
49,d,O
49,.,O
49,and,O
49,the,O
49,mean,O
49,time,O
49,from,O
49,hospital,O
49,admission,O
49,to,O
49,confirmed,O
49,diagnosis,O
49,was,O
49,2.29,NUMBER
49,2.11,NUMBER
49,(,O
49,95,PERCENT
49,%,PERCENT
49,CI,O
49,:,O
49,1.18,NUMBER
49,‐,O
49,6.42,NUMBER
49,),O
49,d,O
49,.,O
49,with,O
49,a,O
49,median,O
49,of,O
49,2,NUMBER
49,(,O
49,IQR,O
49,:,O
49,1,NUMBER
49,‐,O
49,3,NUMBER
49,),O
49,d.,O
49,Basic,O
49,diseases,CAUSE_OF_DEATH
49,It,O
49,was,O
49,uncovered,O
49,that,O
49,29.2,PERCENT
49,%,PERCENT
49,(,O
49,14,NUMBER
49,of,O
49,48,NUMBER
49,),O
49,of,O
49,patients,O
49,had,O
49,basic,O
49,diseases,CAUSE_OF_DEATH
49,(,O
49,also,O
49,known,O
49,as,O
49,Co,O
49,‐,O
49,morbidities,O
49,),O
49,.,O
49,including,O
49,2,NUMBER
49,cases,O
49,of,O
49,coronary,O
49,disease,CAUSE_OF_DEATH
49,.,O
49,1,NUMBER
49,case,O
49,of,O
49,hypertension,CAUSE_OF_DEATH
49,.,O
49,1,NUMBER
49,case,O
49,of,O
49,coronary,O
49,disease,CAUSE_OF_DEATH
49,with,O
49,hypertension,CAUSE_OF_DEATH
49,.,O
49,diabetes,CAUSE_OF_DEATH
49,.,O
49,and,O
49,cerebral,O
49,infarction,O
49,.,O
49,2,NUMBER
49,cases,O
49,of,O
49,diabetes,CAUSE_OF_DEATH
49,with,O
49,hypertension,CAUSE_OF_DEATH
49,and,O
49,hyperlipidemia,O
49,.,O
49,1,NUMBER
49,case,O
49,of,O
49,diabetes,CAUSE_OF_DEATH
49,with,O
49,hypertension,CAUSE_OF_DEATH
49,and,O
49,gout,O
49,.,O
49,and,O
49,7,NUMBER
49,cases,O
49,of,O
49,chronic,O
49,hep,O
49,‐,O
49,atitis,O
49,B,O
49,.,O
49,In,O
49,the,O
49,7,NUMBER
49,cases,O
49,of,O
49,chronic,O
49,hepatitis,CAUSE_OF_DEATH
49,B,CAUSE_OF_DEATH
49,.,O
49,the,O
49,serum,O
49,mark,O
49,‐,O
49,ers,O
49,of,O
49,hepatitis,CAUSE_OF_DEATH
49,B,CAUSE_OF_DEATH
49,were,O
49,positive,O
49,for,O
49,hepatitis,CAUSE_OF_DEATH
49,B,CAUSE_OF_DEATH
49,surface,O
49,antigen,O
49,.,O
49,hepatitis,CAUSE_OF_DEATH
49,B,CAUSE_OF_DEATH
49,e,O
49,antibody,O
49,.,O
49,and,O
49,hepatitis,CAUSE_OF_DEATH
49,B,CAUSE_OF_DEATH
49,c,O
49,antibody,O
49,.,O
49,6,NUMBER
49,cases,O
49,had,O
49,HBV,O
49,‐,O
49,DNA,O
49,titers,O
49,<,O
49,500,NUMBER
49,IU,O
49,/,O
49,mL,O
49,.,O
49,and,O
49,1,NUMBER
49,case,O
49,had,O
49,an,O
49,HBV,O
49,‐,O
49,DNA,O
49,titer,O
49,>,O
49,500,NUMBER
49,IU,O
49,/,O
49,mL,O
49,.,O
49,Except,O
49,for,O
49,1,NUMBER
49,case,O
49,with,O
49,elevated,O
49,Zhong,O
49,ZF,O
49,et,O
49,al,O
49,.,O
49,Epidemio,O
49,‐,O
49,logical,O
49,and,O
49,clinical,O
49,characteristics,O
49,of,O
49,COVID,O
49,‐,O
49,19,NUMBER
49,alanine,O
49,amino,O
49,‐,O
49,transferase,O
49,(,O
49,ALT,O
49,),O
49,and,O
49,1,NUMBER
49,case,O
49,with,O
49,elevated,O
49,aspartate,O
49,aminotrans,O
49,‐,O
49,ferase,O
49,(,O
49,AST,O
49,),O
49,.,O
49,the,O
49,remaining,O
49,5,NUMBER
49,patients,O
49,had,O
49,normal,O
49,liver,O
49,function,O
49,.,O
49,and,O
49,7,NUMBER
49,patients,O
49,did,O
49,not,O
49,take,O
49,antiviral,O
49,drugs,CRIMINAL_CHARGE
49,.,O
49,Symptoms,O
49,and,O
49,signs,O
49,The,O
49,most,O
49,common,O
49,symptoms,O
49,at,O
49,the,O
49,time,DATE
49,of,O
49,admission,O
49,were,O
49,fever,CAUSE_OF_DEATH
49,[,O
49,43,NUMBER
49,(,O
49,89.6,PERCENT
49,%,PERCENT
49,),O
49,of,O
49,48,NUMBER
49,],O
49,.,O
49,cough,O
49,and,O
49,expectoration,O
49,[,O
49,41,NUMBER
49,(,O
49,85.4,PERCENT
49,%,PERCENT
49,),O
49,],O
49,.,O
49,chills,O
49,[,O
49,22,NUMBER
49,(,O
49,45.8,PERCENT
49,%,PERCENT
49,),O
49,],O
49,.,O
49,and,O
49,fatigue,O
49,[,O
49,22,NUMBER
49,(,O
49,45.8,PERCENT
49,%,PERCENT
49,),O
49,],O
49,.,O
49,Other,O
49,symptoms,O
49,included,O
49,poor,O
49,appetite,O
49,[,O
49,13,NUMBER
49,(,O
49,27.1,PERCENT
49,%,PERCENT
49,),O
49,],O
49,.,O
49,sore,O
49,throat,O
49,[,O
49,9,NUMBER
49,(,O
49,18.8,PERCENT
49,%,PERCENT
49,),O
49,],O
49,.,O
49,dyspnea,O
49,[,O
49,9,NUMBER
49,(,O
49,18.8,PERCENT
49,%,PERCENT
49,),O
49,],O
49,.,O
49,diarrhea,O
49,[,O
49,7,NUMBER
49,(,O
49,14.6,PERCENT
49,%,PERCENT
49,),O
49,],O
49,.,O
49,dizziness,O
49,[,O
49,5,NUMBER
49,(,O
49,10.4,PERCENT
49,%,PERCENT
49,),O
49,],O
49,.,O
49,headache,O
49,[,O
49,5,NUMBER
49,(,O
49,10.4,PERCENT
49,%,PERCENT
49,),O
49,],O
49,.,O
49,muscle,O
49,pain,O
49,[,O
49,5,NUMBER
49,(,O
49,10.4,PERCENT
49,%,PERCENT
49,),O
49,],O
49,.,O
49,nausea,O
49,and,O
49,vomiting,O
49,[,O
49,4,NUMBER
49,(,O
49,8.3,PERCENT
49,%,PERCENT
49,),O
49,],O
49,.,O
49,hemoptysis,O
49,[,O
49,4,NUMBER
49,(,O
49,8.3,PERCENT
49,%,PERCENT
49,),O
49,],O
49,.,O
49,and,O
49,runny,O
49,nose,O
49,[,O
49,1,NUMBER
49,(,O
49,2.1,PERCENT
49,%,PERCENT
49,),O
49,],O
49,.,O
49,At,O
49,the,O
49,time,O
49,of,O
49,admission,O
49,.,O
49,the,O
49,mean,O
49,body,O
49,temperature,O
49,was,O
49,38.3,NUMBER
49,0.8,NUMBER
49,C,O
49,.,O
49,and,O
49,respiratory,O
49,frequency,O
49,was,O
49,21.17,NUMBER
49,1.78,NUMBER
49,times,O
49,/,O
49,min,DURATION
49,.,O
49,The,O
49,clinical,O
49,symptoms,O
49,are,O
49,Laboratory,O
49,results,O
49,In,O
49,the,O
49,first,ORDINAL
49,blood,O
49,routine,O
49,exami,O
49,‐,O
49,nation,O
49,.,O
49,the,O
49,majority,O
49,[,O
49,29,NUMBER
49,(,O
49,60.4,PERCENT
49,%,PERCENT
49,),O
49,of,O
49,48,NUMBER
49,],O
49,of,O
49,patients,O
49,were,O
49,in,O
49,nor,O
49,‐,O
49,mal,O
49,range,O
49,.,O
49,and,O
49,the,O
49,levels,O
49,of,O
49,leucocytes,O
49,were,O
49,reduced,O
49,in,O
49,about,O
49,one,NUMBER
49,third,ORDINAL
49,of,O
49,patients,O
49,[,O
49,18,NUMBER
49,(,O
49,37.5,PERCENT
49,%,PERCENT
49,),O
49,],O
49,.,O
49,Neutrophil,O
49,count,TITLE
49,was,O
49,in,O
49,normal,O
49,range,O
49,in,O
49,the,O
49,majority,O
49,of,O
49,patients,O
49,[,O
49,38,NUMBER
49,(,O
49,79.2,PERCENT
49,%,PERCENT
49,),O
49,],O
49,.,O
49,and,O
49,it,O
49,was,O
49,de,O
49,‐,O
49,creased,O
49,in,O
49,some,O
49,[,O
49,7,NUMBER
49,(,O
49,14.6,PERCENT
49,%,PERCENT
49,),O
49,],O
49,and,O
49,increased,O
49,in,O
49,a,O
49,limited,O
49,number,O
49,of,O
49,patients,O
49,[,O
49,3,NUMBER
49,(,O
49,6.2,PERCENT
49,%,PERCENT
49,),O
49,],O
49,.,O
49,The,O
49,lymphocyte,O
49,count,TITLE
49,was,O
49,reduced,O
49,in,O
49,the,O
49,ma,O
49,‐,O
49,jority,O
49,of,O
49,patients,O
49,[,O
49,34,NUMBER
49,(,O
49,70.8,PERCENT
49,%,PERCENT
49,),O
49,of,O
49,48,NUMBER
49,],O
49,.,O
49,was,O
49,in,O
49,normal,O
49,range,O
49,in,O
49,about,O
49,one,NUMBER
49,third,ORDINAL
49,of,O
49,patients,O
49,[,O
49,13,NUMBER
49,(,O
49,27.1,PERCENT
49,%,PERCENT
49,),O
49,],O
49,.,O
49,and,O
49,was,O
49,elevated,O
49,in,O
49,a,O
49,small,O
49,number,O
49,of,O
49,cases,O
49,[,O
49,1,NUMBER
49,(,O
49,2.1,PERCENT
49,%,PERCENT
49,),O
49,],O
49,.,O
49,The,O
49,eosinophil,O
49,count,TITLE
49,was,O
49,sig,O
49,‐,O
49,nificantly,O
49,reduced,O
49,[,O
49,48,NUMBER
49,(,O
49,100.0,PERCENT
49,%,PERCENT
49,),O
49,],O
49,.,O
49,The,O
49,liver,O
49,function,O
49,tests,O
49,showed,O
49,that,O
49,serum,O
49,levels,O
49,of,O
49,ALT,O
49,.,O
49,AST,ORGANIZATION
49,.,O
49,‐,O
49,GT,O
49,.,O
49,and,O
49,alkaline,O
49,phos,O
49,‐,O
49,phatase,O
49,were,O
49,increased,O
49,in,O
49,22.9,PERCENT
49,%,PERCENT
49,(,O
49,11,NUMBER
49,of,O
49,48,NUMBER
49,),O
49,.,O
49,20.8,PERCENT
49,%,PERCENT
49,(,O
49,10,NUMBER
49,of,O
49,48,NUMBER
49,),O
49,.,O
49,21.6,PERCENT
49,%,PERCENT
49,(,O
49,8,NUMBER
49,of,O
49,37,NUMBER
49,),O
49,.,O
49,and,O
49,5.4,PERCENT
49,%,PERCENT
49,(,O
49,2,NUMBER
49,of,O
49,37,NUMBER
49,),O
49,of,O
49,patients,O
49,.,O
49,respectively,O
49,.,O
49,The,O
49,abnormal,O
49,incidence,O
49,of,O
49,ALT,O
49,elevation,O
49,in,O
49,male,O
49,patients,O
49,was,O
49,sig,O
49,‐,O
49,nificantly,O
49,higher,O
49,than,O
49,that,O
49,in,O
49,female,O
49,patients,O
49,(,O
49,P,O
49,<,O
49,0.01,NUMBER
49,),O
49,.,O
49,while,O
49,the,O
49,abnormal,O
49,incidence,O
49,of,O
49,AST,ORGANIZATION
49,elevation,O
49,in,O
49,severe,O
49,patients,O
49,was,O
49,significantly,O
49,increased,O
49,compared,O
49,with,O
49,moderate,O
49,patients,O
49,(,O
49,P,O
49,<,O
49,0.05,NUMBER
49,),O
49,.,O
49,After,O
49,patients,O
49,with,O
49,liver,CAUSE_OF_DEATH
49,disease,CAUSE_OF_DEATH
49,were,O
49,excluded,O
49,.,O
49,there,O
49,were,O
49,17.07,PERCENT
49,%,PERCENT
49,(,O
49,7,NUMBER
49,of,O
49,41,NUMBER
49,),O
49,of,O
49,patients,O
49,with,O
49,elevated,O
49,levels,O
49,of,O
49,ALT,O
49,and,O
49,AST,ORGANIZATION
49,.,O
49,and,O
49,24.24,PERCENT
49,%,PERCENT
49,(,O
49,8,NUMBER
49,of,O
49,33,NUMBER
49,),O
49,with,O
49,elevated,O
49,level,O
49,of,O
49,‐,O
49,GT,O
49,.,O
49,The,O
49,serum,O
49,myocardial,O
49,enzyme,O
49,test,O
49,revealed,O
49,that,O
49,the,O
49,levels,O
49,of,O
49,lactate,O
49,dehy,O
49,‐,O
49,drogenase,O
49,(,O
49,LD,O
49,‐,O
49,L,O
49,),O
49,.,O
49,myoglobin,O
49,(,O
49,MB,STATE_OR_PROVINCE
49,),O
49,.,O
49,and,O
49,creatine,O
49,kinase,O
49,(,O
49,CK,O
49,),O
49,were,O
49,increased,O
49,in,O
49,37.0,PERCENT
49,%,PERCENT
49,(,O
49,17,NUMBER
49,of,O
49,46,NUMBER
49,),O
49,.,O
49,13.6,PERCENT
49,%,PERCENT
49,(,O
49,6,NUMBER
49,of,O
49,44,NUMBER
49,),O
49,.,O
49,and,O
49,12.8,PERCENT
49,%,PERCENT
49,(,O
49,6,NUMBER
49,of,O
49,47,NUMBER
49,),O
49,of,O
49,patients,O
49,.,O
49,respectively,O
49,.,O
49,The,O
49,incidence,O
49,of,O
49,abnormal,O
49,CK,O
49,ele,O
49,‐,O
49,vation,O
49,in,O
49,severe,O
49,patients,O
49,was,O
49,significantly,O
49,higher,O
49,than,O
49,that,O
49,in,O
49,moderate,O
49,patients,O
49,(,O
49,P,O
49,<,O
49,0.05,NUMBER
49,),O
49,.,O
49,For,O
49,renal,O
49,function,O
49,test,O
49,.,O
49,some,O
49,pa,O
49,‐,O
49,tients,O
49,[,O
49,10,NUMBER
49,(,O
49,20.9,PERCENT
49,%,PERCENT
49,),O
49,of,O
49,48,NUMBER
49,],O
49,were,O
49,found,O
49,to,O
49,have,O
49,increased,O
49,levels,O
49,of,O
49,uric,O
49,acid,O
49,.,O
49,In,O
49,terms,O
49,of,O
49,fibrinolysis,O
49,detection,O
49,.,O
49,the,O
49,levels,O
49,of,O
49,fib,O
49,‐,O
49,rinogen,O
49,and,O
49,D,O
49,‐,O
49,dimer,O
49,were,O
49,increased,O
49,in,O
49,44.7,PERCENT
49,%,PERCENT
49,(,O
49,21,NUMBER
49,of,O
49,47,NUMBER
49,),O
49,and,O
49,29.5,PERCENT
49,%,PERCENT
49,(,O
49,13,NUMBER
49,of,O
49,44,NUMBER
49,),O
49,of,O
49,patients,O
49,.,O
49,respectively,O
49,.,O
49,Additionally,O
49,.,O
49,elevated,O
49,serum,O
49,levels,O
49,of,O
49,C,O
49,‐,O
49,reactive,O
49,protein,O
49,and,O
49,blood,O
49,glucose,O
49,were,O
49,noted,O
49,in,O
49,64.6,PERCENT
49,%,PERCENT
49,(,O
49,31,NUMBER
49,of,O
49,48,NUMBER
49,),O
49,and,O
49,43.2,PERCENT
49,%,PERCENT
49,(,O
49,19,NUMBER
49,of,O
49,48,NUMBER
49,),O
49,of,O
49,patients,O
49,.,O
49,respective,O
49,‐,O
49,ly,O
49,.,O
49,Compared,O
49,with,O
49,moderate,O
49,patients,O
49,.,O
49,the,O
49,incidence,O
49,of,O
49,abnormal,O
49,levels,O
49,of,O
49,blood,O
49,glucose,O
49,was,O
49,remarkably,O
49,increased,O
49,in,O
49,the,O
49,severe,O
49,patients,O
49,(,O
49,P,O
49,<,O
49,0.05,NUMBER
49,),O
49,.,O
49,The,O
49,results,O
49,Chest,O
49,computed,O
49,tomography,O
49,Except,O
49,for,O
49,1,NUMBER
49,mild,O
49,case,O
49,.,O
49,other,O
49,patients,O
49,[,O
49,47,NUMBER
49,(,O
49,97.92,PERCENT
49,%,PERCENT
49,),O
49,of,O
49,48,NUMBER
49,],O
49,had,O
49,pulmonary,O
49,lesions,O
49,.,O
49,of,O
49,Zhong,PERSON
49,ZF,O
49,et,O
49,al,O
49,.,O
49,Epidemiological,O
49,and,O
49,clinical,O
49,charac,O
49,‐,O
49,teristics,O
49,of,O
49,COVID,O
49,‐,O
49,19,NUMBER
49,T,O
49,(,O
49,n,O
49,=,O
49,48,NUMBER
49,),O
49,A,O
49,(,O
49,n,O
49,=,O
49,31,NUMBER
49,),O
49,B,O
49,(,O
49,n,O
49,=,O
49,17,NUMBER
49,),O
49,2,NUMBER
49,(,O
49,P,O
49,val,O
49,‐,O
49,ue1,O
49,),O
49,C,O
49,(,O
49,n,O
49,=,O
49,14,NUMBER
49,),O
49,D,O
49,(,O
49,n,O
49,=,O
49,34,NUMBER
49,),O
49,2,NUMBER
49,(,O
49,P,O
49,value2,O
49,),O
49,E,O
49,(,O
49,n,O
49,=,O
49,38,NUMBER
49,),O
49,F,O
49,(,O
49,n,O
49,=,O
49,9,NUMBER
49,),O
49,2,NUMBER
49,(,O
49,P,O
49,value3,O
49,),O
49,Cough,O
49,and,O
49,Poor,O
49,appetite,O
49,Sore,O
49,throat,O
49,Muscle,O
49,ache,O
49,Nausea,O
49,and,O
49,vomiting,O
49,Runny,O
49,nose,O
49,Indicates,O
49,differences,O
49,between,O
49,male,O
49,and,O
49,female,O
49,patients,O
49,.,O
49,Denotes,O
49,differences,O
49,between,O
49,patients,O
49,with,O
49,and,O
49,without,O
49,basic,O
49,diseases,CAUSE_OF_DEATH
49,.,O
49,Represents,O
49,differences,O
49,between,O
49,moderate,O
49,and,O
49,severe,O
49,patients,O
49,.,O
49,P,O
49,<,O
49,0.05,NUMBER
49,was,O
49,considered,O
49,statistically,O
49,sig,O
49,‐,O
49,nificant,O
49,.,O
49,T,O
49,:,O
49,All,O
49,patients,O
49,;,O
49,A,O
49,:,O
49,Male,O
49,;,O
49,B,O
49,:,O
49,Female,O
49,;,O
49,C,O
49,:,O
49,With,O
49,basic,O
49,dis,O
49,‐,O
49,eases,O
49,;,O
49,D,O
49,:,O
49,Without,O
49,basic,O
49,diseases,CAUSE_OF_DEATH
49,;,O
49,E,O
49,:,O
49,Moderate,O
49,;,O
49,F,O
49,:,O
49,Severe,O
49,.,O
49,which,O
49,8.33,PERCENT
49,%,PERCENT
49,(,O
49,4,NUMBER
49,of,O
49,48,NUMBER
49,),O
49,were,O
49,single,O
49,lung,O
49,lesions,O
49,and,O
49,89.58,PERCENT
49,%,PERCENT
49,(,O
49,43,NUMBER
49,of,O
49,48,NUMBER
49,),O
49,were,O
49,double,O
49,lung,O
49,lesions,O
49,.,O
49,Pleural,O
49,effusion,O
49,appeared,O
49,in,O
49,2,NUMBER
49,[,O
49,2,NUMBER
49,(,O
49,4.17,PERCENT
49,%,PERCENT
49,),O
49,],O
49,cases,O
49,as,O
49,well,O
49,.,O
49,Average,O
49,time,O
49,from,O
49,onset,O
49,to,O
49,the,O
49,first,ORDINAL
49,ap,O
49,‐,O
49,pearance,O
49,of,O
49,lung,O
49,lesions,O
49,in,O
49,chest,O
49,computed,O
49,tomography,O
49,(,O
49,CT,STATE_OR_PROVINCE
49,),O
49,was,O
49,3.18,NUMBER
49,2.71,NUMBER
49,(,O
49,95,PERCENT
49,%,PERCENT
49,CI,O
49,:,O
49,3.031,NUMBER
49,‐,O
49,4.63,NUMBER
49,),O
49,d.,O
49,Multiple,O
49,small,O
49,patchy,O
49,shadows,O
49,and,O
49,interstitial,O
49,changes,O
49,in,O
49,the,O
49,early,O
49,stage,O
49,of,O
49,lung,O
49,lesions,O
49,were,O
49,evident,O
49,in,O
49,the,O
49,extra,O
49,‐,O
49,pulmonary,O
49,zone,O
49,;,O
49,as,O
49,the,O
49,disease,CAUSE_OF_DEATH
49,progresses,O
49,.,O
49,multiple,O
49,ground,O
49,glass,O
49,shadows,O
49,and,O
49,invasive,O
49,lesions,O
49,may,O
49,illus,O
49,‐,O
49,trates,O
49,dynamic,O
49,changes,O
49,of,O
49,chest,O
49,CT,STATE_OR_PROVINCE
49,in,O
49,1,NUMBER
49,case,O
49,of,O
49,severe,O
49,COVID,O
49,‐,O
49,19,NUMBER
49,.,O
49,Treatment,O
49,effect,O
49,All,O
49,the,O
49,patients,O
49,received,O
49,antiviral,O
49,drugs,CRIMINAL_CHARGE
49,.,O
49,in,O
49,‐,O
49,cluding,O
49,alpha,O
49,‐,O
49,interferon,O
49,(,O
49,5,NUMBER
49,million,NUMBER
49,units,O
49,.,O
49,atomization,O
49,;,O
49,average,O
49,.,O
49,11.2,NUMBER
49,d,O
49,),O
49,.,O
49,lopinavir,O
49,/,O
49,ritonavir,O
49,(,O
49,500,NUMBER
49,mg,O
49,BID,O
49,;,O
49,average,O
49,.,O
49,9.9,NUMBER
49,d,O
49,),O
49,.,O
49,ar,O
49,‐,O
49,bidol,O
49,(,O
49,200,NUMBER
49,mg,O
49,TID,O
49,;,O
49,average,O
49,.,O
49,7.8,NUMBER
49,d,O
49,),O
49,.,O
49,and,O
49,chloroquine,O
49,phosphate,O
49,(,O
49,500,NUMBER
49,mg,O
49,BID,O
49,;,O
49,average,O
49,.,O
49,7.0,NUMBER
49,d,O
49,),O
49,.,O
49,Moreover,O
49,.,O
49,38,NUMBER
49,(,O
49,79.2,PERCENT
49,%,PERCENT
49,),O
49,patients,O
49,were,O
49,given,O
49,TCM,ORGANIZATION
49,based,O
49,on,O
49,the,O
49,treatment,O
49,protocol,O
49,[,O
49,7,NUMBER
49,],O
49,.,O
49,Furthermore,O
49,.,O
49,2,NUMBER
49,(,O
49,4.2,PERCENT
49,%,PERCENT
49,),O
49,patients,O
49,received,O
49,treatment,O
49,of,O
49,human,O
49,umbilical,O
49,‐,O
49,cord,O
49,mes,O
49,‐,O
49,enchymal,O
49,stem,O
49,cells,O
49,.,O
49,A,O
49,number,O
49,of,O
49,patients,O
49,.,O
49,mainly,O
49,those,O
49,with,O
49,co,O
49,‐,O
49,infection,CAUSE_OF_DEATH
49,.,O
49,were,O
49,treated,O
49,with,O
49,antibiotics,O
49,including,O
49,moxifloxacin,O
49,.,O
49,cefoperazone,O
49,sodium,O
49,.,O
49,and,O
49,sulbactam,O
49,sodium,O
49,.,O
49,Severe,O
49,patients,O
49,were,O
49,given,O
49,methylprednisolone,O
49,(,O
49,1,NUMBER
49,‐,O
49,2,NUMBER
49,mg,O
49,/,O
49,kg,O
49,per,O
49,day,DURATION
49,),O
49,and,O
49,immunoglobulin,O
49,for,O
49,3,NUMBER
49,‐,O
49,5,NUMBER
49,d.,O
49,On,O
49,March,DATE
49,2,DATE
49,.,DATE
49,2020,DATE
49,.,O
49,all,O
49,the,O
49,48,NUMBER
49,patients,O
49,with,O
49,confirmed,O
49,COVID,O
49,‐,O
49,19,NUMBER
49,were,O
49,cured,O
49,and,O
49,discharged,O
49,.,O
49,Analysis,O
49,of,O
49,epidemiological,O
49,characteristics,O
49,The,O
49,outbreak,O
49,of,O
49,COVID,O
49,‐,O
49,19,NUMBER
49,in,O
49,China,COUNTRY
49,is,O
49,roughly,O
49,di,O
49,‐,O
49,vided,O
49,into,O
49,three,NUMBER
49,phases,O
49,[,O
49,9.10,NUMBER
49,],O
49,.,O
49,The,O
49,first,ORDINAL
49,phase,O
49,occurred,O
49,before,O
49,the,DATE
49,end,DATE
49,of,DATE
49,December,DATE
49,2019,DATE
49,.,O
49,COVID,O
49,‐,O
49,19,NUMBER
49,mainly,O
49,caused,O
49,a,O
49,local,O
49,outbreak,O
49,among,O
49,people,O
49,who,O
49,had,O
49,contact,O
49,with,O
49,seafood,O
49,markets,O
49,.,O
49,In,O
49,early,O
49,Janu,PERSON
49,‐,PERSON
49,ary,O
49,2020,DATE
49,.,DATE
49,the,DATE
49,second,DATE
49,phase,O
49,commenced,O
49,.,O
49,with,O
49,clusters,O
49,of,O
49,disease,CAUSE_OF_DEATH
49,in,O
49,multiple,O
49,communities,O
49,or,O
49,families,O
49,in,O
49,Wuhan,CITY
49,and,O
49,human,O
49,‐,O
49,to,O
49,‐,O
49,human,O
49,transmission,O
49,among,O
49,close,O
49,contacts,O
49,[,O
49,10.11,NUMBER
49,],O
49,.,O
49,In,O
49,mid,O
49,‐,O
49,to,O
49,‐,O
49,late,DATE
49,January,DATE
49,2020,DATE
49,.,O
49,with,O
49,the,O
49,approach,O
49,of,O
49,the,O
49,Spring,DATE
49,Festival,O
49,.,O
49,personnel,O
49,mobili,O
49,‐,O
49,ty,O
49,increased,O
49,.,O
49,and,O
49,the,O
49,third,ORDINAL
49,phase,O
49,of,O
49,outbreak,O
49,appeared,O
49,.,O
49,At,O
49,this,O
49,time,O
49,.,O
49,the,O
49,epidemic,O
49,spread,O
49,from,O
49,Hubei,STATE_OR_PROVINCE
49,Province,LOCATION
49,to,O
49,other,O
49,provinces,O
49,in,O
49,mainland,O
49,China,COUNTRY
49,[,O
49,10,NUMBER
49,],O
49,.,O
49,Hengyang,CITY
49,(,O
49,Hunan,STATE_OR_PROVINCE
49,Province,LOCATION
49,),O
49,.,O
49,a,O
49,close,O
49,neigh,O
49,‐,O
49,bor,O
49,of,O
49,Hubei,STATE_OR_PROVINCE
49,Province,LOCATION
49,.,O
49,began,O
49,to,O
49,have,O
49,an,O
49,outbreak,O
49,in,O
49,mid,O
49,‐,O
49,January,DATE
49,2020,DATE
49,.,O
49,just,O
49,before,O
49,commencing,O
49,the,O
49,traditional,O
49,Chinese,NATIONALITY
49,New,DATE
49,Year,DATE
49,.,O
49,The,O
49,first,ORDINAL
49,case,O
49,of,O
49,COVID,O
49,‐,O
49,19,NUMBER
49,onset,O
49,was,O
49,found,O
49,on,O
49,January,DATE
49,16,DATE
49,.,DATE
49,2020,DATE
49,.,O
49,and,O
49,the,O
49,onset,O
49,occurred,O
49,2,NUMBER
49,d,O
49,after,O
49,he,O
49,contacted,O
49,with,O
49,people,O
49,from,O
49,Wuhan,CITY
49,.,O
49,The,O
49,distribution,O
49,of,O
49,confirmed,O
49,cases,O
49,of,O
49,COVID,O
49,‐,O
49,19,NUMBER
49,by,O
49,date,O
49,of,O
49,onset,O
49,in,O
49,Hengyang,CITY
49,was,O
49,mainly,O
49,concentrated,O
49,from,O
49,mid,O
49,‐,O
49,January,DATE
49,to,O
49,late,O
49,‐,O
49,January,DATE
49,.,O
49,No,O
49,new,O
49,cases,O
49,were,O
49,found,O
49,in,O
49,Hengyang,CITY
49,after,O
49,Zhong,PERSON
49,ZF,PERSON
49,et,O
49,al,O
49,.,O
49,Epidemiological,O
49,and,O
49,clinical,O
49,characteristics,O
49,of,O
49,COVID,O
49,‐,O
49,19,NUMBER
49,Urea,O
49,nitrogen,O
49,(,O
49,mmol,O
49,/,O
49,L,O
49,),O
49,n,O
49,=,O
49,48,NUMBER
49,Uric,O
49,acid,O
49,(,O
49,mol,O
49,/,O
49,L,O
49,),O
49,Routine,O
49,blood,O
49,pa,O
49,‐,O
49,rameter,O
49,Liver,O
49,function,O
49,Renal,MISC
49,function,O
49,Zhong,PERSON
49,ZF,O
49,et,O
49,al,O
49,.,O
49,Epidemio,O
49,‐,O
49,logical,O
49,and,O
49,clinical,O
49,characteristics,O
49,of,O
49,COVID,O
49,‐,O
49,19,NUMBER
49,Creatine,O
49,kinase,O
49,(,O
49,U,O
49,/,O
49,L,O
49,),O
49,C,O
49,‐,O
49,reactive,O
49,protein,O
49,Blood,O
49,glucose,O
49,(,O
49,mmol,O
49,/,O
49,L,O
49,),O
49,n,O
49,=,O
49,48,NUMBER
49,Myocardial,O
49,enzymes,O
49,Indicates,O
49,differences,O
49,between,O
49,male,O
49,and,O
49,female,O
49,patients,O
49,.,O
49,Denotes,O
49,differences,O
49,between,O
49,patients,O
49,with,O
49,and,O
49,without,O
49,basic,O
49,dis,O
49,‐,O
49,eases,O
49,.,O
49,Represents,O
49,differences,O
49,between,O
49,moderate,O
49,and,O
49,severe,O
49,pa,O
49,‐,O
49,tients,O
49,.,O
49,P,O
49,<,O
49,0.05,NUMBER
49,was,O
49,considered,O
49,statistically,O
49,significant,O
49,.,O
49,T,O
49,:,O
49,All,O
49,patients,O
49,;,O
49,A,O
49,:,O
49,Male,O
49,;,O
49,B,O
49,:,O
49,Female,O
49,;,O
49,C,O
49,:,O
49,With,O
49,basic,O
49,diseases,CAUSE_OF_DEATH
49,;,O
49,D,O
49,:,O
49,Without,O
49,basic,O
49,diseases,CAUSE_OF_DEATH
49,;,O
49,E,O
49,:,O
49,Moderate,O
49,;,O
49,F,O
49,:,O
49,Severe,O
49,.,O
49,ALT,O
49,:,O
49,Alanine,O
49,aminotrans,O
49,‐,O
49,ferase,O
49,;,O
49,AST,O
49,:,O
49,Aspartate,O
49,aminotransferase,O
49,;,O
49,LD,O
49,‐,O
49,L,O
49,:,O
49,Lactate,O
49,dehydroge,O
49,‐,O
49,nase,O
49,;,O
49,ALP,O
49,:,O
49,Alkaline,O
49,phosphatase,O
49,;,O
49,‐,O
49,GT,O
49,:,O
49,‐,O
49,glutamyl,O
49,transpeptidase,O
49,.,O
49,February,DATE
49,14,DATE
49,.,O
49,due,O
49,to,O
49,non,O
49,‐,O
49,pharmacological,O
49,interventions,O
49,adopted,O
49,in,O
49,China,COUNTRY
49,.,O
49,including,O
49,wearing,O
49,masks,O
49,and,O
49,home,O
49,isolation,O
49,.,O
49,which,O
49,effec,O
49,‐,O
49,tively,O
49,cut,O
49,off,O
49,the,O
49,transmission,O
49,route,O
49,of,O
49,the,O
49,virus,O
49,.,O
49,None,O
49,of,O
49,the,O
49,patients,O
49,in,O
49,Hengyang,CITY
49,had,O
49,a,O
49,history,O
49,of,O
49,wild,O
49,animal,O
49,contact,O
49,within,O
49,14,NUMBER
49,d,O
49,.,O
49,excluding,O
49,the,O
49,possibility,O
49,of,O
49,animal,O
49,infection,CAUSE_OF_DEATH
49,.,O
49,Approximate,O
49,‐,O
49,ly,O
49,58.3,PERCENT
49,%,PERCENT
49,of,O
49,the,O
49,patients,O
49,had,O
49,a,O
49,history,O
49,of,O
49,travel,O
49,or,O
49,residency,O
49,in,O
49,the,O
49,epidemic,O
49,areas,O
49,of,O
49,Wuhan,ORGANIZATION
49,14,NUMBER
49,d,O
49,before,O
49,onset,O
49,.,O
49,indicating,O
49,that,O
49,the,O
49,early,O
49,cases,O
49,of,O
49,Hengyang,CITY
49,were,O
49,introduced,O
49,from,O
49,Wuhan,CITY
49,;,O
49,31.3,PERCENT
49,%,PERCENT
49,had,O
49,no,O
49,contact,O
49,with,O
49,the,O
49,epidemic,O
49,areas,O
49,within,O
49,14,NUMBER
49,d,O
49,.,O
49,while,O
49,there,O
49,was,O
49,a,O
49,clear,O
49,history,O
49,of,O
49,contact,O
49,with,O
49,the,O
49,patients,O
49,infected,O
49,with,O
49,SARS,O
49,‐,O
49,CoV,O
49,‐,O
49,2,NUMBER
49,.,O
49,Besides,O
49,.,O
49,22.9,PERCENT
49,%,PERCENT
49,had,O
49,clustered,O
49,onset,O
49,.,O
49,of,O
49,which,O
49,10,NUMBER
49,were,O
49,in,O
49,family,O
49,and,O
49,1,NUMBER
49,in,O
49,community,O
49,.,O
49,The,O
49,characteristics,O
49,of,O
49,the,O
49,clustered,O
49,onset,O
49,are,O
49,similar,O
49,to,O
49,those,O
49,of,O
49,other,O
49,regions,O
49,in,O
49,China,COUNTRY
49,[,O
49,9.10,NUMBER
49,],O
49,.,O
49,Among,O
49,the,O
49,48,NUMBER
49,COVID,O
49,‐,O
49,19,NUMBER
49,patients,O
49,.,O
49,the,O
49,mean,O
49,time,O
49,from,O
49,onset,O
49,of,O
49,symp,O
49,‐,O
49,toms,O
49,to,O
49,the,O
49,first,ORDINAL
49,physician,TITLE
49,visit,O
49,was,O
49,3.78,NUMBER
49,2.98,NUMBER
49,d,O
49,.,O
49,and,O
49,the,O
49,mean,O
49,time,O
49,from,O
49,hospital,O
49,admission,O
49,to,O
49,confirmed,O
49,diagnosis,O
49,was,O
49,2.29,NUMBER
49,2.11,NUMBER
49,d,O
49,.,O
49,which,O
49,was,O
49,shorter,O
49,than,O
49,the,O
49,time,O
49,reported,O
49,in,O
49,the,O
49,litera,O
49,‐,O
49,ture,O
49,[,O
49,9.10,NUMBER
49,],O
49,.,O
49,These,O
49,are,O
49,closely,O
49,related,O
49,to,O
49,the,O
49,government,O
49,and,O
49,resi,O
49,‐,O
49,dents,O
49,attaching,O
49,great,O
49,importance,O
49,to,O
49,the,O
49,prevention,O
49,and,O
49,treatment,O
49,of,O
49,COVID,O
49,‐,O
49,19,NUMBER
49,and,O
49,technological,O
49,advancements,O
49,in,O
49,health,O
49,care,O
49,.,O
49,Anal,O
49,‐,O
49,ysis,O
49,of,O
49,clinical,O
49,characteristics,O
49,Totally,O
49,.,O
49,48,NUMBER
49,patients,O
49,with,O
49,COVID,O
49,‐,O
49,19,NUMBER
49,were,O
49,enrolled,O
49,.,O
49,of,O
49,which,O
49,1,NUMBER
49,was,O
49,mild,O
49,.,O
49,38,NUMBER
49,were,O
49,moderate,O
49,.,O
49,and,O
49,9,NUMBER
49,were,O
49,severe,O
49,.,O
49,Compared,O
49,with,O
49,patients,O
49,who,O
49,were,O
49,initially,O
49,in,O
49,‐,O
49,fected,O
49,with,O
49,SARS,O
49,‐,O
49,CoV,O
49,‐,O
49,2,NUMBER
49,in,O
49,Wuhan,CITY
49,[,O
49,11,NUMBER
49,],O
49,.,O
49,the,O
49,severity,O
49,of,O
49,illness,CAUSE_OF_DEATH
49,of,O
49,patients,O
49,in,O
49,Hengyang,CITY
49,was,O
49,relatively,O
49,mild,O
49,.,O
49,The,O
49,common,O
49,symptoms,O
49,of,O
49,patients,O
49,with,O
49,COVID,O
49,‐,O
49,19,NUMBER
49,in,O
49,Hengyang,CITY
49,were,O
49,fever,CAUSE_OF_DEATH
49,.,O
49,cough,O
49,.,O
49,fatigue,O
49,.,O
49,and,O
49,chills,O
49,.,O
49,Approximately,O
49,10.4,PERCENT
49,%,PERCENT
49,of,O
49,patients,O
49,did,O
49,not,O
49,have,O
49,fever,CAUSE_OF_DEATH
49,and,O
49,were,O
49,easily,O
49,ignored,O
49,in,O
49,the,O
49,daily,SET
49,temperature,O
49,screening,O
49,.,O
49,Symp,O
49,‐,O
49,toms,O
49,of,O
49,the,O
49,upper,O
49,respiratory,O
49,tract,O
49,were,O
49,rare,O
49,.,O
49,with,O
49,only,O
49,1,NUMBER
49,case,O
49,of,O
49,runny,O
49,nose,O
49,.,O
49,which,O
49,was,O
49,favorable,O
49,for,O
49,distinguishing,O
49,the,O
49,disease,CAUSE_OF_DEATH
49,from,O
49,the,O
49,upper,O
49,respiratory,O
49,tract,O
49,.,O
49,One,NUMBER
49,patient,O
49,had,O
49,no,O
49,symptoms,O
49,.,O
49,positive,O
49,signs,O
49,.,O
49,or,O
49,changes,O
49,in,O
49,chest,O
49,CT,STATE_OR_PROVINCE
49,before,O
49,and,O
49,after,O
49,hospital,O
49,‐,O
49,ization,O
49,.,O
49,and,O
49,only,O
49,SARS,O
49,‐,O
49,CoV,O
49,‐,O
49,2,NUMBER
49,nucleic,O
49,acid,O
49,test,O
49,was,O
49,positive,O
49,.,O
49,which,O
49,was,O
49,called,O
49,asymptomatic,O
49,novel,O
49,coronavirus,O
49,infection,CAUSE_OF_DEATH
49,.,O
49,The,O
49,literature,O
49,has,O
49,reported,O
49,that,O
49,asymptomatic,O
49,patients,O
49,with,O
49,novel,O
49,coronavirus,O
49,infection,CAUSE_OF_DEATH
49,are,O
49,also,O
49,highly,O
49,infectious,O
49,[,O
49,6,NUMBER
49,],O
49,.,O
49,Wong,PERSON
49,et,O
49,al,O
49,[,O
49,12,NUMBER
49,],O
49,found,O
49,that,O
49,SARS,O
49,‐,O
49,CoV,O
49,‐,O
49,2,NUMBER
49,can,O
49,be,O
49,prevented,O
49,through,O
49,basic,O
49,in,O
49,‐,O
49,fection,O
49,control,O
49,measures,O
49,.,O
49,including,O
49,wearing,O
49,of,O
49,masks,O
49,.,O
49,washing,O
49,hands,O
49,.,O
49,and,O
49,environmental,O
49,hygiene,O
49,.,O
49,Zhong,PERSON
49,ZF,O
49,et,O
49,al,O
49,.,O
49,Epidemiologi,O
49,‐,O
49,cal,O
49,and,O
49,clinical,O
49,characteristics,O
49,of,O
49,COVID,O
49,‐,O
49,19,NUMBER
49,could,O
49,be,O
49,observed,O
49,in,O
49,the,O
49,lower,O
49,lobe,O
49,of,O
49,the,O
49,right,O
49,middle,O
49,lobe,O
49,and,O
49,left,O
49,upper,O
49,lobe,O
49,.,O
49,and,O
49,consolidation,O
49,was,O
49,observed,O
49,in,O
49,the,O
49,lower,O
49,lobe,O
49,of,O
49,both,O
49,lungs,O
49,.,O
49,as,O
49,well,O
49,as,O
49,consolidation,O
49,of,O
49,the,O
49,right,O
49,lung,O
49,;,O
49,B,O
49,:,O
49,On,O
49,day,DURATION
49,18,NUMBER
49,of,O
49,disease,CAUSE_OF_DEATH
49,onset,O
49,.,O
49,the,O
49,consolidation,O
49,of,O
49,the,O
49,lower,O
49,lobe,O
49,of,O
49,both,O
49,lungs,O
49,was,O
49,sig,O
49,‐,O
49,nificantly,O
49,reduced,O
49,.,O
49,and,O
49,the,O
49,structure,O
49,was,O
49,distorted,O
49,.,O
49,The,O
49,consoli,O
49,‐,O
49,dation,O
49,of,O
49,the,O
49,lobe,O
49,and,O
49,ground,O
49,glass,O
49,was,O
49,mixed,O
49,;,O
49,C,O
49,:,O
49,An,O
49,obvious,O
49,re,O
49,‐,O
49,duction,O
49,in,O
49,consolidation,O
49,of,O
49,both,O
49,lungs,O
49,and,O
49,increased,O
49,ground,O
49,glass,O
49,opacities,O
49,in,O
49,the,O
49,lower,O
49,lobe,O
49,of,O
49,the,O
49,left,O
49,lung,O
49,could,O
49,be,O
49,observed,O
49,on,O
49,day,DURATION
49,23,NUMBER
49,of,O
49,disease,CAUSE_OF_DEATH
49,onset,O
49,;,O
49,D,O
49,:,O
49,An,O
49,obvious,O
49,absorption,O
49,and,O
49,decreased,O
49,density,O
49,of,O
49,bilateral,O
49,lung,O
49,lesions,O
49,.,O
49,mainly,O
49,ground,O
49,glass,O
49,opacities,O
49,and,O
49,fiber,O
49,strand,O
49,shadow,O
49,distribution,O
49,.,O
49,as,O
49,well,O
49,as,O
49,bronchiectasis,O
49,of,O
49,the,O
49,lower,O
49,lobe,O
49,of,O
49,both,O
49,lungs,O
49,could,O
49,be,O
49,observed,O
49,on,O
49,day,DURATION
49,31,NUMBER
49,of,O
49,disease,CAUSE_OF_DEATH
49,onset,O
49,.,O
49,The,O
49,laboratory,O
49,tests,O
49,showed,O
49,the,O
49,following,O
49,find,O
49,‐,O
49,ings,O
49,:,O
49,First,ORDINAL
49,.,O
49,the,O
49,numbers,O
49,of,O
49,peripheral,O
49,blood,O
49,leukocytes,O
49,.,O
49,lympho,O
49,‐,O
49,cytes,O
49,.,O
49,and,O
49,eosinophils,O
49,were,O
49,significantly,O
49,reduced,O
49,.,O
49,especially,O
49,the,O
49,number,O
49,of,O
49,eosinophils,O
49,.,O
49,which,O
49,was,O
49,remarkably,O
49,decreased,O
49,in,O
49,all,O
49,the,O
49,patients,O
49,.,O
49,Second,ORDINAL
49,.,O
49,it,O
49,was,O
49,revealed,O
49,that,O
49,the,O
49,levels,O
49,of,O
49,ALT,O
49,.,O
49,AST,ORGANIZATION
49,.,O
49,and,O
49,‐,O
49,GT,O
49,were,O
49,increased,O
49,in,O
49,22.9,PERCENT
49,%,PERCENT
49,.,O
49,20.8,PERCENT
49,%,PERCENT
49,.,O
49,and,O
49,21.6,PERCENT
49,%,PERCENT
49,of,O
49,patients,O
49,.,O
49,respectively,O
49,.,O
49,At,O
49,present,DATE
49,.,O
49,it,O
49,is,O
49,believed,O
49,that,O
49,COVID,O
49,‐,O
49,19,NUMBER
49,patients,O
49,suffer,O
49,from,O
49,dysfunction,O
49,or,O
49,injury,O
49,in,O
49,multiple,O
49,organs,O
49,of,O
49,the,O
49,body,O
49,due,O
49,to,O
49,the,O
49,following,O
49,three,NUMBER
49,reasons,O
49,:,O
49,First,ORDINAL
49,.,O
49,the,O
49,novel,O
49,coronavirus,O
49,directly,O
49,damages,O
49,the,O
49,targeted,O
49,organ,O
49,[,O
49,13,NUMBER
49,‐,O
49,15,NUMBER
49,],O
49,;,O
49,second,ORDINAL
49,.,O
49,the,O
49,novel,O
49,coronavirus,O
49,induces,O
49,systemic,O
49,inflammatory,O
49,immune,O
49,response,O
49,in,O
49,the,O
49,human,O
49,body,O
49,[,O
49,5,NUMBER
49,],O
49,;,O
49,third,ORDINAL
49,.,O
49,toxic,O
49,and,O
49,side,O
49,effects,O
49,of,O
49,some,O
49,drugs,CRIMINAL_CHARGE
49,are,O
49,important,O
49,during,O
49,the,O
49,course,O
49,of,O
49,COVID,O
49,‐,O
49,19,NUMBER
49,treatment,O
49,[,O
49,16,NUMBER
49,],O
49,.,O
49,However,O
49,.,O
49,further,O
49,research,O
49,should,O
49,be,O
49,conducted,O
49,to,O
49,confirm,O
49,the,O
49,above,O
49,‐,O
49,men,O
49,‐,O
49,tioned,O
49,findings,O
49,.,O
49,Except,O
49,for,O
49,one,NUMBER
49,mild,O
49,patient,O
49,.,O
49,the,O
49,other,O
49,47,NUMBER
49,pa,O
49,‐,O
49,tients,O
49,had,O
49,morphological,O
49,characteristic,O
49,of,O
49,pulmonary,O
49,lesions,O
49,on,O
49,chest,O
49,CT,STATE_OR_PROVINCE
49,.,O
49,which,O
49,plays,O
49,a,O
49,pivotal,O
49,role,O
49,in,O
49,diagnosing,O
49,COVID19,O
49,[,O
49,17,NUMBER
49,],O
49,.,O
49,The,O
49,pandemic,O
49,of,O
49,COVID,O
49,‐,O
49,19,NUMBER
49,caused,O
49,by,O
49,SARS,O
49,‐,O
49,CoV,O
49,‐,O
49,2,NUMBER
49,presents,O
49,an,O
49,un,O
49,‐,O
49,precedented,O
49,challenge,O
49,to,O
49,identify,O
49,effective,O
49,drugs,CRIMINAL_CHARGE
49,for,O
49,prevention,O
49,and,O
49,treatment,O
49,[,O
49,18,NUMBER
49,],O
49,.,O
49,The,O
49,patients,O
49,in,O
49,the,O
49,present,DATE
49,study,O
49,were,O
49,treated,O
49,with,O
49,a,O
49,combination,O
49,of,O
49,Western,MISC
49,medicine,O
49,and,O
49,TCM,ORGANIZATION
49,.,O
49,None,O
49,of,O
49,the,O
49,38,NUMBER
49,ordinary,O
49,patients,O
49,got,O
49,worse,O
49,and,O
49,became,O
49,severe,O
49,.,O
49,and,O
49,all,O
49,48,NUMBER
49,pa,O
49,‐,O
49,tients,O
49,were,O
49,cured,O
49,and,O
49,discharged,O
49,.,O
49,In,O
49,the,O
49,absence,O
49,of,O
49,effective,O
49,drugs,CRIMINAL_CHARGE
49,for,O
49,COVID,O
49,‐,O
49,19,NUMBER
49,[,O
49,18,NUMBER
49,],O
49,.,O
49,TCM,ORGANIZATION
49,is,O
49,a,O
49,helpful,O
49,treatment,O
49,option,O
49,.,O
49,The,O
49,current,DATE
49,study,O
49,was,O
49,limited,O
49,by,O
49,a,O
49,number,O
49,of,O
49,factors,O
49,that,O
49,require,O
49,further,O
49,attention,O
49,.,O
49,First,ORDINAL
49,.,O
49,a,O
49,small,O
49,number,O
49,of,O
49,COVID,O
49,‐,O
49,19,NUMBER
49,cases,O
49,were,O
49,involved,O
49,in,O
49,this,O
49,study,O
49,.,O
49,Second,ORDINAL
49,.,O
49,laboratory,O
49,examination,O
49,results,O
49,of,O
49,a,O
49,number,O
49,of,O
49,patients,O
49,were,O
49,missed,O
49,.,O
49,resulting,O
49,in,O
49,incomplete,O
49,data,O
49,.,O
49,In,O
49,conclusion,O
49,.,O
49,compared,O
49,with,O
49,patients,O
49,initially,O
49,infected,O
49,with,O
49,SARS,O
49,‐,O
49,CoV,O
49,‐,O
49,2,NUMBER
49,in,O
49,Wuhan,CITY
49,.,O
49,the,O
49,symptoms,O
49,of,O
49,patients,O
49,with,O
49,COVID,O
49,‐,O
49,19,NUMBER
49,in,O
49,Hengyang,CITY
49,are,O
49,relatively,O
49,mild,O
49,.,O
49,and,O
49,the,O
49,mean,O
49,time,O
49,from,O
49,onset,O
49,of,O
49,symptoms,O
49,to,O
49,the,O
49,first,ORDINAL
49,physician,TITLE
49,visit,O
49,and,O
49,the,O
49,mean,O
49,time,O
49,from,O
49,hos,O
49,‐,O
49,pital,O
49,admission,O
49,to,O
49,confirmed,O
49,diagnosis,O
49,are,O
49,shorter,O
49,.,O
49,COVID,O
49,‐,O
49,19,NUMBER
49,pa,O
49,‐,O
49,tients,O
49,in,O
49,the,O
49,present,DATE
49,research,O
49,have,O
49,the,O
49,following,O
49,characteris,O
49,‐,O
49,tics,O
49,:,O
49,First,ORDINAL
49,.,O
49,in,O
49,addition,O
49,to,O
49,fever,CAUSE_OF_DEATH
49,and,O
49,respiratory,O
49,symptoms,O
49,.,O
49,there,O
49,are,O
49,other,O
49,systemic,O
49,symptoms,O
49,;,O
49,second,ORDINAL
49,.,O
49,the,O
49,numbers,O
49,Zhong,PERSON
49,ZF,O
49,et,O
49,al,O
49,.,O
49,Epidemiological,O
49,and,O
49,clinical,O
49,characteristics,O
49,of,O
49,COVID,O
49,‐,O
49,19,NUMBER
49,of,O
49,pe,O
49,‐,O
49,ripheral,O
49,blood,O
49,leukocytes,O
49,.,O
49,lymphocytes,O
49,.,O
49,and,O
49,eosinophils,O
49,are,O
49,sig,O
49,‐,O
49,nificantly,O
49,reduced,O
49,.,O
49,especially,O
49,the,O
49,number,O
49,of,O
49,eosinophils,O
49,.,O
49,which,O
49,is,O
49,reduced,O
49,in,O
49,all,O
49,the,O
49,patients,O
49,;,O
49,third,ORDINAL
49,.,O
49,some,O
49,morphological,O
49,charac,O
49,‐,O
49,teristics,O
49,of,O
49,pulmonary,O
49,lesions,O
49,appeared,O
49,in,O
49,the,O
49,chest,O
49,CT,STATE_OR_PROVINCE
49,scan,O
49,;,O
49,fourth,ORDINAL
49,.,O
49,laboratory,O
49,tests,O
49,revealed,O
49,multiple,O
49,organ,O
49,abnormality,O
49,or,O
49,damage,O
49,.,O
49,Our,O
49,outcomes,O
49,may,O
49,assist,O
49,clinicians,O
49,in,O
49,diagnosis,O
49,and,O
49,treatment,O
49,of,O
49,COVID,O
49,‐,O
49,19,NUMBER
49,.,O
49,ARTICLE,O
49,HIGHLIGHTS,O
49,Research,O
49,background,O
49,At,O
49,present,DATE
49,.,O
49,coronavirus,O
49,disease,CAUSE_OF_DEATH
49,2019,DATE
49,(,O
49,COVID,O
49,‐,O
49,19,NUMBER
49,),O
49,is,O
49,influencing,O
49,210,NUMBER
49,countries,O
49,and,O
49,territories,O
49,worldwide,O
49,.,O
49,which,O
49,is,O
49,becoming,O
49,a,O
49,severe,O
49,public,O
49,health,O
49,concern,O
49,.,O
49,Research,O
49,motivation,O
49,There,O
49,have,O
49,been,O
49,rare,O
49,reports,O
49,about,O
49,the,O
49,differences,O
49,in,O
49,the,O
49,epidemiological,O
49,and,O
49,clinical,O
49,characteristics,O
49,of,O
49,COVID,O
49,‐,O
49,19,NUMBER
49,patients,O
49,with,O
49,different,O
49,genders,O
49,.,O
49,clinical,O
49,classification,O
49,.,O
49,and,O
49,with,O
49,or,O
49,without,O
49,basic,O
49,diseases,CAUSE_OF_DEATH
49,.,O
49,Re,O
49,‐,O
49,search,O
49,objectives,O
49,To,O
49,study,O
49,the,O
49,differences,O
49,in,O
49,the,O
49,epidemiological,O
49,and,O
49,clinical,O
49,characteristics,O
49,of,O
49,COVID,O
49,‐,O
49,19,NUMBER
49,patients,O
49,with,O
49,different,O
49,genders,O
49,.,O
49,clinical,O
49,classification,O
49,.,O
49,and,O
49,with,O
49,or,O
49,without,O
49,basic,O
49,dis,O
49,‐,O
49,eases,O
49,.,O
49,and,O
49,provide,O
49,a,O
49,reliable,O
49,reference,O
49,for,O
49,the,O
49,prevention,O
49,and,O
49,control,O
49,of,O
49,COVID,O
49,‐,O
49,19,NUMBER
49,.,O
49,Research,O
49,methods,O
49,From,O
49,January,DATE
49,16,DATE
49,to,O
49,March,DATE
49,2,NUMBER
49,.,O
49,2020,DATE
49,.,O
49,a,O
49,total,O
49,of,O
49,48,NUMBER
49,confirmed,O
49,cases,O
49,of,O
49,COVID,O
49,‐,O
49,19,NUMBER
49,have,O
49,been,O
49,re,O
49,‐,O
49,ported,O
49,in,O
49,Hengyang,CITY
49,and,O
49,were,O
49,included,O
49,in,O
49,this,O
49,study,O
49,.,O
49,All,O
49,the,O
49,data,O
49,were,O
49,imported,O
49,into,O
49,the,O
49,excel,O
49,worksheet,O
49,and,O
49,statistically,O
49,analyzed,O
49,by,O
49,using,O
49,SPSS25,O
49,.0,NUMBER
49,software,O
49,.,O
49,Research,O
49,results,O
49,The,O
49,main,O
49,symptoms,O
49,of,O
49,COVID,O
49,‐,O
49,19,NUMBER
49,patients,O
49,in,O
49,Hengyang,CITY
49,were,O
49,fever,CAUSE_OF_DEATH
49,.,O
49,cough,O
49,and,O
49,expectora,O
49,‐,O
49,tion,O
49,.,O
49,fatigue,O
49,.,O
49,and,O
49,chills,O
49,.,O
49,and,O
49,there,O
49,were,O
49,multiple,O
49,organ,O
49,dysfunc,O
49,‐,O
49,tion,O
49,or,O
49,damage,O
49,.,O
49,such,O
49,as,O
49,reduced,O
49,peripheral,O
49,blood,O
49,leukocytes,O
49,.,O
49,lym,O
49,‐,O
49,phocytes,O
49,.,O
49,and,O
49,eosinophils,O
49,.,O
49,and,O
49,increased,O
49,C,O
49,‐,O
49,reactive,O
49,protein,O
49,.,O
49,fib,O
49,‐,O
49,rinogen,O
49,.,O
49,blood,O
49,glucose,O
49,.,O
49,LD,O
49,‐,O
49,L,O
49,.,O
49,D,O
49,‐,O
49,dimer,O
49,.,O
49,ALT,O
49,.,O
49,AST,ORGANIZATION
49,.,O
49,‐,O
49,GT,O
49,.,O
49,MB,STATE_OR_PROVINCE
49,.,O
49,and,O
49,CK,O
49,.,O
49,Except,O
49,for,O
49,the,O
49,mild,O
49,patients,O
49,.,O
49,chest,O
49,CT,STATE_OR_PROVINCE
49,showed,O
49,pulmonary,O
49,lesions,O
49,.,O
49,On,O
49,March,DATE
49,2,DATE
49,.,DATE
49,2020,DATE
49,.,O
49,48,NUMBER
49,patients,O
49,with,O
49,COVID,O
49,‐,O
49,19,NUMBER
49,were,O
49,all,O
49,cured,O
49,and,O
49,discharged,O
49,.,O
49,Research,O
49,conclusions,O
49,The,O
49,epidemiological,O
49,and,O
49,clini,O
49,‐,O
49,cal,O
49,characteristics,O
49,of,O
49,COVID,O
49,‐,O
49,19,NUMBER
49,patients,O
49,with,O
49,different,O
49,genders,O
49,.,O
49,clinical,O
49,classification,O
49,.,O
49,and,O
49,with,O
49,or,O
49,without,O
49,basic,O
49,diseases,CAUSE_OF_DEATH
49,are,O
49,not,O
49,very,O
49,different,O
49,in,O
49,most,O
49,cases,O
49,.,O
49,and,O
49,slightly,O
49,different,O
49,in,O
49,indi,O
49,‐,O
49,vidual,O
49,cases,O
49,.,O
49,Clinical,O
49,manifestations,O
49,and,O
49,laboratory,O
49,tests,O
49,reveal,O
49,that,O
49,patients,O
49,with,O
49,COVID,O
49,‐,O
49,19,NUMBER
49,have,O
49,multiple,O
49,organ,O
49,dysfunction,O
49,or,O
49,damage,O
49,.,O
49,Research,O
49,perspectives,O
49,The,O
49,mechanism,O
49,of,O
49,COVID,O
49,‐,O
49,19,NUMBER
49,combin,O
49,‐,O
49,ing,O
49,multiple,O
49,organ,O
49,dysfunction,O
49,or,O
49,damage,O
49,is,O
49,worth,O
49,further,O
49,Lu,PERSON
49,H,PERSON
49,.,O
49,Stratton,ORGANIZATION
49,CW,ORGANIZATION
49,.,O
49,Tang,PERSON
49,YW,O
49,.,O
49,Outbreak,O
49,of,O
49,pneumonia,CAUSE_OF_DEATH
49,of,O
49,unknown,O
49,etiology,O
49,in,O
49,Wuhan,CITY
49,.,O
49,China,COUNTRY
49,:,O
49,The,O
49,Zhu,PERSON
49,N,PERSON
49,.,O
49,Zhang,PERSON
49,D,PERSON
49,.,O
49,Wang,PERSON
49,W,PERSON
49,.,O
49,Li,PERSON
49,X,PERSON
49,.,O
49,Yang,PERSON
49,B,O
49,.,O
49,Song,O
49,J,O
49,.,O
49,Zhao,PERSON
49,X,PERSON
49,.,O
49,Huang,PERSON
49,B,PERSON
49,.,O
49,Shi,PERSON
49,W,PERSON
49,.,O
49,Lu,PERSON
49,R,PERSON
49,.,O
49,Niu,PERSON
49,P,O
49,.,O
49,Zhan,PERSON
49,F,PERSON
49,.,O
49,Ma,PERSON
49,X,PERSON
49,.,O
49,Wang,PERSON
49,D,O
49,.,O
49,Xu,PERSON
49,W,O
49,.,O
49,Wu,PERSON
49,G,PERSON
49,.,O
49,Gao,PERSON
49,GF,PERSON
49,.,O
49,Tan,O
49,W,O
49,;,O
49,China,COUNTRY
49,Novel,O
49,Coronavirus,O
49,Investigating,O
49,and,O
49,Research,ORGANIZATION
49,Team,ORGANIZATION
49,.,O
49,A,O
49,Novel,MISC
49,Coronavirus,MISC
49,from,O
49,Patients,O
49,with,O
49,Pneumonia,CAUSE_OF_DEATH
49,in,O
49,China,COUNTRY
49,.,O
49,2019,DATE
49,.,O
49,N,O
49,Engl,O
49,J,O
49,Med,O
49,2020,DATE
49,;,O
49,382,NUMBER
49,:,O
49,727,NUMBER
49,‐,O
49,733,NUMBER
49,Gostic,O
49,K,O
49,.,O
49,Gomez,PERSON
49,AC,ORGANIZATION
49,.,O
49,Mummah,PERSON
49,RO,PERSON
49,.,O
49,Kucharski,PERSON
49,AJ,PERSON
49,.,O
49,Lloyd,PERSON
49,‐,PERSON
49,Smith,PERSON
49,JO,PERSON
49,.,O
49,Estimated,O
49,effective,O
49,‐,O
49,ness,O
49,of,O
49,symptom,O
49,Cao,PERSON
49,J,PERSON
49,.,O
49,Tu,O
49,WJ,O
49,.,O
49,Cheng,PERSON
49,W,PERSON
49,.,O
49,Yu,PERSON
49,L,PERSON
49,.,O
49,Liu,PERSON
49,YK,O
49,.,O
49,Hu,PERSON
49,X,PERSON
49,.,O
49,Liu,PERSON
49,Q.,O
49,Clinical,O
49,Features,O
49,and,O
49,Short,O
49,‐,O
49,term,O
49,Outcomes,O
49,of,O
49,102,NUMBER
49,Huang,PERSON
49,C,PERSON
49,.,O
49,Wang,O
49,Y,O
49,.,O
49,Li,PERSON
49,X,PERSON
49,.,O
49,Ren,PERSON
49,L,PERSON
49,.,O
49,Zhao,PERSON
49,J,PERSON
49,.,O
49,Hu,O
49,Y,O
49,.,O
49,Zhang,PERSON
49,L,PERSON
49,.,O
49,Fan,O
49,G,O
49,.,O
49,Xu,PERSON
49,J,PERSON
49,.,O
49,Gu,O
49,X,O
49,.,O
49,Cheng,PERSON
49,Z,PERSON
49,.,O
49,Yu,PERSON
49,T,PERSON
49,.,O
49,Xia,PERSON
49,J,PERSON
49,.,O
49,Wei,O
49,Y,O
49,.,O
49,Wu,PERSON
49,W,PERSON
49,.,O
49,Xie,PERSON
49,X,PERSON
49,.,O
49,Yin,PERSON
49,W,PERSON
49,.,O
49,Li,PERSON
49,H,PERSON
49,.,O
49,Liu,PERSON
49,M,O
49,.,O
49,Xiao,PERSON
49,Y,PERSON
49,.,O
49,Gao,PERSON
49,H,O
49,.,O
49,Guo,PERSON
49,L,PERSON
49,.,O
49,Xie,PERSON
49,J,PERSON
49,.,O
49,Wang,PERSON
49,G,PERSON
49,.,O
49,Jiang,PERSON
49,R,PERSON
49,.,O
49,Gao,PERSON
49,Z,PERSON
49,.,O
49,Jin,PERSON
49,Q,O
49,.,O
49,Wang,PERSON
49,J,PERSON
49,.,O
49,Cao,PERSON
49,B.,PERSON
49,Clinical,O
49,features,O
49,of,O
49,patients,O
49,infected,O
49,with,O
49,2019,DATE
49,novel,O
49,coron,O
49,‐,O
49,avirus,O
49,in,O
49,Wuhan,CITY
49,.,O
49,China,COUNTRY
49,.,O
49,Guan,O
49,WJ,O
49,.,O
49,Ni,O
49,ZY,O
49,.,O
49,Hu,O
49,Y,O
49,.,O
49,Liang,PERSON
49,WH,PERSON
49,.,O
49,Ou,O
49,CQ,O
49,.,O
49,He,O
49,JX,O
49,.,O
49,Liu,PERSON
49,L,PERSON
49,.,O
49,Shan,O
49,H,O
49,.,O
49,Lei,O
49,CL,O
49,.,O
49,Hui,O
49,DSC,ORGANIZATION
49,.,O
49,Du,O
49,B,O
49,.,O
49,Li,PERSON
49,LJ,PERSON
49,.,O
49,Zeng,PERSON
49,G,PERSON
49,.,O
49,Yuen,PERSON
49,KY,STATE_OR_PROVINCE
49,.,O
49,Chen,PERSON
49,RC,O
49,.,O
49,Tang,ORGANIZATION
49,CL,ORGANIZATION
49,.,O
49,Wang,PERSON
49,T,O
49,.,O
49,Chen,PERSON
49,PY,PERSON
49,.,O
49,Xiang,PERSON
49,J,PERSON
49,.,O
49,Li,PERSON
49,SY,PERSON
49,.,O
49,Wang,O
49,JL,O
49,.,O
49,Liang,PERSON
49,ZJ,PERSON
49,.,O
49,Peng,PERSON
49,YX,PERSON
49,.,O
49,Wei,PERSON
49,L,PERSON
49,.,O
49,Liu,PERSON
49,Y,O
49,.,O
49,Hu,O
49,YH,O
49,.,O
49,Peng,PERSON
49,P,PERSON
49,.,O
49,Wang,PERSON
49,JM,PERSON
49,.,O
49,Liu,PERSON
49,JY,PERSON
49,.,O
49,Chen,O
49,Z,O
49,.,O
49,Li,PERSON
49,G,PERSON
49,.,O
49,Zheng,PERSON
49,ZJ,PERSON
49,.,O
49,Qiu,PERSON
49,SQ,O
49,.,O
49,Luo,PERSON
49,J,PERSON
49,.,O
49,Ye,PERSON
49,CJ,PERSON
49,.,O
49,Zhu,PERSON
49,SY,PERSON
49,.,O
49,Zhong,PERSON
49,NS,STATE_OR_PROVINCE
49,;,O
49,China,ORGANIZATION
49,Medical,ORGANIZATION
49,Treatment,ORGANIZATION
49,Expert,ORGANIZATION
49,Group,ORGANIZATION
49,for,O
49,Covid,O
49,‐,O
49,19,NUMBER
49,.,O
49,Clinical,O
49,Char,PERSON
49,‐,PERSON
49,acteristics,O
49,of,O
49,Coronavirus,O
49,Released,O
49,by,O
49,National,ORGANIZATION
49,Health,ORGANIZATION
49,Commission,ORGANIZATION
49,National,ORGANIZATION
49,Administration,ORGANIZATION
49,of,ORGANIZATION
49,Traditional,ORGANIZATION
49,Chinese,ORGANIZATION
49,Medicine,ORGANIZATION
49,on,O
49,March,DATE
49,3,NUMBER
49,.,O
49,2020,DATE
49,.,O
49,Diagnosis,O
49,and,O
49,Treatment,O
49,Protocol,O
49,for,O
49,Novel,O
49,Coronavirus,O
49,Pneumonia,CAUSE_OF_DEATH
49,(,O
49,Trial,O
49,Version,O
49,Zhong,O
49,ZF,O
49,et,O
49,al,O
49,.,O
49,Epidemiological,O
49,and,O
49,clinical,O
49,characteristics,O
49,of,O
49,COVID,O
49,‐,O
49,19,NUMBER
49,Wang,O
49,D,O
49,.,O
49,Hu,O
49,B,O
49,.,O
49,Hu,O
49,C,O
49,.,O
49,Zhu,PERSON
49,F,O
49,.,O
49,Liu,PERSON
49,X,PERSON
49,.,O
49,Zhang,PERSON
49,J,PERSON
49,.,O
49,Wang,O
49,B,O
49,.,O
49,Xiang,PERSON
49,H,O
49,.,O
49,Cheng,PERSON
49,Z,PERSON
49,.,O
49,Xiong,PERSON
49,Y,PERSON
49,.,O
49,Zhao,PERSON
49,Y,PERSON
49,.,O
49,Li,PERSON
49,Y,PERSON
49,.,O
49,Wang,PERSON
49,X,PERSON
49,.,O
49,Peng,PERSON
49,Z.,O
49,Clinical,O
49,Characteristics,O
49,of,O
49,138,NUMBER
49,Hospitalized,O
49,Pa,STATE_OR_PROVINCE
49,‐,O
49,tients,O
49,With,O
49,2019,DATE
49,Novel,MISC
49,Coronavirus,MISC
49,‐,O
49,Infected,O
49,Epidemiology,O
49,Working,O
49,Group,O
49,for,O
49,NCIP,ORGANIZATION
49,Epidemic,ORGANIZATION
49,Response,ORGANIZATION
49,.,O
49,Chinese,NATIONALITY
49,Center,O
49,for,O
49,Disease,CAUSE_OF_DEATH
49,Con,O
49,‐,O
49,trol,O
49,and,O
49,Prevention,O
49,.,O
49,The,O
49,epidemiological,O
49,characteristics,O
49,of,O
49,an,O
49,outbreak,O
49,of,O
49,2019,DATE
49,novel,O
49,coronavirus,O
49,diseases,CAUSE_OF_DEATH
49,Special,O
49,Expert,O
49,Group,O
49,for,O
49,Control,O
49,of,O
49,the,O
49,Epidemic,O
49,of,O
49,Novel,O
49,Coronavirus,O
49,Pneumonia,CAUSE_OF_DEATH
49,of,O
49,the,O
49,Chinese,ORGANIZATION
49,Preventive,ORGANIZATION
49,Medicine,ORGANIZATION
49,Association,ORGANIZATION
49,.,O
49,An,O
49,update,O
49,on,O
49,the,O
49,epi,O
49,‐,O
49,demiological,O
49,characteristics,O
49,of,O
49,novel,O
49,coronavirus,O
49,Li,O
49,Q,O
49,.,O
49,Guan,O
49,X,O
49,.,O
49,Wu,O
49,P,O
49,.,O
49,Wang,PERSON
49,X,PERSON
49,.,O
49,Zhou,PERSON
49,L,PERSON
49,.,O
49,Tong,O
49,Y,O
49,.,O
49,Ren,PERSON
49,R,PERSON
49,.,O
49,Leung,LOCATION
49,KSM,LOCATION
49,.,O
49,Lau,LOCATION
49,EHY,LOCATION
49,.,O
49,Wong,PERSON
49,JY,PERSON
49,.,O
49,Xing,PERSON
49,X,PERSON
49,.,O
49,Xiang,PERSON
49,N,PERSON
49,.,O
49,Wu,O
49,Y,O
49,.,O
49,Li,PERSON
49,C,PERSON
49,.,O
49,Chen,PERSON
49,Q,O
49,.,O
49,Li,PERSON
49,D,PERSON
49,.,O
49,Liu,PERSON
49,T,PERSON
49,.,O
49,Zhao,PERSON
49,J,PERSON
49,.,O
49,Liu,PERSON
49,M,O
49,.,O
49,Tu,O
49,W,O
49,.,O
49,Chen,PERSON
49,C,PERSON
49,.,O
49,Jin,PERSON
49,L,PERSON
49,.,O
49,Yang,PERSON
49,R,PERSON
49,.,O
49,Wang,O
49,Q,O
49,.,O
49,Zhou,PERSON
49,S,PERSON
49,.,O
49,Wang,PERSON
49,R,PERSON
49,.,O
49,Liu,PERSON
49,H,PERSON
49,.,O
49,Luo,PERSON
49,Y,O
49,.,O
49,Liu,PERSON
49,Y,PERSON
49,.,O
49,Shao,PERSON
49,G,PERSON
49,.,O
49,Li,PERSON
49,H,PERSON
49,.,O
49,Tao,O
49,Z,O
49,.,O
49,Yang,PERSON
49,Y,PERSON
49,.,O
49,Deng,PERSON
49,Z,PERSON
49,.,O
49,Liu,PERSON
49,B,PERSON
49,.,O
49,Ma,PERSON
49,Z,PERSON
49,.,O
49,Zhang,PERSON
49,Y,O
49,.,O
49,Shi,PERSON
49,G,PERSON
49,.,O
49,Lam,ORGANIZATION
49,TTY,ORGANIZATION
49,.,O
49,Wu,PERSON
49,JT,PERSON
49,.,O
49,Gao,PERSON
49,GF,PERSON
49,.,O
49,Cowling,O
49,BJ,O
49,.,O
49,Yang,PERSON
49,B,PERSON
49,.,O
49,Leung,PERSON
49,GM,O
49,.,O
49,Feng,ORGANIZATION
49,Z.,ORGANIZATION
49,Early,ORGANIZATION
49,Transmission,ORGANIZATION
49,Dynamics,ORGANIZATION
49,in,ORGANIZATION
49,Wong,ORGANIZATION
49,SC,ORGANIZATION
49,.,O
49,Kwong,ORGANIZATION
49,RT,ORGANIZATION
49,.,O
49,Wu,PERSON
49,TC,PERSON
49,.,O
49,Chan,RELIGION
49,JWM,O
49,.,O
49,Chu,O
49,MY,O
49,.,O
49,Lee,PERSON
49,SY,PERSON
49,.,O
49,Wong,PERSON
49,HY,PERSON
49,.,O
49,Lung,O
49,DC,STATE_OR_PROVINCE
49,.,O
49,Risk,O
49,of,O
49,nosocomial,O
49,transmission,O
49,of,O
49,coronavirus,O
49,disease,CAUSE_OF_DEATH
49,2019,DATE
49,:,O
49,an,O
49,experience,O
49,in,O
49,a,O
49,gen,O
49,‐,O
49,eral,O
49,ward,O
49,setting,O
49,in,O
49,Hong,CITY
49,Kong,CITY
49,.,O
49,J,PERSON
49,Hosp,PERSON
49,Zhang,PERSON
49,C,PERSON
49,.,O
49,Shi,PERSON
49,L,PERSON
49,.,O
49,Wang,O
49,FS,O
49,.,O
49,Liver,O
49,injury,O
49,in,O
49,COVID,O
49,‐,O
49,19,NUMBER
49,:,O
49,management,O
49,and,O
49,challenges,O
49,.,O
49,Lancet,O
49,Gas,O
49,‐,O
49,troenterol,O
49,Chau,O
49,TN,STATE_OR_PROVINCE
49,.,O
49,Lee,PERSON
49,KC,PERSON
49,.,O
49,Yao,PERSON
49,H,PERSON
49,.,O
49,Tsang,PERSON
49,TY,PERSON
49,.,O
49,Chow,ORGANIZATION
49,TC,ORGANIZATION
49,.,O
49,Yeung,PERSON
49,YC,PERSON
49,.,O
49,Choi,PERSON
49,KW,PERSON
49,.,O
49,Tso,PERSON
49,YK,PERSON
49,.,O
49,Lau,PERSON
49,T,O
49,.,O
49,Lai,O
49,ST,O
49,.,O
49,Lai,O
49,CL,O
49,.,O
49,SARS,O
49,‐,O
49,associated,O
49,viral,O
49,hepatitis,O
49,caused,O
49,by,O
49,a,O
49,novel,O
49,coronavirus,O
49,:,O
49,report,O
49,of,O
49,three,NUMBER
49,cases,O
49,.,O
49,Hepatology,O
49,2004,DATE
49,;,O
49,39,NUMBER
49,:,O
49,Young,O
49,BE,O
49,.,O
49,Ong,LOCATION
49,SWX,LOCATION
49,.,O
49,Kalimuddin,PERSON
49,S,O
49,.,O
49,Low,O
49,JG,O
49,.,O
49,Tan,PERSON
49,SY,O
49,.,O
49,Loh,PERSON
49,J,PERSON
49,.,O
49,Ng,O
49,OT,O
49,.,O
49,Marimuthu,PERSON
49,K,PERSON
49,.,O
49,Ang,PERSON
49,LW,PERSON
49,.,O
49,Mak,PERSON
49,TM,O
49,.,O
49,Lau,PERSON
49,SK,STATE_OR_PROVINCE
49,.,O
49,Anderson,PERSON
49,DE,STATE_OR_PROVINCE
49,.,O
49,Chan,PERSON
49,KS,PERSON
49,.,O
49,Tan,LOCATION
49,TY,LOCATION
49,.,O
49,Ng,PERSON
49,TY,PERSON
49,.,O
49,Cui,PERSON
49,L,PERSON
49,.,O
49,Said,O
49,Z,O
49,.,O
49,Kurupatham,O
49,L,O
49,.,O
49,Chen,PERSON
49,MI,PERSON
49,.,O
49,Chan,RELIGION
49,M,O
49,.,O
49,Vasoo,PERSON
49,S,PERSON
49,.,O
49,Wang,O
49,LF,O
49,.,O
49,Tan,O
49,BH,O
49,.,O
49,Lin,PERSON
49,RTP,O
49,.,O
49,Lee,PERSON
49,VJM,PERSON
49,.,O
49,Leo,PERSON
49,YS,O
49,.,O
49,Lye,PERSON
49,DC,STATE_OR_PROVINCE
49,;,O
49,Singapore,COUNTRY
49,2019,DATE
49,Novel,O
49,Coronavirus,O
49,Lee,O
49,EYP,O
49,.,O
49,Ng,O
49,MY,O
49,.,O
49,Khong,ORGANIZATION
49,PL,ORGANIZATION
49,.,O
49,COVID,O
49,‐,O
49,19,NUMBER
49,pneumonia,CAUSE_OF_DEATH
49,:,O
49,what,O
49,has,O
49,CT,STATE_OR_PROVINCE
49,taught,O
49,us,O
49,?,O
49,Lancet,O
49,Infect,O
49,Dis,PERSON
49,2020,DATE
49,;,O
49,20,NUMBER
49,:,O
49,Sanders,O
49,JM,O
49,.,O
49,Monogue,ORGANIZATION
49,ML,ORGANIZATION
49,.,O
49,Jodlowski,PERSON
49,TZ,PERSON
49,.,O
49,Cutrell,O
49,JB,O
49,.,O
49,Phar,O
49,‐,O
49,macologic,O
49,Treatments,O
49,for,O
49,Coronavirus,O
49,7041,NUMBER
49,Koll,LOCATION
49,Center,LOCATION
49,Parkway,LOCATION
49,.,O
49,Suite,O
49,160,NUMBER
49,.,O
49,Pleasanton,CITY
49,.,O
49,CA,STATE_OR_PROVINCE
49,94566,NUMBER
49,.,O
49,USA,COUNTRY
